{"authorDailyContributionsMap":{"rahuljai-05":[{"date":"2024-08-29","commitResults":[{"hash":"8a5e97748b4b68b891505a0c96d4cbb2279a1087","isMergeCommit":false,"messageTitle":"Level-1","messageBody":"Add functionality to greet and bid farewell to user\n","tags":["Level-0"],"fileTypesAndContributionMap":{"java":{"insertions":17,"deletions":10},"md":{"insertions":1,"deletions":1}}}]},{"date":"2024-09-01","commitResults":[{"hash":"a3d358fd870367955145a103950db7c3c45d0cb6","isMergeCommit":false,"messageTitle":"Enable chatbot to echo user commands","messageBody":"Modified the chatbot to repeat user input\nand exit when the user says \"bye\".\nThis change allows the chatbot to mimic user commands\nas a basic interactive feature.\n","tags":["Level-1"],"fileTypesAndContributionMap":{"java":{"insertions":28,"deletions":13}}},{"hash":"754d422281ac9c1467103bc09fa988bc2ab36151","isMergeCommit":false,"messageTitle":"Add task management functionality to Fenix","messageBody":"Added the ability for Fenix to store and list user tasks.\nImproved structure by separating concerns\nwith methods for greeting and bidding farewell,\naccepting, getting and processing user input,\nstoring tasks and showing all tasks.\nModified the output format to differentiate between\nuser commands and Fenix\u0027s responses when modifications\nare made.\n","tags":["Level-2"],"fileTypesAndContributionMap":{"java":{"insertions":68,"deletions":15}}}]},{"date":"2024-09-02","commitResults":[{"hash":"5c1a52973011ebc9931567e9f57560709965fe7c","isMergeCommit":false,"messageTitle":"Implement task completion and marking tasks as undone in Fenix","messageBody":"Introduced the ability to mark tasks as done or not done.\nAdded a new Task class to encapsulate task-related data and behavior.\nEnhanced the Fenix class to handle task marking and unmarking commands.\nUpdated the task list display to reflect task completion status.\nImplemented input validation for task indexing to ensure valid commands.\n","tags":["Level-3","A-CodingStandard"],"fileTypesAndContributionMap":{"java":{"insertions":85,"deletions":9}}}]},{"date":"2024-09-06","commitResults":[{"hash":"3dff95652166f153745423b35f450d7b267df90f","isMergeCommit":false,"messageTitle":"Add support for ToDo, Deadline, and Event task types and refactor using inheritance to improve code quality","messageBody":"- Introduced three new task types: ToDo, Deadline, and Event.\n  - ToDo: Tracks tasks without a specific date or time.\n  - Deadline: Tracks tasks that need to be completed by a certain date.\n  - Event: Tracks tasks that span a start and end date or time.\n  - Enhanced the `list` command to display tasks with the appropriate type labels and deadlines.\n- Refactored task structure using inheritance:\n  - Created a base `Task` class to encapsulate common behavior for all task types (e.g., `markAsDone`, `unmarkAsDone`, and status tracking).\n  - `ToDo`, `Deadline`, and `Event` classes inherit from `Task`, reusing common functionality and reducing code duplication.\n  - Enhanced the `Deadline` and `Event` classes to handle date and time-specific functionality, while leveraging shared behavior from `Task`.\n- Improved code quality:\n  - Modularized input processing logic into helper methods (new `markAsDone`, `unmarkAsDone`, and `processTasks` methods).\n  - Enhanced error handling to provide clear feedback for invalid user input.\n","tags":["Level-4","A-CodeQuality"],"fileTypesAndContributionMap":{"java":{"insertions":149,"deletions":36}}}]},{"date":"2024-09-13","commitResults":[{"hash":"09d575b630ae91236662b454ac66009db098bbd8","isMergeCommit":false,"messageTitle":"Handle errors","messageBody":"Added support to handle the following errors:\n- No task provided for addition (throws error in case of deadline and event types as\n  you cannot split a null task string to get the deadlines - split error)\n- Task input format is erroneous (not enough /\u0027s in the case of deadline and event task types -\n  array index out of bounds error when you try to access the \u0027deadlines\u0027)\n\nAdded support to respond with corresponding warning messages\nfor the following invalid input cases:\n- Invalid command\n- Empty task name field (in the case of deadline and event task types)\n","fileTypesAndContributionMap":{"java":{"insertions":45,"deletions":7}}}]},{"date":"2024-09-14","commitResults":[{"hash":"e652cff78b1adb069059149172b1968cf846e230","isMergeCommit":false,"messageTitle":"Clean up code and add new Fenix Exception class","messageBody":"Code cleanup:\n- Organised all the constant strings into a new interface\n  which is implemented by the Fenix class\n- Decomposed some of the longer return strings into\n  a combination of smaller, more descriptive chunks\n  using variables\n\nExcetptions added:\n- Added a new Fenix Exception class to handle invalid\n  inputs which do not necessarily cause errors\n- Added extra try-catch blocks such as in the methods to\n  mark and unmark tasks\n","tags":["A-Exceptions"],"fileTypesAndContributionMap":{"java":{"insertions":98,"deletions":85}}},{"hash":"344049581d8926f585d3c0b20b43d09f8a71aa4d","isMergeCommit":true,"messageTitle":"Merge branch \u0027branch-Level-5\u0027","messageBody":"","tags":["Level-5"],"fileTypesAndContributionMap":{}}]}]},"authorFileTypeContributionMap":{"rahuljai-05":{"java":325,"md":1,"fxml":0,"sh":0,"bat":0,"gradle":0,"txt":0}},"authorContributionVariance":{"rahuljai-05":2688.0454},"authorDisplayNameMap":{"rahuljai-05":"CS2113-T10-1 JAI ..AHUL"}}
