{"authorDailyContributionsMap":{"kennethSty":[{"date":"2024-08-17","commitResults":[{"hash":"0e5eb0d3620caf1fc491255bfa5eae28cafebc1f","isMergeCommit":false,"messageTitle":"Rename chatbot to Joe and add .class to .gitignore","messageBody":"","fileTypesAndContributionMap":{"java":{"insertions":13,"deletions":10},"bat":{"insertions":1,"deletions":1},"sh":{"insertions":1,"deletions":1},"md":{"insertions":16,"deletions":9}}},{"hash":"73b0fbcbb70fcac3b591365aa488cd7b5dd1be40","isMergeCommit":false,"messageTitle":"Add basic interaction skeleton to main","messageBody":"","tags":["Level-0"],"fileTypesAndContributionMap":{"java":{"insertions":14,"deletions":0}}}]},{"date":"2024-08-28","commitResults":[{"hash":"2df788e0cec2a590e4d6b23e0f666318f9c5fc94","isMergeCommit":false,"messageTitle":"Format chat interface. Add while loop for continuous user input (L1)","messageBody":"","tags":["Level-1"],"fileTypesAndContributionMap":{"java":{"insertions":45,"deletions":19}}},{"hash":"17cfd98634b24405d59243a60e7bac23336deb0a","isMergeCommit":false,"messageTitle":"Add feature for user to create and view a todo list","messageBody":"","tags":["Level-2"],"fileTypesAndContributionMap":{"java":{"insertions":28,"deletions":3}}},{"hash":"7bd2f5fdff6e0d2ef92eeae51b618f4d733e5102","isMergeCommit":false,"messageTitle":"Add feature to mark and unmark todo items.","messageBody":"","tags":["Level-3","A-CodingStandard"],"fileTypesAndContributionMap":{"java":{"insertions":44,"deletions":12}}}]},{"date":"2024-09-02","commitResults":[{"hash":"31db1e8f987bb00430d5eb791316a8cf6fc4d4b6","isMergeCommit":false,"messageTitle":"L4: Create superclass task and subclass event, deadline, todo","messageBody":"","tags":["Level-4"],"fileTypesAndContributionMap":{"java":{"insertions":246,"deletions":69}}}]},{"date":"2024-09-03","commitResults":[{"hash":"54d5c65209b601ced1156ed0de56768285eb87f2","isMergeCommit":false,"messageTitle":"Add command line ui test. Trick: copy actual to expected to ensure no linespacing errors","messageBody":"","tags":["A-TextUiTesting"],"fileTypesAndContributionMap":{"txt":{"insertions":7,"deletions":0},"java":{"insertions":1,"deletions":2},"sh":{"insertions":0,"deletions":0}}},{"hash":"cf96d7751d8132f5f61073dceb37a18e2b874ade","isMergeCommit":false,"messageTitle":"Add more intuitive variable names and restructure code for readability","messageBody":"","tags":["A-CodeQuality"],"fileTypesAndContributionMap":{"java":{"insertions":22,"deletions":22}}}]},{"date":"2024-09-09","commitResults":[{"hash":"bf0ac97c3dff2577674f6d6f23a1496f405d95e1","isMergeCommit":false,"messageTitle":"Add exception handling and EmptyTaskException class","messageBody":"","fileTypesAndContributionMap":{"java":{"insertions":39,"deletions":13}}},{"hash":"aad19ab643b3e57ea291e4c6ef754ec099928c44","isMergeCommit":false,"messageTitle":"Give more specific feedback to user in case of exception","messageBody":"","fileTypesAndContributionMap":{"java":{"insertions":1,"deletions":1}}},{"hash":"b62980193eb35f21da8fdc5829c31052037ca876","isMergeCommit":true,"messageTitle":"Merge branch \u0027branch-Level-5\u0027","messageBody":"","tags":["Level-5","A-Exceptions"],"fileTypesAndContributionMap":{}},{"hash":"5391c5902fe0e565d4eafcd4de8e64573eea9867","isMergeCommit":false,"messageTitle":"Package files into joe package","messageBody":"","fileTypesAndContributionMap":{"java":{"insertions":0,"deletions":0}}},{"hash":"fee4c4e30404c39f49b30f4fbbbf45728ceef3e7","isMergeCommit":false,"messageTitle":"Refactor package qualifier","messageBody":"","fileTypesAndContributionMap":{"java":{"insertions":12,"deletions":2},"bat":{"insertions":1,"deletions":1},"md":{"insertions":4,"deletions":4}}},{"hash":"e7076dd9d199129c9d1b3406a574501de035dcee","isMergeCommit":true,"messageTitle":"Merge branch \u0027branch-A-Packages\u0027","messageBody":"","tags":["A-Packages"],"fileTypesAndContributionMap":{}},{"hash":"ab104ca1f2c6329c4499c972b1c9b96306e00652","isMergeCommit":false,"messageTitle":"Add EmtpyTaskException (delayed commit with tag)","messageBody":"","fileTypesAndContributionMap":{"java":{"insertions":1,"deletions":0}}}]},{"date":"2024-09-16","commitResults":[{"hash":"20d091c36404bfa1765c47e5a33a0c8389db1f2a","isMergeCommit":false,"messageTitle":"Add File reading and writing to save user history","messageBody":"","fileTypesAndContributionMap":{"txt":{"insertions":2,"deletions":0},"java":{"insertions":173,"deletions":4}}},{"hash":"4e8cf051d3775be739609ab8ea2f32a229a89c06","isMergeCommit":true,"messageTitle":"Merge branch \u0027branch-Level-7\u0027","messageBody":"","tags":["Level-7"],"fileTypesAndContributionMap":{}},{"hash":"8afdb72376fd1c7c0c01ddfdfadd884aefc4c5d2","isMergeCommit":false,"messageTitle":"Redo commit in separate branch","messageBody":"","fileTypesAndContributionMap":{"java":{"insertions":12,"deletions":0}}},{"hash":"da7892a2d33fa76d912f7bde2ae9018dfaefe303","isMergeCommit":true,"messageTitle":"merge branch-Level-6","messageBody":"","tags":["Level-6","A-Collections"],"fileTypesAndContributionMap":{}},{"hash":"687f59c6f0ad846ece3c7be6ea8793ffcf648dc0","isMergeCommit":false,"messageTitle":"Ignore jar files","messageBody":"","tags":["A-Jar"],"fileTypesAndContributionMap":{"txt":{"insertions":3,"deletions":2},"java":{"insertions":0,"deletions":2}}}]},{"date":"2024-09-17","commitResults":[{"hash":"b49c1591337953c58b95e35c63de7c0d0ca8c5f6","isMergeCommit":false,"messageTitle":"Refactore filepath to enalbe read and write when running the JAR","messageBody":"","tags":["v0.1"],"fileTypesAndContributionMap":{"txt":{"insertions":1,"deletions":3},"java":{"insertions":2,"deletions":1}}}]},{"date":"2024-09-23","commitResults":[{"hash":"b07845787dff4f113ebfba272636e5bd879f18bb","isMergeCommit":false,"messageTitle":"Improve usage flow by protecting user from invalid input","messageBody":"","fileTypesAndContributionMap":{"java":{"insertions":38,"deletions":30}}},{"hash":"6cb2be20df6d6b02e10f0d85944804dcd240ab07","isMergeCommit":false,"messageTitle":"Reconfigure code into additional classes Storage, TaskList and UI","messageBody":"","fileTypesAndContributionMap":{"java":{"insertions":239,"deletions":156}}},{"hash":"6ae469eb1d968e34de09646357e41175b2bb223f","isMergeCommit":false,"messageTitle":"Finish reconfiguration with last additional class ChatParser","messageBody":"","tags":["A-MoreOOP"],"fileTypesAndContributionMap":{"java":{"insertions":126,"deletions":118}}}]}]},"authorFileTypeContributionMap":{"kennethSty":{"java":590,"md":16,"fxml":0,"sh":1,"bat":1,"gradle":0,"txt":8}},"authorContributionVariance":{"kennethSty":15663.425},"authorDisplayNameMap":{"kennethSty":"CS2113-W12-1 STYP..RICH"}}
