{"authorDailyContributionsMap":{"DanLinhHuynh-Niwashi":[{"date":"2024-08-16","commitResults":[{"hash":"ea521f3c4d96c0c6fe267343d66db6f01ebb76ff","isMergeCommit":false,"messageTitle":"Rename chatbot name from Duke to Niwa","messageBody":"","fileTypesAndContributionMap":{"java":{"insertions":11,"deletions":10}}},{"hash":"115b487e12cc80d90c2a87ea7d4abe2164fc1d3e","isMergeCommit":false,"messageTitle":"Add new method printGreet","messageBody":"","fileTypesAndContributionMap":{"java":{"insertions":14,"deletions":0}}},{"hash":"e1288435f4c8a048c6b19b648743e7501217cefb","isMergeCommit":false,"messageTitle":"Add new method printExit","messageBody":"","tags":["Level-0"],"fileTypesAndContributionMap":{"java":{"insertions":6,"deletions":0}}}]},{"date":"2024-08-23","commitResults":[{"hash":"d80cefe7b0830e3271d82873aff328274980bf38","isMergeCommit":false,"messageTitle":"Add methods to get and process command","messageBody":"Add methods getCommand() and processCommand(String command) to handle commands from user. Method Echo(String command) to echo the input command.\n","fileTypesAndContributionMap":{"java":{"insertions":64,"deletions":18}}},{"hash":"72e5835d5230459b58da6bd67d392e20aca042bf","isMergeCommit":false,"messageTitle":"Add chatbot\u0027s executing loop","messageBody":"","tags":["Level-1"],"fileTypesAndContributionMap":{"java":{"insertions":9,"deletions":0}}},{"hash":"9f480eb6d719d22e8596b7264fe7b31fe468f1a9","isMergeCommit":false,"messageTitle":"Add method add(String task) and list()","messageBody":"","tags":["Level-2"],"fileTypesAndContributionMap":{"java":{"insertions":21,"deletions":7}}}]},{"date":"2024-08-24","commitResults":[{"hash":"c13099e56937770467af2c4cf4dbcbcf9617fd6d","isMergeCommit":false,"messageTitle":"Add Task class","messageBody":"","fileTypesAndContributionMap":{"java":{"insertions":60,"deletions":0}}},{"hash":"549ac0ed6baa0377670bcb4e287f7b79338d8d40","isMergeCommit":false,"messageTitle":"Add new methods mark as done/undone, delete task, print user guide","messageBody":"","tags":["Level-3"],"fileTypesAndContributionMap":{"java":{"insertions":228,"deletions":47}}},{"hash":"fafcadb20de47b8290139dd19a011eecf4ad0543","isMergeCommit":false,"messageTitle":"Modify to ensure code conventions.","messageBody":"","tags":["A-CodingStandard"],"fileTypesAndContributionMap":{"java":{"insertions":11,"deletions":2}}}]},{"date":"2024-08-30","commitResults":[{"hash":"a18a4d797109915f7baeadf7ef257cc9fa480a32","isMergeCommit":false,"messageTitle":"Add constants for easier modification of static phrases.","messageBody":"Turn some phrases and words into static variables\n","fileTypesAndContributionMap":{"java":{"insertions":93,"deletions":78}}},{"hash":"61b3a68eda12716933f3004b34468f373f536585","isMergeCommit":false,"messageTitle":"Add ToDo, Deadline, Event","messageBody":"","tags":["Level-4","A-CodeQuality"],"fileTypesAndContributionMap":{"java":{"insertions":316,"deletions":43}}},{"hash":"90dfb4acdc585828f398c774dc3fd7f228392b6e","isMergeCommit":false,"messageTitle":"Automate the testing of text UIs","messageBody":"","tags":["A-TextUiTesting"],"fileTypesAndContributionMap":{"txt":{"insertions":17,"deletions":0},"java":{"insertions":10,"deletions":19},"bat":{"insertions":16,"deletions":1}}}]}]},"authorFileTypeContributionMap":{"DanLinhHuynh-Niwashi":{"java":629,"md":0,"fxml":0,"sh":0,"bat":16,"gradle":0,"txt":17}},"authorContributionVariance":{"DanLinhHuynh-Niwashi":27185.44},"authorDisplayNameMap":{"DanLinhHuynh-Niwashi":"CS2113-W10-4 HUYN..LINH"}}
