{"authorDailyContributionsMap":{"DanLinhHuynh-Niwashi":[{"date":"2024-08-16","commitResults":[{"hash":"ea521f3c4d96c0c6fe267343d66db6f01ebb76ff","isMergeCommit":false,"messageTitle":"Rename chatbot name from Duke to Niwa","messageBody":"","fileTypesAndContributionMap":{"java":{"insertions":11,"deletions":10}}},{"hash":"115b487e12cc80d90c2a87ea7d4abe2164fc1d3e","isMergeCommit":false,"messageTitle":"Add new method printGreet","messageBody":"","fileTypesAndContributionMap":{"java":{"insertions":14,"deletions":0}}},{"hash":"e1288435f4c8a048c6b19b648743e7501217cefb","isMergeCommit":false,"messageTitle":"Add new method printExit","messageBody":"","tags":["Level-0"],"fileTypesAndContributionMap":{"java":{"insertions":6,"deletions":0}}}]},{"date":"2024-08-23","commitResults":[{"hash":"d80cefe7b0830e3271d82873aff328274980bf38","isMergeCommit":false,"messageTitle":"Add methods to get and process command","messageBody":"Add methods getCommand() and processCommand(String command) to handle commands from user. Method Echo(String command) to echo the input command.\n","fileTypesAndContributionMap":{"java":{"insertions":64,"deletions":18}}},{"hash":"72e5835d5230459b58da6bd67d392e20aca042bf","isMergeCommit":false,"messageTitle":"Add chatbot\u0027s executing loop","messageBody":"","tags":["Level-1"],"fileTypesAndContributionMap":{"java":{"insertions":9,"deletions":0}}},{"hash":"9f480eb6d719d22e8596b7264fe7b31fe468f1a9","isMergeCommit":false,"messageTitle":"Add method add(String task) and list()","messageBody":"","tags":["Level-2"],"fileTypesAndContributionMap":{"java":{"insertions":21,"deletions":7}}}]},{"date":"2024-08-24","commitResults":[{"hash":"c13099e56937770467af2c4cf4dbcbcf9617fd6d","isMergeCommit":false,"messageTitle":"Add Task class","messageBody":"","fileTypesAndContributionMap":{"java":{"insertions":60,"deletions":0}}},{"hash":"549ac0ed6baa0377670bcb4e287f7b79338d8d40","isMergeCommit":false,"messageTitle":"Add new methods mark as done/undone, delete task, print user guide","messageBody":"","tags":["Level-3"],"fileTypesAndContributionMap":{"java":{"insertions":228,"deletions":47}}},{"hash":"fafcadb20de47b8290139dd19a011eecf4ad0543","isMergeCommit":false,"messageTitle":"Modify to ensure code conventions.","messageBody":"","tags":["A-CodingStandard"],"fileTypesAndContributionMap":{"java":{"insertions":11,"deletions":2}}}]},{"date":"2024-08-30","commitResults":[{"hash":"a18a4d797109915f7baeadf7ef257cc9fa480a32","isMergeCommit":false,"messageTitle":"Add constants for easier modification of static phrases.","messageBody":"Turn some phrases and words into static variables\n","fileTypesAndContributionMap":{"java":{"insertions":93,"deletions":78}}},{"hash":"61b3a68eda12716933f3004b34468f373f536585","isMergeCommit":false,"messageTitle":"Add ToDo, Deadline, Event","messageBody":"","tags":["Level-4","A-CodeQuality"],"fileTypesAndContributionMap":{"java":{"insertions":316,"deletions":43}}},{"hash":"90dfb4acdc585828f398c774dc3fd7f228392b6e","isMergeCommit":false,"messageTitle":"Automate the testing of text UIs","messageBody":"","fileTypesAndContributionMap":{"txt":{"insertions":17,"deletions":0},"java":{"insertions":10,"deletions":19},"bat":{"insertions":16,"deletions":1}}}]},{"date":"2024-09-06","commitResults":[{"hash":"29a2ba1118b62b2ff8179cf07b9c0a498f300db6","isMergeCommit":false,"messageTitle":"Handle Niwa\u0027s specific exceptions","messageBody":"","tags":["A-Exceptions"],"fileTypesAndContributionMap":{"java":{"insertions":123,"deletions":33}}},{"hash":"e69c2d5b5c6fe53d36d8ca0d09bd44aadcffc71a","isMergeCommit":true,"messageTitle":"Merge branch \u0027branch-Level-5\u0027","messageBody":"* branch-Level-5:\n  Handle Niwa\u0027s specific exceptions\n","tags":["Level-5"],"fileTypesAndContributionMap":{}}]},{"date":"2024-09-07","commitResults":[{"hash":"0279caf20088a9289b5a8321e4f4b99d8436a39a","isMergeCommit":false,"messageTitle":"Refractor class name","messageBody":"","fileTypesAndContributionMap":{"java":{"insertions":8,"deletions":8}}},{"hash":"35e4944eab7f53ad3ba41e512c91f3923be2c974","isMergeCommit":false,"messageTitle":"Add command system","messageBody":"","fileTypesAndContributionMap":{"java":{"insertions":516,"deletions":0}}},{"hash":"e4aa2c68e3d5e1057063f6f1807c95fa4dfe4128","isMergeCommit":false,"messageTitle":"Modify to match command system","messageBody":"","fileTypesAndContributionMap":{"java":{"insertions":43,"deletions":349}}},{"hash":"cdfcdfde44dbf073bc91b017886fffd9a19bd27b","isMergeCommit":false,"messageTitle":"Update auto test","messageBody":"","fileTypesAndContributionMap":{"txt":{"insertions":8,"deletions":3}}},{"hash":"cb36b5cc23e5819fae94a2c5dee31e14fbbada0e","isMergeCommit":false,"messageTitle":"Organize into packages","messageBody":"","fileTypesAndContributionMap":{"java":{"insertions":103,"deletions":27}}},{"hash":"81272ab4e6575cf8b8b43ec34299759737c436e0","isMergeCommit":true,"messageTitle":"Merge branch \u0027branch-A-Packages\u0027","messageBody":"* branch-A-Packages:\n  Organize into packages\n","tags":["A-Packages"],"fileTypesAndContributionMap":{}}]}]},"authorFileTypeContributionMap":{"DanLinhHuynh-Niwashi":{"java":1005,"md":0,"fxml":0,"sh":0,"bat":16,"gradle":0,"txt":22}},"authorContributionVariance":{"DanLinhHuynh-Niwashi":61423.254},"authorDisplayNameMap":{"DanLinhHuynh-Niwashi":"CS2113-W10-4 HUYN..LINH"}}
