[{"path":"src/main/java/Chatbot.java","fileType":"java","lines":[{"lineNumber":1,"author":{"gitId":"C2linaung"},"content":"import java.util.Scanner;","lastModifiedDate":"2024-08-27","isFullCredit":false},{"lineNumber":2,"author":{"gitId":"C2linaung"},"content":"","lastModifiedDate":"2024-08-27","isFullCredit":false},{"lineNumber":3,"author":{"gitId":"C2linaung"},"content":"public class Chatbot {","lastModifiedDate":"2024-08-27","isFullCredit":false},{"lineNumber":4,"author":{"gitId":"C2linaung"},"content":"    private static final Scanner in \u003d new Scanner(System.in);","lastModifiedDate":"2024-08-31","isFullCredit":false},{"lineNumber":5,"author":{"gitId":"C2linaung"},"content":"","lastModifiedDate":"2024-08-27","isFullCredit":false},{"lineNumber":6,"author":{"gitId":"C2linaung"},"content":"    // Constructor for chatbot","lastModifiedDate":"2024-08-27","isFullCredit":false},{"lineNumber":7,"author":{"gitId":"C2linaung"},"content":"    public Chatbot() {","lastModifiedDate":"2024-08-27","isFullCredit":false},{"lineNumber":8,"author":{"gitId":"C2linaung"},"content":"    }","lastModifiedDate":"2024-08-27","isFullCredit":false},{"lineNumber":9,"author":{"gitId":"C2linaung"},"content":"","lastModifiedDate":"2024-08-27","isFullCredit":false},{"lineNumber":10,"author":{"gitId":"C2linaung"},"content":"    // Starting Chatbot","lastModifiedDate":"2024-08-27","isFullCredit":false},{"lineNumber":11,"author":{"gitId":"C2linaung"},"content":"    public void start() {","lastModifiedDate":"2024-08-27","isFullCredit":false},{"lineNumber":12,"author":{"gitId":"C2linaung"},"content":"        printWelcomeMessage();","lastModifiedDate":"2024-08-27","isFullCredit":false},{"lineNumber":13,"author":{"gitId":"C2linaung"},"content":"        Task.taskmaster();","lastModifiedDate":"2024-08-31","isFullCredit":false},{"lineNumber":14,"author":{"gitId":"C2linaung"},"content":"    }","lastModifiedDate":"2024-08-27","isFullCredit":false},{"lineNumber":15,"author":{"gitId":"C2linaung"},"content":"","lastModifiedDate":"2024-08-27","isFullCredit":false},{"lineNumber":16,"author":{"gitId":"C2linaung"},"content":"    // Welcome Screen","lastModifiedDate":"2024-08-27","isFullCredit":false},{"lineNumber":17,"author":{"gitId":"C2linaung"},"content":"    public static void printWelcomeMessage() {","lastModifiedDate":"2024-08-31","isFullCredit":false},{"lineNumber":18,"author":{"gitId":"C2linaung"},"content":"        System.out.println(\"_________________________________________________________\");","lastModifiedDate":"2024-08-22","isFullCredit":false},{"lineNumber":19,"author":{"gitId":"C2linaung"},"content":"        System.out.println(\"Hello! I\u0027m Uranus, the only Chatbot you\u0027ll ever need.\");","lastModifiedDate":"2024-08-22","isFullCredit":false},{"lineNumber":20,"author":{"gitId":"C2linaung"},"content":"        System.out.println(\"How can I be of service?\");","lastModifiedDate":"2024-08-22","isFullCredit":false},{"lineNumber":21,"author":{"gitId":"C2linaung"},"content":"        System.out.println(\"_________________________________________________________\");","lastModifiedDate":"2024-08-22","isFullCredit":false},{"lineNumber":22,"author":{"gitId":"C2linaung"},"content":"    }","lastModifiedDate":"2024-08-27","isFullCredit":false},{"lineNumber":23,"author":{"gitId":"C2linaung"},"content":"","lastModifiedDate":"2024-08-27","isFullCredit":false},{"lineNumber":24,"author":{"gitId":"C2linaung"},"content":"    // Goodbye Screen","lastModifiedDate":"2024-08-27","isFullCredit":false},{"lineNumber":25,"author":{"gitId":"C2linaung"},"content":"    public static void printByeMessage() {","lastModifiedDate":"2024-08-31","isFullCredit":false},{"lineNumber":26,"author":{"gitId":"C2linaung"},"content":"        System.out.println(\"_________________________________________________________\");","lastModifiedDate":"2024-08-27","isFullCredit":false},{"lineNumber":27,"author":{"gitId":"C2linaung"},"content":"        System.out.println(\"Bye. Hope to see you again!\");","lastModifiedDate":"2024-08-22","isFullCredit":false},{"lineNumber":28,"author":{"gitId":"C2linaung"},"content":"        System.out.println(\"_________________________________________________________\");","lastModifiedDate":"2024-08-22","isFullCredit":false},{"lineNumber":29,"author":{"gitId":"C2linaung"},"content":"    }","lastModifiedDate":"2024-08-22","isFullCredit":false},{"lineNumber":30,"author":{"gitId":"C2linaung"},"content":"","lastModifiedDate":"2024-08-27","isFullCredit":false},{"lineNumber":31,"author":{"gitId":"C2linaung"},"content":"    // Echo","lastModifiedDate":"2024-08-27","isFullCredit":false},{"lineNumber":32,"author":{"gitId":"C2linaung"},"content":"    private void echo(){","lastModifiedDate":"2024-08-27","isFullCredit":false},{"lineNumber":33,"author":{"gitId":"C2linaung"},"content":"        while(true){","lastModifiedDate":"2024-08-27","isFullCredit":false},{"lineNumber":34,"author":{"gitId":"C2linaung"},"content":"            String input \u003d in.nextLine();","lastModifiedDate":"2024-08-27","isFullCredit":false},{"lineNumber":35,"author":{"gitId":"C2linaung"},"content":"            if(input.equals(\"bye\")){","lastModifiedDate":"2024-08-27","isFullCredit":false},{"lineNumber":36,"author":{"gitId":"C2linaung"},"content":"                printByeMessage();","lastModifiedDate":"2024-08-27","isFullCredit":false},{"lineNumber":37,"author":{"gitId":"C2linaung"},"content":"                break;","lastModifiedDate":"2024-08-27","isFullCredit":false},{"lineNumber":38,"author":{"gitId":"C2linaung"},"content":"            }","lastModifiedDate":"2024-08-27","isFullCredit":false},{"lineNumber":39,"author":{"gitId":"C2linaung"},"content":"            System.out.println(\"_________________________________________________________\");","lastModifiedDate":"2024-08-27","isFullCredit":false},{"lineNumber":40,"author":{"gitId":"C2linaung"},"content":"            System.out.println(input);","lastModifiedDate":"2024-08-27","isFullCredit":false},{"lineNumber":41,"author":{"gitId":"C2linaung"},"content":"            System.out.println(\"_________________________________________________________\");","lastModifiedDate":"2024-08-27","isFullCredit":false},{"lineNumber":42,"author":{"gitId":"C2linaung"},"content":"        }","lastModifiedDate":"2024-08-27","isFullCredit":false},{"lineNumber":43,"author":{"gitId":"C2linaung"},"content":"    }","lastModifiedDate":"2024-08-27","isFullCredit":false},{"lineNumber":44,"author":{"gitId":"C2linaung"},"content":"","lastModifiedDate":"2024-08-27","isFullCredit":false},{"lineNumber":45,"author":{"gitId":"C2linaung"},"content":"}","lastModifiedDate":"2024-08-22","isFullCredit":false}],"authorContributionMap":{"C2linaung":45}},{"path":"src/main/java/Task.java","fileType":"java","lines":[{"lineNumber":1,"author":{"gitId":"C2linaung"},"content":"import java.util.Scanner;","lastModifiedDate":"2024-08-31","isFullCredit":false},{"lineNumber":2,"author":{"gitId":"C2linaung"},"content":"","lastModifiedDate":"2024-08-31","isFullCredit":false},{"lineNumber":3,"author":{"gitId":"C2linaung"},"content":"public class Task {","lastModifiedDate":"2024-08-27","isFullCredit":false},{"lineNumber":4,"author":{"gitId":"C2linaung"},"content":"    protected String description;","lastModifiedDate":"2024-08-27","isFullCredit":false},{"lineNumber":5,"author":{"gitId":"C2linaung"},"content":"    protected boolean isDone;","lastModifiedDate":"2024-08-27","isFullCredit":false},{"lineNumber":6,"author":{"gitId":"C2linaung"},"content":"    private static final Scanner in \u003d new Scanner(System.in);","lastModifiedDate":"2024-08-31","isFullCredit":false},{"lineNumber":7,"author":{"gitId":"C2linaung"},"content":"","lastModifiedDate":"2024-08-27","isFullCredit":false},{"lineNumber":8,"author":{"gitId":"C2linaung"},"content":"    public Task(String description) {","lastModifiedDate":"2024-08-27","isFullCredit":false},{"lineNumber":9,"author":{"gitId":"C2linaung"},"content":"        this.description \u003d description;","lastModifiedDate":"2024-08-27","isFullCredit":false},{"lineNumber":10,"author":{"gitId":"C2linaung"},"content":"        this.isDone \u003d false;","lastModifiedDate":"2024-08-27","isFullCredit":false},{"lineNumber":11,"author":{"gitId":"C2linaung"},"content":"    }","lastModifiedDate":"2024-08-27","isFullCredit":false},{"lineNumber":12,"author":{"gitId":"C2linaung"},"content":"","lastModifiedDate":"2024-08-27","isFullCredit":false},{"lineNumber":13,"author":{"gitId":"C2linaung"},"content":"    public String getStatusIcon(){","lastModifiedDate":"2024-08-27","isFullCredit":false},{"lineNumber":14,"author":{"gitId":"C2linaung"},"content":"        return (isDone ? \"X\" : \" \");","lastModifiedDate":"2024-08-27","isFullCredit":false},{"lineNumber":15,"author":{"gitId":"C2linaung"},"content":"    }","lastModifiedDate":"2024-08-27","isFullCredit":false},{"lineNumber":16,"author":{"gitId":"C2linaung"},"content":"","lastModifiedDate":"2024-08-27","isFullCredit":false},{"lineNumber":17,"author":{"gitId":"C2linaung"},"content":"    public void setDone(){","lastModifiedDate":"2024-08-27","isFullCredit":false},{"lineNumber":18,"author":{"gitId":"C2linaung"},"content":"        isDone \u003d true;","lastModifiedDate":"2024-08-27","isFullCredit":false},{"lineNumber":19,"author":{"gitId":"C2linaung"},"content":"    }","lastModifiedDate":"2024-08-27","isFullCredit":false},{"lineNumber":20,"author":{"gitId":"C2linaung"},"content":"","lastModifiedDate":"2024-08-27","isFullCredit":false},{"lineNumber":21,"author":{"gitId":"C2linaung"},"content":"    public void setNotDone(){","lastModifiedDate":"2024-08-27","isFullCredit":false},{"lineNumber":22,"author":{"gitId":"C2linaung"},"content":"        isDone \u003d false;","lastModifiedDate":"2024-08-27","isFullCredit":false},{"lineNumber":23,"author":{"gitId":"C2linaung"},"content":"    }","lastModifiedDate":"2024-08-27","isFullCredit":false},{"lineNumber":24,"author":{"gitId":"C2linaung"},"content":"","lastModifiedDate":"2024-08-31","isFullCredit":false},{"lineNumber":25,"author":{"gitId":"C2linaung"},"content":"    public static void taskmaster(){","lastModifiedDate":"2024-08-31","isFullCredit":false},{"lineNumber":26,"author":{"gitId":"C2linaung"},"content":"        Task[] taskList \u003d new Task[100];","lastModifiedDate":"2024-08-31","isFullCredit":false},{"lineNumber":27,"author":{"gitId":"C2linaung"},"content":"        int taskCounter \u003d 0;","lastModifiedDate":"2024-08-31","isFullCredit":false},{"lineNumber":28,"author":{"gitId":"C2linaung"},"content":"        while(true) {","lastModifiedDate":"2024-08-31","isFullCredit":false},{"lineNumber":29,"author":{"gitId":"C2linaung"},"content":"            String input \u003d in.nextLine();","lastModifiedDate":"2024-08-31","isFullCredit":false},{"lineNumber":30,"author":{"gitId":"C2linaung"},"content":"            int taskNumIndex;","lastModifiedDate":"2024-08-31","isFullCredit":false},{"lineNumber":31,"author":{"gitId":"C2linaung"},"content":"","lastModifiedDate":"2024-08-31","isFullCredit":false},{"lineNumber":32,"author":{"gitId":"C2linaung"},"content":"            if (input.startsWith(\"mark \")){","lastModifiedDate":"2024-08-31","isFullCredit":false},{"lineNumber":33,"author":{"gitId":"C2linaung"},"content":"                try {","lastModifiedDate":"2024-08-31","isFullCredit":false},{"lineNumber":34,"author":{"gitId":"C2linaung"},"content":"                    taskNumIndex \u003d Integer.parseInt(input.substring(5)) - 1;","lastModifiedDate":"2024-08-31","isFullCredit":false},{"lineNumber":35,"author":{"gitId":"C2linaung"},"content":"                    if (taskNumIndex \u003e\u003d 0 \u0026\u0026 taskNumIndex \u003c taskCounter) {","lastModifiedDate":"2024-08-31","isFullCredit":false},{"lineNumber":36,"author":{"gitId":"C2linaung"},"content":"                        taskList[taskNumIndex].setDone();","lastModifiedDate":"2024-08-31","isFullCredit":false},{"lineNumber":37,"author":{"gitId":"C2linaung"},"content":"                        System.out.println(\"_________________________________________________________\");","lastModifiedDate":"2024-08-31","isFullCredit":false},{"lineNumber":38,"author":{"gitId":"C2linaung"},"content":"                        System.out.println(\"Nice! I\u0027ve marked this task as done:\");","lastModifiedDate":"2024-08-31","isFullCredit":false},{"lineNumber":39,"author":{"gitId":"C2linaung"},"content":"                        System.out.println(\"[X] \" + taskList[taskNumIndex].description);","lastModifiedDate":"2024-08-31","isFullCredit":false},{"lineNumber":40,"author":{"gitId":"C2linaung"},"content":"                        System.out.println(\"_________________________________________________________\");","lastModifiedDate":"2024-08-31","isFullCredit":false},{"lineNumber":41,"author":{"gitId":"C2linaung"},"content":"                    }","lastModifiedDate":"2024-08-31","isFullCredit":false},{"lineNumber":42,"author":{"gitId":"C2linaung"},"content":"                    else {","lastModifiedDate":"2024-08-31","isFullCredit":false},{"lineNumber":43,"author":{"gitId":"C2linaung"},"content":"                        System.out.println(\"________________________________________________________\");","lastModifiedDate":"2024-08-31","isFullCredit":false},{"lineNumber":44,"author":{"gitId":"C2linaung"},"content":"                        System.out.println(\"Invalid task input. Please try again.\");","lastModifiedDate":"2024-08-31","isFullCredit":false},{"lineNumber":45,"author":{"gitId":"C2linaung"},"content":"                        System.out.println(\"________________________________________________________\");","lastModifiedDate":"2024-08-31","isFullCredit":false},{"lineNumber":46,"author":{"gitId":"C2linaung"},"content":"                    }","lastModifiedDate":"2024-08-31","isFullCredit":false},{"lineNumber":47,"author":{"gitId":"C2linaung"},"content":"                } catch (NumberFormatException e) {","lastModifiedDate":"2024-08-31","isFullCredit":false},{"lineNumber":48,"author":{"gitId":"C2linaung"},"content":"                    System.out.println(\"_________________________________________________________\");","lastModifiedDate":"2024-08-31","isFullCredit":false},{"lineNumber":49,"author":{"gitId":"C2linaung"},"content":"                    System.out.println(\"Invalid task input. Please try again.\");","lastModifiedDate":"2024-08-31","isFullCredit":false},{"lineNumber":50,"author":{"gitId":"C2linaung"},"content":"                    System.out.println(\"Correct format: mark \u003cint\u003e\");","lastModifiedDate":"2024-08-31","isFullCredit":false},{"lineNumber":51,"author":{"gitId":"C2linaung"},"content":"                    System.out.println(\"_________________________________________________________\");","lastModifiedDate":"2024-08-31","isFullCredit":false},{"lineNumber":52,"author":{"gitId":"C2linaung"},"content":"                }","lastModifiedDate":"2024-08-31","isFullCredit":false},{"lineNumber":53,"author":{"gitId":"C2linaung"},"content":"            }","lastModifiedDate":"2024-08-31","isFullCredit":false},{"lineNumber":54,"author":{"gitId":"C2linaung"},"content":"            else if (input.startsWith(\"unmark \")) {","lastModifiedDate":"2024-08-31","isFullCredit":false},{"lineNumber":55,"author":{"gitId":"C2linaung"},"content":"                try {","lastModifiedDate":"2024-08-31","isFullCredit":false},{"lineNumber":56,"author":{"gitId":"C2linaung"},"content":"                    taskNumIndex \u003d Integer.parseInt(input.substring(7)) - 1;","lastModifiedDate":"2024-08-31","isFullCredit":false},{"lineNumber":57,"author":{"gitId":"C2linaung"},"content":"                    if (taskNumIndex \u003e\u003d 0 \u0026\u0026 taskNumIndex \u003c taskCounter \u0026\u0026 taskList[taskNumIndex].isDone) {","lastModifiedDate":"2024-08-31","isFullCredit":false},{"lineNumber":58,"author":{"gitId":"C2linaung"},"content":"                        taskList[taskNumIndex].setNotDone();","lastModifiedDate":"2024-08-31","isFullCredit":false},{"lineNumber":59,"author":{"gitId":"C2linaung"},"content":"                        System.out.println(\"__________________________________________________________\");","lastModifiedDate":"2024-08-31","isFullCredit":false},{"lineNumber":60,"author":{"gitId":"C2linaung"},"content":"                        System.out.println(\"OK! I\u0027ve marked this task as not done yet:\");","lastModifiedDate":"2024-08-31","isFullCredit":false},{"lineNumber":61,"author":{"gitId":"C2linaung"},"content":"                        System.out.println(\"[ ] \" + taskList[taskNumIndex].description);","lastModifiedDate":"2024-08-31","isFullCredit":false},{"lineNumber":62,"author":{"gitId":"C2linaung"},"content":"                        System.out.println(\"__________________________________________________________\");","lastModifiedDate":"2024-08-31","isFullCredit":false},{"lineNumber":63,"author":{"gitId":"C2linaung"},"content":"                    }","lastModifiedDate":"2024-08-31","isFullCredit":false},{"lineNumber":64,"author":{"gitId":"C2linaung"},"content":"                    else {","lastModifiedDate":"2024-08-31","isFullCredit":false},{"lineNumber":65,"author":{"gitId":"C2linaung"},"content":"                        System.out.println(\"________________________________________________________\");","lastModifiedDate":"2024-08-31","isFullCredit":false},{"lineNumber":66,"author":{"gitId":"C2linaung"},"content":"                        System.out.println(\"Invalid task input. Please try again.\");","lastModifiedDate":"2024-08-31","isFullCredit":false},{"lineNumber":67,"author":{"gitId":"C2linaung"},"content":"                        System.out.println(\"________________________________________________________\");","lastModifiedDate":"2024-08-31","isFullCredit":false},{"lineNumber":68,"author":{"gitId":"C2linaung"},"content":"                    }","lastModifiedDate":"2024-08-31","isFullCredit":false},{"lineNumber":69,"author":{"gitId":"C2linaung"},"content":"                } catch (NumberFormatException e) {","lastModifiedDate":"2024-08-31","isFullCredit":false},{"lineNumber":70,"author":{"gitId":"C2linaung"},"content":"                    System.out.println(\"_________________________________________________________\");","lastModifiedDate":"2024-08-31","isFullCredit":false},{"lineNumber":71,"author":{"gitId":"C2linaung"},"content":"                    System.out.println(\"Invalid task input. Please try again.\");","lastModifiedDate":"2024-08-31","isFullCredit":false},{"lineNumber":72,"author":{"gitId":"C2linaung"},"content":"                    System.out.println(\"Correct format: unmark \u003cint\u003e\");","lastModifiedDate":"2024-08-31","isFullCredit":false},{"lineNumber":73,"author":{"gitId":"C2linaung"},"content":"                    System.out.println(\"_________________________________________________________\");","lastModifiedDate":"2024-08-31","isFullCredit":false},{"lineNumber":74,"author":{"gitId":"C2linaung"},"content":"                }","lastModifiedDate":"2024-08-31","isFullCredit":false},{"lineNumber":75,"author":{"gitId":"C2linaung"},"content":"            }","lastModifiedDate":"2024-08-31","isFullCredit":false},{"lineNumber":76,"author":{"gitId":"C2linaung"},"content":"            else {","lastModifiedDate":"2024-08-31","isFullCredit":false},{"lineNumber":77,"author":{"gitId":"C2linaung"},"content":"                switch(input) {","lastModifiedDate":"2024-08-31","isFullCredit":false},{"lineNumber":78,"author":{"gitId":"C2linaung"},"content":"                    case \"bye\":","lastModifiedDate":"2024-08-31","isFullCredit":false},{"lineNumber":79,"author":{"gitId":"C2linaung"},"content":"                        Chatbot.printByeMessage();","lastModifiedDate":"2024-08-31","isFullCredit":false},{"lineNumber":80,"author":{"gitId":"C2linaung"},"content":"                        return;","lastModifiedDate":"2024-08-31","isFullCredit":false},{"lineNumber":81,"author":{"gitId":"C2linaung"},"content":"","lastModifiedDate":"2024-08-31","isFullCredit":false},{"lineNumber":82,"author":{"gitId":"C2linaung"},"content":"                    case \"list\":","lastModifiedDate":"2024-08-31","isFullCredit":false},{"lineNumber":83,"author":{"gitId":"C2linaung"},"content":"                        System.out.println(\"_________________________________________________________\");","lastModifiedDate":"2024-08-31","isFullCredit":false},{"lineNumber":84,"author":{"gitId":"C2linaung"},"content":"                        System.out.println(\"Here are the tasks in your list:\");","lastModifiedDate":"2024-08-31","isFullCredit":false},{"lineNumber":85,"author":{"gitId":"C2linaung"},"content":"                        for (int i \u003d 0; i \u003c taskCounter; i++) {","lastModifiedDate":"2024-08-31","isFullCredit":false},{"lineNumber":86,"author":{"gitId":"C2linaung"},"content":"                            String output \u003d (i + 1) + \".[\" + taskList[i].getStatusIcon() + \"] \"+ taskList[i].description;","lastModifiedDate":"2024-08-31","isFullCredit":false},{"lineNumber":87,"author":{"gitId":"C2linaung"},"content":"                            System.out.println(output);","lastModifiedDate":"2024-08-31","isFullCredit":false},{"lineNumber":88,"author":{"gitId":"C2linaung"},"content":"                        }","lastModifiedDate":"2024-08-31","isFullCredit":false},{"lineNumber":89,"author":{"gitId":"C2linaung"},"content":"                        System.out.println(\"_________________________________________________________\");","lastModifiedDate":"2024-08-31","isFullCredit":false},{"lineNumber":90,"author":{"gitId":"C2linaung"},"content":"                        break;","lastModifiedDate":"2024-08-31","isFullCredit":false},{"lineNumber":91,"author":{"gitId":"C2linaung"},"content":"","lastModifiedDate":"2024-08-31","isFullCredit":false},{"lineNumber":92,"author":{"gitId":"C2linaung"},"content":"                    default:","lastModifiedDate":"2024-08-31","isFullCredit":false},{"lineNumber":93,"author":{"gitId":"C2linaung"},"content":"                        System.out.println(\"_________________________________________________________\");","lastModifiedDate":"2024-08-31","isFullCredit":false},{"lineNumber":94,"author":{"gitId":"C2linaung"},"content":"                        taskList[taskCounter] \u003d new Task(input);","lastModifiedDate":"2024-08-31","isFullCredit":false},{"lineNumber":95,"author":{"gitId":"C2linaung"},"content":"                        taskCounter++;","lastModifiedDate":"2024-08-31","isFullCredit":false},{"lineNumber":96,"author":{"gitId":"C2linaung"},"content":"                        System.out.println(\"added: \" + input);","lastModifiedDate":"2024-08-31","isFullCredit":false},{"lineNumber":97,"author":{"gitId":"C2linaung"},"content":"                        System.out.println(\"_________________________________________________________\");","lastModifiedDate":"2024-08-31","isFullCredit":false},{"lineNumber":98,"author":{"gitId":"C2linaung"},"content":"                }","lastModifiedDate":"2024-08-31","isFullCredit":false},{"lineNumber":99,"author":{"gitId":"C2linaung"},"content":"            }","lastModifiedDate":"2024-08-31","isFullCredit":false},{"lineNumber":100,"author":{"gitId":"C2linaung"},"content":"        }","lastModifiedDate":"2024-08-31","isFullCredit":false},{"lineNumber":101,"author":{"gitId":"C2linaung"},"content":"    }","lastModifiedDate":"2024-08-31","isFullCredit":false},{"lineNumber":102,"author":{"gitId":"C2linaung"},"content":"}","lastModifiedDate":"2024-08-27","isFullCredit":false}],"authorContributionMap":{"C2linaung":102}},{"path":"src/main/java/Uranus.java","fileType":"java","lines":[{"lineNumber":1,"author":{"gitId":"C2linaung"},"content":"public class Uranus {","lastModifiedDate":"2024-08-27","isFullCredit":false},{"lineNumber":2,"author":{"gitId":"C2linaung"},"content":"    public static void main(String[] args) {","lastModifiedDate":"2024-08-27","isFullCredit":false},{"lineNumber":3,"author":{"gitId":"C2linaung"},"content":"        Chatbot Uranus \u003d new Chatbot();","lastModifiedDate":"2024-08-27","isFullCredit":false},{"lineNumber":4,"author":{"gitId":"C2linaung"},"content":"        Uranus.start();","lastModifiedDate":"2024-08-27","isFullCredit":false},{"lineNumber":5,"author":{"gitId":"C2linaung"},"content":"    }","lastModifiedDate":"2024-08-27","isFullCredit":false},{"lineNumber":6,"author":{"gitId":"C2linaung"},"content":"}","lastModifiedDate":"2024-08-27","isFullCredit":false}],"authorContributionMap":{"C2linaung":6}}]
