{"authorDailyContributionsMap":{"C2linaung":[{"date":"2024-08-22","commitResults":[{"hash":"75828bf5f3361352b28bb2833bdd634e7877b05e","isMergeCommit":false,"messageTitle":"Complete Level-0","messageBody":"","tags":["Level-0"],"fileTypesAndContributionMap":{"java":{"insertions":10,"deletions":10}}}]},{"date":"2024-08-27","commitResults":[{"hash":"119f7e026b038294a348ad23a00420bc0e0b4e94","isMergeCommit":false,"messageTitle":"restructure chatbot and main","messageBody":"","fileTypesAndContributionMap":{"java":{"insertions":29,"deletions":2}}},{"hash":"cacc779bdd97d557ef24f31b249bdc05462ae5d4","isMergeCommit":false,"messageTitle":"complete Echo Function","messageBody":"","tags":["Level-1"],"fileTypesAndContributionMap":{"java":{"insertions":16,"deletions":1}}},{"hash":"8a571c0b3536614ef23dd793b0b8d010733e60bc","isMergeCommit":false,"messageTitle":"complete Level 2: Add, List","messageBody":"","tags":["Level-2"],"fileTypesAndContributionMap":{"java":{"insertions":33,"deletions":2}}},{"hash":"55c001e0d535751fc07e6e7a30551fb081ce5ffd","isMergeCommit":false,"messageTitle":"add Task class (A-classes)","messageBody":"","fileTypesAndContributionMap":{"java":{"insertions":16,"deletions":3}}},{"hash":"0f24d0d79613b36f0a944893c3a22b70a5b8113b","isMergeCommit":false,"messageTitle":"Complete Level-3 with A-classes","messageBody":"","tags":["Level-3","A-CodingStandard"],"fileTypesAndContributionMap":{"java":{"insertions":72,"deletions":16}}}]},{"date":"2024-08-31","commitResults":[{"hash":"76817ae66def7da47a4904a5409c8b2bad9ea8d8","isMergeCommit":false,"messageTitle":"restructured task class and chatbot class","messageBody":"","fileTypesAndContributionMap":{"java":{"insertions":85,"deletions":84}}},{"hash":"5882a1301ef1a15419e82a6e661afde603ee990e","isMergeCommit":false,"messageTitle":"restructured function class and added ToDos, Deadlines and Events classes","messageBody":"","fileTypesAndContributionMap":{"java":{"insertions":122,"deletions":103}}},{"hash":"f333d2f1d3db806d00318a93bd1458c78d6e7ea2","isMergeCommit":false,"messageTitle":"clean up function class","messageBody":"","fileTypesAndContributionMap":{"java":{"insertions":78,"deletions":76}}},{"hash":"034e66dd205dd62f87ead2ca1bf21d34ff1a6a54","isMergeCommit":false,"messageTitle":"add back echo function","messageBody":"","fileTypesAndContributionMap":{"java":{"insertions":24,"deletions":6}}},{"hash":"0efba8a4bbc57095df0b561cb43deedecd041e91","isMergeCommit":false,"messageTitle":"tagging N,T,E,D complete","messageBody":"","fileTypesAndContributionMap":{"java":{"insertions":49,"deletions":10}}}]},{"date":"2024-09-01","commitResults":[{"hash":"0425e1ac282382d62a458196e707e5a7e14a165d","isMergeCommit":false,"messageTitle":"complete Level-4: ToDos, Events, Deadlines","messageBody":"","tags":["Level-4"],"fileTypesAndContributionMap":{"java":{"insertions":70,"deletions":8}}}]},{"date":"2024-09-05","commitResults":[{"hash":"94250e0c9f7cfe56f94794a5364f9c349f284d09","isMergeCommit":false,"messageTitle":"edited test cases file","messageBody":"","tags":["A-TextUiTesting"],"fileTypesAndContributionMap":{"txt":{"insertions":6,"deletions":0},"java":{"insertions":1,"deletions":0},"bat":{"insertions":1,"deletions":1},"sh":{"insertions":1,"deletions":1}}},{"hash":"9e4d46bab04d1964270ca45e00a689ed8c8754c2","isMergeCommit":false,"messageTitle":"edit based on coding standards","messageBody":"","fileTypesAndContributionMap":{"java":{"insertions":15,"deletions":14}}},{"hash":"065ae2fa5b4c563914cb011a8e9bacc081a4bde8","isMergeCommit":false,"messageTitle":"edit based on coding standards","messageBody":"","tags":["A-CodeQuality"],"fileTypesAndContributionMap":{"java":{"insertions":43,"deletions":54}}}]},{"date":"2024-09-07","commitResults":[{"hash":"d44123a72961a3bb0d3224ca0c8559b137bf763b","isMergeCommit":false,"messageTitle":"add exceptions for minimal cases","messageBody":"","fileTypesAndContributionMap":{"java":{"insertions":34,"deletions":21}}},{"hash":"f152590e1b609765c3b39b6a2d58cc83182e5fb5","isMergeCommit":true,"messageTitle":"Merge branch \u0027branch-Level-5\u0027 complete level 5","messageBody":"","tags":["Level-5"],"fileTypesAndContributionMap":{}}]},{"date":"2024-09-11","commitResults":[{"hash":"0d1b4a3d9009a8b3ea3a35ebcd1ae271a7336ad8","isMergeCommit":false,"messageTitle":"add exception class to handle exceptions","messageBody":"","fileTypesAndContributionMap":{"java":{"insertions":51,"deletions":7}}},{"hash":"5d7d3a23d73e23a6983d62dac81f10cbd7cf8fc0","isMergeCommit":true,"messageTitle":"Merge branch \u0027branch-Level-5\u0027","messageBody":"","tags":["A-Exceptions"],"fileTypesAndContributionMap":{}}]},{"date":"2024-09-12","commitResults":[{"hash":"4478ca426ef48eb9144cf7e21af2c5558ec8c9c0","isMergeCommit":false,"messageTitle":"implement packages","messageBody":"","fileTypesAndContributionMap":{"java":{"insertions":21,"deletions":1}}},{"hash":"260be7b6a11c74e7b3fcccf5ceb121d42d214086","isMergeCommit":false,"messageTitle":"aorrt. really added packages","messageBody":"","fileTypesAndContributionMap":{"java":{"insertions":15,"deletions":7}}},{"hash":"72c236bf8342c69548b3de33fe2bfe8ee68c2c81","isMergeCommit":true,"messageTitle":"Merge branch \u0027branch-A-Packages\u0027 packages are implemented","messageBody":"","tags":["A-Packages"],"fileTypesAndContributionMap":{}}]},{"date":"2024-09-17","commitResults":[{"hash":"70ce0ec7d7d3fa9b4d214e5884f162e5a5e5e4ae","isMergeCommit":false,"messageTitle":"changed from fixed size task list to ArrayList","messageBody":"","tags":["A-Collections"],"fileTypesAndContributionMap":{"java":{"insertions":13,"deletions":14}}},{"hash":"d41b7d1cb56eceb46679a98de1a46da1ca85b3f3","isMergeCommit":false,"messageTitle":"add delete function and test cases","messageBody":"","fileTypesAndContributionMap":{"txt":{"insertions":2,"deletions":0},"java":{"insertions":22,"deletions":3}}},{"hash":"88dca568460ae4435312e4559f701afdd53804cf","isMergeCommit":true,"messageTitle":"Merge branch \u0027branch-Level-6\u0027","messageBody":"","tags":["Level-6"],"fileTypesAndContributionMap":{}}]},{"date":"2024-09-18","commitResults":[{"hash":"a3e81c3e3d6e51f52569116ae0cf931b8036edbb","isMergeCommit":false,"messageTitle":"added saving feature","messageBody":"","fileTypesAndContributionMap":{"java":{"insertions":67,"deletions":21}}},{"hash":"fbf6945c8991531bfd0426c522d089706b255746","isMergeCommit":true,"messageTitle":"added save feature and merge both level 6 and 7 branches","messageBody":"","tags":["Level-7"],"fileTypesAndContributionMap":{}},{"hash":"75963bc04b58cd248f11cef32f5390c4030764d2","isMergeCommit":false,"messageTitle":"reedit on the file path","messageBody":"","fileTypesAndContributionMap":{"java":{"insertions":2,"deletions":2}}}]}]},"authorFileTypeContributionMap":{"C2linaung":{"java":437,"md":0,"fxml":0,"sh":1,"bat":1,"gradle":0,"txt":8}},"authorContributionVariance":{"C2linaung":12706.654},"authorDisplayNameMap":{"C2linaung":"CS2113-W14-2 SI T..AUNG"}}
