[{"path":"src/main/java/TulipTask.java","fileType":"java","lines":[{"lineNumber":1,"author":{"gitId":"kestryix"},"content":"import java.util.ArrayList;","lastModifiedDate":"2024-08-23","isFullCredit":false},{"lineNumber":2,"author":{"gitId":"kestryix"},"content":"import java.util.Objects;","lastModifiedDate":"2024-08-23","isFullCredit":false},{"lineNumber":3,"author":{"gitId":"kestryix"},"content":"import java.util.Scanner;","lastModifiedDate":"2024-08-23","isFullCredit":false},{"lineNumber":4,"author":{"gitId":"kestryix"},"content":"","lastModifiedDate":"2024-08-23","isFullCredit":false},{"lineNumber":5,"author":{"gitId":"kestryix"},"content":"public class TulipTask {","lastModifiedDate":"2024-08-23","isFullCredit":false},{"lineNumber":6,"author":{"gitId":"kestryix"},"content":"    public static void main(String[] args) {","lastModifiedDate":"2024-08-23","isFullCredit":false},{"lineNumber":7,"author":{"gitId":"kestryix"},"content":"        String logo \u003d \"                                         \\n\" +","lastModifiedDate":"2024-08-23","isFullCredit":false},{"lineNumber":8,"author":{"gitId":"kestryix"},"content":"                \"--.--     |    o     --.--          |    \\n\" +","lastModifiedDate":"2024-08-23","isFullCredit":false},{"lineNumber":9,"author":{"gitId":"kestryix"},"content":"                \"  |  .   .|    .,---.  |  ,---.,---.|__/ \\n\" +","lastModifiedDate":"2024-08-23","isFullCredit":false},{"lineNumber":10,"author":{"gitId":"kestryix"},"content":"                \"  |  |   ||    ||   |  |  ,---|`---.|  \\\\ \\n\" +","lastModifiedDate":"2024-08-23","isFullCredit":false},{"lineNumber":11,"author":{"gitId":"kestryix"},"content":"                \"  `  `---\u0027`---\u0027`|---\u0027  `  `---^`---\u0027`   `\\n\" +","lastModifiedDate":"2024-08-23","isFullCredit":false},{"lineNumber":12,"author":{"gitId":"kestryix"},"content":"                \"                |\";","lastModifiedDate":"2024-08-23","isFullCredit":false},{"lineNumber":13,"author":{"gitId":"kestryix"},"content":"","lastModifiedDate":"2024-08-23","isFullCredit":false},{"lineNumber":14,"author":{"gitId":"kestryix"},"content":"        ArrayList\u003cString\u003e list \u003d new ArrayList\u003cString\u003e();","lastModifiedDate":"2024-08-23","isFullCredit":false},{"lineNumber":15,"author":{"gitId":"kestryix"},"content":"","lastModifiedDate":"2024-08-23","isFullCredit":false},{"lineNumber":16,"author":{"gitId":"kestryix"},"content":"        System.out.println(logo);","lastModifiedDate":"2024-08-23","isFullCredit":false},{"lineNumber":17,"author":{"gitId":"kestryix"},"content":"","lastModifiedDate":"2024-08-23","isFullCredit":false},{"lineNumber":18,"author":{"gitId":"kestryix"},"content":"        System.out.println(\"--------------------------------------------\");","lastModifiedDate":"2024-08-23","isFullCredit":false},{"lineNumber":19,"author":{"gitId":"kestryix"},"content":"        System.out.println(\"Hello, I\u0027m TulipTask\");","lastModifiedDate":"2024-08-23","isFullCredit":false},{"lineNumber":20,"author":{"gitId":"kestryix"},"content":"        System.out.println(\"What can I do for you today?\");","lastModifiedDate":"2024-08-23","isFullCredit":false},{"lineNumber":21,"author":{"gitId":"kestryix"},"content":"        System.out.println(\"--------------------------------------------\");","lastModifiedDate":"2024-08-23","isFullCredit":false},{"lineNumber":22,"author":{"gitId":"kestryix"},"content":"","lastModifiedDate":"2024-08-23","isFullCredit":false},{"lineNumber":23,"author":{"gitId":"kestryix"},"content":"        System.out.println(\"Bye! Hope to see you again soon :)\");","lastModifiedDate":"2024-08-23","isFullCredit":false},{"lineNumber":24,"author":{"gitId":"kestryix"},"content":"        System.out.println(\"--------------------------------------------\");","lastModifiedDate":"2024-08-23","isFullCredit":false},{"lineNumber":25,"author":{"gitId":"kestryix"},"content":"","lastModifiedDate":"2024-08-23","isFullCredit":false},{"lineNumber":26,"author":{"gitId":"kestryix"},"content":"    }","lastModifiedDate":"2024-08-23","isFullCredit":false},{"lineNumber":27,"author":{"gitId":"kestryix"},"content":"}","lastModifiedDate":"2024-08-23","isFullCredit":false}],"authorContributionMap":{"kestryix":27}}]
