{"authorDailyContributionsMap":{"telferang":[{"date":"2024-08-20","commitResults":[{"hash":"8a68c2adae01bbea835570ae5562f7c4f15c1e30","isMergeCommit":false,"messageTitle":"Rename Duke to Nova, Greet, Exit","messageBody":"","tags":["Level-0"],"fileTypesAndContributionMap":{"java":{"insertions":15,"deletions":10}}},{"hash":"f363dfbbfb173108ea672e591fb696dd17f7b293","isMergeCommit":true,"messageTitle":"Merge remote-tracking branch \u0027origin/add-gradle-support\u0027","messageBody":"","fileTypesAndContributionMap":{}}]},{"date":"2024-08-25","commitResults":[{"hash":"698b682cd3e2584082fcd4b6be43cdaeeae28ccd","isMergeCommit":false,"messageTitle":"Add Echo feature","messageBody":"For level-1\n","tags":["Level-1"],"fileTypesAndContributionMap":{"java":{"insertions":19,"deletions":11}}},{"hash":"19f55a36276503fa87f2cf1da652f77323c2faca","isMergeCommit":false,"messageTitle":"Add Add and List feature","messageBody":"For level-2\n","tags":["Level-2"],"fileTypesAndContributionMap":{"java":{"insertions":16,"deletions":3}}}]},{"date":"2024-08-27","commitResults":[{"hash":"416f4fd4eda4dc17e856bb4113c622c4846bbc7d","isMergeCommit":false,"messageTitle":"Add mark as done features to Nova","messageBody":"Task class: Manage individual tasks, with status tracking\nNova.java: Modify code to handle Task class and handle invalid input\n","tags":["Level-3"],"fileTypesAndContributionMap":{"java":{"insertions":79,"deletions":13}}},{"hash":"430d7bcefd5d29fb23c0fb5e8dc75e1b84dae812","isMergeCommit":false,"messageTitle":"Follow the coding standard","messageBody":"","tags":["A-CodingStandard"],"fileTypesAndContributionMap":{"java":{"insertions":16,"deletions":8}}}]}]},"authorFileTypeContributionMap":{"telferang":{"java":110,"md":0,"fxml":0,"sh":0,"bat":0,"gradle":0,"txt":0}},"authorContributionVariance":{"telferang":1122.8055},"authorDisplayNameMap":{"telferang":"CS2113-W10-1 ANG ..LFER"}}
