{"authorDailyContributionsMap":{"Chinorea":[{"date":"2024-08-22","commitResults":[{"hash":"a79531f9aa039db046f9c72f400601ae7a54bb61","isMergeCommit":false,"messageTitle":"Level-0","messageBody":"","tags":["Level-0"],"fileTypesAndContributionMap":{"java":{"insertions":11,"deletions":10}}}]},{"date":"2024-08-27","commitResults":[{"hash":"be970d91933614876b84e99c0d3e873c9d181224","isMergeCommit":false,"messageTitle":"Level-1","messageBody":"Added BotText Class for any text related message for the Bot.\nAdded getInput() function to Echo Messages\n","tags":["Level-1"],"fileTypesAndContributionMap":{"java":{"insertions":31,"deletions":6}}},{"hash":"2c3ec3e2b29bdc9c205bc8a3c5642aae18a251dd","isMergeCommit":false,"messageTitle":"Level-2","messageBody":"Added add task functionality\nAdded List task functionality\n","tags":["Level-2"],"fileTypesAndContributionMap":{"java":{"insertions":23,"deletions":1}}},{"hash":"babce814580f6e6def1409c47504ae2300aa2c6a","isMergeCommit":false,"messageTitle":"Level-3","messageBody":"Add Task.java class file for task object representation [A-classes]\nAdd mark as done feat with markList and unmarkList functions\n","tags":["Level-3","A-CodingStandard"],"fileTypesAndContributionMap":{"java":{"insertions":60,"deletions":9}}}]},{"date":"2024-09-04","commitResults":[{"hash":"c4b3944b4203eaa883fcf87aa676b697644b8bc7","isMergeCommit":false,"messageTitle":"Level-4 + A-Inheritance","messageBody":"Add ToDo feat with Todo class\nAdd Deadline feat with Deadline class\nAdd Event feat with Event class\nAdd Inheritance for multiple task type support\n","tags":["Level-4","A-Inheritance"],"fileTypesAndContributionMap":{"java":{"insertions":125,"deletions":24}}},{"hash":"287b6114960ddc8c6072c5fbd69ce413e1849afc","isMergeCommit":false,"messageTitle":"A-TextUiTesting","messageBody":"Add Automated Text Ui Testing to Level-4 feat of iP\n","tags":["A-TextUiTesting"],"fileTypesAndContributionMap":{"txt":{"insertions":13,"deletions":0},"bat":{"insertions":1,"deletions":1},"sh":{"insertions":1,"deletions":1}}},{"hash":"ca32c8e22d50beabf34d8e5a9e932d452765a5b6","isMergeCommit":false,"messageTitle":"A-CodeQuality","messageBody":"Improve code quality\nPeform regression testing with code changes\n","tags":["A-CodeQuality"],"fileTypesAndContributionMap":{"txt":{"insertions":2,"deletions":2},"java":{"insertions":37,"deletions":33}}}]},{"date":"2024-09-10","commitResults":[{"hash":"644f60872a1db726fbb52a550cee1a985509ebd0","isMergeCommit":false,"messageTitle":"Changed UI-Testing for tutorial","messageBody":"","fileTypesAndContributionMap":{"txt":{"insertions":5,"deletions":12}}}]},{"date":"2024-09-11","commitResults":[{"hash":"82dbe58e2db3c36afba985f7ff9b12effa7a5b1b","isMergeCommit":false,"messageTitle":"Add Level-5 Increment and A-Exception Extension","messageBody":"Added Error Handling for the following cases:\nUnknown Error input\nEmpty List\nInvalid Index (for Mark \u0026 Unmark commands)\nInvalid Deadline format (Missing fields)\nInvalid Event format (Missing fields\n","fileTypesAndContributionMap":{"java":{"insertions":94,"deletions":20}}},{"hash":"1e9302faddf826073e3853441302c02d720a642c","isMergeCommit":true,"messageTitle":"Merge branch \u0027branch-Level-5\u0027","messageBody":"","tags":["Level-5","A-Exceptions"],"fileTypesAndContributionMap":{}}]},{"date":"2024-09-13","commitResults":[{"hash":"5ec9c45c23b7caea4b54343d0aaf12fe0c5a81b6","isMergeCommit":false,"messageTitle":"A-Packages","messageBody":"Refactored exisiting files into seperate packages.\nConsolidated all expception class file into one common file\n","fileTypesAndContributionMap":{"java":{"insertions":51,"deletions":18},"bat":{"insertions":2,"deletions":2}}},{"hash":"c21a5962a0cb6afe458be847b7d58f4cccfa14f1","isMergeCommit":true,"messageTitle":"Merge branch \u0027branch-A-Packages\u0027","messageBody":"","tags":["A-Packages"],"fileTypesAndContributionMap":{}}]},{"date":"2024-09-16","commitResults":[{"hash":"7f17350b029a7f4764dcad2dd40bbb80b1103217","isMergeCommit":false,"messageTitle":"A-Collection","messageBody":"Fix Tasklist to an Arraylist.\n","fileTypesAndContributionMap":{"java":{"insertions":16,"deletions":10}}}]},{"date":"2024-09-18","commitResults":[{"hash":"f6a3874533a72860773c01751c9f3b17ebf1bca2","isMergeCommit":false,"messageTitle":"Level-6","messageBody":"Added delete functions with error detection\n","fileTypesAndContributionMap":{"java":{"insertions":19,"deletions":0}}},{"hash":"460bc8c817c4a34c55b24d6135e87746ff5520ad","isMergeCommit":false,"messageTitle":"Level-7","messageBody":"Add Save function\n","fileTypesAndContributionMap":{"txt":{"insertions":4,"deletions":0},"java":{"insertions":109,"deletions":12}}},{"hash":"49626c77a459362a0dc4d6961e95652b50d31407","isMergeCommit":true,"messageTitle":"Merge branch \u0027branch-Level-6\u0027","messageBody":"","tags":["Level-6","A-Collections"],"fileTypesAndContributionMap":{}},{"hash":"09016f8fe6d5dff838ddf21277e6a385fcd4faac","isMergeCommit":true,"messageTitle":"Merge branch \u0027branch-Level-7\u0027","messageBody":"# Conflicts:\n#\tsrc/main/java/ellio/Ellio.java\n","tags":["Level-7"],"fileTypesAndContributionMap":{}},{"hash":"23811d6685799fe310632f1c15c56468b12cd0fa","isMergeCommit":false,"messageTitle":"Add delete func integration with Save","messageBody":"Add delete function compatability with Save function\n","fileTypesAndContributionMap":{"txt":{"insertions":0,"deletions":1},"java":{"insertions":20,"deletions":1}}}]},{"date":"2024-09-30","commitResults":[{"hash":"6886c7d0c08a71330c49fd84e5088906650ee07d","isMergeCommit":false,"messageTitle":"A-MoreOOP","messageBody":"Add the following classes through Refactorisation\nUi: Handling of UI interfaces\nCommand (and the list of valid commands)\nStorage: Handling of Storage Related Functions\nParser: Intepretting User Command\nTaskList: ListArray Functions \u0026 Object\n","tags":["A-MoreOOP"],"fileTypesAndContributionMap":{"txt":{"insertions":7,"deletions":4},"java":{"insertions":704,"deletions":314}}},{"hash":"74bcd3ab65d459980c83e63bc41c2b91f3437cb3","isMergeCommit":false,"messageTitle":"Level-8","messageBody":"Add Dates \u0026 time with LocalDate java library\nMinimal Stretch Goal Achieved\n","fileTypesAndContributionMap":{"txt":{"insertions":3,"deletions":3},"java":{"insertions":15,"deletions":1}}},{"hash":"694925cdfcc61f1fb5f55abca3ee85c21370bf16","isMergeCommit":false,"messageTitle":"Level-9","messageBody":"Add find Task function\n","fileTypesAndContributionMap":{"java":{"insertions":53,"deletions":0}}},{"hash":"4d1aea3320f379a801d85f13fa79f1db4eec61ee","isMergeCommit":true,"messageTitle":"Merge pull request #1 from Chinorea/branch-Level-9","messageBody":"Level-9","fileTypesAndContributionMap":{}},{"hash":"a59ca2c6a0fd1f6e00cce61834705a7da85900ef","isMergeCommit":true,"messageTitle":"Merge pull request #2 from Chinorea/branch-Level-8","messageBody":"Level-8","fileTypesAndContributionMap":{}},{"hash":"ba45d43c057aba311dc56d1930f8de438c15d6ca","isMergeCommit":true,"messageTitle":"Merge branch \u0027master\u0027 of https://github.com/Chinorea/ip","messageBody":"* \u0027master\u0027 of https://github.com/Chinorea/ip:\n  Level-9\n  Level-8\n","tags":["Level-9","Level-8"],"fileTypesAndContributionMap":{}},{"hash":"b7b76630eeb0d084a61b0e05cbc49e9ca161ff5a","isMergeCommit":false,"messageTitle":"A-JavaDoc","messageBody":"Add JavaDoc Header Comments to majority of non-private classes/methods\n","fileTypesAndContributionMap":{"java":{"insertions":96,"deletions":24}}}]},{"date":"2024-10-04","commitResults":[{"hash":"524dd3845fa40de4ef8111a1acaf7eceb3f28014","isMergeCommit":false,"messageTitle":"Update A-JavaDoc","messageBody":"Added new JavaDoc Comments\n","fileTypesAndContributionMap":{"txt":{"insertions":4,"deletions":4},"java":{"insertions":64,"deletions":17}}},{"hash":"472d99c372fa22d479a875ce9b357283135ece4b","isMergeCommit":true,"messageTitle":"Merge pull request #3 from Chinorea/branch-A-JavaDoc","messageBody":"Branch A-java doc","tags":["A-JavaDoc"],"fileTypesAndContributionMap":{}},{"hash":"3aa345a99a89d8b719e78cc6b647ca7f5e5262b8","isMergeCommit":false,"messageTitle":"A-UserGuide","messageBody":"Update UserGuide\n","tags":["A-UserGuide"],"fileTypesAndContributionMap":{"md":{"insertions":57,"deletions":16}}},{"hash":"e5a7debe8d0330b638d3b2a52c3e5942bc325933","isMergeCommit":false,"messageTitle":"Update ReadMe Contents","messageBody":"","fileTypesAndContributionMap":{"md":{"insertions":4,"deletions":4}}}]},{"date":"2024-10-08","commitResults":[{"hash":"07b1b0087afa6fa446a701190657eefcbb62e0e2","isMergeCommit":false,"messageTitle":"Add Help Message \u0026 Intro","messageBody":"","tags":["V0.2"],"fileTypesAndContributionMap":{"txt":{"insertions":4,"deletions":4},"java":{"insertions":51,"deletions":3},"md":{"insertions":7,"deletions":3}}},{"hash":"296bf3dc3ec198ed29415c7a7f148f605f02a0d3","isMergeCommit":false,"messageTitle":"Fix Empty List Storage issue.","messageBody":"","tags":["V0.2.1"],"fileTypesAndContributionMap":{"txt":{"insertions":0,"deletions":7},"java":{"insertions":20,"deletions":2}}}]}]},"authorFileTypeContributionMap":{"Chinorea":{"java":1101,"md":58,"fxml":0,"sh":1,"bat":2,"gradle":0,"txt":6}},"authorContributionVariance":{"Chinorea":28937.566},"authorDisplayNameMap":{"Chinorea":"CS2113-W10-1 ANG ..N EN"}}
