[{"path":"src/main/java/PlopBot.java","fileType":"java","lines":[{"lineNumber":1,"author":{"gitId":"philip1304"},"content":"import java.util.Scanner;","lastModifiedDate":"2024-09-11","isFullCredit":false},{"lineNumber":2,"author":{"gitId":"philip1304"},"content":"import java.util.ArrayList;","lastModifiedDate":"2024-09-11","isFullCredit":false},{"lineNumber":3,"author":{"gitId":"philip1304"},"content":"","lastModifiedDate":"2024-09-11","isFullCredit":false},{"lineNumber":4,"author":{"gitId":"philip1304"},"content":"public class PlopBot {","lastModifiedDate":"2024-09-04","isFullCredit":false},{"lineNumber":5,"author":{"gitId":"philip1304"},"content":"","lastModifiedDate":"2024-09-11","isFullCredit":false},{"lineNumber":6,"author":{"gitId":"philip1304"},"content":"    // Static variables","lastModifiedDate":"2024-09-11","isFullCredit":false},{"lineNumber":7,"author":{"gitId":"philip1304"},"content":"    private static final String name \u003d \"plopBot\";","lastModifiedDate":"2024-09-11","isFullCredit":false},{"lineNumber":8,"author":{"gitId":"philip1304"},"content":"    private static final String HORIZONTAL_LINE \u003d \"//\" + \"\\u2500\".repeat(50);","lastModifiedDate":"2024-09-11","isFullCredit":false},{"lineNumber":9,"author":{"gitId":"philip1304"},"content":"    private static final String ECHO_LINE \u003d \"    \" + \"\\u2500\".repeat(48);","lastModifiedDate":"2024-09-11","isFullCredit":false},{"lineNumber":10,"author":{"gitId":"philip1304"},"content":"    private static Scanner scanner \u003d new Scanner(System.in);","lastModifiedDate":"2024-09-11","isFullCredit":false},{"lineNumber":11,"author":{"gitId":"philip1304"},"content":"","lastModifiedDate":"2024-09-11","isFullCredit":false},{"lineNumber":12,"author":{"gitId":"philip1304"},"content":"    private static ArrayList\u003cString\u003e storedInputs;","lastModifiedDate":"2024-09-11","isFullCredit":false},{"lineNumber":13,"author":{"gitId":"philip1304"},"content":"","lastModifiedDate":"2024-09-11","isFullCredit":false},{"lineNumber":14,"author":{"gitId":"-"},"content":"    public static void main(String[] args) {","lastModifiedDate":"2019-07-29","isFullCredit":false},{"lineNumber":15,"author":{"gitId":"philip1304"},"content":"        /**","lastModifiedDate":"2024-09-11","isFullCredit":false},{"lineNumber":16,"author":{"gitId":"-"},"content":"        String logo \u003d \" ____        _        \\n\"","lastModifiedDate":"2019-07-29","isFullCredit":false},{"lineNumber":17,"author":{"gitId":"-"},"content":"                + \"|  _ \\\\ _   _| | _____ \\n\"","lastModifiedDate":"2019-07-29","isFullCredit":false},{"lineNumber":18,"author":{"gitId":"-"},"content":"                + \"| | | | | | | |/ / _ \\\\\\n\"","lastModifiedDate":"2019-07-29","isFullCredit":false},{"lineNumber":19,"author":{"gitId":"-"},"content":"                + \"| |_| | |_| |   \u003c  __/\\n\"","lastModifiedDate":"2019-07-29","isFullCredit":false},{"lineNumber":20,"author":{"gitId":"-"},"content":"                + \"|____/ \\\\__,_|_|\\\\_\\\\___|\\n\";","lastModifiedDate":"2019-07-29","isFullCredit":false},{"lineNumber":21,"author":{"gitId":"-"},"content":"        System.out.println(\"Hello from\\n\" + logo);","lastModifiedDate":"2019-07-29","isFullCredit":false},{"lineNumber":22,"author":{"gitId":"philip1304"},"content":"         */","lastModifiedDate":"2024-09-11","isFullCredit":false},{"lineNumber":23,"author":{"gitId":"philip1304"},"content":"        welcomeMessage();","lastModifiedDate":"2024-09-11","isFullCredit":false},{"lineNumber":24,"author":{"gitId":"philip1304"},"content":"        storedInputs \u003d new ArrayList\u003c\u003e();","lastModifiedDate":"2024-09-11","isFullCredit":false},{"lineNumber":25,"author":{"gitId":"philip1304"},"content":"        echo();","lastModifiedDate":"2024-09-11","isFullCredit":false},{"lineNumber":26,"author":{"gitId":"philip1304"},"content":"    }","lastModifiedDate":"2024-09-11","isFullCredit":false},{"lineNumber":27,"author":{"gitId":"philip1304"},"content":"","lastModifiedDate":"2024-09-04","isFullCredit":false},{"lineNumber":28,"author":{"gitId":"philip1304"},"content":"    /**","lastModifiedDate":"2024-09-11","isFullCredit":false},{"lineNumber":29,"author":{"gitId":"philip1304"},"content":"     * Welcome message when the user runs the program.","lastModifiedDate":"2024-09-11","isFullCredit":false},{"lineNumber":30,"author":{"gitId":"philip1304"},"content":"     */","lastModifiedDate":"2024-09-11","isFullCredit":false},{"lineNumber":31,"author":{"gitId":"philip1304"},"content":"    static void welcomeMessage() {","lastModifiedDate":"2024-09-04","isFullCredit":false},{"lineNumber":32,"author":{"gitId":"philip1304"},"content":"        System.out.println(HORIZONTAL_LINE);","lastModifiedDate":"2024-09-11","isFullCredit":false},{"lineNumber":33,"author":{"gitId":"philip1304"},"content":"        System.out.println(\"Hello! I\u0027m \" + name + \".\");","lastModifiedDate":"2024-09-11","isFullCredit":false},{"lineNumber":34,"author":{"gitId":"philip1304"},"content":"        System.out.println(\"What can I do for you today?\");","lastModifiedDate":"2024-09-11","isFullCredit":false},{"lineNumber":35,"author":{"gitId":"philip1304"},"content":"        System.out.println(\"\");","lastModifiedDate":"2024-09-11","isFullCredit":false},{"lineNumber":36,"author":{"gitId":"philip1304"},"content":"    }","lastModifiedDate":"2024-09-11","isFullCredit":false},{"lineNumber":37,"author":{"gitId":"philip1304"},"content":"","lastModifiedDate":"2024-09-11","isFullCredit":false},{"lineNumber":38,"author":{"gitId":"philip1304"},"content":"    static void farewellMessage() {","lastModifiedDate":"2024-09-11","isFullCredit":false},{"lineNumber":39,"author":{"gitId":"philip1304"},"content":"        System.out.println(HORIZONTAL_LINE);","lastModifiedDate":"2024-09-11","isFullCredit":false},{"lineNumber":40,"author":{"gitId":"philip1304"},"content":"        System.out.println(\"Thank you for choosing \" + name + \". Have a great day!\");","lastModifiedDate":"2024-09-11","isFullCredit":false},{"lineNumber":41,"author":{"gitId":"philip1304"},"content":"    }","lastModifiedDate":"2024-09-04","isFullCredit":false},{"lineNumber":42,"author":{"gitId":"philip1304"},"content":"","lastModifiedDate":"2024-09-04","isFullCredit":false},{"lineNumber":43,"author":{"gitId":"philip1304"},"content":"    /**","lastModifiedDate":"2024-09-11","isFullCredit":false},{"lineNumber":44,"author":{"gitId":"philip1304"},"content":"     * Echoes the user\u0027s inputs.","lastModifiedDate":"2024-09-11","isFullCredit":false},{"lineNumber":45,"author":{"gitId":"philip1304"},"content":"     */","lastModifiedDate":"2024-09-11","isFullCredit":false},{"lineNumber":46,"author":{"gitId":"philip1304"},"content":"    static void echo() {","lastModifiedDate":"2024-09-11","isFullCredit":false},{"lineNumber":47,"author":{"gitId":"philip1304"},"content":"        String userInput;","lastModifiedDate":"2024-09-11","isFullCredit":false},{"lineNumber":48,"author":{"gitId":"philip1304"},"content":"","lastModifiedDate":"2024-09-11","isFullCredit":false},{"lineNumber":49,"author":{"gitId":"philip1304"},"content":"        while (true) {","lastModifiedDate":"2024-09-11","isFullCredit":false},{"lineNumber":50,"author":{"gitId":"philip1304"},"content":"            userInput \u003d scanner.nextLine().trim();","lastModifiedDate":"2024-09-11","isFullCredit":false},{"lineNumber":51,"author":{"gitId":"philip1304"},"content":"","lastModifiedDate":"2024-09-04","isFullCredit":false},{"lineNumber":52,"author":{"gitId":"philip1304"},"content":"            if (userInput.equalsIgnoreCase(\"bye\") || userInput.equalsIgnoreCase(\"exit\")) {","lastModifiedDate":"2024-09-11","isFullCredit":false},{"lineNumber":53,"author":{"gitId":"philip1304"},"content":"                farewellMessage();","lastModifiedDate":"2024-09-11","isFullCredit":false},{"lineNumber":54,"author":{"gitId":"philip1304"},"content":"                break;","lastModifiedDate":"2024-09-11","isFullCredit":false},{"lineNumber":55,"author":{"gitId":"philip1304"},"content":"            }","lastModifiedDate":"2024-09-11","isFullCredit":false},{"lineNumber":56,"author":{"gitId":"philip1304"},"content":"            if (userInput.equalsIgnoreCase(\"list\")) {","lastModifiedDate":"2024-09-11","isFullCredit":false},{"lineNumber":57,"author":{"gitId":"philip1304"},"content":"                list();","lastModifiedDate":"2024-09-11","isFullCredit":false},{"lineNumber":58,"author":{"gitId":"philip1304"},"content":"            }","lastModifiedDate":"2024-09-11","isFullCredit":false},{"lineNumber":59,"author":{"gitId":"philip1304"},"content":"            else {","lastModifiedDate":"2024-09-11","isFullCredit":false},{"lineNumber":60,"author":{"gitId":"philip1304"},"content":"                storedInputs.add(userInput);","lastModifiedDate":"2024-09-11","isFullCredit":false},{"lineNumber":61,"author":{"gitId":"philip1304"},"content":"                System.out.println(ECHO_LINE);","lastModifiedDate":"2024-09-11","isFullCredit":false},{"lineNumber":62,"author":{"gitId":"philip1304"},"content":"                System.out.println(\"    Added: \" + userInput);","lastModifiedDate":"2024-09-11","isFullCredit":false},{"lineNumber":63,"author":{"gitId":"philip1304"},"content":"                System.out.println(ECHO_LINE);","lastModifiedDate":"2024-09-11","isFullCredit":false},{"lineNumber":64,"author":{"gitId":"philip1304"},"content":"            }","lastModifiedDate":"2024-09-11","isFullCredit":false},{"lineNumber":65,"author":{"gitId":"philip1304"},"content":"","lastModifiedDate":"2024-09-11","isFullCredit":false},{"lineNumber":66,"author":{"gitId":"philip1304"},"content":"        }","lastModifiedDate":"2024-09-11","isFullCredit":false},{"lineNumber":67,"author":{"gitId":"philip1304"},"content":"    }","lastModifiedDate":"2024-09-11","isFullCredit":false},{"lineNumber":68,"author":{"gitId":"philip1304"},"content":"","lastModifiedDate":"2024-09-11","isFullCredit":false},{"lineNumber":69,"author":{"gitId":"philip1304"},"content":"    /**","lastModifiedDate":"2024-09-11","isFullCredit":false},{"lineNumber":70,"author":{"gitId":"philip1304"},"content":"     * Lists the user\u0027s inputs.","lastModifiedDate":"2024-09-11","isFullCredit":false},{"lineNumber":71,"author":{"gitId":"philip1304"},"content":"     */","lastModifiedDate":"2024-09-11","isFullCredit":false},{"lineNumber":72,"author":{"gitId":"philip1304"},"content":"    static void list() {","lastModifiedDate":"2024-09-11","isFullCredit":false},{"lineNumber":73,"author":{"gitId":"philip1304"},"content":"        System.out.println(ECHO_LINE);","lastModifiedDate":"2024-09-11","isFullCredit":false},{"lineNumber":74,"author":{"gitId":"philip1304"},"content":"        System.out.println(\"    Stored Inputs:\\n\");","lastModifiedDate":"2024-09-11","isFullCredit":false},{"lineNumber":75,"author":{"gitId":"philip1304"},"content":"        for (int i \u003d 0; i \u003c storedInputs.size(); i++) {","lastModifiedDate":"2024-09-11","isFullCredit":false},{"lineNumber":76,"author":{"gitId":"philip1304"},"content":"            System.out.println(\"    \" + (i + 1) + \". \" + storedInputs.get(i));","lastModifiedDate":"2024-09-11","isFullCredit":false},{"lineNumber":77,"author":{"gitId":"philip1304"},"content":"        }","lastModifiedDate":"2024-09-11","isFullCredit":false},{"lineNumber":78,"author":{"gitId":"-"},"content":"    }","lastModifiedDate":"2019-07-29","isFullCredit":false},{"lineNumber":79,"author":{"gitId":"-"},"content":"}","lastModifiedDate":"2019-07-29","isFullCredit":false}],"authorContributionMap":{"philip1304":70,"-":9}}]
