{"authorDailyContributionsMap":{"Chiang-HuiXin":[{"date":"2024-08-25","commitResults":[{"hash":"e5e049812fb68eccea6211b4c2fb6d8786c382d7","isMergeCommit":false,"messageTitle":"Added Eva.java file for level 0","messageBody":"I made a new file called Eva.java for my chatbot named Eva and coded it to greet and exit\n","tags":["level-0"],"fileTypesAndContributionMap":{"java":{"insertions":8,"deletions":0}}}]},{"date":"2024-08-29","commitResults":[{"hash":"0171530464bb751f8cad449df244886ede3a377d","isMergeCommit":false,"messageTitle":"Update code according to the requirements of level 1: Echo","messageBody":"Add lines in between the texts to increase readibility. Add while loop to echo messages.\n","tags":["level-1"],"fileTypesAndContributionMap":{"java":{"insertions":24,"deletions":3}}},{"hash":"8c54b6b23cf5d2b4a698663b7174403f905691b4","isMergeCommit":false,"messageTitle":"Add code for level 3","messageBody":"Created an array of size 100 for list.\nAdd String into array when scanned.\nIterate the list and print out in bullet points when user type list.\n","fileTypesAndContributionMap":{"java":{"insertions":27,"deletions":1}}},{"hash":"68ebfd7a587bf44f75802fc2726aa536ab308e40","isMergeCommit":false,"messageTitle":"Add code for level 2","messageBody":"Created an array of size 100 for list.\nAdd String into array when scanned.\nIterate the list and print out in bullet points when user type list.\n","tags":["Level-2"],"fileTypesAndContributionMap":{"java":{"insertions":27,"deletions":1}}}]},{"date":"2024-08-30","commitResults":[{"hash":"92abe3b57bee105375dc47999660928136bf663c","isMergeCommit":true,"messageTitle":"Add Task.java and update code according to requirements of level 3","messageBody":"I created class Task as recommeded in the question.\n\nFor the code in Eva.java, I added a few more if branches to account for the mark and unmark feature.\nI created helper functions to increase the readibility of the main code.\n","tags":["Level-3"],"fileTypesAndContributionMap":{}},{"hash":"c71c603b94d7a1a7baf87cb76bce264abb24effd","isMergeCommit":false,"messageTitle":"Update code to tweak the code to follow coding standards","messageBody":"I changed markAsDone() function name to setMarkAsDone() as it is a setter function.\n","tags":["A-CodingStandard"],"fileTypesAndContributionMap":{"java":{"insertions":4,"deletions":4}}}]}]},"authorFileTypeContributionMap":{"Chiang-HuiXin":{"java":94,"md":0,"fxml":0,"sh":0,"bat":0,"gradle":0,"txt":0}},"authorContributionVariance":{"Chiang-HuiXin":424.24002},"authorDisplayNameMap":{"Chiang-HuiXin":"CHIA.. XIN"}}
