{"authorDailyContributionsMap":{"Chiang-HuiXin":[{"date":"2024-08-25","commitResults":[{"hash":"e5e049812fb68eccea6211b4c2fb6d8786c382d7","isMergeCommit":false,"messageTitle":"Added Eva.java file for level 0","messageBody":"I made a new file called Eva.java for my chatbot named Eva and coded it to greet and exit\n","tags":["level-0"],"fileTypesAndContributionMap":{"java":{"insertions":8,"deletions":0}}}]},{"date":"2024-08-29","commitResults":[{"hash":"0171530464bb751f8cad449df244886ede3a377d","isMergeCommit":false,"messageTitle":"Update code according to the requirements of level 1: Echo","messageBody":"Add lines in between the texts to increase readibility. Add while loop to echo messages.\n","tags":["level-1"],"fileTypesAndContributionMap":{"java":{"insertions":24,"deletions":3}}},{"hash":"8c54b6b23cf5d2b4a698663b7174403f905691b4","isMergeCommit":false,"messageTitle":"Add code for level 3","messageBody":"Created an array of size 100 for list.\nAdd String into array when scanned.\nIterate the list and print out in bullet points when user type list.\n","fileTypesAndContributionMap":{"java":{"insertions":27,"deletions":1}}},{"hash":"68ebfd7a587bf44f75802fc2726aa536ab308e40","isMergeCommit":false,"messageTitle":"Add code for level 2","messageBody":"Created an array of size 100 for list.\nAdd String into array when scanned.\nIterate the list and print out in bullet points when user type list.\n","tags":["Level-2"],"fileTypesAndContributionMap":{"java":{"insertions":27,"deletions":1}}}]},{"date":"2024-08-30","commitResults":[{"hash":"92abe3b57bee105375dc47999660928136bf663c","isMergeCommit":true,"messageTitle":"Add Task.java and update code according to requirements of level 3","messageBody":"I created class Task as recommeded in the question.\n\nFor the code in Eva.java, I added a few more if branches to account for the mark and unmark feature.\nI created helper functions to increase the readibility of the main code.\n","tags":["Level-3"],"fileTypesAndContributionMap":{}},{"hash":"c71c603b94d7a1a7baf87cb76bce264abb24effd","isMergeCommit":false,"messageTitle":"Update code to tweak the code to follow coding standards","messageBody":"I changed markAsDone() function name to setMarkAsDone() as it is a setter function.\n","tags":["A-CodingStandard"],"fileTypesAndContributionMap":{"java":{"insertions":4,"deletions":4}}}]},{"date":"2024-09-06","commitResults":[{"hash":"10796f829d2afd8bd443ab1b94a48663cfb95719","isMergeCommit":false,"messageTitle":"Add Deadline.java class file","messageBody":"Class Deadline is an inheritance of Task.\nDeadline has an additional by variable which is used to keep track of the duedates.\n","fileTypesAndContributionMap":{"java":{"insertions":14,"deletions":0}}},{"hash":"802b68576d5deb25cf26d0e60e2c9d644a8de744","isMergeCommit":false,"messageTitle":"Add Todo.java","messageBody":"Todo is an inheritance of Task.\nThere is a toString() function that overrides to display the additional [T].\n","fileTypesAndContributionMap":{"java":{"insertions":11,"deletions":0}}},{"hash":"4ad3e0fed2e602e66983ffdf9f9ecc7a0cb9368c","isMergeCommit":false,"messageTitle":"Add Event.java","messageBody":"Event is an inheritance of Task.\nIt contains 2 additional variables \u0027from\u0027 and \u0027to\u0027 to keep track of the time period of the event.\n","fileTypesAndContributionMap":{"java":{"insertions":16,"deletions":0}}},{"hash":"b54c565670ac056c381e731167bef476434fb5d8","isMergeCommit":false,"messageTitle":"Update Eva.java","messageBody":"A new toString() function is added to print the [ ] out.\nWith this function, its subclass can override this to print their own version.\n","fileTypesAndContributionMap":{"java":{"insertions":5,"deletions":0}}},{"hash":"7aa3b4e62873b5abe401906f70ff590dc3cf1384","isMergeCommit":false,"messageTitle":"Update code according to requirements of level 4","messageBody":"I changes the if-else branches to switch branch to increase readability.\nAdded new cases for todo, deadline, event and their respective functions.\nChanged the names from markTaskAsDone to markTask to increase readability as it is shorter.\n","tags":["Level-4"],"fileTypesAndContributionMap":{"java":{"insertions":127,"deletions":39}}},{"hash":"ab8da28d5323d2a6bb8ed041fb4c50bdf6d401f1","isMergeCommit":false,"messageTitle":"Add TaskManager.java","messageBody":"Moved task handling logic (add, mark, unmark, list) from the main loop to this new TaskManager class.\nThis class is also incharge of the printing of tasks, todos, deadlines and events.\nThis change simplifies the code in main.\n","fileTypesAndContributionMap":{"java":{"insertions":106,"deletions":0}}},{"hash":"734c67c1d8319ac4a45c330567db8147c6dbffd2","isMergeCommit":false,"messageTitle":"Update main code to simplify it","messageBody":"Created a new class called TaskManager and shift all the task handling logic to the new class.\nThis shortens and simplifies the main method, increasing its readability.\nAlso removed magic numbers.\n","tags":["A-CodeQuality"],"fileTypesAndContributionMap":{"java":{"insertions":10,"deletions":88}}}]},{"date":"2024-09-10","commitResults":[{"hash":"d520a4e29e8df46e924ba97061239557c168b8f4","isMergeCommit":false,"messageTitle":"Add EvaException.java to handle exceptions","messageBody":"","fileTypesAndContributionMap":{"java":{"insertions":5,"deletions":0}}},{"hash":"78377f0f4210aa5df6c1248a719c833e2f5f05b8","isMergeCommit":false,"messageTitle":"Update Eva.java to handle exceptions","messageBody":"Updated to handle the situation where the user type in an unknown\ncommand (not todo, deadline, event, mark etc)\n\nPreviously, if user type something, it will return added: (something)\nRemoved it as this feature (level 2) is no longer relevant and it\ndoes not make sense with the exception mentioned above.\n","fileTypesAndContributionMap":{"java":{"insertions":29,"deletions":35}}}]},{"date":"2024-09-12","commitResults":[{"hash":"9d145f0bee5a199a75784eab30e062e59e264d94","isMergeCommit":false,"messageTitle":"Update code to handle other exceptions","messageBody":"The errors that are being handled are:\n*missing descriptions in todo, deadline and event\n*missing by in deadline\n*missing from and to in event\n\nWhen the exceptions are called, a message will be shown to guide\nusers to enter in the correct format\n","fileTypesAndContributionMap":{"java":{"insertions":33,"deletions":3}}},{"hash":"c31821ca1076443b679a9fd448723b8b17f420de","isMergeCommit":false,"messageTitle":"Update exception handling for markTask and unmarkTask","messageBody":"It handles case where the task number is out of range and prompts\nusers to input a valid task number if an error occurs\n","tags":["A-Exceptions"],"fileTypesAndContributionMap":{"java":{"insertions":14,"deletions":2}}},{"hash":"28d2bdb00ff6fa016abe7d0eceb182869df658b7","isMergeCommit":true,"messageTitle":"Merge branch \u0027branch-Level-5\u0027","messageBody":"","tags":["Level-5"],"fileTypesAndContributionMap":{}}]},{"date":"2024-09-17","commitResults":[{"hash":"d5e8c01681bfb8e5483925f78feb304c57948dd4","isMergeCommit":false,"messageTitle":"Change tasks from array to ArrayList","messageBody":"","tags":["A-Collections"],"fileTypesAndContributionMap":{"java":{"insertions":21,"deletions":20}}},{"hash":"9776e6eb523bf7ca83df858ec38b8b66ecc379b3","isMergeCommit":false,"messageTitle":"Update code for delete feature","messageBody":"- Implemented deleteTask method to allow users to delete tasks by task\nnumber\n- Ensured that task number validation is performed, with appropriate\nerror handling using EvaException.\n- After deletion, the task count is updated and a confirmation message\nis printed along with the remaining number of tasks.\n","tags":["Level-6"],"fileTypesAndContributionMap":{"java":{"insertions":23,"deletions":1}}}]},{"date":"2024-09-20","commitResults":[{"hash":"ce777917447de739aa57c0c82e86e1eb78736d3c","isMergeCommit":false,"messageTitle":"Add saveTasksToFile method for file saving","messageBody":"-Creates \"data\" directory if it does not exists\n-Add exception handling for potential IO errors\n","fileTypesAndContributionMap":{"java":{"insertions":20,"deletions":0}}},{"hash":"47f66021fc12f3adc9a28782e112a33deb712596","isMergeCommit":false,"messageTitle":"Add loadTasksFromFile method for file saving","messageBody":"Implement method to load tasks from file\n","fileTypesAndContributionMap":{"java":{"insertions":21,"deletions":0}}},{"hash":"400d65f4782004c23ad198a9d1b1213e523966ae","isMergeCommit":false,"messageTitle":"Add parseTaskFromString method for file saving","messageBody":"Add task parsing logic to convert string input into objects based\non task type\n","fileTypesAndContributionMap":{"java":{"insertions":20,"deletions":0}}},{"hash":"8ed514af90a1db8ca52a73185dfedb5710b52cb9","isMergeCommit":false,"messageTitle":"Update code for level 6 and level 7","messageBody":"Allows for file saving and deletion of tasks\n","tags":["Level-7"],"fileTypesAndContributionMap":{"java":{"insertions":55,"deletions":19}}},{"hash":"5ef909d0e58f2cd51a310ad08e98d83e264381d9","isMergeCommit":true,"messageTitle":"Merge branch \u0027branch-Level-6\u0027","messageBody":"","fileTypesAndContributionMap":{}},{"hash":"4ea0b844ec843c43e6fa56f8c4db04295d8ecdb6","isMergeCommit":true,"messageTitle":"Merge branch \u0027branch-Level-7\u0027","messageBody":"# Conflicts:\n#\tsrc/main/java/TaskManager.java\n","tags":["A-Jar"],"fileTypesAndContributionMap":{}}]},{"date":"2024-09-28","commitResults":[{"hash":"7dee7785b097c464a82b9e2fe35d403ae4bec75c","isMergeCommit":false,"messageTitle":"Implement Storage class file","messageBody":"Moved the file save management from TaskManager to Storage\n","fileTypesAndContributionMap":{"java":{"insertions":80,"deletions":0}}},{"hash":"738b2b01331ff6014ebf4b8fb6f03e38ed2275e1","isMergeCommit":false,"messageTitle":"Update TaskManager to implement Storage class","messageBody":"","fileTypesAndContributionMap":{"java":{"insertions":14,"deletions":67}}},{"hash":"938aa245b614be62a9c463c195711050856f5018","isMergeCommit":false,"messageTitle":"Update Storage to remove a bug","messageBody":"Added trim() functions.\nPreviously, when recovering the saved data and printing it out, there\nwill be extra spaces. For example, originally it was 1. [T][ ] code, it\nwill become 1. [T][ ]  code, with an extra space.\n","fileTypesAndContributionMap":{"java":{"insertions":8,"deletions":7}}}]},{"date":"2024-09-29","commitResults":[{"hash":"c500fcabc0b478c9ada89c04cf1078b71d64aa0c","isMergeCommit":false,"messageTitle":"Implement Ui class","messageBody":"Responsible with the interactions with the user.\n","fileTypesAndContributionMap":{"java":{"insertions":59,"deletions":0}}},{"hash":"8e21d72490ccee77bd206b30547aab532518fcf8","isMergeCommit":false,"messageTitle":"Update Eva.java with Ui class","messageBody":"Allows the code to be more concise and readable\n","fileTypesAndContributionMap":{"java":{"insertions":5,"deletions":19}}},{"hash":"df52ad85fbbe2b0142ab4671b9edcf78c0d64c59","isMergeCommit":false,"messageTitle":"Update TaskManager.java with Ui class","messageBody":"- Changed all the System.out.println with ui.showMessage.\n- This allows Ui class to only handle the interactions between the\nuser\n","fileTypesAndContributionMap":{"java":{"insertions":22,"deletions":25}}},{"hash":"f0834f46c2f8494013fc8bdb551939ae357c13cb","isMergeCommit":false,"messageTitle":"Implement CommandHandler and Parser class file","messageBody":"CommandHandler is responsible for executing commands by invoking\nrelevant methods from TaskManager\n\nParser is responsible for parsing the command and extracting arguments\nfrom the input string\n","fileTypesAndContributionMap":{"java":{"insertions":101,"deletions":0}}},{"hash":"21f182827e5cb5655a1e528bea5e4deba796219c","isMergeCommit":false,"messageTitle":"Simplify code in Eva.java","messageBody":"Eva.java is simplified to only handling the starting of program and\nending of program.\nThis makes the main code shorter and improves readability\n","fileTypesAndContributionMap":{"java":{"insertions":8,"deletions":49}}},{"hash":"1a9e62a884f8ea02c074ebde03476e3c37c06ed4","isMergeCommit":false,"messageTitle":"Update to reduce the responsibilities of TaskManager","messageBody":"Previously, TaskManager was parsing and doing complex logics like\ntodos, events and deadlines.\nNow, with Parser class, the parsing responsibles are moved to Parser\nclass allowing TaskManager to only handle task related responsibilities\n","tags":["A-MoreOOP"],"fileTypesAndContributionMap":{"java":{"insertions":6,"deletions":31}}}]},{"date":"2024-10-01","commitResults":[{"hash":"a47f7027f42d67b14f7f7216fbd657f612608024","isMergeCommit":false,"messageTitle":"Update CommandHandler to include case \"find\"","messageBody":"","fileTypesAndContributionMap":{"java":{"insertions":3,"deletions":1}}},{"hash":"9733ee14a25f84fea35b4ff78a600642c9730071","isMergeCommit":false,"messageTitle":"Update Parser to parse find inputs","messageBody":"","fileTypesAndContributionMap":{"java":{"insertions":8,"deletions":0}}},{"hash":"36d9d15f8b5b5383044b01302b1268d21bed34f9","isMergeCommit":false,"messageTitle":"Add contains method in Task","messageBody":"contains will check if a description contains a word\n","fileTypesAndContributionMap":{"java":{"insertions":4,"deletions":0}}},{"hash":"d1317c36535bffcd9406e01a3f94a8196d5a29d8","isMergeCommit":false,"messageTitle":"Update TaskManager to add find operator","messageBody":"- findTasks will find if a specific word is in the list\n- If there is, it will print out the tasks with that word\n- If not, it will print a message out\n","fileTypesAndContributionMap":{"java":{"insertions":19,"deletions":0}}},{"hash":"9f3940f2079e730d0c9f68630d85d44799347882","isMergeCommit":false,"messageTitle":"Change contains to isContain","messageBody":"To make the boolean method sound like a boolean\n","tags":["Level-9"],"fileTypesAndContributionMap":{"java":{"insertions":2,"deletions":2}}}]},{"date":"2024-10-02","commitResults":[{"hash":"34b7e9a5f42a43becd83a307cc7e990c319481cb","isMergeCommit":false,"messageTitle":"Update TaskManager to remove an unnecessary method","messageBody":"- Removed extractDigit because the parsing logic is already done in\nParser class\n- As parseArguments in Parser class return String[], it is required\nto use Interger.parseInt to convert from String to int\n","fileTypesAndContributionMap":{"java":{"insertions":4,"deletions":8}}}]},{"date":"2024-10-03","commitResults":[{"hash":"ebd2fffc43e4d74ace9be248d90f5bcddb63792d","isMergeCommit":false,"messageTitle":"Add JavaDoc to the classes and methods","messageBody":"","tags":["A-JavaDoc"],"fileTypesAndContributionMap":{"java":{"insertions":195,"deletions":18}}},{"hash":"51ac1131abd1becc1065c6f8a22473c2c9098c8a","isMergeCommit":false,"messageTitle":"Change the names of some methods","messageBody":"Decided to change printTodo, printDeadline, printEvent to addTodo,\naddDeadline, addEvent because the methods is about adding those task\ninto tasklist. So print is not an accurate representation of the\nmethod.\n","fileTypesAndContributionMap":{"java":{"insertions":3,"deletions":3}}},{"hash":"85abd9242d096d6a1b0889ed152679005644fed7","isMergeCommit":true,"messageTitle":"Merge pull request #1 from Chiang-HuiXin/branch-Level-9","messageBody":"Add find feature to code","fileTypesAndContributionMap":{}}]},{"date":"2024-10-04","commitResults":[{"hash":"7859a56a65c02961a10ecc7c575013f6605222b1","isMergeCommit":false,"messageTitle":"Change the names of some methods","messageBody":"Decided to change printTodo, printDeadline, printEvent to addTodo,\naddDeadline, addEvent because the methods is about adding those task\ninto tasklist. So print is not an accurate representation of the\nmethod.\n","fileTypesAndContributionMap":{"java":{"insertions":3,"deletions":3}}},{"hash":"98171bfb5c160c886fc87a89a5af847e04b4de5b","isMergeCommit":false,"messageTitle":"Change the names of some methods","messageBody":"Decided to change printTodo, printDeadline, printEvent to addTodo,\naddDeadline, addEvent because the methods is about adding those task\ninto tasklist. So print is not an accurate representation of the\nmethod.\n","fileTypesAndContributionMap":{"txt":{"insertions":8,"deletions":0}}},{"hash":"67c85ea42b63bcf3864149e47dafd18a51c02aa7","isMergeCommit":false,"messageTitle":"Revert \"Change the names of some methods\"","messageBody":"This reverts commit 98171bfb5c160c886fc87a89a5af847e04b4de5b.\n","fileTypesAndContributionMap":{"txt":{"insertions":0,"deletions":8}}},{"hash":"d5a60ac2c6d4fcdbbdd01d6e85cac6ee426c0ee1","isMergeCommit":false,"messageTitle":"Update TaskManager to remove an unnecessary method","messageBody":"- Removed extractDigit because the parsing logic is already done in\nParser class\n- As parseArguments in Parser class return String[], it is required\nto use Interger.parseInt to convert from String to int\n","fileTypesAndContributionMap":{"java":{"insertions":4,"deletions":8}}},{"hash":"fb6bf899e3efc1114749969b84c7c60f88ea1145","isMergeCommit":false,"messageTitle":"Add JavaDoc to the classes and methods","messageBody":"","fileTypesAndContributionMap":{"java":{"insertions":195,"deletions":18}}},{"hash":"75d0dc422a49b96fc657f598e2def5aa338737f6","isMergeCommit":false,"messageTitle":"Change the names of some methods","messageBody":"Decided to change printTodo, printDeadline, printEvent to addTodo,\naddDeadline, addEvent because the methods is about adding those task\ninto tasklist. So print is not an accurate representation of the\nmethod.\n","fileTypesAndContributionMap":{"md":{"insertions":1,"deletions":1}}},{"hash":"9be7841feb0cc34ae33a4da9ba3a8a3fc6f86f89","isMergeCommit":false,"messageTitle":"Revert \"Change the names of some methods\"","messageBody":"This reverts commit 75d0dc422a49b96fc657f598e2def5aa338737f6.\n","fileTypesAndContributionMap":{"md":{"insertions":1,"deletions":1}}},{"hash":"c6b6d0c43edf53990c4b899512633fe645d160c2","isMergeCommit":true,"messageTitle":"Merge pull request #3 from Chiang-HuiXin/branch-A-JavaDoc","messageBody":"Add JavaDoc for documentation","fileTypesAndContributionMap":{}},{"hash":"28bfa25d186513bd92d892aa3370bbb866675450","isMergeCommit":false,"messageTitle":"Add user guide to README.md","messageBody":"","tags":["A-UserGuide"],"fileTypesAndContributionMap":{"md":{"insertions":185,"deletions":14}}}]},{"date":"2024-10-07","commitResults":[{"hash":"555a0623d2caac861177e19fb6daae49513fdd87","isMergeCommit":false,"messageTitle":"Add new methods to Ui.java","messageBody":"These methods are responsible in dealing the Ui with users.\nInitially, this is in the methods in TaskManager which is\ninappropriate as methods in TaskManager show deal with logics\nregarding commands/tasks.\n","fileTypesAndContributionMap":{"java":{"insertions":41,"deletions":0}}},{"hash":"77ed590582ba9bab76e6b79a63f86026d528a7c2","isMergeCommit":false,"messageTitle":"Update code for TaskManager.java","messageBody":"- Simplify TaskManger to handle task management only\n- This also increases readability\n","fileTypesAndContributionMap":{"java":{"insertions":11,"deletions":37}}},{"hash":"1c51a39a3eda9efe07e04f5c6b25545268e5f7c7","isMergeCommit":false,"messageTitle":"Update exception code to make it concise","messageBody":"- Notice the same exception code repeating in different methods\n- Extract it out and create new method in EvaException\n- Makes code more readable\n","fileTypesAndContributionMap":{"java":{"insertions":10,"deletions":12}}},{"hash":"0e336fb4d8566f91a93eb384e58f270c84f30858","isMergeCommit":false,"messageTitle":"Add javadoc for new methods in Ui.java and EvaException.java","messageBody":"","fileTypesAndContributionMap":{"java":{"insertions":47,"deletions":0}}},{"hash":"f97a35894eb0b3671ea246baea718f276636b998","isMergeCommit":false,"messageTitle":"Update Storage.java to ensure tasks stay marked","messageBody":"Initially, when tasks are marked. After exiting the program and\ncoming back, the marked tasks would not stay marked\n","fileTypesAndContributionMap":{"java":{"insertions":23,"deletions":8}}}]},{"date":"2024-10-08","commitResults":[{"hash":"e5f9efb2858d7286404d4f06e34fb8446287123f","isMergeCommit":false,"messageTitle":"Add javadoc in Storage.java","messageBody":"","fileTypesAndContributionMap":{"java":{"insertions":25,"deletions":0}}},{"hash":"0726a4af0b219f7e2a9d86673dc83d46888e7c4a","isMergeCommit":false,"messageTitle":"Clean up code: remove unused lines and redundant methods","messageBody":"","fileTypesAndContributionMap":{"java":{"insertions":0,"deletions":18}}}]},{"date":"2024-10-09","commitResults":[{"hash":"0da31591005fb6af11d5a6d657589611f1b29c93","isMergeCommit":false,"messageTitle":"Add packages to code","messageBody":"","fileTypesAndContributionMap":{"java":{"insertions":76,"deletions":32}}},{"hash":"37cd9242f09ccb78f5a4c1f868f8d4c97ad8fb99","isMergeCommit":false,"messageTitle":"Delete original Duke.java","messageBody":"","fileTypesAndContributionMap":{"java":{"insertions":0,"deletions":10}}}]},{"date":"2024-10-10","commitResults":[{"hash":"f25ad7cf38b1672b3515adafde606bd353e53369","isMergeCommit":false,"messageTitle":"Refactor code to increase readability","messageBody":"- Shorten long methods such as parseTaskFromString in Storage file and\nparseArguments in Parser to increase readability\n- Add and update Javadoc for new extracted methods\n","fileTypesAndContributionMap":{"java":{"insertions":197,"deletions":120}}},{"hash":"d61154c72a0be1cc542c05f48b46328bead638f7","isMergeCommit":false,"messageTitle":"Update Javadoc to follow coding conventions","messageBody":"","tags":["A-Release"],"fileTypesAndContributionMap":{"java":{"insertions":66,"deletions":66}}}]}]},"authorFileTypeContributionMap":{"Chiang-HuiXin":{"java":910,"md":185,"fxml":0,"sh":0,"bat":0,"gradle":0,"txt":0}},"authorContributionVariance":{"Chiang-HuiXin":12609.893},"authorDisplayNameMap":{"Chiang-HuiXin":"CS2113-W10-2 CHIA.. XIN"}}
