{"authorDailyContributionsMap":{"ctzeyong":[{"date":"2024-08-22","commitResults":[{"hash":"ab799b4767a5bc608c78e046eca7ca2592f912e3","isMergeCommit":false,"messageTitle":"Level-0","messageBody":"","fileTypesAndContributionMap":{"java":{"insertions":4,"deletions":0}}}]},{"date":"2024-08-26","commitResults":[{"hash":"a9cd8a76d198cf51fdd02121d50bfd67f968e73a","isMergeCommit":false,"messageTitle":"Rename, Greet, Exit","messageBody":"","tags":["Level-0"],"fileTypesAndContributionMap":{"java":{"insertions":8,"deletions":12}}},{"hash":"905436faaf721871a44f9e72c1e8eeb9d4618c43","isMergeCommit":false,"messageTitle":"Level-1","messageBody":"Echo user input\nExits when command \"bye\"\n","tags":["Level-1"],"fileTypesAndContributionMap":{"java":{"insertions":33,"deletions":6}}},{"hash":"b7c903c972e05d45d822f6cb35a455d6072b923c","isMergeCommit":false,"messageTitle":"List function","messageBody":"Abstract some lines into methods\nTakes input into a list\n\"list\" command displays the full list\n","fileTypesAndContributionMap":{"java":{"insertions":32,"deletions":9}}}]},{"date":"2024-08-29","commitResults":[{"hash":"256379056f43d9419b8d9ac73f16c5674c77b6a1","isMergeCommit":false,"messageTitle":"Move list functions to a new TaskList class","messageBody":"","fileTypesAndContributionMap":{"java":{"insertions":3,"deletions":16}}},{"hash":"e90c631bfc68fc7501edce4857e1ff406fbd7dc7","isMergeCommit":false,"messageTitle":"Move list functions to new TaskList class","messageBody":"","tags":["Level-2"],"fileTypesAndContributionMap":{"java":{"insertions":33,"deletions":0}}},{"hash":"c91c5e9fd8e99a8b28a95fd491fce9684b8ee22c","isMergeCommit":false,"messageTitle":"Make new Task class to manage done tasks Rename Boaz to Melchizedek","messageBody":"","fileTypesAndContributionMap":{"java":{"insertions":36,"deletions":8}}},{"hash":"77c8253273b7a9cde2f31ada38aa1aa207bd40f4","isMergeCommit":false,"messageTitle":"Split into smaller methods","messageBody":"","tags":["Level-3"],"fileTypesAndContributionMap":{"java":{"insertions":63,"deletions":22}}},{"hash":"f8db2da3dba58ca938d1f20ab3ef30fc00bca0a1","isMergeCommit":false,"messageTitle":"Rename some methods and variables","messageBody":"","tags":["A-CodingStandard"],"fileTypesAndContributionMap":{"java":{"insertions":19,"deletions":36}}}]},{"date":"2024-09-05","commitResults":[{"hash":"4cba82f34a42df3f8a6af1d6ff04329d7e086b45","isMergeCommit":false,"messageTitle":"Create new classes Todo, Event and Deadline, all as subclass of Task","messageBody":"Create override for toString() method for classes Task, Todo, Event and Deadline\n","fileTypesAndContributionMap":{"java":{"insertions":35,"deletions":2}}},{"hash":"86eaad874141d9310a4b1748946b4af166318b13","isMergeCommit":false,"messageTitle":"Refactor input processing from if-else statements to switch-case statements","messageBody":"","fileTypesAndContributionMap":{"java":{"insertions":29,"deletions":17}}},{"hash":"734313f4f65d93f561fe14faf2cdf44773a98be2","isMergeCommit":false,"messageTitle":"Add feature to process todo tasks and print accurately","messageBody":"","fileTypesAndContributionMap":{"java":{"insertions":49,"deletions":1}}}]},{"date":"2024-09-06","commitResults":[{"hash":"16723968e62995b5437d484550bf70d46b6062a1","isMergeCommit":false,"messageTitle":"Add feature to process deadlines and events","messageBody":"","tags":["Level-4","A-Inheritance"],"fileTypesAndContributionMap":{"java":{"insertions":80,"deletions":16}}},{"hash":"a5adf8cac6162e0bce069c3c3806ce575077d73b","isMergeCommit":false,"messageTitle":"Create automated text UI testing","messageBody":"Fix a bug that causes extra indentation when displaying unmark command\n","tags":["A-TextUiTesting"],"fileTypesAndContributionMap":{"txt":{"insertions":15,"deletions":0},"java":{"insertions":0,"deletions":1},"bat":{"insertions":1,"deletions":1}}},{"hash":"e6c83b0ca6010dc1c9263075e76bdd4c3628320c","isMergeCommit":false,"messageTitle":"More readable code","messageBody":"Extract some methods\nAdd blank lines to structure code logically\n","tags":["A-CodeQuality"],"fileTypesAndContributionMap":{"java":{"insertions":38,"deletions":19}}}]},{"date":"2024-09-09","commitResults":[{"hash":"2975e32457f7eddbb266f3e627923e1ae6039141","isMergeCommit":false,"messageTitle":"Make Task an abstract class; all tasks must be todo, deadline or event","messageBody":"","fileTypesAndContributionMap":{"java":{"insertions":14,"deletions":14}}},{"hash":"3a495d60afe8507c9d71d7ee572d192070397251","isMergeCommit":false,"messageTitle":"Catch exceptions for mark and unmark commands","messageBody":"","fileTypesAndContributionMap":{"java":{"insertions":113,"deletions":31}}},{"hash":"dbf8314ddbc637d2507e3ea080a8fa53c27781ab","isMergeCommit":false,"messageTitle":"Handle exceptions for task inputs","messageBody":"","fileTypesAndContributionMap":{"java":{"insertions":23,"deletions":15}}},{"hash":"8d1264e5a09a53957aacc9c40a7bae67ee1591af","isMergeCommit":false,"messageTitle":"Clean up unused methods","messageBody":"","fileTypesAndContributionMap":{"java":{"insertions":0,"deletions":17}}},{"hash":"613ca19eae583665ab925b976237e21804a41c36","isMergeCommit":false,"messageTitle":"Revert \"Catch exceptions for mark and unmark commands\"","messageBody":"This reverts commit 3a495d60afe8507c9d71d7ee572d192070397251.\n","fileTypesAndContributionMap":{"java":{"insertions":31,"deletions":113}}},{"hash":"da80a6623c689c76e49558b3fd6dc488d4458c24","isMergeCommit":true,"messageTitle":"Merge branch \u0027branch-Level-5\u0027","messageBody":"","tags":["Level-5","A-Exceptions"],"fileTypesAndContributionMap":{}},{"hash":"33b63cea1671101919e131176658c38dc3230207","isMergeCommit":false,"messageTitle":"Organize into Packages","messageBody":"Update runtest.bat directories\n","fileTypesAndContributionMap":{"java":{"insertions":16,"deletions":0},"bat":{"insertions":2,"deletions":2}}},{"hash":"c7cee94d2696d056d50d4f25724f1223a7b1460d","isMergeCommit":true,"messageTitle":"Merge branch \u0027branch-A-Packages\u0027","messageBody":"","tags":["A-Packages"],"fileTypesAndContributionMap":{}}]},{"date":"2024-09-16","commitResults":[{"hash":"aebf88313fd086d6b1e9441e3468c1c171cffc99","isMergeCommit":false,"messageTitle":"Change allTasks to ArrayList","messageBody":"Remove taskCount variable from TaskList class\nRemove id variable from Task class\n","fileTypesAndContributionMap":{"java":{"insertions":24,"deletions":33}}},{"hash":"503aedf33aaec2c4e7a11542af1d4264300ec477","isMergeCommit":false,"messageTitle":"add support for deleting tasks","messageBody":"update automatic text-ui-test\n","fileTypesAndContributionMap":{"txt":{"insertions":2,"deletions":0},"java":{"insertions":22,"deletions":1}}},{"hash":"c4b69854ae349efc1bc5ccf5f4fb6f143b5a9c8b","isMergeCommit":false,"messageTitle":"Add method to create and locate new file to store data","messageBody":"","fileTypesAndContributionMap":{"java":{"insertions":54,"deletions":7}}},{"hash":"ac3ecee91b6d5f71d3f590b3789b8cb85f4ac749","isMergeCommit":false,"messageTitle":"Create method to convert task to file saving format","messageBody":"","fileTypesAndContributionMap":{"java":{"insertions":70,"deletions":11}}},{"hash":"8738440d83cfd5343acc39406a8ffe40649cdc09","isMergeCommit":true,"messageTitle":"Merge branch \u0027branch-Level-6\u0027","messageBody":"","fileTypesAndContributionMap":{}},{"hash":"8407710a334cb996ad2790704e8c85737c31a73f","isMergeCommit":true,"messageTitle":"Merge branch \u0027branch-Level-7\u0027","messageBody":"# Conflicts:\n#\tsrc/main/java/melchizedek/task/TaskList.java\n","fileTypesAndContributionMap":{}},{"hash":"404f37f08a7729fb46e89a94837ae9c451744604","isMergeCommit":false,"messageTitle":"Debug code left from merge","messageBody":"Introduce more exception handling\n","fileTypesAndContributionMap":{"java":{"insertions":84,"deletions":52}}},{"hash":"04996357120b072297dbdaee385b9f9538a8d561","isMergeCommit":false,"messageTitle":"Fix issue with loading previous sessions","messageBody":"","tags":["Level-7","Level-6","A-Collections"],"fileTypesAndContributionMap":{"java":{"insertions":44,"deletions":8}}},{"hash":"6b151c9608719d6858f95c0d85daa6a9b4219e47","isMergeCommit":false,"messageTitle":"Create new package for exceptions","messageBody":"","fileTypesAndContributionMap":{"java":{"insertions":14,"deletions":7}}},{"hash":"38739ce3af878efb6ae9ce5304a41c3e1a2e2cdc","isMergeCommit":false,"messageTitle":"Clean up unused code","messageBody":"Refactor exception handling\n","tags":["A-Jar"],"fileTypesAndContributionMap":{"java":{"insertions":45,"deletions":63}}}]},{"date":"2024-10-01","commitResults":[{"hash":"9099d81278d53adffb5cbd2096a9b16949705a32","isMergeCommit":false,"messageTitle":"Create new classes Ui, Parser","messageBody":"Rename FileHandling class to Storage\n","fileTypesAndContributionMap":{"java":{"insertions":48,"deletions":37}}},{"hash":"850454f49f0e28c20266bc382e102f8f962c9901","isMergeCommit":false,"messageTitle":"Add method to Parser class","messageBody":"","fileTypesAndContributionMap":{"java":{"insertions":8,"deletions":5}}},{"hash":"51910df26d4573efc4b48d7dcf7a26969614b080","isMergeCommit":false,"messageTitle":"Reorganise classes and methods","messageBody":"","tags":["A-MoreOOP"],"fileTypesAndContributionMap":{"java":{"insertions":199,"deletions":98}}},{"hash":"6431f30782086810a92721e1bf6e5b59bfb1a0d7","isMergeCommit":false,"messageTitle":"Implement find feature","messageBody":"","fileTypesAndContributionMap":{"java":{"insertions":59,"deletions":2}}},{"hash":"0fcc5715f068403b825e816df5155a53fdab6805","isMergeCommit":true,"messageTitle":"Merge pull request #1 from ctzeyong/branch-Level-9","messageBody":"Implement find feature","tags":["Level-9"],"fileTypesAndContributionMap":{}}]}]},"authorFileTypeContributionMap":{"ctzeyong":{"java":712,"md":0,"fxml":0,"sh":0,"bat":2,"gradle":0,"txt":17}},"authorContributionVariance":{"ctzeyong":14431.67},"authorDisplayNameMap":{"ctzeyong":"CS2113-W14-3 CHEN..YONG"}}
