[{"path":"src/main/java/Deadline.java","fileType":"java","lines":[{"lineNumber":1,"author":{"gitId":"AdiMangalam"},"content":"public class Deadline extends Task{","lastModifiedDate":"2024-09-04","isFullCredit":false},{"lineNumber":2,"author":{"gitId":"AdiMangalam"},"content":"    protected String by;","lastModifiedDate":"2024-09-04","isFullCredit":false},{"lineNumber":3,"author":{"gitId":"AdiMangalam"},"content":"","lastModifiedDate":"2024-09-04","isFullCredit":false},{"lineNumber":4,"author":{"gitId":"AdiMangalam"},"content":"    public Deadline(String description, String by) {","lastModifiedDate":"2024-09-04","isFullCredit":false},{"lineNumber":5,"author":{"gitId":"AdiMangalam"},"content":"        super(description);","lastModifiedDate":"2024-09-04","isFullCredit":false},{"lineNumber":6,"author":{"gitId":"AdiMangalam"},"content":"        this.by \u003d by;","lastModifiedDate":"2024-09-04","isFullCredit":false},{"lineNumber":7,"author":{"gitId":"AdiMangalam"},"content":"    }","lastModifiedDate":"2024-09-04","isFullCredit":false},{"lineNumber":8,"author":{"gitId":"AdiMangalam"},"content":"","lastModifiedDate":"2024-09-04","isFullCredit":false},{"lineNumber":9,"author":{"gitId":"AdiMangalam"},"content":"    @Override","lastModifiedDate":"2024-09-04","isFullCredit":false},{"lineNumber":10,"author":{"gitId":"AdiMangalam"},"content":"    public String toString() {","lastModifiedDate":"2024-09-04","isFullCredit":false},{"lineNumber":11,"author":{"gitId":"AdiMangalam"},"content":"        return \"[D]\" + super.toString() + \"(by: \" + by + \")\" ;","lastModifiedDate":"2024-09-04","isFullCredit":false},{"lineNumber":12,"author":{"gitId":"AdiMangalam"},"content":"    }","lastModifiedDate":"2024-09-04","isFullCredit":false},{"lineNumber":13,"author":{"gitId":"AdiMangalam"},"content":"}","lastModifiedDate":"2024-09-04","isFullCredit":false}],"authorContributionMap":{"AdiMangalam":13}},{"path":"src/main/java/Event.java","fileType":"java","lines":[{"lineNumber":1,"author":{"gitId":"AdiMangalam"},"content":"public class Event extends Task{","lastModifiedDate":"2024-09-04","isFullCredit":false},{"lineNumber":2,"author":{"gitId":"AdiMangalam"},"content":"    protected String from;","lastModifiedDate":"2024-09-04","isFullCredit":false},{"lineNumber":3,"author":{"gitId":"AdiMangalam"},"content":"    protected String to;","lastModifiedDate":"2024-09-04","isFullCredit":false},{"lineNumber":4,"author":{"gitId":"AdiMangalam"},"content":"","lastModifiedDate":"2024-09-04","isFullCredit":false},{"lineNumber":5,"author":{"gitId":"AdiMangalam"},"content":"    public Event(String description, String from, String to) {","lastModifiedDate":"2024-09-04","isFullCredit":false},{"lineNumber":6,"author":{"gitId":"AdiMangalam"},"content":"        super(description);","lastModifiedDate":"2024-09-04","isFullCredit":false},{"lineNumber":7,"author":{"gitId":"AdiMangalam"},"content":"        this.from \u003d from;","lastModifiedDate":"2024-09-04","isFullCredit":false},{"lineNumber":8,"author":{"gitId":"AdiMangalam"},"content":"        this.to \u003d to;","lastModifiedDate":"2024-09-04","isFullCredit":false},{"lineNumber":9,"author":{"gitId":"AdiMangalam"},"content":"    }","lastModifiedDate":"2024-09-04","isFullCredit":false},{"lineNumber":10,"author":{"gitId":"AdiMangalam"},"content":"","lastModifiedDate":"2024-09-04","isFullCredit":false},{"lineNumber":11,"author":{"gitId":"AdiMangalam"},"content":"    @Override","lastModifiedDate":"2024-09-04","isFullCredit":false},{"lineNumber":12,"author":{"gitId":"AdiMangalam"},"content":"    public String toString() {","lastModifiedDate":"2024-09-04","isFullCredit":false},{"lineNumber":13,"author":{"gitId":"AdiMangalam"},"content":"        return \"[E]\" + super.toString() + \"(from: \" + from + \" to: \" + to + \")\";","lastModifiedDate":"2024-09-04","isFullCredit":false},{"lineNumber":14,"author":{"gitId":"AdiMangalam"},"content":"    }","lastModifiedDate":"2024-09-04","isFullCredit":false},{"lineNumber":15,"author":{"gitId":"AdiMangalam"},"content":"}","lastModifiedDate":"2024-09-04","isFullCredit":false}],"authorContributionMap":{"AdiMangalam":15}},{"path":"src/main/java/Flash.java","fileType":"java","lines":[{"lineNumber":1,"author":{"gitId":"AdiMangalam"},"content":"import java.io.File;","lastModifiedDate":"2024-09-12","isFullCredit":false},{"lineNumber":2,"author":{"gitId":"AdiMangalam"},"content":"import java.sql.Array;","lastModifiedDate":"2024-09-04","isFullCredit":false},{"lineNumber":3,"author":{"gitId":"AdiMangalam"},"content":"import java.util.Scanner;","lastModifiedDate":"2024-09-03","isFullCredit":false},{"lineNumber":4,"author":{"gitId":"AdiMangalam"},"content":"import java.util.List;","lastModifiedDate":"2024-09-04","isFullCredit":false},{"lineNumber":5,"author":{"gitId":"AdiMangalam"},"content":"import java.util.ArrayList;","lastModifiedDate":"2024-09-04","isFullCredit":false},{"lineNumber":6,"author":{"gitId":"AdiMangalam"},"content":"","lastModifiedDate":"2024-09-03","isFullCredit":false},{"lineNumber":7,"author":{"gitId":"AdiMangalam"},"content":"public class Flash {","lastModifiedDate":"2024-09-03","isFullCredit":false},{"lineNumber":8,"author":{"gitId":"AdiMangalam"},"content":"","lastModifiedDate":"2024-09-03","isFullCredit":false},{"lineNumber":9,"author":{"gitId":"AdiMangalam"},"content":"    private static final List\u003cTask\u003e tasks \u003d new ArrayList\u003c\u003e();","lastModifiedDate":"2024-09-04","isFullCredit":false},{"lineNumber":10,"author":{"gitId":"AdiMangalam"},"content":"","lastModifiedDate":"2024-09-04","isFullCredit":false},{"lineNumber":11,"author":{"gitId":"AdiMangalam"},"content":"    public static void displayTasks() {","lastModifiedDate":"2024-09-04","isFullCredit":false},{"lineNumber":12,"author":{"gitId":"AdiMangalam"},"content":"        System.out.println(\"____________________________________________________________\");","lastModifiedDate":"2024-09-04","isFullCredit":false},{"lineNumber":13,"author":{"gitId":"AdiMangalam"},"content":"        for(int i \u003d 0; i \u003c tasks.size(); i++) {","lastModifiedDate":"2024-09-04","isFullCredit":false},{"lineNumber":14,"author":{"gitId":"AdiMangalam"},"content":"            System.out.println(i+1 + \".\" + tasks.get(i));","lastModifiedDate":"2024-09-04","isFullCredit":false},{"lineNumber":15,"author":{"gitId":"AdiMangalam"},"content":"        }","lastModifiedDate":"2024-09-04","isFullCredit":false},{"lineNumber":16,"author":{"gitId":"AdiMangalam"},"content":"        System.out.println(\"____________________________________________________________\");","lastModifiedDate":"2024-09-04","isFullCredit":false},{"lineNumber":17,"author":{"gitId":"AdiMangalam"},"content":"    }","lastModifiedDate":"2024-09-04","isFullCredit":false},{"lineNumber":18,"author":{"gitId":"AdiMangalam"},"content":"","lastModifiedDate":"2024-09-04","isFullCredit":false},{"lineNumber":19,"author":{"gitId":"AdiMangalam"},"content":"    public static void markTask(String input) throws FlashException {","lastModifiedDate":"2024-09-12","isFullCredit":false},{"lineNumber":20,"author":{"gitId":"AdiMangalam"},"content":"        try {","lastModifiedDate":"2024-09-12","isFullCredit":false},{"lineNumber":21,"author":{"gitId":"AdiMangalam"},"content":"            int taskNumber \u003d Integer.parseInt(input.split(\" \")[1]) - 1;","lastModifiedDate":"2024-09-04","isFullCredit":false},{"lineNumber":22,"author":{"gitId":"AdiMangalam"},"content":"            Task task \u003d tasks.get(taskNumber);","lastModifiedDate":"2024-09-04","isFullCredit":false},{"lineNumber":23,"author":{"gitId":"AdiMangalam"},"content":"            task.markDone();","lastModifiedDate":"2024-09-04","isFullCredit":false},{"lineNumber":24,"author":{"gitId":"AdiMangalam"},"content":"            System.out.println(\"____________________________________________________________\");","lastModifiedDate":"2024-09-04","isFullCredit":false},{"lineNumber":25,"author":{"gitId":"AdiMangalam"},"content":"            System.out.println(\"Nice! I\u0027ve marked this task as done:\");","lastModifiedDate":"2024-09-04","isFullCredit":false},{"lineNumber":26,"author":{"gitId":"AdiMangalam"},"content":"            System.out.println(\" \" + task);","lastModifiedDate":"2024-09-04","isFullCredit":false},{"lineNumber":27,"author":{"gitId":"AdiMangalam"},"content":"            System.out.println(\"____________________________________________________________\");","lastModifiedDate":"2024-09-04","isFullCredit":false},{"lineNumber":28,"author":{"gitId":"AdiMangalam"},"content":"        } catch (Exception e) {","lastModifiedDate":"2024-09-12","isFullCredit":false},{"lineNumber":29,"author":{"gitId":"AdiMangalam"},"content":"            throw new FlashException(\"Invalid task number. Please enter a valid task number.\");","lastModifiedDate":"2024-09-12","isFullCredit":false},{"lineNumber":30,"author":{"gitId":"AdiMangalam"},"content":"        }","lastModifiedDate":"2024-09-12","isFullCredit":false},{"lineNumber":31,"author":{"gitId":"AdiMangalam"},"content":"    }","lastModifiedDate":"2024-09-04","isFullCredit":false},{"lineNumber":32,"author":{"gitId":"AdiMangalam"},"content":"","lastModifiedDate":"2024-09-04","isFullCredit":false},{"lineNumber":33,"author":{"gitId":"AdiMangalam"},"content":"    public static void unMarkTask(String input) throws FlashException {","lastModifiedDate":"2024-09-12","isFullCredit":false},{"lineNumber":34,"author":{"gitId":"AdiMangalam"},"content":"        try {","lastModifiedDate":"2024-09-12","isFullCredit":false},{"lineNumber":35,"author":{"gitId":"AdiMangalam"},"content":"            int taskNumber \u003d Integer.parseInt(input.split(\" \")[1]) - 1;","lastModifiedDate":"2024-09-04","isFullCredit":false},{"lineNumber":36,"author":{"gitId":"AdiMangalam"},"content":"            Task task \u003d tasks.get(taskNumber);","lastModifiedDate":"2024-09-04","isFullCredit":false},{"lineNumber":37,"author":{"gitId":"AdiMangalam"},"content":"            task.markNotDone();","lastModifiedDate":"2024-09-04","isFullCredit":false},{"lineNumber":38,"author":{"gitId":"AdiMangalam"},"content":"            System.out.println(\"____________________________________________________________\");","lastModifiedDate":"2024-09-04","isFullCredit":false},{"lineNumber":39,"author":{"gitId":"AdiMangalam"},"content":"            System.out.println(\"Ok, I\u0027ve marked this task as not done yet:\");","lastModifiedDate":"2024-09-04","isFullCredit":false},{"lineNumber":40,"author":{"gitId":"AdiMangalam"},"content":"            System.out.println(\" \" + task);","lastModifiedDate":"2024-09-04","isFullCredit":false},{"lineNumber":41,"author":{"gitId":"AdiMangalam"},"content":"            System.out.println(\"____________________________________________________________\");","lastModifiedDate":"2024-09-04","isFullCredit":false},{"lineNumber":42,"author":{"gitId":"AdiMangalam"},"content":"        } catch (Exception e) {","lastModifiedDate":"2024-09-12","isFullCredit":false},{"lineNumber":43,"author":{"gitId":"AdiMangalam"},"content":"            throw new FlashException(\"Invalid task number. Please enter a valid task number.\");","lastModifiedDate":"2024-09-12","isFullCredit":false},{"lineNumber":44,"author":{"gitId":"AdiMangalam"},"content":"        }","lastModifiedDate":"2024-09-12","isFullCredit":false},{"lineNumber":45,"author":{"gitId":"AdiMangalam"},"content":"    }","lastModifiedDate":"2024-09-04","isFullCredit":false},{"lineNumber":46,"author":{"gitId":"AdiMangalam"},"content":"","lastModifiedDate":"2024-09-04","isFullCredit":false},{"lineNumber":47,"author":{"gitId":"AdiMangalam"},"content":"    public static void todo(String input) throws FlashException {","lastModifiedDate":"2024-09-12","isFullCredit":false},{"lineNumber":48,"author":{"gitId":"AdiMangalam"},"content":"        if (input.length() \u003c\u003d 5) {","lastModifiedDate":"2024-09-12","isFullCredit":false},{"lineNumber":49,"author":{"gitId":"AdiMangalam"},"content":"            throw new FlashException(\"Uh-oh! Description for Todo Needed!! Cannot be left empty.\");","lastModifiedDate":"2024-09-12","isFullCredit":false},{"lineNumber":50,"author":{"gitId":"AdiMangalam"},"content":"        }","lastModifiedDate":"2024-09-12","isFullCredit":false},{"lineNumber":51,"author":{"gitId":"AdiMangalam"},"content":"","lastModifiedDate":"2024-09-12","isFullCredit":false},{"lineNumber":52,"author":{"gitId":"AdiMangalam"},"content":"        String description \u003d input.substring(5).trim();","lastModifiedDate":"2024-09-04","isFullCredit":false},{"lineNumber":53,"author":{"gitId":"AdiMangalam"},"content":"        if (description.isEmpty()) {","lastModifiedDate":"2024-09-12","isFullCredit":false},{"lineNumber":54,"author":{"gitId":"AdiMangalam"},"content":"            throw new FlashException(\"Uh-oh! Description for ToDo Needed!! Cannot be left empty.\");","lastModifiedDate":"2024-09-12","isFullCredit":false},{"lineNumber":55,"author":{"gitId":"AdiMangalam"},"content":"        }","lastModifiedDate":"2024-09-12","isFullCredit":false},{"lineNumber":56,"author":{"gitId":"AdiMangalam"},"content":"","lastModifiedDate":"2024-09-12","isFullCredit":false},{"lineNumber":57,"author":{"gitId":"AdiMangalam"},"content":"        Task task \u003d new ToDo(description);","lastModifiedDate":"2024-09-04","isFullCredit":false},{"lineNumber":58,"author":{"gitId":"AdiMangalam"},"content":"        tasks.add(task);","lastModifiedDate":"2024-09-04","isFullCredit":false},{"lineNumber":59,"author":{"gitId":"AdiMangalam"},"content":"        System.out.println(\"____________________________________________________________\");","lastModifiedDate":"2024-09-04","isFullCredit":false},{"lineNumber":60,"author":{"gitId":"AdiMangalam"},"content":"        System.out.println(\" \" + task);","lastModifiedDate":"2024-09-04","isFullCredit":false},{"lineNumber":61,"author":{"gitId":"AdiMangalam"},"content":"        System.out.println(\"Now you have \" + tasks.size() + \" tasks in the list.\");","lastModifiedDate":"2024-09-04","isFullCredit":false},{"lineNumber":62,"author":{"gitId":"AdiMangalam"},"content":"        System.out.println(\"____________________________________________________________\");","lastModifiedDate":"2024-09-04","isFullCredit":false},{"lineNumber":63,"author":{"gitId":"AdiMangalam"},"content":"    }","lastModifiedDate":"2024-09-04","isFullCredit":false},{"lineNumber":64,"author":{"gitId":"AdiMangalam"},"content":"","lastModifiedDate":"2024-09-04","isFullCredit":false},{"lineNumber":65,"author":{"gitId":"AdiMangalam"},"content":"    public static void deadline(String input) throws FlashException {","lastModifiedDate":"2024-09-12","isFullCredit":false},{"lineNumber":66,"author":{"gitId":"AdiMangalam"},"content":"        try {","lastModifiedDate":"2024-09-12","isFullCredit":false},{"lineNumber":67,"author":{"gitId":"AdiMangalam"},"content":"            String[] parts \u003d input.replaceFirst(\"deadline \", \"\").split(\" /by \");","lastModifiedDate":"2024-09-12","isFullCredit":false},{"lineNumber":68,"author":{"gitId":"AdiMangalam"},"content":"            String description \u003d parts[0].trim();","lastModifiedDate":"2024-09-04","isFullCredit":false},{"lineNumber":69,"author":{"gitId":"AdiMangalam"},"content":"            String by \u003d parts[1].trim();","lastModifiedDate":"2024-09-04","isFullCredit":false},{"lineNumber":70,"author":{"gitId":"AdiMangalam"},"content":"            Task task \u003d new Deadline(description, by);","lastModifiedDate":"2024-09-04","isFullCredit":false},{"lineNumber":71,"author":{"gitId":"AdiMangalam"},"content":"            tasks.add(task);","lastModifiedDate":"2024-09-04","isFullCredit":false},{"lineNumber":72,"author":{"gitId":"AdiMangalam"},"content":"            System.out.println(\"____________________________________________________________\");","lastModifiedDate":"2024-09-04","isFullCredit":false},{"lineNumber":73,"author":{"gitId":"AdiMangalam"},"content":"            System.out.println(\"Got it. I\u0027ve added this task:\");","lastModifiedDate":"2024-09-04","isFullCredit":false},{"lineNumber":74,"author":{"gitId":"AdiMangalam"},"content":"            System.out.println(\"  \" + task);","lastModifiedDate":"2024-09-04","isFullCredit":false},{"lineNumber":75,"author":{"gitId":"AdiMangalam"},"content":"            System.out.println(\"Now you have \" + tasks.size() + \" tasks in the list.\");","lastModifiedDate":"2024-09-04","isFullCredit":false},{"lineNumber":76,"author":{"gitId":"AdiMangalam"},"content":"            System.out.println(\"____________________________________________________________\");","lastModifiedDate":"2024-09-04","isFullCredit":false},{"lineNumber":77,"author":{"gitId":"AdiMangalam"},"content":"        } catch (ArrayIndexOutOfBoundsException e) {","lastModifiedDate":"2024-09-12","isFullCredit":false},{"lineNumber":78,"author":{"gitId":"AdiMangalam"},"content":"            throw new FlashException(\"Uh-oh! Description for Event Needed!! Cannot be left empty.\");","lastModifiedDate":"2024-09-12","isFullCredit":false},{"lineNumber":79,"author":{"gitId":"AdiMangalam"},"content":"        }","lastModifiedDate":"2024-09-12","isFullCredit":false},{"lineNumber":80,"author":{"gitId":"AdiMangalam"},"content":"    }","lastModifiedDate":"2024-09-04","isFullCredit":false},{"lineNumber":81,"author":{"gitId":"AdiMangalam"},"content":"","lastModifiedDate":"2024-09-04","isFullCredit":false},{"lineNumber":82,"author":{"gitId":"AdiMangalam"},"content":"    public static void event(String input) throws FlashException {","lastModifiedDate":"2024-09-12","isFullCredit":false},{"lineNumber":83,"author":{"gitId":"AdiMangalam"},"content":"        try {","lastModifiedDate":"2024-09-12","isFullCredit":false},{"lineNumber":84,"author":{"gitId":"AdiMangalam"},"content":"            String[] parts \u003d input.replaceFirst(\"event \", \"\").split(\" /from | /to \");","lastModifiedDate":"2024-09-12","isFullCredit":false},{"lineNumber":85,"author":{"gitId":"AdiMangalam"},"content":"            String description \u003d parts[0].trim();","lastModifiedDate":"2024-09-04","isFullCredit":false},{"lineNumber":86,"author":{"gitId":"AdiMangalam"},"content":"            String from \u003d parts[1].trim();","lastModifiedDate":"2024-09-04","isFullCredit":false},{"lineNumber":87,"author":{"gitId":"AdiMangalam"},"content":"            String to \u003d parts[2].trim();","lastModifiedDate":"2024-09-04","isFullCredit":false},{"lineNumber":88,"author":{"gitId":"AdiMangalam"},"content":"            Task task \u003d new Event(description, from, to);","lastModifiedDate":"2024-09-04","isFullCredit":false},{"lineNumber":89,"author":{"gitId":"AdiMangalam"},"content":"            tasks.add(task);","lastModifiedDate":"2024-09-04","isFullCredit":false},{"lineNumber":90,"author":{"gitId":"AdiMangalam"},"content":"            System.out.println(\"____________________________________________________________\");","lastModifiedDate":"2024-09-04","isFullCredit":false},{"lineNumber":91,"author":{"gitId":"AdiMangalam"},"content":"            System.out.println(\"Got it. I\u0027ve added this task:\");","lastModifiedDate":"2024-09-04","isFullCredit":false},{"lineNumber":92,"author":{"gitId":"AdiMangalam"},"content":"            System.out.println(\"  \" + task);","lastModifiedDate":"2024-09-04","isFullCredit":false},{"lineNumber":93,"author":{"gitId":"AdiMangalam"},"content":"            System.out.println(\"Now you have \" + tasks.size() + \" tasks in the list.\");","lastModifiedDate":"2024-09-04","isFullCredit":false},{"lineNumber":94,"author":{"gitId":"AdiMangalam"},"content":"            System.out.println(\"____________________________________________________________\");","lastModifiedDate":"2024-09-04","isFullCredit":false},{"lineNumber":95,"author":{"gitId":"AdiMangalam"},"content":"        } catch (ArrayIndexOutOfBoundsException e) {","lastModifiedDate":"2024-09-12","isFullCredit":false},{"lineNumber":96,"author":{"gitId":"AdiMangalam"},"content":"            throw new FlashException(\"Uh-oh! Description for Event Needed!! Cannot be left empty.\");","lastModifiedDate":"2024-09-12","isFullCredit":false},{"lineNumber":97,"author":{"gitId":"AdiMangalam"},"content":"        }","lastModifiedDate":"2024-09-12","isFullCredit":false},{"lineNumber":98,"author":{"gitId":"AdiMangalam"},"content":"    }","lastModifiedDate":"2024-09-04","isFullCredit":false},{"lineNumber":99,"author":{"gitId":"AdiMangalam"},"content":"","lastModifiedDate":"2024-09-04","isFullCredit":false},{"lineNumber":100,"author":{"gitId":"AdiMangalam"},"content":"    public static void main(String[] args) {","lastModifiedDate":"2024-09-04","isFullCredit":false},{"lineNumber":101,"author":{"gitId":"AdiMangalam"},"content":"        Scanner in \u003d new Scanner(System.in);","lastModifiedDate":"2024-09-03","isFullCredit":false},{"lineNumber":102,"author":{"gitId":"AdiMangalam"},"content":"","lastModifiedDate":"2024-09-03","isFullCredit":false},{"lineNumber":103,"author":{"gitId":"AdiMangalam"},"content":"        System.out.println(\"____________________________________________________________\");","lastModifiedDate":"2024-09-03","isFullCredit":false},{"lineNumber":104,"author":{"gitId":"AdiMangalam"},"content":"        System.out.println(\" Hello! I\u0027m Flash\");","lastModifiedDate":"2024-09-03","isFullCredit":false},{"lineNumber":105,"author":{"gitId":"AdiMangalam"},"content":"        System.out.println(\" What can I do for you?\");","lastModifiedDate":"2024-09-03","isFullCredit":false},{"lineNumber":106,"author":{"gitId":"AdiMangalam"},"content":"        System.out.println(\"____________________________________________________________\");","lastModifiedDate":"2024-09-03","isFullCredit":false},{"lineNumber":107,"author":{"gitId":"AdiMangalam"},"content":"","lastModifiedDate":"2024-09-03","isFullCredit":false},{"lineNumber":108,"author":{"gitId":"AdiMangalam"},"content":"        while(true) {","lastModifiedDate":"2024-09-03","isFullCredit":false},{"lineNumber":109,"author":{"gitId":"AdiMangalam"},"content":"            try {","lastModifiedDate":"2024-09-12","isFullCredit":false},{"lineNumber":110,"author":{"gitId":"AdiMangalam"},"content":"                String input \u003d in.nextLine();","lastModifiedDate":"2024-09-12","isFullCredit":false},{"lineNumber":111,"author":{"gitId":"AdiMangalam"},"content":"                if (input.equalsIgnoreCase(\"bye\")) {","lastModifiedDate":"2024-09-03","isFullCredit":false},{"lineNumber":112,"author":{"gitId":"AdiMangalam"},"content":"                    System.out.println(\"____________________________________________________________\");","lastModifiedDate":"2024-09-03","isFullCredit":false},{"lineNumber":113,"author":{"gitId":"AdiMangalam"},"content":"                    System.out.println(\"Bye. Hope to see you again soon!\");","lastModifiedDate":"2024-09-03","isFullCredit":false},{"lineNumber":114,"author":{"gitId":"AdiMangalam"},"content":"                    System.out.println(\"____________________________________________________________\");","lastModifiedDate":"2024-09-03","isFullCredit":false},{"lineNumber":115,"author":{"gitId":"AdiMangalam"},"content":"                    break;","lastModifiedDate":"2024-09-03","isFullCredit":false},{"lineNumber":116,"author":{"gitId":"AdiMangalam"},"content":"                } else if (input.equalsIgnoreCase(\"list\")) {","lastModifiedDate":"2024-09-04","isFullCredit":false},{"lineNumber":117,"author":{"gitId":"AdiMangalam"},"content":"                    displayTasks();","lastModifiedDate":"2024-09-04","isFullCredit":false},{"lineNumber":118,"author":{"gitId":"AdiMangalam"},"content":"                } else if (input.startsWith(\"mark\")) {","lastModifiedDate":"2024-09-04","isFullCredit":false},{"lineNumber":119,"author":{"gitId":"AdiMangalam"},"content":"                    markTask(input);","lastModifiedDate":"2024-09-04","isFullCredit":false},{"lineNumber":120,"author":{"gitId":"AdiMangalam"},"content":"                } else if (input.startsWith(\"unmark\")) {","lastModifiedDate":"2024-09-04","isFullCredit":false},{"lineNumber":121,"author":{"gitId":"AdiMangalam"},"content":"                    unMarkTask(input);","lastModifiedDate":"2024-09-04","isFullCredit":false},{"lineNumber":122,"author":{"gitId":"AdiMangalam"},"content":"                } else if (input.startsWith(\"todo\")) {","lastModifiedDate":"2024-09-04","isFullCredit":false},{"lineNumber":123,"author":{"gitId":"AdiMangalam"},"content":"                    todo(input);","lastModifiedDate":"2024-09-04","isFullCredit":false},{"lineNumber":124,"author":{"gitId":"AdiMangalam"},"content":"                } else if (input.startsWith(\"deadline\")) {","lastModifiedDate":"2024-09-04","isFullCredit":false},{"lineNumber":125,"author":{"gitId":"AdiMangalam"},"content":"                    deadline(input);","lastModifiedDate":"2024-09-04","isFullCredit":false},{"lineNumber":126,"author":{"gitId":"AdiMangalam"},"content":"                } else if (input.startsWith(\"event\")) {","lastModifiedDate":"2024-09-04","isFullCredit":false},{"lineNumber":127,"author":{"gitId":"AdiMangalam"},"content":"                    event(input);","lastModifiedDate":"2024-09-04","isFullCredit":false},{"lineNumber":128,"author":{"gitId":"AdiMangalam"},"content":"                } else {","lastModifiedDate":"2024-09-12","isFullCredit":false},{"lineNumber":129,"author":{"gitId":"AdiMangalam"},"content":"                    throw new FlashException(\"Uh-oh! I don\u0027t know what that means.\");","lastModifiedDate":"2024-09-12","isFullCredit":false},{"lineNumber":130,"author":{"gitId":"AdiMangalam"},"content":"                }","lastModifiedDate":"2024-09-12","isFullCredit":false},{"lineNumber":131,"author":{"gitId":"AdiMangalam"},"content":"            } catch (FlashException e){","lastModifiedDate":"2024-09-12","isFullCredit":false},{"lineNumber":132,"author":{"gitId":"AdiMangalam"},"content":"                System.out.println(\"____________________________________________________________\");","lastModifiedDate":"2024-09-12","isFullCredit":false},{"lineNumber":133,"author":{"gitId":"AdiMangalam"},"content":"                System.out.println(e.getMessage());","lastModifiedDate":"2024-09-12","isFullCredit":false},{"lineNumber":134,"author":{"gitId":"AdiMangalam"},"content":"                System.out.println(\"____________________________________________________________\");","lastModifiedDate":"2024-09-12","isFullCredit":false},{"lineNumber":135,"author":{"gitId":"AdiMangalam"},"content":"            }","lastModifiedDate":"2024-09-03","isFullCredit":false},{"lineNumber":136,"author":{"gitId":"AdiMangalam"},"content":"        }","lastModifiedDate":"2024-09-03","isFullCredit":false},{"lineNumber":137,"author":{"gitId":"AdiMangalam"},"content":"    }","lastModifiedDate":"2024-09-03","isFullCredit":false},{"lineNumber":138,"author":{"gitId":"AdiMangalam"},"content":"}","lastModifiedDate":"2024-09-03","isFullCredit":false}],"authorContributionMap":{"AdiMangalam":138}},{"path":"src/main/java/FlashException.java","fileType":"java","lines":[{"lineNumber":1,"author":{"gitId":"AdiMangalam"},"content":"public class FlashException extends Exception {","lastModifiedDate":"2024-09-12","isFullCredit":false},{"lineNumber":2,"author":{"gitId":"AdiMangalam"},"content":"    public FlashException(String message) {","lastModifiedDate":"2024-09-12","isFullCredit":false},{"lineNumber":3,"author":{"gitId":"AdiMangalam"},"content":"        super(message);","lastModifiedDate":"2024-09-12","isFullCredit":false},{"lineNumber":4,"author":{"gitId":"AdiMangalam"},"content":"    }","lastModifiedDate":"2024-09-12","isFullCredit":false},{"lineNumber":5,"author":{"gitId":"AdiMangalam"},"content":"}","lastModifiedDate":"2024-09-12","isFullCredit":false}],"authorContributionMap":{"AdiMangalam":5}},{"path":"src/main/java/Task.java","fileType":"java","lines":[{"lineNumber":1,"author":{"gitId":"AdiMangalam"},"content":"public class Task {","lastModifiedDate":"2024-09-04","isFullCredit":false},{"lineNumber":2,"author":{"gitId":"AdiMangalam"},"content":"    protected String description;","lastModifiedDate":"2024-09-04","isFullCredit":false},{"lineNumber":3,"author":{"gitId":"AdiMangalam"},"content":"    protected boolean isDone;","lastModifiedDate":"2024-09-04","isFullCredit":false},{"lineNumber":4,"author":{"gitId":"AdiMangalam"},"content":"","lastModifiedDate":"2024-09-04","isFullCredit":false},{"lineNumber":5,"author":{"gitId":"AdiMangalam"},"content":"    public Task(String description) {","lastModifiedDate":"2024-09-04","isFullCredit":false},{"lineNumber":6,"author":{"gitId":"AdiMangalam"},"content":"        this.description \u003d description;","lastModifiedDate":"2024-09-04","isFullCredit":false},{"lineNumber":7,"author":{"gitId":"AdiMangalam"},"content":"        this.isDone \u003d false;","lastModifiedDate":"2024-09-04","isFullCredit":false},{"lineNumber":8,"author":{"gitId":"AdiMangalam"},"content":"    }","lastModifiedDate":"2024-09-04","isFullCredit":false},{"lineNumber":9,"author":{"gitId":"AdiMangalam"},"content":"","lastModifiedDate":"2024-09-04","isFullCredit":false},{"lineNumber":10,"author":{"gitId":"AdiMangalam"},"content":"    public String getIcon() {","lastModifiedDate":"2024-09-04","isFullCredit":false},{"lineNumber":11,"author":{"gitId":"AdiMangalam"},"content":"        if (isDone) {","lastModifiedDate":"2024-09-04","isFullCredit":false},{"lineNumber":12,"author":{"gitId":"AdiMangalam"},"content":"            return \"X\";","lastModifiedDate":"2024-09-04","isFullCredit":false},{"lineNumber":13,"author":{"gitId":"AdiMangalam"},"content":"        } else {","lastModifiedDate":"2024-09-04","isFullCredit":false},{"lineNumber":14,"author":{"gitId":"AdiMangalam"},"content":"            return \" \";","lastModifiedDate":"2024-09-04","isFullCredit":false},{"lineNumber":15,"author":{"gitId":"AdiMangalam"},"content":"        }","lastModifiedDate":"2024-09-04","isFullCredit":false},{"lineNumber":16,"author":{"gitId":"AdiMangalam"},"content":"    }","lastModifiedDate":"2024-09-04","isFullCredit":false},{"lineNumber":17,"author":{"gitId":"AdiMangalam"},"content":"","lastModifiedDate":"2024-09-04","isFullCredit":false},{"lineNumber":18,"author":{"gitId":"AdiMangalam"},"content":"    public void markDone() {","lastModifiedDate":"2024-09-04","isFullCredit":false},{"lineNumber":19,"author":{"gitId":"AdiMangalam"},"content":"        this.isDone \u003d true;","lastModifiedDate":"2024-09-04","isFullCredit":false},{"lineNumber":20,"author":{"gitId":"AdiMangalam"},"content":"    }","lastModifiedDate":"2024-09-04","isFullCredit":false},{"lineNumber":21,"author":{"gitId":"AdiMangalam"},"content":"","lastModifiedDate":"2024-09-04","isFullCredit":false},{"lineNumber":22,"author":{"gitId":"AdiMangalam"},"content":"    public void markNotDone() {","lastModifiedDate":"2024-09-04","isFullCredit":false},{"lineNumber":23,"author":{"gitId":"AdiMangalam"},"content":"        this.isDone \u003d false;","lastModifiedDate":"2024-09-04","isFullCredit":false},{"lineNumber":24,"author":{"gitId":"AdiMangalam"},"content":"    }","lastModifiedDate":"2024-09-04","isFullCredit":false},{"lineNumber":25,"author":{"gitId":"AdiMangalam"},"content":"","lastModifiedDate":"2024-09-04","isFullCredit":false},{"lineNumber":26,"author":{"gitId":"AdiMangalam"},"content":"    @Override","lastModifiedDate":"2024-09-04","isFullCredit":false},{"lineNumber":27,"author":{"gitId":"AdiMangalam"},"content":"    public String toString() {","lastModifiedDate":"2024-09-04","isFullCredit":false},{"lineNumber":28,"author":{"gitId":"AdiMangalam"},"content":"        return \"[\" + getIcon() + \"]\" + description;","lastModifiedDate":"2024-09-04","isFullCredit":false},{"lineNumber":29,"author":{"gitId":"AdiMangalam"},"content":"    }","lastModifiedDate":"2024-09-04","isFullCredit":false},{"lineNumber":30,"author":{"gitId":"AdiMangalam"},"content":"","lastModifiedDate":"2024-09-04","isFullCredit":false},{"lineNumber":31,"author":{"gitId":"AdiMangalam"},"content":"}","lastModifiedDate":"2024-09-04","isFullCredit":false}],"authorContributionMap":{"AdiMangalam":31}},{"path":"src/main/java/ToDo.java","fileType":"java","lines":[{"lineNumber":1,"author":{"gitId":"AdiMangalam"},"content":"public class ToDo extends Task{","lastModifiedDate":"2024-09-04","isFullCredit":false},{"lineNumber":2,"author":{"gitId":"AdiMangalam"},"content":"","lastModifiedDate":"2024-09-04","isFullCredit":false},{"lineNumber":3,"author":{"gitId":"AdiMangalam"},"content":"    public ToDo(String description) {","lastModifiedDate":"2024-09-04","isFullCredit":false},{"lineNumber":4,"author":{"gitId":"AdiMangalam"},"content":"        super(description);","lastModifiedDate":"2024-09-04","isFullCredit":false},{"lineNumber":5,"author":{"gitId":"AdiMangalam"},"content":"    }","lastModifiedDate":"2024-09-04","isFullCredit":false},{"lineNumber":6,"author":{"gitId":"AdiMangalam"},"content":"","lastModifiedDate":"2024-09-04","isFullCredit":false},{"lineNumber":7,"author":{"gitId":"AdiMangalam"},"content":"    @Override","lastModifiedDate":"2024-09-04","isFullCredit":false},{"lineNumber":8,"author":{"gitId":"AdiMangalam"},"content":"    public String toString() {","lastModifiedDate":"2024-09-04","isFullCredit":false},{"lineNumber":9,"author":{"gitId":"AdiMangalam"},"content":"        return \"[T]\" + super.toString();","lastModifiedDate":"2024-09-04","isFullCredit":false},{"lineNumber":10,"author":{"gitId":"AdiMangalam"},"content":"    }","lastModifiedDate":"2024-09-04","isFullCredit":false},{"lineNumber":11,"author":{"gitId":"AdiMangalam"},"content":"}","lastModifiedDate":"2024-09-04","isFullCredit":false}],"authorContributionMap":{"AdiMangalam":11}}]
