[{"path":"src/main/java/Flash.java","fileType":"java","lines":[{"lineNumber":1,"author":{"gitId":"AdiMangalam"},"content":"public class Flash {","lastModifiedDate":"2024-09-03","isFullCredit":false},{"lineNumber":2,"author":{"gitId":"AdiMangalam"},"content":"    public static void main(String[] args) {","lastModifiedDate":"2024-09-03","isFullCredit":false},{"lineNumber":3,"author":{"gitId":"AdiMangalam"},"content":"        System.out.println(\"____________________________________________________________\");","lastModifiedDate":"2024-09-03","isFullCredit":false},{"lineNumber":4,"author":{"gitId":"AdiMangalam"},"content":"        System.out.println(\" Hello! I\u0027m Flash\");","lastModifiedDate":"2024-09-03","isFullCredit":false},{"lineNumber":5,"author":{"gitId":"AdiMangalam"},"content":"        System.out.println(\" What can I do for you?\");","lastModifiedDate":"2024-09-03","isFullCredit":false},{"lineNumber":6,"author":{"gitId":"AdiMangalam"},"content":"        System.out.println(\"____________________________________________________________\");","lastModifiedDate":"2024-09-03","isFullCredit":false},{"lineNumber":7,"author":{"gitId":"AdiMangalam"},"content":"","lastModifiedDate":"2024-09-03","isFullCredit":false},{"lineNumber":8,"author":{"gitId":"AdiMangalam"},"content":"        // Here, you can add a scanner to read user input in the future increments","lastModifiedDate":"2024-09-03","isFullCredit":false},{"lineNumber":9,"author":{"gitId":"AdiMangalam"},"content":"","lastModifiedDate":"2024-09-03","isFullCredit":false},{"lineNumber":10,"author":{"gitId":"AdiMangalam"},"content":"        System.out.println(\" Bye. Hope to see you again soon!\");","lastModifiedDate":"2024-09-03","isFullCredit":false},{"lineNumber":11,"author":{"gitId":"AdiMangalam"},"content":"        System.out.println(\"____________________________________________________________\");","lastModifiedDate":"2024-09-03","isFullCredit":false},{"lineNumber":12,"author":{"gitId":"AdiMangalam"},"content":"    }","lastModifiedDate":"2024-09-03","isFullCredit":false},{"lineNumber":13,"author":{"gitId":"AdiMangalam"},"content":"}","lastModifiedDate":"2024-09-03","isFullCredit":false}],"authorContributionMap":{"AdiMangalam":13}}]
