{"authorDailyContributionsMap":{"hzxnancy":[{"date":"2024-08-22","commitResults":[{"hash":"199242eab6daafa8f16b1c3abe939dc4a4d26792","isMergeCommit":false,"messageTitle":"renamed chatbot to Cy","messageBody":"","tags":["Level-0"],"fileTypesAndContributionMap":{"java":{"insertions":9,"deletions":10}}}]},{"date":"2024-08-28","commitResults":[{"hash":"196e2282107bbaac07c87e03c2bbcad7d430a361","isMergeCommit":false,"messageTitle":"Add echo commands from user","messageBody":"","tags":["Level-1"],"fileTypesAndContributionMap":{"java":{"insertions":19,"deletions":3}}}]},{"date":"2024-08-29","commitResults":[{"hash":"7591aa66f1b771c249d01e161cd25e06866bb5ee","isMergeCommit":false,"messageTitle":"Implement add and display list function","messageBody":"","tags":["Level-2"],"fileTypesAndContributionMap":{"java":{"insertions":29,"deletions":7}}}]},{"date":"2024-08-30","commitResults":[{"hash":"df2a38a97198a74dc52a0dc569d68ef2e7861a8d","isMergeCommit":false,"messageTitle":"Implement mark as done function","messageBody":"","tags":["Level-3","A-CodingStandard"],"fileTypesAndContributionMap":{"java":{"insertions":50,"deletions":8}}}]},{"date":"2024-09-04","commitResults":[{"hash":"0aec729a0f5f2fdaac538342aa01888e76843815","isMergeCommit":false,"messageTitle":"Add error handling for mark items","messageBody":"","fileTypesAndContributionMap":{"java":{"insertions":48,"deletions":17}}}]},{"date":"2024-09-05","commitResults":[{"hash":"11f1cf172b5cb44fe8b895f605f9383bc13c4388","isMergeCommit":false,"messageTitle":"Add todo tasks without date","messageBody":"","tags":["Level-4"],"fileTypesAndContributionMap":{"java":{"insertions":50,"deletions":9}}},{"hash":"8a95b54bcda47f0773c29f1c09142f6c1edcfe99","isMergeCommit":false,"messageTitle":"Implement deadline functionality with date","messageBody":"","fileTypesAndContributionMap":{"java":{"insertions":26,"deletions":1}}},{"hash":"b7862876d03fbf0817b734534490a386282abe27","isMergeCommit":false,"messageTitle":"Implement event functionality","messageBody":"","fileTypesAndContributionMap":{"java":{"insertions":29,"deletions":1}}},{"hash":"05d77425685f7b7146fbb03fb5942878986432df","isMergeCommit":false,"messageTitle":"Add error exceptions for todo, deadline and event","messageBody":"","tags":["A-CodeQuality"],"fileTypesAndContributionMap":{"java":{"insertions":46,"deletions":18}}}]},{"date":"2024-09-12","commitResults":[{"hash":"7b7ba656e504128548d07f8e896924a2ec23e41e","isMergeCommit":false,"messageTitle":"Add error exception for empty descriptions","messageBody":"","fileTypesAndContributionMap":{"java":{"insertions":30,"deletions":13}}},{"hash":"4fad3df8c79b6ea259ce8cfd02c31cc52afef6c4","isMergeCommit":false,"messageTitle":"Add error exception for invalid commands","messageBody":"","tags":["Level-5","A-Exceptions"],"fileTypesAndContributionMap":{"java":{"insertions":6,"deletions":2}}},{"hash":"121558a6d8e3a7c82a3e8ff2de9949a99bc72214","isMergeCommit":false,"messageTitle":"Update README with new name","messageBody":"","fileTypesAndContributionMap":{"md":{"insertions":1,"deletions":1}}},{"hash":"4a24de9e8f1f48d7d536251c5bd24e2e2e849952","isMergeCommit":true,"messageTitle":"Merge branch \u0027branch-Level-5\u0027","messageBody":"","fileTypesAndContributionMap":{}},{"hash":"180373d06169fd7ad36ffea8fc92f60227fdeaa4","isMergeCommit":false,"messageTitle":"Group command classes into command package","messageBody":"","fileTypesAndContributionMap":{"java":{"insertions":13,"deletions":0}}},{"hash":"09bb0770deede6335c57cc9a3b6641ec84c88442","isMergeCommit":false,"messageTitle":"Implement getter and setter functions in Cy file","messageBody":"","fileTypesAndContributionMap":{"java":{"insertions":5,"deletions":5}}},{"hash":"8c6bb0dc758ca1eaafd97c45ad646d42048477d9","isMergeCommit":false,"messageTitle":"Group exceptions classes into exceptions package","messageBody":"","tags":["A-Packages"],"fileTypesAndContributionMap":{"java":{"insertions":7,"deletions":1}}},{"hash":"4d2903ac382bd3ee6d67a72e55f6a991e83e9a3c","isMergeCommit":false,"messageTitle":"Update README","messageBody":"","fileTypesAndContributionMap":{"md":{"insertions":6,"deletions":6}}},{"hash":"6b71c4c94ec961f4b20ea970cbf74c679be0a08e","isMergeCommit":true,"messageTitle":"Merge branch \u0027branch-A-Packages\u0027","messageBody":"","fileTypesAndContributionMap":{}}]},{"date":"2024-09-18","commitResults":[{"hash":"ca0045b4693a54c87952f361d6368f7c857b34fb","isMergeCommit":false,"messageTitle":"Implement Java Collection classes","messageBody":"","tags":["A-Collections"],"fileTypesAndContributionMap":{"java":{"insertions":42,"deletions":33}}},{"hash":"34c321ed9e34f4194261f9b2f3466a9c9a04bb2d","isMergeCommit":false,"messageTitle":"Implement delete function","messageBody":"","fileTypesAndContributionMap":{"java":{"insertions":11,"deletions":4}}},{"hash":"3acd7430742a2b07cedbe3d5a2d406bf72a9e1b8","isMergeCommit":false,"messageTitle":"Implement error exception for delete function","messageBody":"","tags":["Level-6"],"fileTypesAndContributionMap":{"java":{"insertions":7,"deletions":3}}},{"hash":"bcb2033b125236e35e2616967a049f031e3addf8","isMergeCommit":false,"messageTitle":"Add method to read task list","messageBody":"","fileTypesAndContributionMap":{"java":{"insertions":25,"deletions":1}}}]},{"date":"2024-09-19","commitResults":[{"hash":"4df74365e984e0bbab5be33f8b83a3a4a1276869","isMergeCommit":false,"messageTitle":"Save changes in chatbot to txt file","messageBody":"","fileTypesAndContributionMap":{"txt":{"insertions":5,"deletions":0},"java":{"insertions":51,"deletions":13}}},{"hash":"e10ee294935af47a6a5492d8040839edb8470ad1","isMergeCommit":false,"messageTitle":"Change conditions for error exceptions","messageBody":"","tags":["Level-7"],"fileTypesAndContributionMap":{"java":{"insertions":8,"deletions":8}}},{"hash":"c876c1126a3a7a749aca55c501d145312bd5230a","isMergeCommit":false,"messageTitle":"Format tasks output in txt file","messageBody":"","fileTypesAndContributionMap":{"java":{"insertions":19,"deletions":10}}},{"hash":"e9964d3ad3d0f31d348e55e48fe3009cf23b8eee","isMergeCommit":true,"messageTitle":"Merge branch \u0027master\u0027 into branch-Level-6","messageBody":"","fileTypesAndContributionMap":{}},{"hash":"a17f3bd4199a895ef023a5fe8e4cfd296da69ca0","isMergeCommit":true,"messageTitle":"Merge branch \u0027master\u0027 into branch-Level-7","messageBody":"","fileTypesAndContributionMap":{}}]},{"date":"2024-09-21","commitResults":[{"hash":"3bf24ec3fde6f0bc705091d359dd730dd4dc85ab","isMergeCommit":true,"messageTitle":"Merge branch \u0027branch-Level-7\u0027","messageBody":"","fileTypesAndContributionMap":{}}]},{"date":"2024-09-25","commitResults":[{"hash":"3e759d645a11e90750851555569705fe56daee5b","isMergeCommit":false,"messageTitle":"Abstract methods from main","messageBody":"","fileTypesAndContributionMap":{"java":{"insertions":56,"deletions":48}}},{"hash":"b31d2c54781a78efad5be060b8f685e77f013853","isMergeCommit":false,"messageTitle":"Abstract todo and deadline methods","messageBody":"","fileTypesAndContributionMap":{"java":{"insertions":56,"deletions":48}}},{"hash":"99f1eb63123b44414f0fa5c53fd91f91afd94f4f","isMergeCommit":false,"messageTitle":"Update current and create new exceptions","messageBody":"","fileTypesAndContributionMap":{"java":{"insertions":27,"deletions":1}}},{"hash":"5cc0f41909d6f966e42b1277ef9c8cebcc4469d5","isMergeCommit":false,"messageTitle":"Abstract delete and event methods","messageBody":"","fileTypesAndContributionMap":{"java":{"insertions":56,"deletions":39}}},{"hash":"a6079dc9798d6a02bd3f6ab4bf2a503194a692f7","isMergeCommit":false,"messageTitle":"Refactor code","messageBody":"","fileTypesAndContributionMap":{"java":{"insertions":14,"deletions":10}}},{"hash":"661e8c1f8d2d3e625b5f7ae0da76461b11e17a92","isMergeCommit":false,"messageTitle":"Update print and save text file","messageBody":"","fileTypesAndContributionMap":{"txt":{"insertions":3,"deletions":1},"java":{"insertions":74,"deletions":2}}},{"hash":"bc0a682bf94f7839db83faeea18100bd31611555","isMergeCommit":false,"messageTitle":"Update complete status of tasks in txt file","messageBody":"","fileTypesAndContributionMap":{"java":{"insertions":34,"deletions":18}}}]},{"date":"2024-09-30","commitResults":[{"hash":"f7b25de5a57555f2ac5f3dc34e49fdcf7c793a2e","isMergeCommit":false,"messageTitle":"Create txt file if unfound in the directory","messageBody":"","fileTypesAndContributionMap":{"java":{"insertions":21,"deletions":1}}},{"hash":"1228a20210dbd38f16338cc56c6d35c6141615a7","isMergeCommit":false,"messageTitle":"Extract constant class","messageBody":"","fileTypesAndContributionMap":{"java":{"insertions":70,"deletions":52}}}]},{"date":"2024-10-01","commitResults":[{"hash":"6fa7b79e55d346abc5723fda6d745d27b85e5d09","isMergeCommit":false,"messageTitle":"Bring print statements to task class","messageBody":"","fileTypesAndContributionMap":{"java":{"insertions":61,"deletions":82}}},{"hash":"18b6a74ed533619165519f5021c9fa89843eeb0d","isMergeCommit":false,"messageTitle":"Extract storage class","messageBody":"","fileTypesAndContributionMap":{"java":{"insertions":42,"deletions":0}}},{"hash":"f258877cd2dd52583e12341c5757ccecb5da7ae3","isMergeCommit":false,"messageTitle":"Add Ui class","messageBody":"","fileTypesAndContributionMap":{"java":{"insertions":79,"deletions":0}}},{"hash":"fd2e45979ef6849411c8017fc31f14ad09807c27","isMergeCommit":false,"messageTitle":"Add parser class","messageBody":"","fileTypesAndContributionMap":{"java":{"insertions":41,"deletions":0}}},{"hash":"bb4e4df65b6308580109fb7f7674fc2c59f64048","isMergeCommit":false,"messageTitle":"Add TaskList class","messageBody":"","fileTypesAndContributionMap":{"java":{"insertions":106,"deletions":0}}},{"hash":"fbd07cbfaf4f558b3c70871d3870162eee1d25ba","isMergeCommit":false,"messageTitle":"Refactor code and debug class errors","messageBody":"","fileTypesAndContributionMap":{"txt":{"insertions":9,"deletions":7},"java":{"insertions":129,"deletions":59}}},{"hash":"712a947b1c20a587b03756791fa2c0bc09f0a668","isMergeCommit":false,"messageTitle":"Implement OOP in main","messageBody":"","tags":["A-MoreOOP"],"fileTypesAndContributionMap":{"java":{"insertions":28,"deletions":283}}},{"hash":"156816cfa79380843721e9c682553ca0b09e60b0","isMergeCommit":false,"messageTitle":"Refactor code","messageBody":"","fileTypesAndContributionMap":{"java":{"insertions":17,"deletions":20}}},{"hash":"d90cf3f62d5da8919e518a7569a1ee450da79849","isMergeCommit":false,"messageTitle":"Implement find function","messageBody":"","fileTypesAndContributionMap":{"java":{"insertions":36,"deletions":4}}},{"hash":"f08bbf25afd891c84cbe79c01f2ad802bca53193","isMergeCommit":false,"messageTitle":"Refactor print list statements","messageBody":"","tags":["Level-9"],"fileTypesAndContributionMap":{"java":{"insertions":16,"deletions":6}}},{"hash":"3646aee8d55981071f855b3c2dfad6cbcf134cce","isMergeCommit":true,"messageTitle":"Merge pull request #1 from hzxnancy/branch-Level-9","messageBody":"Implement Level 9 find function","fileTypesAndContributionMap":{}},{"hash":"ec3e36091684ce51a1ae663fb03a2fa8a631cdb0","isMergeCommit":false,"messageTitle":"Add Javadocs to Cy class","messageBody":"","fileTypesAndContributionMap":{"java":{"insertions":8,"deletions":1}}},{"hash":"095feed3da7f8306ce1ebea7684dd7b4906e4439","isMergeCommit":false,"messageTitle":"Add Javadocs to Parser class","messageBody":"","fileTypesAndContributionMap":{"java":{"insertions":31,"deletions":0}}}]},{"date":"2024-10-02","commitResults":[{"hash":"46690d4ec39443fa571e124400b6484aeb353e62","isMergeCommit":false,"messageTitle":"Add Javadocs for TaskList class","messageBody":"","fileTypesAndContributionMap":{"java":{"insertions":99,"deletions":16}}},{"hash":"e4e7c5ee3058e8c49b126cc098e5640b3bdc978c","isMergeCommit":false,"messageTitle":"Add Javadocs to Storage class","messageBody":"","fileTypesAndContributionMap":{"java":{"insertions":19,"deletions":1}}},{"hash":"a14fc6d73b8d8195bde80098829eb54131b5480d","isMergeCommit":false,"messageTitle":"Add Javadocs to Ui class","messageBody":"","tags":["A-JavaDoc"],"fileTypesAndContributionMap":{"java":{"insertions":11,"deletions":1}}},{"hash":"070221d8a32cef9f5545507716a697f98b00e98e","isMergeCommit":false,"messageTitle":"Update Javadocs","messageBody":"","fileTypesAndContributionMap":{"java":{"insertions":42,"deletions":5}}},{"hash":"ae6aaad08ca7a4e770900ee642c2164e30ca5e3d","isMergeCommit":true,"messageTitle":"Merge pull request #2 from hzxnancy/branch-A-JavaDoc","messageBody":"Add Javadoc comments ","fileTypesAndContributionMap":{}}]},{"date":"2024-10-04","commitResults":[{"hash":"16be40faa52be2aa080f72411f8007c96f807e6c","isMergeCommit":false,"messageTitle":"Fix bugs and update error handling","messageBody":"","fileTypesAndContributionMap":{"java":{"insertions":133,"deletions":32}}},{"hash":"08a06b2543b00a86ee24cb413c65ba2d7bc1544a","isMergeCommit":false,"messageTitle":"Redo OOP with new functions","messageBody":"","fileTypesAndContributionMap":{"java":{"insertions":242,"deletions":401}}}]}]},"authorFileTypeContributionMap":{"hzxnancy":{"java":721,"md":7,"fxml":0,"sh":0,"bat":0,"gradle":0,"txt":9}},"authorContributionVariance":{"hzxnancy":38594.797},"authorDisplayNameMap":{"hzxnancy":"CS2113-W10-2 HAN ..ANCY"}}
