[{"path":"docs/README.md","fileType":"md","lines":[{"lineNumber":1,"author":{"gitId":"Atulteja"},"content":"# JeM User Guide","lastModifiedDate":"2024-08-24","isFullCredit":false},{"lineNumber":2,"author":{"gitId":"-"},"content":"","lastModifiedDate":"2019-07-29","isFullCredit":false},{"lineNumber":3,"author":{"gitId":"-"},"content":"// Update the title above to match the actual product name","lastModifiedDate":"2024-01-07","isFullCredit":false},{"lineNumber":4,"author":{"gitId":"-"},"content":"","lastModifiedDate":"2019-07-29","isFullCredit":false},{"lineNumber":5,"author":{"gitId":"-"},"content":"// Product screenshot goes here","lastModifiedDate":"2024-01-07","isFullCredit":false},{"lineNumber":6,"author":{"gitId":"-"},"content":"","lastModifiedDate":"2021-07-17","isFullCredit":false},{"lineNumber":7,"author":{"gitId":"-"},"content":"// Product intro goes here","lastModifiedDate":"2024-01-07","isFullCredit":false},{"lineNumber":8,"author":{"gitId":"-"},"content":"","lastModifiedDate":"2021-07-17","isFullCredit":false},{"lineNumber":9,"author":{"gitId":"-"},"content":"## Adding deadlines","lastModifiedDate":"2024-01-07","isFullCredit":false},{"lineNumber":10,"author":{"gitId":"-"},"content":"","lastModifiedDate":"2021-07-17","isFullCredit":false},{"lineNumber":11,"author":{"gitId":"-"},"content":"// Describe the action and its outcome.","lastModifiedDate":"2024-01-07","isFullCredit":false},{"lineNumber":12,"author":{"gitId":"-"},"content":"","lastModifiedDate":"2019-07-29","isFullCredit":false},{"lineNumber":13,"author":{"gitId":"-"},"content":"// Give examples of usage","lastModifiedDate":"2024-01-07","isFullCredit":false},{"lineNumber":14,"author":{"gitId":"-"},"content":"","lastModifiedDate":"2019-07-29","isFullCredit":false},{"lineNumber":15,"author":{"gitId":"-"},"content":"Example: `keyword (optional arguments)`","lastModifiedDate":"2024-01-07","isFullCredit":false},{"lineNumber":16,"author":{"gitId":"-"},"content":"","lastModifiedDate":"2019-07-29","isFullCredit":false},{"lineNumber":17,"author":{"gitId":"-"},"content":"// A description of the expected outcome goes here","lastModifiedDate":"2024-01-07","isFullCredit":false},{"lineNumber":18,"author":{"gitId":"-"},"content":"","lastModifiedDate":"2019-07-29","isFullCredit":false},{"lineNumber":19,"author":{"gitId":"-"},"content":"```","lastModifiedDate":"2024-01-07","isFullCredit":false},{"lineNumber":20,"author":{"gitId":"-"},"content":"expected output","lastModifiedDate":"2024-01-07","isFullCredit":false},{"lineNumber":21,"author":{"gitId":"-"},"content":"```","lastModifiedDate":"2024-01-07","isFullCredit":false},{"lineNumber":22,"author":{"gitId":"-"},"content":"","lastModifiedDate":"2019-07-29","isFullCredit":false},{"lineNumber":23,"author":{"gitId":"-"},"content":"## Feature ABC","lastModifiedDate":"2024-01-07","isFullCredit":false},{"lineNumber":24,"author":{"gitId":"-"},"content":"","lastModifiedDate":"2019-07-29","isFullCredit":false},{"lineNumber":25,"author":{"gitId":"-"},"content":"// Feature details","lastModifiedDate":"2024-01-07","isFullCredit":false},{"lineNumber":26,"author":{"gitId":"-"},"content":"","lastModifiedDate":"2019-07-29","isFullCredit":false},{"lineNumber":27,"author":{"gitId":"-"},"content":"","lastModifiedDate":"2021-07-17","isFullCredit":false},{"lineNumber":28,"author":{"gitId":"-"},"content":"## Feature XYZ","lastModifiedDate":"2024-01-07","isFullCredit":false},{"lineNumber":29,"author":{"gitId":"-"},"content":"","lastModifiedDate":"2024-01-07","isFullCredit":false},{"lineNumber":30,"author":{"gitId":"-"},"content":"// Feature details","lastModifiedDate":"2024-01-07","isFullCredit":false}],"authorContributionMap":{"Atulteja":1,"-":29}},{"path":"src/main/java/app/JeM.java","fileType":"java","lines":[{"lineNumber":1,"author":{"gitId":"Atulteja"},"content":"package app;","lastModifiedDate":"2024-09-07","isFullCredit":false},{"lineNumber":2,"author":{"gitId":"Atulteja"},"content":"","lastModifiedDate":"2024-09-07","isFullCredit":false},{"lineNumber":3,"author":{"gitId":"Atulteja"},"content":"import taskmanager.Storage;","lastModifiedDate":"2024-09-07","isFullCredit":false},{"lineNumber":4,"author":{"gitId":"Atulteja"},"content":"import exceptions.InvalidCommandException;","lastModifiedDate":"2024-09-07","isFullCredit":false},{"lineNumber":5,"author":{"gitId":"Atulteja"},"content":"import tasks.Task;","lastModifiedDate":"2024-09-07","isFullCredit":false},{"lineNumber":6,"author":{"gitId":"Atulteja"},"content":"import tasks.Todo;","lastModifiedDate":"2024-09-07","isFullCredit":false},{"lineNumber":7,"author":{"gitId":"Atulteja"},"content":"import tasks.Deadline;","lastModifiedDate":"2024-09-07","isFullCredit":false},{"lineNumber":8,"author":{"gitId":"Atulteja"},"content":"import tasks.Event;","lastModifiedDate":"2024-09-07","isFullCredit":false},{"lineNumber":9,"author":{"gitId":"Atulteja"},"content":"","lastModifiedDate":"2024-09-07","isFullCredit":false},{"lineNumber":10,"author":{"gitId":"Atulteja"},"content":"import java.util.Scanner;","lastModifiedDate":"2024-08-24","isFullCredit":false},{"lineNumber":11,"author":{"gitId":"Atulteja"},"content":"","lastModifiedDate":"2024-08-24","isFullCredit":false},{"lineNumber":12,"author":{"gitId":"Atulteja"},"content":"public class JeM {","lastModifiedDate":"2024-08-24","isFullCredit":false},{"lineNumber":13,"author":{"gitId":"Atulteja"},"content":"","lastModifiedDate":"2024-08-31","isFullCredit":false},{"lineNumber":14,"author":{"gitId":"-"},"content":"    public static void main(String[] args) {","lastModifiedDate":"2024-07-11","isFullCredit":false},{"lineNumber":15,"author":{"gitId":"Atulteja"},"content":"        displayWelcomeMessage();","lastModifiedDate":"2024-08-31","isFullCredit":false},{"lineNumber":16,"author":{"gitId":"Atulteja"},"content":"","lastModifiedDate":"2024-08-31","isFullCredit":false},{"lineNumber":17,"author":{"gitId":"Atulteja"},"content":"        Scanner scanner \u003d new Scanner(System.in);","lastModifiedDate":"2024-08-31","isFullCredit":false},{"lineNumber":18,"author":{"gitId":"Atulteja"},"content":"        Storage storage \u003d new Storage();","lastModifiedDate":"2024-08-31","isFullCredit":false},{"lineNumber":19,"author":{"gitId":"Atulteja"},"content":"","lastModifiedDate":"2024-08-31","isFullCredit":false},{"lineNumber":20,"author":{"gitId":"Atulteja"},"content":"        while (true) {","lastModifiedDate":"2024-08-31","isFullCredit":false},{"lineNumber":21,"author":{"gitId":"Atulteja"},"content":"            String line \u003d scanner.nextLine().trim();","lastModifiedDate":"2024-08-31","isFullCredit":false},{"lineNumber":22,"author":{"gitId":"Atulteja"},"content":"            if (line.equalsIgnoreCase(\"bye\")) {","lastModifiedDate":"2024-08-31","isFullCredit":false},{"lineNumber":23,"author":{"gitId":"Atulteja"},"content":"                exitChatBot();","lastModifiedDate":"2024-09-07","isFullCredit":false},{"lineNumber":24,"author":{"gitId":"Atulteja"},"content":"                break;","lastModifiedDate":"2024-08-31","isFullCredit":false},{"lineNumber":25,"author":{"gitId":"Atulteja"},"content":"            }","lastModifiedDate":"2024-08-31","isFullCredit":false},{"lineNumber":26,"author":{"gitId":"Atulteja"},"content":"            try {","lastModifiedDate":"2024-09-07","isFullCredit":false},{"lineNumber":27,"author":{"gitId":"Atulteja"},"content":"                handleInput(line, storage);","lastModifiedDate":"2024-08-31","isFullCredit":false},{"lineNumber":28,"author":{"gitId":"Atulteja"},"content":"            }catch(InvalidCommandException e) {","lastModifiedDate":"2024-09-07","isFullCredit":false},{"lineNumber":29,"author":{"gitId":"Atulteja"},"content":"                System.out.println(e.getMessage());","lastModifiedDate":"2024-09-07","isFullCredit":false},{"lineNumber":30,"author":{"gitId":"Atulteja"},"content":"            }","lastModifiedDate":"2024-09-07","isFullCredit":false},{"lineNumber":31,"author":{"gitId":"Atulteja"},"content":"        }","lastModifiedDate":"2024-08-31","isFullCredit":false},{"lineNumber":32,"author":{"gitId":"Atulteja"},"content":"        printBreakLine();","lastModifiedDate":"2024-09-07","isFullCredit":false},{"lineNumber":33,"author":{"gitId":"Atulteja"},"content":"        scanner.close();","lastModifiedDate":"2024-08-31","isFullCredit":false},{"lineNumber":34,"author":{"gitId":"Atulteja"},"content":"    }","lastModifiedDate":"2024-08-31","isFullCredit":false},{"lineNumber":35,"author":{"gitId":"Atulteja"},"content":"","lastModifiedDate":"2024-08-31","isFullCredit":false},{"lineNumber":36,"author":{"gitId":"Atulteja"},"content":"    private static void displayWelcomeMessage() {","lastModifiedDate":"2024-08-31","isFullCredit":false},{"lineNumber":37,"author":{"gitId":"-"},"content":"        String logo \u003d \"      _         __  __ \\n\"","lastModifiedDate":"2024-07-11","isFullCredit":false},{"lineNumber":38,"author":{"gitId":"-"},"content":"                + \"     | |       |  \\\\/  |\\n\"","lastModifiedDate":"2024-07-11","isFullCredit":false},{"lineNumber":39,"author":{"gitId":"-"},"content":"                + \"     | |  ___  | |\\\\/| |\\n\"","lastModifiedDate":"2024-07-11","isFullCredit":false},{"lineNumber":40,"author":{"gitId":"-"},"content":"                + \" _   | | / _ \\\\ | |  | |\\n\"","lastModifiedDate":"2024-07-11","isFullCredit":false},{"lineNumber":41,"author":{"gitId":"-"},"content":"                + \"| |__| ||  __/ | |  | |\\n\"","lastModifiedDate":"2024-07-11","isFullCredit":false},{"lineNumber":42,"author":{"gitId":"-"},"content":"                + \" \\\\____/  \\\\___| |_|  |_|\\n\";","lastModifiedDate":"2024-07-11","isFullCredit":false},{"lineNumber":43,"author":{"gitId":"-"},"content":"        System.out.println(\"Hello from\\n\" + logo);","lastModifiedDate":"2024-07-11","isFullCredit":false},{"lineNumber":44,"author":{"gitId":"Atulteja"},"content":"","lastModifiedDate":"2024-08-24","isFullCredit":false},{"lineNumber":45,"author":{"gitId":"Atulteja"},"content":"        printBreakLine();","lastModifiedDate":"2024-09-07","isFullCredit":false},{"lineNumber":46,"author":{"gitId":"Atulteja"},"content":"","lastModifiedDate":"2024-08-24","isFullCredit":false},{"lineNumber":47,"author":{"gitId":"Atulteja"},"content":"        System.out.println(\" Hello! I\u0027m JeM, Your e-Assistant\");","lastModifiedDate":"2024-08-24","isFullCredit":false},{"lineNumber":48,"author":{"gitId":"Atulteja"},"content":"        System.out.println(\" Personal To-Do list bot! \");","lastModifiedDate":"2024-08-24","isFullCredit":false},{"lineNumber":49,"author":{"gitId":"Atulteja"},"content":"        System.out.println(\" Just type out your tasks you have to complete and I will make a list of them for you.\");","lastModifiedDate":"2024-08-31","isFullCredit":false},{"lineNumber":50,"author":{"gitId":"Atulteja"},"content":"        System.out.println(\" For tasks with no deadline, type todo \u003ctask name\u003e, for tasks with deadlines, type deadline \u003ctask name\u003e /by \u003cdate and time\u003e\");","lastModifiedDate":"2024-09-07","isFullCredit":false},{"lineNumber":51,"author":{"gitId":"Atulteja"},"content":"        System.out.println(\" For events, type event \u003ctask name\u003e /from \u003cdate and time\u003e /to \u003cdate and time\u003e\");","lastModifiedDate":"2024-09-07","isFullCredit":false},{"lineNumber":52,"author":{"gitId":"Atulteja"},"content":"        System.out.println(\" Type \u0027list\u0027 to see the current list of tasks,\u0027delete \u003ctask number\u003e\u0027 to delete that task\");","lastModifiedDate":"2024-09-14","isFullCredit":false},{"lineNumber":53,"author":{"gitId":"Atulteja"},"content":"        System.out.println(\" Finally, type \u0027bye\u0027 to end the chat!\");","lastModifiedDate":"2024-08-31","isFullCredit":false},{"lineNumber":54,"author":{"gitId":"Atulteja"},"content":"","lastModifiedDate":"2024-08-24","isFullCredit":false},{"lineNumber":55,"author":{"gitId":"Atulteja"},"content":"        printBreakLine();","lastModifiedDate":"2024-09-07","isFullCredit":false},{"lineNumber":56,"author":{"gitId":"Atulteja"},"content":"    }","lastModifiedDate":"2024-08-31","isFullCredit":false},{"lineNumber":57,"author":{"gitId":"Atulteja"},"content":"","lastModifiedDate":"2024-08-24","isFullCredit":false},{"lineNumber":58,"author":{"gitId":"Atulteja"},"content":"    private static void handleInput(String line, Storage storage) throws InvalidCommandException {","lastModifiedDate":"2024-09-07","isFullCredit":false},{"lineNumber":59,"author":{"gitId":"Atulteja"},"content":"        if (line.equalsIgnoreCase(\"list\")) {","lastModifiedDate":"2024-08-31","isFullCredit":false},{"lineNumber":60,"author":{"gitId":"Atulteja"},"content":"            storage.storageList();","lastModifiedDate":"2024-08-24","isFullCredit":false},{"lineNumber":61,"author":{"gitId":"Atulteja"},"content":"        } else if (line.toLowerCase().startsWith(\"delete\")) {","lastModifiedDate":"2024-08-31","isFullCredit":false},{"lineNumber":62,"author":{"gitId":"Atulteja"},"content":"            handleDeleteCommand(line, storage);","lastModifiedDate":"2024-08-31","isFullCredit":false},{"lineNumber":63,"author":{"gitId":"Atulteja"},"content":"        } else if (line.toLowerCase().startsWith(\"unmark\")) {","lastModifiedDate":"2024-08-31","isFullCredit":false},{"lineNumber":64,"author":{"gitId":"Atulteja"},"content":"            handleUnmarkCommand(line, storage);","lastModifiedDate":"2024-08-31","isFullCredit":false},{"lineNumber":65,"author":{"gitId":"Atulteja"},"content":"        } else if (line.toLowerCase().startsWith(\"mark\")) {","lastModifiedDate":"2024-08-31","isFullCredit":false},{"lineNumber":66,"author":{"gitId":"Atulteja"},"content":"            handleMarkCommand(line, storage);","lastModifiedDate":"2024-08-31","isFullCredit":false},{"lineNumber":67,"author":{"gitId":"Atulteja"},"content":"        } else if (line.toLowerCase().startsWith(\"todo\")) {","lastModifiedDate":"2024-08-31","isFullCredit":false},{"lineNumber":68,"author":{"gitId":"Atulteja"},"content":"            handleTodoCommand(line, storage);","lastModifiedDate":"2024-08-31","isFullCredit":false},{"lineNumber":69,"author":{"gitId":"Atulteja"},"content":"        } else if (line.toLowerCase().startsWith(\"deadline\")) {","lastModifiedDate":"2024-08-31","isFullCredit":false},{"lineNumber":70,"author":{"gitId":"Atulteja"},"content":"            handleDeadlineCommand(line, storage);","lastModifiedDate":"2024-08-31","isFullCredit":false},{"lineNumber":71,"author":{"gitId":"Atulteja"},"content":"        } else if (line.toLowerCase().startsWith(\"event\")) {","lastModifiedDate":"2024-08-31","isFullCredit":false},{"lineNumber":72,"author":{"gitId":"Atulteja"},"content":"            handleEventCommand(line, storage);","lastModifiedDate":"2024-08-31","isFullCredit":false},{"lineNumber":73,"author":{"gitId":"Atulteja"},"content":"        }else {","lastModifiedDate":"2024-08-31","isFullCredit":false},{"lineNumber":74,"author":{"gitId":"Atulteja"},"content":"            System.out.println(\"Unknown command: \" + line);","lastModifiedDate":"2024-08-31","isFullCredit":false},{"lineNumber":75,"author":{"gitId":"Atulteja"},"content":"        }","lastModifiedDate":"2024-08-31","isFullCredit":false},{"lineNumber":76,"author":{"gitId":"Atulteja"},"content":"    }","lastModifiedDate":"2024-08-31","isFullCredit":false},{"lineNumber":77,"author":{"gitId":"Atulteja"},"content":"","lastModifiedDate":"2024-08-31","isFullCredit":false},{"lineNumber":78,"author":{"gitId":"Atulteja"},"content":"    private static void handleDeleteCommand(String line, Storage storage) throws InvalidCommandException {","lastModifiedDate":"2024-09-07","isFullCredit":false},{"lineNumber":79,"author":{"gitId":"Atulteja"},"content":"        String[] parts \u003d line.split(\" \");","lastModifiedDate":"2024-09-07","isFullCredit":false},{"lineNumber":80,"author":{"gitId":"Atulteja"},"content":"        if (parts.length \u003c 2){","lastModifiedDate":"2024-09-07","isFullCredit":false},{"lineNumber":81,"author":{"gitId":"Atulteja"},"content":"            throw new InvalidCommandException(\"Provide index of the task to delete\");","lastModifiedDate":"2024-09-07","isFullCredit":false},{"lineNumber":82,"author":{"gitId":"Atulteja"},"content":"        }","lastModifiedDate":"2024-09-07","isFullCredit":false},{"lineNumber":83,"author":{"gitId":"Atulteja"},"content":"        int index \u003d Integer.parseInt(parts[1]);","lastModifiedDate":"2024-09-07","isFullCredit":false},{"lineNumber":84,"author":{"gitId":"Atulteja"},"content":"        System.out.println(\"I have removed this task: \");","lastModifiedDate":"2024-09-14","isFullCredit":false},{"lineNumber":85,"author":{"gitId":"Atulteja"},"content":"        storage.storageDelete(index);","lastModifiedDate":"2024-08-24","isFullCredit":false},{"lineNumber":86,"author":{"gitId":"Atulteja"},"content":"        storage.storageList();","lastModifiedDate":"2024-08-24","isFullCredit":false},{"lineNumber":87,"author":{"gitId":"Atulteja"},"content":"    }","lastModifiedDate":"2024-08-31","isFullCredit":false},{"lineNumber":88,"author":{"gitId":"Atulteja"},"content":"","lastModifiedDate":"2024-08-31","isFullCredit":false},{"lineNumber":89,"author":{"gitId":"Atulteja"},"content":"","lastModifiedDate":"2024-09-14","isFullCredit":false},{"lineNumber":90,"author":{"gitId":"Atulteja"},"content":"    private static void handleUnmarkCommand(String line, Storage storage) throws InvalidCommandException {","lastModifiedDate":"2024-09-07","isFullCredit":false},{"lineNumber":91,"author":{"gitId":"Atulteja"},"content":"        String[] parts \u003d line.split(\" \");","lastModifiedDate":"2024-09-07","isFullCredit":false},{"lineNumber":92,"author":{"gitId":"Atulteja"},"content":"        if (parts.length \u003c 2){","lastModifiedDate":"2024-09-07","isFullCredit":false},{"lineNumber":93,"author":{"gitId":"Atulteja"},"content":"            throw new InvalidCommandException(\"Provide index of the task to unmark\");","lastModifiedDate":"2024-09-07","isFullCredit":false},{"lineNumber":94,"author":{"gitId":"Atulteja"},"content":"        }","lastModifiedDate":"2024-09-07","isFullCredit":false},{"lineNumber":95,"author":{"gitId":"Atulteja"},"content":"        int index \u003d Integer.parseInt(line.split(\" \")[1]);","lastModifiedDate":"2024-08-31","isFullCredit":false},{"lineNumber":96,"author":{"gitId":"Atulteja"},"content":"        storage.storageUnmark(index);","lastModifiedDate":"2024-08-25","isFullCredit":false},{"lineNumber":97,"author":{"gitId":"Atulteja"},"content":"        storage.storageList();","lastModifiedDate":"2024-08-25","isFullCredit":false},{"lineNumber":98,"author":{"gitId":"Atulteja"},"content":"    }","lastModifiedDate":"2024-08-31","isFullCredit":false},{"lineNumber":99,"author":{"gitId":"Atulteja"},"content":"","lastModifiedDate":"2024-08-31","isFullCredit":false},{"lineNumber":100,"author":{"gitId":"Atulteja"},"content":"    private static void handleMarkCommand(String line, Storage storage) throws InvalidCommandException {","lastModifiedDate":"2024-09-07","isFullCredit":false},{"lineNumber":101,"author":{"gitId":"Atulteja"},"content":"        String[] parts \u003d line.split(\" \");","lastModifiedDate":"2024-09-07","isFullCredit":false},{"lineNumber":102,"author":{"gitId":"Atulteja"},"content":"        if (parts.length \u003c 2){","lastModifiedDate":"2024-09-07","isFullCredit":false},{"lineNumber":103,"author":{"gitId":"Atulteja"},"content":"            throw new InvalidCommandException(\"Provide index of the task to mark\");","lastModifiedDate":"2024-09-07","isFullCredit":false},{"lineNumber":104,"author":{"gitId":"Atulteja"},"content":"        }","lastModifiedDate":"2024-09-07","isFullCredit":false},{"lineNumber":105,"author":{"gitId":"Atulteja"},"content":"        int index \u003d Integer.parseInt(line.split(\" \")[1]);","lastModifiedDate":"2024-08-31","isFullCredit":false},{"lineNumber":106,"author":{"gitId":"Atulteja"},"content":"        storage.storageMark(index);","lastModifiedDate":"2024-08-25","isFullCredit":false},{"lineNumber":107,"author":{"gitId":"Atulteja"},"content":"        storage.storageList();","lastModifiedDate":"2024-08-25","isFullCredit":false},{"lineNumber":108,"author":{"gitId":"Atulteja"},"content":"    }","lastModifiedDate":"2024-08-24","isFullCredit":false},{"lineNumber":109,"author":{"gitId":"Atulteja"},"content":"","lastModifiedDate":"2024-08-24","isFullCredit":false},{"lineNumber":110,"author":{"gitId":"Atulteja"},"content":"    private static void handleTodoCommand(String line, Storage storage) throws InvalidCommandException {","lastModifiedDate":"2024-09-07","isFullCredit":false},{"lineNumber":111,"author":{"gitId":"Atulteja"},"content":"        if (line.trim().length() \u003c\u003d 4){","lastModifiedDate":"2024-09-07","isFullCredit":false},{"lineNumber":112,"author":{"gitId":"Atulteja"},"content":"            throw new InvalidCommandException(\"The description of the todo task cannot be empty\");","lastModifiedDate":"2024-09-07","isFullCredit":false},{"lineNumber":113,"author":{"gitId":"Atulteja"},"content":"        }","lastModifiedDate":"2024-09-07","isFullCredit":false},{"lineNumber":114,"author":{"gitId":"Atulteja"},"content":"","lastModifiedDate":"2024-09-07","isFullCredit":false},{"lineNumber":115,"author":{"gitId":"Atulteja"},"content":"        String taskContent \u003d line.substring(5).trim();","lastModifiedDate":"2024-08-31","isFullCredit":false},{"lineNumber":116,"author":{"gitId":"Atulteja"},"content":"        Task task \u003d new Todo(taskContent);","lastModifiedDate":"2024-08-31","isFullCredit":false},{"lineNumber":117,"author":{"gitId":"Atulteja"},"content":"        storage.storageInsert(task);","lastModifiedDate":"2024-08-31","isFullCredit":false},{"lineNumber":118,"author":{"gitId":"Atulteja"},"content":"    }","lastModifiedDate":"2024-08-24","isFullCredit":false},{"lineNumber":119,"author":{"gitId":"Atulteja"},"content":"","lastModifiedDate":"2024-08-24","isFullCredit":false},{"lineNumber":120,"author":{"gitId":"Atulteja"},"content":"    private static void handleDeadlineCommand(String line, Storage storage) throws InvalidCommandException {","lastModifiedDate":"2024-09-07","isFullCredit":false},{"lineNumber":121,"author":{"gitId":"Atulteja"},"content":"        String[] parts \u003d line.substring(8).split(\" /by \");","lastModifiedDate":"2024-09-14","isFullCredit":false},{"lineNumber":122,"author":{"gitId":"Atulteja"},"content":"        if (parts[0].trim().isEmpty() ){","lastModifiedDate":"2024-09-14","isFullCredit":false},{"lineNumber":123,"author":{"gitId":"Atulteja"},"content":"            throw new InvalidCommandException(\"The description of the deadline task cannot be empty\");","lastModifiedDate":"2024-09-07","isFullCredit":false},{"lineNumber":124,"author":{"gitId":"Atulteja"},"content":"        }","lastModifiedDate":"2024-09-07","isFullCredit":false},{"lineNumber":125,"author":{"gitId":"Atulteja"},"content":"        if (parts.length \u003c 2){","lastModifiedDate":"2024-09-07","isFullCredit":false},{"lineNumber":126,"author":{"gitId":"Atulteja"},"content":"            throw new InvalidCommandException(\"The deadline of the task cannot be empty\");","lastModifiedDate":"2024-09-07","isFullCredit":false},{"lineNumber":127,"author":{"gitId":"Atulteja"},"content":"        }","lastModifiedDate":"2024-09-07","isFullCredit":false},{"lineNumber":128,"author":{"gitId":"Atulteja"},"content":"        String taskContent \u003d parts[0].trim();","lastModifiedDate":"2024-08-31","isFullCredit":false},{"lineNumber":129,"author":{"gitId":"Atulteja"},"content":"        String deadline \u003d parts[1].trim();","lastModifiedDate":"2024-08-31","isFullCredit":false},{"lineNumber":130,"author":{"gitId":"Atulteja"},"content":"        Task task \u003d new Deadline(taskContent, deadline);","lastModifiedDate":"2024-08-31","isFullCredit":false},{"lineNumber":131,"author":{"gitId":"Atulteja"},"content":"        storage.storageInsert(task);","lastModifiedDate":"2024-08-31","isFullCredit":false},{"lineNumber":132,"author":{"gitId":"Atulteja"},"content":"    }","lastModifiedDate":"2024-08-31","isFullCredit":false},{"lineNumber":133,"author":{"gitId":"Atulteja"},"content":"","lastModifiedDate":"2024-08-31","isFullCredit":false},{"lineNumber":134,"author":{"gitId":"Atulteja"},"content":"    private static void handleEventCommand(String line, Storage storage) throws InvalidCommandException {","lastModifiedDate":"2024-09-07","isFullCredit":false},{"lineNumber":135,"author":{"gitId":"Atulteja"},"content":"        if (!line.contains(\"/from\") || !line.contains(\"/to\")) {","lastModifiedDate":"2024-09-07","isFullCredit":false},{"lineNumber":136,"author":{"gitId":"Atulteja"},"content":"            throw new InvalidCommandException(\"Missing start or end date and time\");","lastModifiedDate":"2024-09-07","isFullCredit":false},{"lineNumber":137,"author":{"gitId":"Atulteja"},"content":"        }","lastModifiedDate":"2024-09-07","isFullCredit":false},{"lineNumber":138,"author":{"gitId":"Atulteja"},"content":"","lastModifiedDate":"2024-09-07","isFullCredit":false},{"lineNumber":139,"author":{"gitId":"Atulteja"},"content":"        String[] parts \u003d line.split(\" /from \");","lastModifiedDate":"2024-09-07","isFullCredit":false},{"lineNumber":140,"author":{"gitId":"Atulteja"},"content":"        String preCleanedTaskContent \u003d parts[0].trim();","lastModifiedDate":"2024-09-14","isFullCredit":false},{"lineNumber":141,"author":{"gitId":"Atulteja"},"content":"","lastModifiedDate":"2024-09-07","isFullCredit":false},{"lineNumber":142,"author":{"gitId":"Atulteja"},"content":"        if (preCleanedTaskContent.length() \u003c\u003d 5) {","lastModifiedDate":"2024-09-07","isFullCredit":false},{"lineNumber":143,"author":{"gitId":"Atulteja"},"content":"            throw new InvalidCommandException(\"The description of the event task is missing\");","lastModifiedDate":"2024-09-07","isFullCredit":false},{"lineNumber":144,"author":{"gitId":"Atulteja"},"content":"        }","lastModifiedDate":"2024-09-07","isFullCredit":false},{"lineNumber":145,"author":{"gitId":"Atulteja"},"content":"","lastModifiedDate":"2024-09-07","isFullCredit":false},{"lineNumber":146,"author":{"gitId":"Atulteja"},"content":"        String taskContent \u003d preCleanedTaskContent.substring(5).trim();","lastModifiedDate":"2024-09-07","isFullCredit":false},{"lineNumber":147,"author":{"gitId":"Atulteja"},"content":"","lastModifiedDate":"2024-09-07","isFullCredit":false},{"lineNumber":148,"author":{"gitId":"Atulteja"},"content":"","lastModifiedDate":"2024-09-07","isFullCredit":false},{"lineNumber":149,"author":{"gitId":"Atulteja"},"content":"        String[] dateTime \u003d parts[1].split(\" /to \");","lastModifiedDate":"2024-08-31","isFullCredit":false},{"lineNumber":150,"author":{"gitId":"Atulteja"},"content":"","lastModifiedDate":"2024-09-07","isFullCredit":false},{"lineNumber":151,"author":{"gitId":"Atulteja"},"content":"        if (dateTime.length \u003c 2) {","lastModifiedDate":"2024-09-07","isFullCredit":false},{"lineNumber":152,"author":{"gitId":"Atulteja"},"content":"            throw new InvalidCommandException(\"The start or end date and time are missing\");","lastModifiedDate":"2024-09-07","isFullCredit":false},{"lineNumber":153,"author":{"gitId":"Atulteja"},"content":"        }","lastModifiedDate":"2024-09-07","isFullCredit":false},{"lineNumber":154,"author":{"gitId":"Atulteja"},"content":"","lastModifiedDate":"2024-09-07","isFullCredit":false},{"lineNumber":155,"author":{"gitId":"Atulteja"},"content":"        String start \u003d dateTime[0].trim();","lastModifiedDate":"2024-08-31","isFullCredit":false},{"lineNumber":156,"author":{"gitId":"Atulteja"},"content":"        String end \u003d dateTime[1].trim();","lastModifiedDate":"2024-08-31","isFullCredit":false},{"lineNumber":157,"author":{"gitId":"Atulteja"},"content":"","lastModifiedDate":"2024-09-07","isFullCredit":false},{"lineNumber":158,"author":{"gitId":"Atulteja"},"content":"        Task task \u003d new Event(taskContent, start, end);","lastModifiedDate":"2024-08-31","isFullCredit":false},{"lineNumber":159,"author":{"gitId":"Atulteja"},"content":"        storage.storageInsert(task);","lastModifiedDate":"2024-08-31","isFullCredit":false},{"lineNumber":160,"author":{"gitId":"-"},"content":"    }","lastModifiedDate":"2024-07-11","isFullCredit":false},{"lineNumber":161,"author":{"gitId":"Atulteja"},"content":"","lastModifiedDate":"2024-09-07","isFullCredit":false},{"lineNumber":162,"author":{"gitId":"Atulteja"},"content":"    private static void exitChatBot() {","lastModifiedDate":"2024-09-07","isFullCredit":false},{"lineNumber":163,"author":{"gitId":"Atulteja"},"content":"        System.out.println(\"Bye. Hope to see you again soon!\");","lastModifiedDate":"2024-09-07","isFullCredit":false},{"lineNumber":164,"author":{"gitId":"Atulteja"},"content":"    }","lastModifiedDate":"2024-09-07","isFullCredit":false},{"lineNumber":165,"author":{"gitId":"Atulteja"},"content":"","lastModifiedDate":"2024-09-07","isFullCredit":false},{"lineNumber":166,"author":{"gitId":"Atulteja"},"content":"    private static void printBreakLine() {","lastModifiedDate":"2024-09-07","isFullCredit":false},{"lineNumber":167,"author":{"gitId":"Atulteja"},"content":"        System.out.println(\"____________________________________________________________\");","lastModifiedDate":"2024-09-07","isFullCredit":false},{"lineNumber":168,"author":{"gitId":"Atulteja"},"content":"    }","lastModifiedDate":"2024-09-07","isFullCredit":false},{"lineNumber":169,"author":{"gitId":"-"},"content":"}","lastModifiedDate":"2024-07-11","isFullCredit":false}],"authorContributionMap":{"Atulteja":159,"-":10}},{"path":"src/main/java/exceptions/InvalidCommandException.java","fileType":"java","lines":[{"lineNumber":1,"author":{"gitId":"Atulteja"},"content":"package exceptions;","lastModifiedDate":"2024-09-07","isFullCredit":false},{"lineNumber":2,"author":{"gitId":"Atulteja"},"content":"","lastModifiedDate":"2024-09-07","isFullCredit":false},{"lineNumber":3,"author":{"gitId":"Atulteja"},"content":"public class InvalidCommandException extends Exception{","lastModifiedDate":"2024-09-07","isFullCredit":false},{"lineNumber":4,"author":{"gitId":"Atulteja"},"content":"    public InvalidCommandException(String message){","lastModifiedDate":"2024-09-07","isFullCredit":false},{"lineNumber":5,"author":{"gitId":"Atulteja"},"content":"        super(message);","lastModifiedDate":"2024-09-07","isFullCredit":false},{"lineNumber":6,"author":{"gitId":"Atulteja"},"content":"    }","lastModifiedDate":"2024-09-07","isFullCredit":false},{"lineNumber":7,"author":{"gitId":"Atulteja"},"content":"}","lastModifiedDate":"2024-09-07","isFullCredit":false}],"authorContributionMap":{"Atulteja":7}},{"path":"src/main/java/taskmanager/Storage.java","fileType":"java","lines":[{"lineNumber":1,"author":{"gitId":"Atulteja"},"content":"package taskmanager;","lastModifiedDate":"2024-09-07","isFullCredit":false},{"lineNumber":2,"author":{"gitId":"Atulteja"},"content":"","lastModifiedDate":"2024-09-07","isFullCredit":false},{"lineNumber":3,"author":{"gitId":"Atulteja"},"content":"import tasks.Task;","lastModifiedDate":"2024-09-07","isFullCredit":false},{"lineNumber":4,"author":{"gitId":"Atulteja"},"content":"import tasks.Deadline;","lastModifiedDate":"2024-09-07","isFullCredit":false},{"lineNumber":5,"author":{"gitId":"Atulteja"},"content":"import tasks.Event;","lastModifiedDate":"2024-09-07","isFullCredit":false},{"lineNumber":6,"author":{"gitId":"Atulteja"},"content":"import exceptions.InvalidCommandException;","lastModifiedDate":"2024-09-07","isFullCredit":false},{"lineNumber":7,"author":{"gitId":"Atulteja"},"content":"","lastModifiedDate":"2024-09-07","isFullCredit":false},{"lineNumber":8,"author":{"gitId":"Atulteja"},"content":"import java.util.ArrayList;","lastModifiedDate":"2024-08-24","isFullCredit":false},{"lineNumber":9,"author":{"gitId":"Atulteja"},"content":"import java.util.List;","lastModifiedDate":"2024-08-24","isFullCredit":false},{"lineNumber":10,"author":{"gitId":"Atulteja"},"content":"","lastModifiedDate":"2024-08-24","isFullCredit":false},{"lineNumber":11,"author":{"gitId":"Atulteja"},"content":"","lastModifiedDate":"2024-08-24","isFullCredit":false},{"lineNumber":12,"author":{"gitId":"Atulteja"},"content":"public class Storage {","lastModifiedDate":"2024-08-31","isFullCredit":false},{"lineNumber":13,"author":{"gitId":"Atulteja"},"content":"","lastModifiedDate":"2024-08-24","isFullCredit":false},{"lineNumber":14,"author":{"gitId":"Atulteja"},"content":"","lastModifiedDate":"2024-08-28","isFullCredit":false},{"lineNumber":15,"author":{"gitId":"Atulteja"},"content":"    private List\u003cTask\u003e taskList;","lastModifiedDate":"2024-08-28","isFullCredit":false},{"lineNumber":16,"author":{"gitId":"Atulteja"},"content":"","lastModifiedDate":"2024-08-24","isFullCredit":false},{"lineNumber":17,"author":{"gitId":"Atulteja"},"content":"    public Storage() {","lastModifiedDate":"2024-08-31","isFullCredit":false},{"lineNumber":18,"author":{"gitId":"Atulteja"},"content":"        taskList \u003d new ArrayList\u003cTask\u003e();","lastModifiedDate":"2024-08-28","isFullCredit":false},{"lineNumber":19,"author":{"gitId":"Atulteja"},"content":"    }","lastModifiedDate":"2024-08-24","isFullCredit":false},{"lineNumber":20,"author":{"gitId":"Atulteja"},"content":"","lastModifiedDate":"2024-08-24","isFullCredit":false},{"lineNumber":21,"author":{"gitId":"Atulteja"},"content":"    public void storageInsert(Task task) {","lastModifiedDate":"2024-08-28","isFullCredit":false},{"lineNumber":22,"author":{"gitId":"Atulteja"},"content":"        taskList.add(task);","lastModifiedDate":"2024-08-28","isFullCredit":false},{"lineNumber":23,"author":{"gitId":"Atulteja"},"content":"        int numOfTasks \u003d taskList.size();","lastModifiedDate":"2024-08-31","isFullCredit":false},{"lineNumber":24,"author":{"gitId":"Atulteja"},"content":"","lastModifiedDate":"2024-08-31","isFullCredit":false},{"lineNumber":25,"author":{"gitId":"Atulteja"},"content":"        System.out.println(\"Got it. I\u0027ve added this task:\");","lastModifiedDate":"2024-08-31","isFullCredit":false},{"lineNumber":26,"author":{"gitId":"Atulteja"},"content":"        System.out.print(task.getStatusIcon() + \" \" + task.getContents());","lastModifiedDate":"2024-08-31","isFullCredit":false},{"lineNumber":27,"author":{"gitId":"Atulteja"},"content":"","lastModifiedDate":"2024-08-31","isFullCredit":false},{"lineNumber":28,"author":{"gitId":"Atulteja"},"content":"        if (task instanceof Deadline) {","lastModifiedDate":"2024-08-31","isFullCredit":false},{"lineNumber":29,"author":{"gitId":"Atulteja"},"content":"            System.out.print(\" (by: \" + ((Deadline) task).getDeadline() + \")\");","lastModifiedDate":"2024-08-31","isFullCredit":false},{"lineNumber":30,"author":{"gitId":"Atulteja"},"content":"        } else if (task instanceof Event) {","lastModifiedDate":"2024-08-31","isFullCredit":false},{"lineNumber":31,"author":{"gitId":"Atulteja"},"content":"            System.out.print(\" (from: \" + ((Event) task).getStart() + \" to: \" + ((Event) task).getEnd() + \")\");","lastModifiedDate":"2024-08-31","isFullCredit":false},{"lineNumber":32,"author":{"gitId":"Atulteja"},"content":"        }","lastModifiedDate":"2024-08-24","isFullCredit":false},{"lineNumber":33,"author":{"gitId":"Atulteja"},"content":"","lastModifiedDate":"2024-08-24","isFullCredit":false},{"lineNumber":34,"author":{"gitId":"Atulteja"},"content":"        System.out.println();","lastModifiedDate":"2024-08-31","isFullCredit":false},{"lineNumber":35,"author":{"gitId":"Atulteja"},"content":"        System.out.println(\"Now you have \" + numOfTasks + \" tasks in your list.\");","lastModifiedDate":"2024-08-31","isFullCredit":false},{"lineNumber":36,"author":{"gitId":"Atulteja"},"content":"    }","lastModifiedDate":"2024-08-31","isFullCredit":false},{"lineNumber":37,"author":{"gitId":"Atulteja"},"content":"","lastModifiedDate":"2024-08-26","isFullCredit":false},{"lineNumber":38,"author":{"gitId":"Atulteja"},"content":"    public void storageDelete(int index) throws InvalidCommandException {","lastModifiedDate":"2024-09-07","isFullCredit":false},{"lineNumber":39,"author":{"gitId":"Atulteja"},"content":"        if (index \u003e taskList.size()) {","lastModifiedDate":"2024-09-07","isFullCredit":false},{"lineNumber":40,"author":{"gitId":"Atulteja"},"content":"            throw new InvalidCommandException(\"Task number \" + index + \" does not exist\");","lastModifiedDate":"2024-09-07","isFullCredit":false},{"lineNumber":41,"author":{"gitId":"Atulteja"},"content":"        }","lastModifiedDate":"2024-09-07","isFullCredit":false},{"lineNumber":42,"author":{"gitId":"Atulteja"},"content":"        taskList.remove(index - 1);","lastModifiedDate":"2024-08-28","isFullCredit":false},{"lineNumber":43,"author":{"gitId":"Atulteja"},"content":"    }","lastModifiedDate":"2024-08-24","isFullCredit":false},{"lineNumber":44,"author":{"gitId":"Atulteja"},"content":"","lastModifiedDate":"2024-08-24","isFullCredit":false},{"lineNumber":45,"author":{"gitId":"Atulteja"},"content":"    public void storageMark(int index) throws InvalidCommandException {","lastModifiedDate":"2024-09-07","isFullCredit":false},{"lineNumber":46,"author":{"gitId":"Atulteja"},"content":"        if (index \u003e taskList.size()) {","lastModifiedDate":"2024-09-07","isFullCredit":false},{"lineNumber":47,"author":{"gitId":"Atulteja"},"content":"            throw new InvalidCommandException(\"Task number \" + index + \" does not exist\");","lastModifiedDate":"2024-09-07","isFullCredit":false},{"lineNumber":48,"author":{"gitId":"Atulteja"},"content":"        }","lastModifiedDate":"2024-09-07","isFullCredit":false},{"lineNumber":49,"author":{"gitId":"Atulteja"},"content":"        taskList.get(index - 1).setStatus();","lastModifiedDate":"2024-08-28","isFullCredit":false},{"lineNumber":50,"author":{"gitId":"Atulteja"},"content":"    }","lastModifiedDate":"2024-08-25","isFullCredit":false},{"lineNumber":51,"author":{"gitId":"Atulteja"},"content":"","lastModifiedDate":"2024-08-25","isFullCredit":false},{"lineNumber":52,"author":{"gitId":"Atulteja"},"content":"    public void storageUnmark(int index) throws InvalidCommandException {","lastModifiedDate":"2024-09-07","isFullCredit":false},{"lineNumber":53,"author":{"gitId":"Atulteja"},"content":"        if (index \u003e taskList.size()) {","lastModifiedDate":"2024-09-07","isFullCredit":false},{"lineNumber":54,"author":{"gitId":"Atulteja"},"content":"            throw new InvalidCommandException(\"Task number \" + index + \" does not exist\");","lastModifiedDate":"2024-09-07","isFullCredit":false},{"lineNumber":55,"author":{"gitId":"Atulteja"},"content":"        }","lastModifiedDate":"2024-09-07","isFullCredit":false},{"lineNumber":56,"author":{"gitId":"Atulteja"},"content":"        taskList.get(index - 1).unsetStatus();","lastModifiedDate":"2024-08-28","isFullCredit":false},{"lineNumber":57,"author":{"gitId":"Atulteja"},"content":"    }","lastModifiedDate":"2024-08-25","isFullCredit":false},{"lineNumber":58,"author":{"gitId":"Atulteja"},"content":"","lastModifiedDate":"2024-08-25","isFullCredit":false},{"lineNumber":59,"author":{"gitId":"Atulteja"},"content":"    public void storageList() {","lastModifiedDate":"2024-08-24","isFullCredit":false},{"lineNumber":60,"author":{"gitId":"Atulteja"},"content":"        System.out.println(\"Here is your current list: \");","lastModifiedDate":"2024-08-24","isFullCredit":false},{"lineNumber":61,"author":{"gitId":"Atulteja"},"content":"","lastModifiedDate":"2024-08-26","isFullCredit":false},{"lineNumber":62,"author":{"gitId":"Atulteja"},"content":"        int index \u003d 0;","lastModifiedDate":"2024-08-24","isFullCredit":false},{"lineNumber":63,"author":{"gitId":"Atulteja"},"content":"        for (Task task : taskList) {","lastModifiedDate":"2024-08-28","isFullCredit":false},{"lineNumber":64,"author":{"gitId":"Atulteja"},"content":"            if (task instanceof Deadline) {","lastModifiedDate":"2024-08-31","isFullCredit":false},{"lineNumber":65,"author":{"gitId":"Atulteja"},"content":"                System.out.println((index + 1) + \".\" + task.getStatusIcon() + \" \" + task + \" (by: \" + ((Deadline) task).getDeadline() + \")\");","lastModifiedDate":"2024-08-31","isFullCredit":false},{"lineNumber":66,"author":{"gitId":"Atulteja"},"content":"            } else if (task instanceof Event) {","lastModifiedDate":"2024-08-31","isFullCredit":false},{"lineNumber":67,"author":{"gitId":"Atulteja"},"content":"                System.out.println((index + 1) + \".\" + task.getStatusIcon() + \" \" + task + \" (from: \" + ((Event) task).getStart() + \" to: \" + ((Event) task).getEnd() + \")\");","lastModifiedDate":"2024-08-31","isFullCredit":false},{"lineNumber":68,"author":{"gitId":"Atulteja"},"content":"            } else {","lastModifiedDate":"2024-08-31","isFullCredit":false},{"lineNumber":69,"author":{"gitId":"Atulteja"},"content":"                System.out.println((index + 1) + \".\" + task.getStatusIcon() + \" \" + task);","lastModifiedDate":"2024-08-28","isFullCredit":false},{"lineNumber":70,"author":{"gitId":"Atulteja"},"content":"            }","lastModifiedDate":"2024-08-31","isFullCredit":false},{"lineNumber":71,"author":{"gitId":"Atulteja"},"content":"            index++;","lastModifiedDate":"2024-08-24","isFullCredit":false},{"lineNumber":72,"author":{"gitId":"Atulteja"},"content":"        }","lastModifiedDate":"2024-08-24","isFullCredit":false},{"lineNumber":73,"author":{"gitId":"Atulteja"},"content":"    }","lastModifiedDate":"2024-08-24","isFullCredit":false},{"lineNumber":74,"author":{"gitId":"Atulteja"},"content":"}","lastModifiedDate":"2024-08-24","isFullCredit":false}],"authorContributionMap":{"Atulteja":74}},{"path":"src/main/java/tasks/Deadline.java","fileType":"java","lines":[{"lineNumber":1,"author":{"gitId":"Atulteja"},"content":"package tasks;","lastModifiedDate":"2024-09-07","isFullCredit":false},{"lineNumber":2,"author":{"gitId":"Atulteja"},"content":"","lastModifiedDate":"2024-09-07","isFullCredit":false},{"lineNumber":3,"author":{"gitId":"Atulteja"},"content":"public class Deadline extends Task{","lastModifiedDate":"2024-08-31","isFullCredit":false},{"lineNumber":4,"author":{"gitId":"Atulteja"},"content":"    private String deadline;","lastModifiedDate":"2024-08-31","isFullCredit":false},{"lineNumber":5,"author":{"gitId":"Atulteja"},"content":"","lastModifiedDate":"2024-08-31","isFullCredit":false},{"lineNumber":6,"author":{"gitId":"Atulteja"},"content":"    public Deadline(String contents, String deadline) {","lastModifiedDate":"2024-08-31","isFullCredit":false},{"lineNumber":7,"author":{"gitId":"Atulteja"},"content":"        super(contents);","lastModifiedDate":"2024-08-31","isFullCredit":false},{"lineNumber":8,"author":{"gitId":"Atulteja"},"content":"        this.deadline \u003d deadline;","lastModifiedDate":"2024-08-31","isFullCredit":false},{"lineNumber":9,"author":{"gitId":"Atulteja"},"content":"    }","lastModifiedDate":"2024-08-31","isFullCredit":false},{"lineNumber":10,"author":{"gitId":"Atulteja"},"content":"","lastModifiedDate":"2024-08-31","isFullCredit":false},{"lineNumber":11,"author":{"gitId":"Atulteja"},"content":"    @Override","lastModifiedDate":"2024-08-31","isFullCredit":false},{"lineNumber":12,"author":{"gitId":"Atulteja"},"content":"    public String getStatusIcon(){","lastModifiedDate":"2024-08-31","isFullCredit":false},{"lineNumber":13,"author":{"gitId":"Atulteja"},"content":"        return \"[D]\" + (getIsDone() ? \"[X]\" : \"[ ]\");","lastModifiedDate":"2024-08-31","isFullCredit":false},{"lineNumber":14,"author":{"gitId":"Atulteja"},"content":"    }","lastModifiedDate":"2024-08-31","isFullCredit":false},{"lineNumber":15,"author":{"gitId":"Atulteja"},"content":"","lastModifiedDate":"2024-08-31","isFullCredit":false},{"lineNumber":16,"author":{"gitId":"Atulteja"},"content":"    public String getDeadline(){","lastModifiedDate":"2024-08-31","isFullCredit":false},{"lineNumber":17,"author":{"gitId":"Atulteja"},"content":"        return deadline;","lastModifiedDate":"2024-08-31","isFullCredit":false},{"lineNumber":18,"author":{"gitId":"Atulteja"},"content":"    }","lastModifiedDate":"2024-08-31","isFullCredit":false},{"lineNumber":19,"author":{"gitId":"Atulteja"},"content":"}","lastModifiedDate":"2024-08-31","isFullCredit":false}],"authorContributionMap":{"Atulteja":19}},{"path":"src/main/java/tasks/Event.java","fileType":"java","lines":[{"lineNumber":1,"author":{"gitId":"Atulteja"},"content":"package tasks;","lastModifiedDate":"2024-09-07","isFullCredit":false},{"lineNumber":2,"author":{"gitId":"Atulteja"},"content":"","lastModifiedDate":"2024-09-07","isFullCredit":false},{"lineNumber":3,"author":{"gitId":"Atulteja"},"content":"public class Event extends Task{","lastModifiedDate":"2024-08-31","isFullCredit":false},{"lineNumber":4,"author":{"gitId":"Atulteja"},"content":"    private String start;","lastModifiedDate":"2024-08-31","isFullCredit":false},{"lineNumber":5,"author":{"gitId":"Atulteja"},"content":"    private String end;","lastModifiedDate":"2024-08-31","isFullCredit":false},{"lineNumber":6,"author":{"gitId":"Atulteja"},"content":"    //private String isDone;","lastModifiedDate":"2024-08-31","isFullCredit":false},{"lineNumber":7,"author":{"gitId":"Atulteja"},"content":"","lastModifiedDate":"2024-08-31","isFullCredit":false},{"lineNumber":8,"author":{"gitId":"Atulteja"},"content":"    public Event(String contents, String start, String end) {","lastModifiedDate":"2024-08-31","isFullCredit":false},{"lineNumber":9,"author":{"gitId":"Atulteja"},"content":"        super(contents);","lastModifiedDate":"2024-08-31","isFullCredit":false},{"lineNumber":10,"author":{"gitId":"Atulteja"},"content":"        this.start \u003d start;","lastModifiedDate":"2024-08-31","isFullCredit":false},{"lineNumber":11,"author":{"gitId":"Atulteja"},"content":"        this.end \u003d end;","lastModifiedDate":"2024-08-31","isFullCredit":false},{"lineNumber":12,"author":{"gitId":"Atulteja"},"content":"    }","lastModifiedDate":"2024-08-31","isFullCredit":false},{"lineNumber":13,"author":{"gitId":"Atulteja"},"content":"","lastModifiedDate":"2024-08-31","isFullCredit":false},{"lineNumber":14,"author":{"gitId":"Atulteja"},"content":"    @Override","lastModifiedDate":"2024-08-31","isFullCredit":false},{"lineNumber":15,"author":{"gitId":"Atulteja"},"content":"    public String getStatusIcon(){","lastModifiedDate":"2024-08-31","isFullCredit":false},{"lineNumber":16,"author":{"gitId":"Atulteja"},"content":"        return \"[E]\" + (getIsDone() ? \"[X]\" : \"[ ]\");","lastModifiedDate":"2024-08-31","isFullCredit":false},{"lineNumber":17,"author":{"gitId":"Atulteja"},"content":"    }","lastModifiedDate":"2024-08-31","isFullCredit":false},{"lineNumber":18,"author":{"gitId":"Atulteja"},"content":"","lastModifiedDate":"2024-08-31","isFullCredit":false},{"lineNumber":19,"author":{"gitId":"Atulteja"},"content":"    public String getStart(){","lastModifiedDate":"2024-08-31","isFullCredit":false},{"lineNumber":20,"author":{"gitId":"Atulteja"},"content":"        return this.start;","lastModifiedDate":"2024-08-31","isFullCredit":false},{"lineNumber":21,"author":{"gitId":"Atulteja"},"content":"    }","lastModifiedDate":"2024-08-31","isFullCredit":false},{"lineNumber":22,"author":{"gitId":"Atulteja"},"content":"","lastModifiedDate":"2024-08-31","isFullCredit":false},{"lineNumber":23,"author":{"gitId":"Atulteja"},"content":"    public String getEnd(){","lastModifiedDate":"2024-08-31","isFullCredit":false},{"lineNumber":24,"author":{"gitId":"Atulteja"},"content":"        return this.end;","lastModifiedDate":"2024-08-31","isFullCredit":false},{"lineNumber":25,"author":{"gitId":"Atulteja"},"content":"    }","lastModifiedDate":"2024-08-31","isFullCredit":false},{"lineNumber":26,"author":{"gitId":"Atulteja"},"content":"","lastModifiedDate":"2024-08-31","isFullCredit":false},{"lineNumber":27,"author":{"gitId":"Atulteja"},"content":"}","lastModifiedDate":"2024-08-31","isFullCredit":false}],"authorContributionMap":{"Atulteja":27}},{"path":"src/main/java/tasks/Task.java","fileType":"java","lines":[{"lineNumber":1,"author":{"gitId":"Atulteja"},"content":"package tasks;","lastModifiedDate":"2024-09-07","isFullCredit":false},{"lineNumber":2,"author":{"gitId":"Atulteja"},"content":"","lastModifiedDate":"2024-09-07","isFullCredit":false},{"lineNumber":3,"author":{"gitId":"Atulteja"},"content":"public class Task {","lastModifiedDate":"2024-08-28","isFullCredit":false},{"lineNumber":4,"author":{"gitId":"Atulteja"},"content":"    private String task;","lastModifiedDate":"2024-08-28","isFullCredit":false},{"lineNumber":5,"author":{"gitId":"Atulteja"},"content":"    private boolean isDone;","lastModifiedDate":"2024-08-28","isFullCredit":false},{"lineNumber":6,"author":{"gitId":"Atulteja"},"content":"","lastModifiedDate":"2024-08-28","isFullCredit":false},{"lineNumber":7,"author":{"gitId":"Atulteja"},"content":"    public Task() {","lastModifiedDate":"2024-08-31","isFullCredit":false},{"lineNumber":8,"author":{"gitId":"Atulteja"},"content":"        task \u003d \"\";","lastModifiedDate":"2024-08-31","isFullCredit":false},{"lineNumber":9,"author":{"gitId":"Atulteja"},"content":"    }","lastModifiedDate":"2024-08-31","isFullCredit":false},{"lineNumber":10,"author":{"gitId":"Atulteja"},"content":"","lastModifiedDate":"2024-08-31","isFullCredit":false},{"lineNumber":11,"author":{"gitId":"Atulteja"},"content":"    public boolean getIsDone() {","lastModifiedDate":"2024-08-31","isFullCredit":false},{"lineNumber":12,"author":{"gitId":"Atulteja"},"content":"        return isDone;","lastModifiedDate":"2024-08-31","isFullCredit":false},{"lineNumber":13,"author":{"gitId":"Atulteja"},"content":"    }","lastModifiedDate":"2024-08-31","isFullCredit":false},{"lineNumber":14,"author":{"gitId":"Atulteja"},"content":"","lastModifiedDate":"2024-08-31","isFullCredit":false},{"lineNumber":15,"author":{"gitId":"Atulteja"},"content":"    public Task(String contents){","lastModifiedDate":"2024-08-28","isFullCredit":false},{"lineNumber":16,"author":{"gitId":"Atulteja"},"content":"        this.task \u003d contents;","lastModifiedDate":"2024-08-28","isFullCredit":false},{"lineNumber":17,"author":{"gitId":"Atulteja"},"content":"        this.isDone \u003d false;","lastModifiedDate":"2024-08-28","isFullCredit":false},{"lineNumber":18,"author":{"gitId":"Atulteja"},"content":"    }","lastModifiedDate":"2024-08-28","isFullCredit":false},{"lineNumber":19,"author":{"gitId":"Atulteja"},"content":"","lastModifiedDate":"2024-08-28","isFullCredit":false},{"lineNumber":20,"author":{"gitId":"Atulteja"},"content":"    public String getStatusIcon(){","lastModifiedDate":"2024-08-28","isFullCredit":false},{"lineNumber":21,"author":{"gitId":"Atulteja"},"content":"        return (isDone ? \"[X]\" : \"[ ]\");","lastModifiedDate":"2024-08-28","isFullCredit":false},{"lineNumber":22,"author":{"gitId":"Atulteja"},"content":"    }","lastModifiedDate":"2024-08-28","isFullCredit":false},{"lineNumber":23,"author":{"gitId":"Atulteja"},"content":"","lastModifiedDate":"2024-08-28","isFullCredit":false},{"lineNumber":24,"author":{"gitId":"Atulteja"},"content":"    public void setStatus(){","lastModifiedDate":"2024-08-28","isFullCredit":false},{"lineNumber":25,"author":{"gitId":"Atulteja"},"content":"        isDone \u003d true;","lastModifiedDate":"2024-08-28","isFullCredit":false},{"lineNumber":26,"author":{"gitId":"Atulteja"},"content":"    }","lastModifiedDate":"2024-08-28","isFullCredit":false},{"lineNumber":27,"author":{"gitId":"Atulteja"},"content":"","lastModifiedDate":"2024-08-28","isFullCredit":false},{"lineNumber":28,"author":{"gitId":"Atulteja"},"content":"    public void unsetStatus(){","lastModifiedDate":"2024-08-28","isFullCredit":false},{"lineNumber":29,"author":{"gitId":"Atulteja"},"content":"        isDone \u003d false;","lastModifiedDate":"2024-08-28","isFullCredit":false},{"lineNumber":30,"author":{"gitId":"Atulteja"},"content":"    }","lastModifiedDate":"2024-08-28","isFullCredit":false},{"lineNumber":31,"author":{"gitId":"Atulteja"},"content":"","lastModifiedDate":"2024-08-28","isFullCredit":false},{"lineNumber":32,"author":{"gitId":"Atulteja"},"content":"    public String getContents(){","lastModifiedDate":"2024-08-28","isFullCredit":false},{"lineNumber":33,"author":{"gitId":"Atulteja"},"content":"        return task;","lastModifiedDate":"2024-08-28","isFullCredit":false},{"lineNumber":34,"author":{"gitId":"Atulteja"},"content":"    }","lastModifiedDate":"2024-08-28","isFullCredit":false},{"lineNumber":35,"author":{"gitId":"Atulteja"},"content":"","lastModifiedDate":"2024-08-28","isFullCredit":false},{"lineNumber":36,"author":{"gitId":"Atulteja"},"content":"    @Override","lastModifiedDate":"2024-08-28","isFullCredit":false},{"lineNumber":37,"author":{"gitId":"Atulteja"},"content":"    public String toString() {","lastModifiedDate":"2024-08-28","isFullCredit":false},{"lineNumber":38,"author":{"gitId":"Atulteja"},"content":"        return this.task;","lastModifiedDate":"2024-08-28","isFullCredit":false},{"lineNumber":39,"author":{"gitId":"Atulteja"},"content":"    }","lastModifiedDate":"2024-08-28","isFullCredit":false},{"lineNumber":40,"author":{"gitId":"Atulteja"},"content":"","lastModifiedDate":"2024-08-28","isFullCredit":false},{"lineNumber":41,"author":{"gitId":"Atulteja"},"content":"}","lastModifiedDate":"2024-08-28","isFullCredit":false}],"authorContributionMap":{"Atulteja":41}},{"path":"src/main/java/tasks/Todo.java","fileType":"java","lines":[{"lineNumber":1,"author":{"gitId":"Atulteja"},"content":"package tasks;","lastModifiedDate":"2024-09-07","isFullCredit":false},{"lineNumber":2,"author":{"gitId":"Atulteja"},"content":"","lastModifiedDate":"2024-09-07","isFullCredit":false},{"lineNumber":3,"author":{"gitId":"Atulteja"},"content":"public class Todo extends Task{","lastModifiedDate":"2024-08-31","isFullCredit":false},{"lineNumber":4,"author":{"gitId":"Atulteja"},"content":"","lastModifiedDate":"2024-08-31","isFullCredit":false},{"lineNumber":5,"author":{"gitId":"Atulteja"},"content":"    public Todo(String contents) {","lastModifiedDate":"2024-08-31","isFullCredit":false},{"lineNumber":6,"author":{"gitId":"Atulteja"},"content":"        super(contents);","lastModifiedDate":"2024-08-31","isFullCredit":false},{"lineNumber":7,"author":{"gitId":"Atulteja"},"content":"    }","lastModifiedDate":"2024-08-31","isFullCredit":false},{"lineNumber":8,"author":{"gitId":"Atulteja"},"content":"","lastModifiedDate":"2024-08-31","isFullCredit":false},{"lineNumber":9,"author":{"gitId":"Atulteja"},"content":"    @Override","lastModifiedDate":"2024-08-31","isFullCredit":false},{"lineNumber":10,"author":{"gitId":"Atulteja"},"content":"    public String getStatusIcon() {","lastModifiedDate":"2024-08-31","isFullCredit":false},{"lineNumber":11,"author":{"gitId":"Atulteja"},"content":"        return \"[T]\" + (getIsDone() ? \"[X]\" : \"[ ]\");","lastModifiedDate":"2024-08-31","isFullCredit":false},{"lineNumber":12,"author":{"gitId":"Atulteja"},"content":"    }","lastModifiedDate":"2024-08-31","isFullCredit":false},{"lineNumber":13,"author":{"gitId":"Atulteja"},"content":"","lastModifiedDate":"2024-08-31","isFullCredit":false},{"lineNumber":14,"author":{"gitId":"Atulteja"},"content":"}","lastModifiedDate":"2024-08-31","isFullCredit":false}],"authorContributionMap":{"Atulteja":14}},{"path":"text-ui-test/input.txt","fileType":"txt","lines":[{"lineNumber":1,"author":{"gitId":"Atulteja"},"content":"todo borrow book","lastModifiedDate":"2024-08-31","isFullCredit":false},{"lineNumber":2,"author":{"gitId":"Atulteja"},"content":"deadline submit report /by 2023-09-01 12:00","lastModifiedDate":"2024-08-31","isFullCredit":false},{"lineNumber":3,"author":{"gitId":"Atulteja"},"content":"event project meeting /from 2023-09-01 14:00 /to 2023-09-01 16:00","lastModifiedDate":"2024-08-31","isFullCredit":false},{"lineNumber":4,"author":{"gitId":"Atulteja"},"content":"mark 1","lastModifiedDate":"2024-09-07","isFullCredit":false},{"lineNumber":5,"author":{"gitId":"Atulteja"},"content":"list","lastModifiedDate":"2024-09-07","isFullCredit":false},{"lineNumber":6,"author":{"gitId":"Atulteja"},"content":"unmark 1","lastModifiedDate":"2024-09-07","isFullCredit":false},{"lineNumber":7,"author":{"gitId":"Atulteja"},"content":"list","lastModifiedDate":"2024-08-31","isFullCredit":false},{"lineNumber":8,"author":{"gitId":"Atulteja"},"content":"bye","lastModifiedDate":"2024-08-31","isFullCredit":false}],"authorContributionMap":{"Atulteja":8}},{"path":"text-ui-test/runtest.bat","fileType":"bat","lines":[{"lineNumber":1,"author":{"gitId":"-"},"content":"@ECHO OFF","lastModifiedDate":"2020-05-25","isFullCredit":false},{"lineNumber":2,"author":{"gitId":"-"},"content":"","lastModifiedDate":"2020-05-25","isFullCredit":false},{"lineNumber":3,"author":{"gitId":"-"},"content":"REM create bin directory if it doesn\u0027t exist","lastModifiedDate":"2020-05-25","isFullCredit":false},{"lineNumber":4,"author":{"gitId":"-"},"content":"if not exist ..\\bin mkdir ..\\bin","lastModifiedDate":"2020-05-25","isFullCredit":false},{"lineNumber":5,"author":{"gitId":"-"},"content":"","lastModifiedDate":"2020-05-25","isFullCredit":false},{"lineNumber":6,"author":{"gitId":"-"},"content":"REM delete output from previous run","lastModifiedDate":"2020-05-25","isFullCredit":false},{"lineNumber":7,"author":{"gitId":"-"},"content":"if exist ACTUAL.TXT del ACTUAL.TXT","lastModifiedDate":"2020-08-25","isFullCredit":false},{"lineNumber":8,"author":{"gitId":"-"},"content":"","lastModifiedDate":"2020-05-25","isFullCredit":false},{"lineNumber":9,"author":{"gitId":"-"},"content":"REM compile the code into the bin folder","lastModifiedDate":"2020-05-25","isFullCredit":false},{"lineNumber":10,"author":{"gitId":"-"},"content":"javac  -cp ..\\src\\main\\java -Xlint:none -d ..\\bin ..\\src\\main\\java\\*.java","lastModifiedDate":"2020-08-25","isFullCredit":false},{"lineNumber":11,"author":{"gitId":"-"},"content":"IF ERRORLEVEL 1 (","lastModifiedDate":"2020-05-25","isFullCredit":false},{"lineNumber":12,"author":{"gitId":"-"},"content":"    echo ********** BUILD FAILURE **********","lastModifiedDate":"2020-05-25","isFullCredit":false},{"lineNumber":13,"author":{"gitId":"-"},"content":"    exit /b 1","lastModifiedDate":"2020-05-25","isFullCredit":false},{"lineNumber":14,"author":{"gitId":"-"},"content":")","lastModifiedDate":"2020-05-25","isFullCredit":false},{"lineNumber":15,"author":{"gitId":"-"},"content":"REM no error here, errorlevel \u003d\u003d 0","lastModifiedDate":"2020-05-25","isFullCredit":false},{"lineNumber":16,"author":{"gitId":"-"},"content":"","lastModifiedDate":"2020-05-25","isFullCredit":false},{"lineNumber":17,"author":{"gitId":"-"},"content":"REM run the program, feed commands from input.txt file and redirect the output to the ACTUAL.TXT","lastModifiedDate":"2020-05-25","isFullCredit":false},{"lineNumber":18,"author":{"gitId":"Atulteja"},"content":"java -classpath ..\\bin JeM \u003c input.txt \u003e ACTUAL.TXT","lastModifiedDate":"2024-08-31","isFullCredit":false},{"lineNumber":19,"author":{"gitId":"-"},"content":"","lastModifiedDate":"2020-05-25","isFullCredit":false},{"lineNumber":20,"author":{"gitId":"-"},"content":"REM compare the output to the expected output","lastModifiedDate":"2020-05-25","isFullCredit":false},{"lineNumber":21,"author":{"gitId":"-"},"content":"FC ACTUAL.TXT EXPECTED.TXT","lastModifiedDate":"2020-05-25","isFullCredit":false},{"lineNumber":22,"author":{"gitId":"Atulteja"},"content":"","lastModifiedDate":"2024-08-31","isFullCredit":false}],"authorContributionMap":{"Atulteja":2,"-":20}}]
