{"authorDailyContributionsMap":{"Atulteja":[{"date":"2024-08-24","commitResults":[{"hash":"0250b0c89ded83edec32f2eb94ff0045c76e60ea","isMergeCommit":false,"messageTitle":"Edited Duke.java file into JeM.java","messageBody":"","fileTypesAndContributionMap":{"java":{"insertions":12,"deletions":1}}},{"hash":"4e53c96ecf936773982c1eb5f64445958af96e52","isMergeCommit":false,"messageTitle":"Updated the Duke.java file to JeM.java","messageBody":"","fileTypesAndContributionMap":{"md":{"insertions":1,"deletions":1}}},{"hash":"74035b646fb3b1a3258a477cb6b4e1c7ada8d9d3","isMergeCommit":true,"messageTitle":"Merge branch \u0027master\u0027 of https://github.com/Atulteja/ip","messageBody":"","tags":["Level-0"],"fileTypesAndContributionMap":{}},{"hash":"bdfca0db805cbcc7dac1ac94e6edd1abc017f20b","isMergeCommit":false,"messageTitle":"Added the echo functionality","messageBody":"","tags":["Level-1"],"fileTypesAndContributionMap":{"java":{"insertions":16,"deletions":2}}},{"hash":"d8152a2e46f055e7264b4d8a29cb85ba84a1ff65","isMergeCommit":false,"messageTitle":"Added the list feature where the user can add/delete and also view the list","messageBody":"","tags":["Level-2"],"fileTypesAndContributionMap":{"java":{"insertions":45,"deletions":3}}}]},{"date":"2024-08-25","commitResults":[{"hash":"3313759514e14825afd2578d59dd398da18a6ecd","isMergeCommit":false,"messageTitle":"Added the mark and unmark features for the list","messageBody":"","tags":["Level-3"],"fileTypesAndContributionMap":{"java":{"insertions":20,"deletions":2}}}]},{"date":"2024-08-26","commitResults":[{"hash":"d67e294d228fc6808cfd0cee143dc31b1eac5037","isMergeCommit":false,"messageTitle":"Edited the variables and function names to match the coding standard","messageBody":"","tags":["A-CodingStandard"],"fileTypesAndContributionMap":{"java":{"insertions":20,"deletions":13}}}]},{"date":"2024-08-28","commitResults":[{"hash":"ad9ff3ab9b5be594fa04343096d7fad3d1ee853a","isMergeCommit":false,"messageTitle":"Added a task class to encapsulate the incoming tasks","messageBody":"","tags":["Level-2-addedClass"],"fileTypesAndContributionMap":{"java":{"insertions":43,"deletions":10}}}]},{"date":"2024-08-31","commitResults":[{"hash":"d06936a518f903d8287248019f660df3bb9ef57f","isMergeCommit":false,"messageTitle":"Added the todo, deadline and event features","messageBody":"","tags":["Level-4"],"fileTypesAndContributionMap":{"java":{"insertions":110,"deletions":11},"bat":{"insertions":1,"deletions":0}}},{"hash":"1916d94de73c03da4790a7e725c28a38373ba93c","isMergeCommit":false,"messageTitle":"Updated the EXPECTED.txt file, input.txt file and the runtest.bat file and ran the tests","messageBody":"","tags":["A-TextUITesting"],"fileTypesAndContributionMap":{"txt":{"insertions":5,"deletions":0},"java":{"insertions":8,"deletions":8},"bat":{"insertions":1,"deletions":1}}},{"hash":"8814920b6751b7998fd1375d2af81a3baaef81df","isMergeCommit":false,"messageTitle":"Updated the code quality and refactored by JeM file","messageBody":"","tags":["A-CodeQuality"],"fileTypesAndContributionMap":{"java":{"insertions":82,"deletions":58}}}]}]},"authorFileTypeContributionMap":{"Atulteja":{"java":250,"md":1,"fxml":0,"sh":0,"bat":2,"gradle":0,"txt":5}},"authorContributionVariance":{"Atulteja":4882.8594},"authorDisplayNameMap":{"Atulteja":"CS2113-W10-3 ATUL..ALLI"}}
