{"authorDailyContributionsMap":{"ZiliaAJY":[{"date":"2024-08-19","commitResults":[{"hash":"1e4f606cdd634ab589748ad7e511ca36c72c116f","isMergeCommit":false,"messageTitle":"Add rename, greet, exit features","messageBody":"","fileTypesAndContributionMap":{"java":{"insertions":0,"deletions":10}}}]},{"date":"2024-08-22","commitResults":[{"hash":"572029aec4d8d1042002890161ee7e53698c18a6","isMergeCommit":false,"messageTitle":"Add rename, greet, exit features","messageBody":"","tags":["Level-0"],"fileTypesAndContributionMap":{"java":{"insertions":9,"deletions":0}}}]},{"date":"2024-08-28","commitResults":[{"hash":"c55d4ccb396e68900c47bf4260142a5fc226327c","isMergeCommit":false,"messageTitle":"Add \u0027Echo\u0027, \u0027Add, List\u0027, \u0027Mark as Done\u0027 features, and Task class","messageBody":"- Implement Task class for managing tasks\n- Add Conglo$Task.class file and Conglo.class file\n","tags":["Level-3","Level-2","Level-1","A-Classes"],"fileTypesAndContributionMap":{"java":{"insertions":95,"deletions":2}}},{"hash":"13abd01321bb8468bd7c008f60b7ec196fa2c4ef","isMergeCommit":false,"messageTitle":"Align code with Java coding standards","messageBody":"- Refined method and variable names for consistency and clarity\n- Adjusted layout and spacing for improved readability\n","tags":["A-CodingStandard"],"fileTypesAndContributionMap":{"java":{"insertions":9,"deletions":12}}}]},{"date":"2024-08-31","commitResults":[{"hash":"c66bb957ef8ca699dc92096d9b0a423c2cc85908","isMergeCommit":false,"messageTitle":"Add Todo, Event, and Deadline features","messageBody":"- Add \u0027Task.java\u0027, \u0027Deadline.java\u0027, \u0027Todo.java\u0027 and \u0027Event.java\u0027 files\n- Implement classes Todo, Deadline and Event classes to inherit from a Task class\n","tags":["Level-4","A-Inheritance"],"fileTypesAndContributionMap":{"java":{"insertions":126,"deletions":48}}}]},{"date":"2024-09-01","commitResults":[{"hash":"b039dc12e8695a794948be75e0649248bf2b6c8e","isMergeCommit":false,"messageTitle":"Refactor code and update names; add JavaDoc comments","messageBody":"- Refactored method names and constants for improved clarity\n- Added JavaDoc comments to Task, Deadline, Event, and Todo classes\n  - Included class-level documentation and descriptions for constructors and methods.\n  - Documented parameters, return values, and method behaviors\n","tags":["A-CodeQuality"],"fileTypesAndContributionMap":{"java":{"insertions":152,"deletions":25}}}]},{"date":"2024-09-04","commitResults":[{"hash":"b211e720936cb86c1192c24e6c870aab9aa1a11e","isMergeCommit":false,"messageTitle":"Update input.txt and expected.txt for testing scenarios","messageBody":"- Renamed paths in runtest.bat\n- Added new tasks and commands to test various functionalities, including:\n  - Adding and listing tasks\n  - Marking tasks as done\n  - Handling multiple commands in sequence\n","tags":["A-TextUiTesting"],"fileTypesAndContributionMap":{"txt":{"insertions":12,"deletions":0},"bat":{"insertions":2,"deletions":2}}},{"hash":"533b98c77dc84660536124d4e90410ea5369d957","isMergeCommit":false,"messageTitle":"Update comments and remove typos","messageBody":"","fileTypesAndContributionMap":{"java":{"insertions":3,"deletions":2}}}]},{"date":"2024-09-07","commitResults":[{"hash":"b2210b3696693f1e6e6374fa79f7a3cad68c3ff7","isMergeCommit":false,"messageTitle":"Add \"CongloException.java\" file","messageBody":"-Contains Conglo\u0027s custom exception including unknown command, missing description, invalid or missing task number and invalid format\n","fileTypesAndContributionMap":{"java":{"insertions":54,"deletions":0}}},{"hash":"f6fab3fb9b2b915cd9333f0e28cb0cec3121c048","isMergeCommit":false,"messageTitle":"Add and Refactor Exception handling","messageBody":"- Use base CongloException for common exception handling\n- Added internal try-catch block to handle specific exceptions\n- Improved error handling and message output\n","tags":["A-Exceptions"],"fileTypesAndContributionMap":{"java":{"insertions":44,"deletions":15}}},{"hash":"3d681c7baed7e2fcea1218df58ee8a82b07ee067","isMergeCommit":true,"messageTitle":"Merge branch \u0027branch-Level-5\u0027","messageBody":"","tags":["Level-5"],"fileTypesAndContributionMap":{}}]},{"date":"2024-09-08","commitResults":[{"hash":"5ef469cefe76b82bd40e4709ea4a093ef2a92ac2","isMergeCommit":false,"messageTitle":"Update JavaDoc comments to include exception details","messageBody":"","fileTypesAndContributionMap":{"java":{"insertions":5,"deletions":0}}},{"hash":"aed0cccfbec2f9b85191ec34e2376689cdd608d3","isMergeCommit":false,"messageTitle":"Add \"QuickManual.java\" file to print instructions manual","messageBody":"","fileTypesAndContributionMap":{"java":{"insertions":18,"deletions":0}}},{"hash":"b0c3f1350d29adf3c038cc99326d25640fe185a1","isMergeCommit":false,"messageTitle":"Organize classes into packages and update Conglo.java to use them","messageBody":"- Created packages \"conglo\", \"conglo,exception\", \"conglo.manual\" and \"conglo.task\"\n","fileTypesAndContributionMap":{"java":{"insertions":33,"deletions":5}}},{"hash":"7fc6aa23a496eeeb4439a3d42be90f3f6f91bc75","isMergeCommit":true,"messageTitle":"Merge branch \u0027branch-A-Packages\u0027","messageBody":"","tags":["A-Packages"],"fileTypesAndContributionMap":{}}]},{"date":"2024-09-14","commitResults":[{"hash":"78f99e16ed0fc5c1593a2778113e4c2654da5e79","isMergeCommit":false,"messageTitle":"Implement automatic task saving and loading from disk","messageBody":"- Save tasks automatically to the hard disk whenever the task list is modified.\n- Load tasks from the hard disk when the application starts, ensuring persistence across sessions.\n- Hard-coded file path and name for storage: \u0027./data/conglo.txt\u0027.\n- Added error handling for file I/O operations to manage file creation and loading processes.\n","fileTypesAndContributionMap":{"txt":{"insertions":5,"deletions":0},"java":{"insertions":229,"deletions":78}}},{"hash":"f1916e62e4574de124fb83e2e20e63ce30a3e439","isMergeCommit":false,"messageTitle":"Replace arrays with ArrayLists and add task deletion","messageBody":"- Replaced all instances of normal arrays with ArrayLists for better flexibility.\n- Implemented functionality to delete tasks from the list.\n","fileTypesAndContributionMap":{"java":{"insertions":66,"deletions":43}}},{"hash":"7106d51fe9226c8ae1c77058f5028795b78e6186","isMergeCommit":true,"messageTitle":"Merge branch \u0027branch-Level-6\u0027 Add task deletion functionality","messageBody":"- Implement support for deleting tasks from the list.\n- Update task management to handle deletions correctly.\n- Ensure task list updates reflect changes immediately.\n","tags":["Level-6","A-Collections"],"fileTypesAndContributionMap":{}},{"hash":"b43d56dfb625a60e75d90d22293532b58fc5b874","isMergeCommit":true,"messageTitle":"Resolved merge conflicts between branch-Level-6 and branch-Level-7","messageBody":"- Resolved conflicts in Task.java\n- Resolved conflicts in Conglo.java\n\nDescription of changes made to resolve conflicts:\n- Fixed discrepancies in file paths and format between branches\n- Refactor Task class and its children class to adopt new format for saving of tasks\n","fileTypesAndContributionMap":{}}]},{"date":"2024-09-16","commitResults":[{"hash":"209eed1952549d9db40b6ca0eac3d009fe9585ec","isMergeCommit":false,"messageTitle":"Fix runtest.bat; update input/expected files; handle \"list\" exception","messageBody":"","fileTypesAndContributionMap":{"txt":{"insertions":19,"deletions":12},"java":{"insertions":6,"deletions":1},"bat":{"insertions":2,"deletions":2}}},{"hash":"a9541f7997aeb9d54cfd96181d8d0e0f9d45f432","isMergeCommit":false,"messageTitle":"Fix symbol display","messageBody":"","tags":["A-Jar"],"fileTypesAndContributionMap":{"java":{"insertions":1,"deletions":1}}}]},{"date":"2024-09-17","commitResults":[{"hash":"8348d786a383c55c421509a16f862a1f04e27f3f","isMergeCommit":false,"messageTitle":"Implement automatic task saving and loading from disk","messageBody":"- Save tasks automatically to the hard disk whenever the task list is modified.\n- Load tasks from the hard disk when the application starts, ensuring persistence across sessions.\n- Hard-coded file path and name for storage: \u0027./data/conglo.txt\u0027.\n- Added error handling for file I/O operations to manage file creation and loading processes.\n","fileTypesAndContributionMap":{"txt":{"insertions":5,"deletions":0},"java":{"insertions":195,"deletions":75}}},{"hash":"980a0bc4faed78516895c4b195d41e83fb50a2b8","isMergeCommit":true,"messageTitle":"Resolved merge conflict between master and branch-Level-7","messageBody":"","fileTypesAndContributionMap":{}},{"hash":"b9935e35cbaf5793e5bd5e72e429d8ce3ba1ce26","isMergeCommit":true,"messageTitle":"Merge branch \u0027branch-Level-7\u0027 Merge branch-Level-7 to include Save function","messageBody":"","tags":["Level-7"],"fileTypesAndContributionMap":{}}]},{"date":"2024-09-28","commitResults":[{"hash":"6cad730725fad0ac1200fa68da1cfcec7c9966e2","isMergeCommit":false,"messageTitle":"Extract code into Ui, Storage, Parser, and TaskList classes","messageBody":"- Created the Ui class for user interface interactions and message displays\n- Implemented the Storage class for task storage and file management\n- Introduced the Parser class to handle command parsing and user input processing\n- Created the TaskList class to enhance task management functionalities\n- Improved code organization and readability\n","fileTypesAndContributionMap":{"txt":{"insertions":0,"deletions":5},"java":{"insertions":438,"deletions":325}}},{"hash":"fd417a5de75bcaf499fe5c4a2d263c2922a353e8","isMergeCommit":false,"messageTitle":"Clean up typos","messageBody":"","fileTypesAndContributionMap":{"java":{"insertions":6,"deletions":4}}},{"hash":"791c952418a152e8d8e6fa0b1bd3c6b076233ea1","isMergeCommit":false,"messageTitle":"Refactor extracted classes","messageBody":"- Removed use of ArrayList\u003c\u003e in Parser.java\n- Cleaned up code for readability\n","tags":["A-MoreOOP"],"fileTypesAndContributionMap":{"java":{"insertions":33,"deletions":47}}}]}]},"authorFileTypeContributionMap":{"ZiliaAJY":{"java":696,"md":0,"fxml":0,"sh":0,"bat":2,"gradle":0,"txt":24}},"authorContributionVariance":{"ZiliaAJY":21939.951},"authorDisplayNameMap":{"ZiliaAJY":"CS2113-W10-1 ANG ..A YU"}}
