{"authorDailyContributionsMap":{"ZiliaAJY":[{"date":"2024-08-19","commitResults":[{"hash":"1e4f606cdd634ab589748ad7e511ca36c72c116f","isMergeCommit":false,"messageTitle":"Add rename, greet, exit features","messageBody":"","fileTypesAndContributionMap":{"java":{"insertions":0,"deletions":10}}}]},{"date":"2024-08-22","commitResults":[{"hash":"572029aec4d8d1042002890161ee7e53698c18a6","isMergeCommit":false,"messageTitle":"Add rename, greet, exit features","messageBody":"","fileTypesAndContributionMap":{"java":{"insertions":9,"deletions":0}}}]}]},"authorFileTypeContributionMap":{"ZiliaAJY":{"java":9,"md":0,"fxml":0,"sh":0,"bat":0,"gradle":0,"txt":0}},"authorContributionVariance":{"ZiliaAJY":18.489796},"authorDisplayNameMap":{"ZiliaAJY":"ANG ..A YU"}}
