[{"path":"src/main/java/SuBOT.java","fileType":"java","lines":[{"lineNumber":1,"author":{"gitId":"Sukkaito"},"content":"public class SuBOT {","lastModifiedDate":"2024-08-23","isFullCredit":false},{"lineNumber":2,"author":{"gitId":"Sukkaito"},"content":"    public static void main(String[] args) {","lastModifiedDate":"2024-08-23","isFullCredit":false},{"lineNumber":3,"author":{"gitId":"Sukkaito"},"content":"        String logo \u003d \"\"\"","lastModifiedDate":"2024-08-23","isFullCredit":false},{"lineNumber":4,"author":{"gitId":"Sukkaito"},"content":"                       ____  ____  ______","lastModifiedDate":"2024-08-23","isFullCredit":false},{"lineNumber":5,"author":{"gitId":"Sukkaito"},"content":"           _______  __/ __ )/ __ \\\\/_  __/","lastModifiedDate":"2024-08-23","isFullCredit":false},{"lineNumber":6,"author":{"gitId":"Sukkaito"},"content":"          / ___/ / / / __  / / / / / /","lastModifiedDate":"2024-08-23","isFullCredit":false},{"lineNumber":7,"author":{"gitId":"Sukkaito"},"content":"         (__  ) /_/ / /_/ / /_/ / / /","lastModifiedDate":"2024-08-23","isFullCredit":false},{"lineNumber":8,"author":{"gitId":"Sukkaito"},"content":"        /____/\\\\__,_/_____/\\\\____/ /_/","lastModifiedDate":"2024-08-23","isFullCredit":false},{"lineNumber":9,"author":{"gitId":"Sukkaito"},"content":"        \"\"\";","lastModifiedDate":"2024-08-23","isFullCredit":false},{"lineNumber":10,"author":{"gitId":"Sukkaito"},"content":"","lastModifiedDate":"2024-08-23","isFullCredit":false},{"lineNumber":11,"author":{"gitId":"Sukkaito"},"content":"        System.out.println(logo);","lastModifiedDate":"2024-08-23","isFullCredit":false},{"lineNumber":12,"author":{"gitId":"Sukkaito"},"content":"        System.out.println(\"How can I help you today?\");","lastModifiedDate":"2024-08-23","isFullCredit":false},{"lineNumber":13,"author":{"gitId":"Sukkaito"},"content":"        System.out.println(\"-------------------------------\");","lastModifiedDate":"2024-08-23","isFullCredit":false},{"lineNumber":14,"author":{"gitId":"Sukkaito"},"content":"        System.out.println(\"System shutting down...\");","lastModifiedDate":"2024-08-23","isFullCredit":false},{"lineNumber":15,"author":{"gitId":"Sukkaito"},"content":"        System.out.println(\"Goodbye world!\");","lastModifiedDate":"2024-08-23","isFullCredit":false},{"lineNumber":16,"author":{"gitId":"Sukkaito"},"content":"    }","lastModifiedDate":"2024-08-23","isFullCredit":false},{"lineNumber":17,"author":{"gitId":"Sukkaito"},"content":"}","lastModifiedDate":"2024-08-23","isFullCredit":false}],"authorContributionMap":{"Sukkaito":17}}]
