{"authorDailyContributionsMap":{"Sukkaito":[{"date":"2024-08-23","commitResults":[{"hash":"dc1e6fb3265d7484314fce0a019555d3ce1335f7","isMergeCommit":false,"messageTitle":"Rename to SuBOT, add basic greets and exits","messageBody":"","tags":["Level-0"],"fileTypesAndContributionMap":{"java":{"insertions":17,"deletions":10}}}]},{"date":"2024-08-28","commitResults":[{"hash":"8bb65b16c8592667967bc58d053ff6dbca37d6b1","isMergeCommit":false,"messageTitle":"Add Level-1 incremement","messageBody":"","tags":["Level-1"],"fileTypesAndContributionMap":{"java":{"insertions":15,"deletions":0}}},{"hash":"f88010965b46fae61bc525f60af90c6def47a2a6","isMergeCommit":false,"messageTitle":"Add command history, Level-2 increment","messageBody":"","tags":["Level-2"],"fileTypesAndContributionMap":{"java":{"insertions":15,"deletions":4}}},{"hash":"e630aa8f72ddf6bb1c0572f6abeb7b695e28873d","isMergeCommit":false,"messageTitle":"Add Level-3 increment","messageBody":"Changes:\n- \"list\" command no longer shows command history, but shows list of tasks instead.\n\nFeature:\n- Ability to mark/unmark task as _done_\n- Optional ```Task``` class\n","tags":["Level-3","A-Classes"],"fileTypesAndContributionMap":{"java":{"insertions":83,"deletions":17}}}]},{"date":"2024-08-30","commitResults":[{"hash":"8352c114d72381f81090dc9a11ad890e03c66315","isMergeCommit":false,"messageTitle":"Follow coding convention","messageBody":"","tags":["A-CodingStandard"],"fileTypesAndContributionMap":{"java":{"insertions":26,"deletions":27}}}]},{"date":"2024-09-06","commitResults":[{"hash":"a5d0da12575da097052df9adb5a933d773935a68","isMergeCommit":false,"messageTitle":"Add 3 new types of tasks: ToDos, Events, Deadlines","messageBody":"Features:\n- ToDos: tasks without any date/time attached to it\n- Deadlines: tasks that need to be done before a specific date/time\n- Events: tasks that start at a specific date/time and ends at a specific date/time\n*Note: date/time is treated as `String`\n\nChanges:\n- `Task` class now can only create through chid class\n- Only accept specific commands, others will be ignored\n","tags":["Level-4","A-Inheritance"],"fileTypesAndContributionMap":{"java":{"insertions":200,"deletions":14}}},{"hash":"17ed067ae793ec0189e00ba076ad73e490367d92","isMergeCommit":false,"messageTitle":"Add automated testing","messageBody":"Features:\n- Automated testing\n","tags":["A-TextUiTesting"],"fileTypesAndContributionMap":{"txt":{"insertions":7,"deletions":0},"bat":{"insertions":3,"deletions":1}}}]}]},"authorFileTypeContributionMap":{"Sukkaito":{"java":294,"md":0,"fxml":0,"sh":0,"bat":3,"gradle":0,"txt":7}},"authorContributionVariance":{"Sukkaito":2879.9524},"authorDisplayNameMap":{"Sukkaito":"CS2113-W13-1 TRAN..HONG"}}
