{"authorDailyContributionsMap":{"Sukkaito":[{"date":"2024-08-23","commitResults":[{"hash":"dc1e6fb3265d7484314fce0a019555d3ce1335f7","isMergeCommit":false,"messageTitle":"Rename to SuBOT, add basic greets and exits","messageBody":"","tags":["Level-0"],"fileTypesAndContributionMap":{"java":{"insertions":17,"deletions":10}}}]},{"date":"2024-08-28","commitResults":[{"hash":"8bb65b16c8592667967bc58d053ff6dbca37d6b1","isMergeCommit":false,"messageTitle":"Add Level-1 incremement","messageBody":"","tags":["Level-1"],"fileTypesAndContributionMap":{"java":{"insertions":15,"deletions":0}}},{"hash":"f88010965b46fae61bc525f60af90c6def47a2a6","isMergeCommit":false,"messageTitle":"Add command history, Level-2 increment","messageBody":"","tags":["Level-2"],"fileTypesAndContributionMap":{"java":{"insertions":15,"deletions":4}}},{"hash":"e630aa8f72ddf6bb1c0572f6abeb7b695e28873d","isMergeCommit":false,"messageTitle":"Add Level-3 increment","messageBody":"Changes:\n- \"list\" command no longer shows command history, but shows list of tasks instead.\n\nFeature:\n- Ability to mark/unmark task as _done_\n- Optional ```Task``` class\n","tags":["Level-3","A-Classes"],"fileTypesAndContributionMap":{"java":{"insertions":83,"deletions":17}}}]}]},"authorFileTypeContributionMap":{"Sukkaito":{"java":109,"md":0,"fxml":0,"sh":0,"bat":0,"gradle":0,"txt":0}},"authorContributionVariance":{"Sukkaito":1283.9291},"authorDisplayNameMap":{"Sukkaito":"TRAN..HONG"}}
