{"authorDailyContributionsMap":{"anlamm":[{"date":"2024-08-28","commitResults":[{"hash":"72e1b84e005410920e27cd867087cfd00fd5ff8d","isMergeCommit":false,"messageTitle":"Level 0. Rename, Greet, Exit","messageBody":"Rename to Anke, added greet and exit\n","fileTypesAndContributionMap":{"java":{"insertions":7,"deletions":0}}},{"hash":"26b2f46026d75b5d77a80a1580d23136800b995f","isMergeCommit":false,"messageTitle":"Stop tracing Duke","messageBody":"","tags":["level-0"],"fileTypesAndContributionMap":{"java":{"insertions":0,"deletions":10}}},{"hash":"d03709224b6940d3e3b9795a7dc8af0de11cdb1e","isMergeCommit":false,"messageTitle":"Level 1. Echo","messageBody":"","tags":["level-1"],"fileTypesAndContributionMap":{"java":{"insertions":12,"deletions":0}}},{"hash":"a0113c1f44bfec3f7a234953bf955319c24ee763","isMergeCommit":false,"messageTitle":"Level 2. Add, List","messageBody":"","tags":["level-2"],"fileTypesAndContributionMap":{"java":{"insertions":12,"deletions":3}}},{"hash":"39245290bb478a69c79a1e2fb5483adf605961eb","isMergeCommit":false,"messageTitle":"Level 3. Mark as Done","messageBody":"added Task class to store the name and status of each task\n","tags":["level-3","A-CodingStandard"],"fileTypesAndContributionMap":{"java":{"insertions":36,"deletions":3}}}]},{"date":"2024-09-03","commitResults":[{"hash":"3c99f92568ce762a06ea365c4c824ccf32be8bf4","isMergeCommit":false,"messageTitle":"Level 4. ToDos, Events, Deadlines","messageBody":"Add support for tracking three types of tasks:\n\nToDos: tasks without any date/time attached to it e.g., visit new theme park\nDeadlines: tasks that need to be done before a specific date/time e.g., submit report by 11/10/2019 5pm\nEvents: tasks that start at a specific date/time and ends at a specific date/time\ne.g., (a) team project meeting 2/10/2019 2-4pm (b) orientation week 4/10/2019 to 11/10/2019\n","tags":["level-4"],"fileTypesAndContributionMap":{"java":{"insertions":82,"deletions":13}}}]}]},"authorFileTypeContributionMap":{"anlamm":{"java":130,"md":0,"fxml":0,"sh":0,"bat":0,"gradle":0,"txt":0}},"authorContributionVariance":{"anlamm":749.8115},"authorDisplayNameMap":{"anlamm":"CS2113-W14-2 LAM .. KEI"}}
