[{"path":"README.md","fileType":"md","lines":[{"lineNumber":1,"author":{"gitId":"Bev-low"},"content":"# ChattyCharlie - Your Encouraging Companion ","lastModifiedDate":"2024-09-22","isFullCredit":false},{"lineNumber":2,"author":{"gitId":"-"},"content":"","lastModifiedDate":"2020-05-25","isFullCredit":false},{"lineNumber":3,"author":{"gitId":"Bev-low"},"content":"This is Chatty Charlie, here to assist you in managing your task, keeping you productive.","lastModifiedDate":"2024-09-22","isFullCredit":false},{"lineNumber":4,"author":{"gitId":"-"},"content":"","lastModifiedDate":"2020-05-25","isFullCredit":false},{"lineNumber":5,"author":{"gitId":"-"},"content":"## Setting up in Intellij","lastModifiedDate":"2020-05-25","isFullCredit":false},{"lineNumber":6,"author":{"gitId":"-"},"content":"","lastModifiedDate":"2020-05-25","isFullCredit":false},{"lineNumber":7,"author":{"gitId":"-"},"content":"Prerequisites: JDK 17, update Intellij to the most recent version.","lastModifiedDate":"2024-07-11","isFullCredit":false},{"lineNumber":8,"author":{"gitId":"-"},"content":"","lastModifiedDate":"2020-05-25","isFullCredit":false},{"lineNumber":9,"author":{"gitId":"-"},"content":"1. Open Intellij (if you are not in the welcome screen, click `File` \u003e `Close Project` to close the existing project first)","lastModifiedDate":"2021-01-17","isFullCredit":false},{"lineNumber":10,"author":{"gitId":"-"},"content":"1. Open the project into Intellij as follows:","lastModifiedDate":"2021-01-17","isFullCredit":false},{"lineNumber":11,"author":{"gitId":"-"},"content":"   1. Click `Open`.","lastModifiedDate":"2021-01-17","isFullCredit":false},{"lineNumber":12,"author":{"gitId":"-"},"content":"   1. Select the project directory, and click `OK`.","lastModifiedDate":"2021-01-17","isFullCredit":false},{"lineNumber":13,"author":{"gitId":"-"},"content":"   1. If there are any further prompts, accept the defaults.","lastModifiedDate":"2020-05-25","isFullCredit":false},{"lineNumber":14,"author":{"gitId":"-"},"content":"1. Configure the project to use **JDK 17** (not other versions) as explained in [here](https://www.jetbrains.com/help/idea/sdk.html#set-up-jdk).\u003cbr\u003e","lastModifiedDate":"2024-07-11","isFullCredit":false},{"lineNumber":15,"author":{"gitId":"-"},"content":"   In the same dialog, set the **Project language level** field to the `SDK default` option.","lastModifiedDate":"2021-07-29","isFullCredit":false},{"lineNumber":16,"author":{"gitId":"-"},"content":"3. After that, locate the `src/main/java/Duke.java` file, right-click it, and choose `Run Duke.main()` (if the code editor is showing compile errors, try restarting the IDE). If the setup is correct, you should see something like the below as the output:","lastModifiedDate":"2021-07-29","isFullCredit":false},{"lineNumber":17,"author":{"gitId":"-"},"content":"   ```","lastModifiedDate":"2020-05-25","isFullCredit":false},{"lineNumber":18,"author":{"gitId":"-"},"content":"   _____","lastModifiedDate":"2020-05-25","isFullCredit":false},{"lineNumber":19,"author":{"gitId":"Bev-low"},"content":"  /     \\","lastModifiedDate":"2024-09-22","isFullCredit":false},{"lineNumber":20,"author":{"gitId":"Bev-low"},"content":" |  O O  |","lastModifiedDate":"2024-09-22","isFullCredit":false},{"lineNumber":21,"author":{"gitId":"Bev-low"},"content":" | \\___/ |","lastModifiedDate":"2024-09-22","isFullCredit":false},{"lineNumber":22,"author":{"gitId":"Bev-low"},"content":"  \\_____/","lastModifiedDate":"2024-09-22","isFullCredit":false},{"lineNumber":23,"author":{"gitId":"Bev-low"},"content":" /\\_____/\\","lastModifiedDate":"2024-09-22","isFullCredit":false},{"lineNumber":24,"author":{"gitId":"Bev-low"},"content":" |       |","lastModifiedDate":"2024-09-22","isFullCredit":false},{"lineNumber":25,"author":{"gitId":"Bev-low"},"content":" |       |","lastModifiedDate":"2024-09-22","isFullCredit":false},{"lineNumber":26,"author":{"gitId":"Bev-low"},"content":" |_______|","lastModifiedDate":"2024-09-22","isFullCredit":false},{"lineNumber":27,"author":{"gitId":"Bev-low"},"content":"","lastModifiedDate":"2024-09-22","isFullCredit":false},{"lineNumber":28,"author":{"gitId":"Bev-low"},"content":"Charlie: Hello! I\u0027m ChattyCharlie, your consistent buddy.","lastModifiedDate":"2024-09-22","isFullCredit":false},{"lineNumber":29,"author":{"gitId":"Bev-low"},"content":"         What shall we do today?","lastModifiedDate":"2024-09-22","isFullCredit":false},{"lineNumber":30,"author":{"gitId":"Bev-low"},"content":"","lastModifiedDate":"2024-09-22","isFullCredit":false},{"lineNumber":31,"author":{"gitId":"Bev-low"},"content":"Charlie: Task have been loaded from: text.txt","lastModifiedDate":"2024-09-22","isFullCredit":false},{"lineNumber":32,"author":{"gitId":"-"},"content":"   ```","lastModifiedDate":"2020-05-25","isFullCredit":false}],"authorContributionMap":{"Bev-low":15,"-":17}},{"path":"src/main/java/chattycharlie/CharlieExceptions.java","fileType":"java","lines":[{"lineNumber":1,"author":{"gitId":"Bev-low"},"content":"package chattycharlie;","lastModifiedDate":"2024-09-18","isFullCredit":false},{"lineNumber":2,"author":{"gitId":"Bev-low"},"content":"","lastModifiedDate":"2024-09-13","isFullCredit":false},{"lineNumber":3,"author":{"gitId":"Bev-low"},"content":"public class CharlieExceptions extends Exception{","lastModifiedDate":"2024-09-11","isFullCredit":false},{"lineNumber":4,"author":{"gitId":"Bev-low"},"content":"    public CharlieExceptions(String message){","lastModifiedDate":"2024-09-11","isFullCredit":false},{"lineNumber":5,"author":{"gitId":"Bev-low"},"content":"        super(message);","lastModifiedDate":"2024-09-11","isFullCredit":false},{"lineNumber":6,"author":{"gitId":"Bev-low"},"content":"    }","lastModifiedDate":"2024-09-11","isFullCredit":false},{"lineNumber":7,"author":{"gitId":"Bev-low"},"content":"","lastModifiedDate":"2024-09-11","isFullCredit":false},{"lineNumber":8,"author":{"gitId":"Bev-low"},"content":"    // Static factory methods for common exceptions","lastModifiedDate":"2024-09-11","isFullCredit":false},{"lineNumber":9,"author":{"gitId":"Bev-low"},"content":"    public static CharlieExceptions missingDescription(CommandType command) {","lastModifiedDate":"2024-09-11","isFullCredit":false},{"lineNumber":10,"author":{"gitId":"Bev-low"},"content":"        return new CharlieExceptions(\"Oop, the task for \" + command + \" cannot be empty.\");","lastModifiedDate":"2024-09-11","isFullCredit":false},{"lineNumber":11,"author":{"gitId":"Bev-low"},"content":"    }","lastModifiedDate":"2024-09-11","isFullCredit":false},{"lineNumber":12,"author":{"gitId":"Bev-low"},"content":"","lastModifiedDate":"2024-09-11","isFullCredit":false},{"lineNumber":13,"author":{"gitId":"Bev-low"},"content":"    public static CharlieExceptions missingDeadline() {","lastModifiedDate":"2024-09-11","isFullCredit":false},{"lineNumber":14,"author":{"gitId":"Bev-low"},"content":"        return new CharlieExceptions(\"When is this due?\");","lastModifiedDate":"2024-09-11","isFullCredit":false},{"lineNumber":15,"author":{"gitId":"Bev-low"},"content":"    }","lastModifiedDate":"2024-09-11","isFullCredit":false},{"lineNumber":16,"author":{"gitId":"Bev-low"},"content":"","lastModifiedDate":"2024-09-11","isFullCredit":false},{"lineNumber":17,"author":{"gitId":"Bev-low"},"content":"    public static CharlieExceptions missingTimes() {","lastModifiedDate":"2024-09-11","isFullCredit":false},{"lineNumber":18,"author":{"gitId":"Bev-low"},"content":"        return new CharlieExceptions(\"Your event is missing or incomplete!\");","lastModifiedDate":"2024-09-11","isFullCredit":false},{"lineNumber":19,"author":{"gitId":"Bev-low"},"content":"    }","lastModifiedDate":"2024-09-11","isFullCredit":false},{"lineNumber":20,"author":{"gitId":"Bev-low"},"content":"","lastModifiedDate":"2024-09-20","isFullCredit":false},{"lineNumber":21,"author":{"gitId":"Bev-low"},"content":"    public static CharlieExceptions missingDelete() {","lastModifiedDate":"2024-09-20","isFullCredit":false},{"lineNumber":22,"author":{"gitId":"Bev-low"},"content":"        return new CharlieExceptions(\"You forgot to specify which task.\");","lastModifiedDate":"2024-09-20","isFullCredit":false},{"lineNumber":23,"author":{"gitId":"Bev-low"},"content":"    }","lastModifiedDate":"2024-09-20","isFullCredit":false},{"lineNumber":24,"author":{"gitId":"Bev-low"},"content":"","lastModifiedDate":"2024-09-20","isFullCredit":false},{"lineNumber":25,"author":{"gitId":"Bev-low"},"content":"    public static CharlieExceptions deleteIndexOutOfBound() {","lastModifiedDate":"2024-09-20","isFullCredit":false},{"lineNumber":26,"author":{"gitId":"Bev-low"},"content":"        return new CharlieExceptions(\"Did you make a typo, that task does not exist!\");","lastModifiedDate":"2024-09-20","isFullCredit":false},{"lineNumber":27,"author":{"gitId":"Bev-low"},"content":"    }","lastModifiedDate":"2024-09-20","isFullCredit":false},{"lineNumber":28,"author":{"gitId":"Bev-low"},"content":"}","lastModifiedDate":"2024-09-11","isFullCredit":false}],"authorContributionMap":{"Bev-low":28}},{"path":"src/main/java/chattycharlie/ChattyCharlie.java","fileType":"java","lines":[{"lineNumber":1,"author":{"gitId":"Bev-low"},"content":"package chattycharlie;","lastModifiedDate":"2024-09-18","isFullCredit":false},{"lineNumber":2,"author":{"gitId":"Bev-low"},"content":"","lastModifiedDate":"2024-09-13","isFullCredit":false},{"lineNumber":3,"author":{"gitId":"Bev-low"},"content":"import chattycharlie.task.Deadline;","lastModifiedDate":"2024-09-18","isFullCredit":false},{"lineNumber":4,"author":{"gitId":"Bev-low"},"content":"import chattycharlie.task.Event;","lastModifiedDate":"2024-09-18","isFullCredit":false},{"lineNumber":5,"author":{"gitId":"Bev-low"},"content":"import chattycharlie.task.Todo;","lastModifiedDate":"2024-09-18","isFullCredit":false},{"lineNumber":6,"author":{"gitId":"Bev-low"},"content":"","lastModifiedDate":"2024-09-13","isFullCredit":false},{"lineNumber":7,"author":{"gitId":"Bev-low"},"content":"import java.util.Scanner;","lastModifiedDate":"2024-08-29","isFullCredit":false},{"lineNumber":8,"author":{"gitId":"Bev-low"},"content":"","lastModifiedDate":"2024-08-29","isFullCredit":false},{"lineNumber":9,"author":{"gitId":"Bev-low"},"content":"public class ChattyCharlie {","lastModifiedDate":"2024-08-19","isFullCredit":false},{"lineNumber":10,"author":{"gitId":"Bev-low"},"content":"","lastModifiedDate":"2024-08-29","isFullCredit":false},{"lineNumber":11,"author":{"gitId":"Bev-low"},"content":"    public static void scheduleMaker() throws CharlieExceptions { //Echo as a function","lastModifiedDate":"2024-09-18","isFullCredit":false},{"lineNumber":12,"author":{"gitId":"Bev-low"},"content":"        String line \u003d null;","lastModifiedDate":"2024-09-11","isFullCredit":false},{"lineNumber":13,"author":{"gitId":"Bev-low"},"content":"        CommandType command \u003d null;","lastModifiedDate":"2024-09-22","isFullCredit":false},{"lineNumber":14,"author":{"gitId":"Bev-low"},"content":"        //make the scanner","lastModifiedDate":"2024-08-29","isFullCredit":false},{"lineNumber":15,"author":{"gitId":"Bev-low"},"content":"        Scanner in \u003d new Scanner(System.in);","lastModifiedDate":"2024-08-29","isFullCredit":false},{"lineNumber":16,"author":{"gitId":"Bev-low"},"content":"","lastModifiedDate":"2024-08-30","isFullCredit":false},{"lineNumber":17,"author":{"gitId":"Bev-low"},"content":"        //create an instance of list class","lastModifiedDate":"2024-08-30","isFullCredit":false},{"lineNumber":18,"author":{"gitId":"Bev-low"},"content":"        List list \u003d new List();","lastModifiedDate":"2024-09-04","isFullCredit":false},{"lineNumber":19,"author":{"gitId":"Bev-low"},"content":"","lastModifiedDate":"2024-09-20","isFullCredit":false},{"lineNumber":20,"author":{"gitId":"Bev-low"},"content":"        //read in the file","lastModifiedDate":"2024-09-22","isFullCredit":false},{"lineNumber":21,"author":{"gitId":"Bev-low"},"content":"        list.readTaskFromFile(\"text.txt\");","lastModifiedDate":"2024-09-22","isFullCredit":false},{"lineNumber":22,"author":{"gitId":"Bev-low"},"content":"","lastModifiedDate":"2024-09-22","isFullCredit":false},{"lineNumber":23,"author":{"gitId":"Bev-low"},"content":"","lastModifiedDate":"2024-09-22","isFullCredit":false},{"lineNumber":24,"author":{"gitId":"Bev-low"},"content":"        while (true) {","lastModifiedDate":"2024-08-29","isFullCredit":false},{"lineNumber":25,"author":{"gitId":"Bev-low"},"content":"            try {","lastModifiedDate":"2024-09-11","isFullCredit":false},{"lineNumber":26,"author":{"gitId":"Bev-low"},"content":"                //takes in an input","lastModifiedDate":"2024-09-04","isFullCredit":false},{"lineNumber":27,"author":{"gitId":"Bev-low"},"content":"                System.out.print(StringDesign.YOU);","lastModifiedDate":"2024-09-05","isFullCredit":false},{"lineNumber":28,"author":{"gitId":"Bev-low"},"content":"                line \u003d in.nextLine();","lastModifiedDate":"2024-08-29","isFullCredit":false},{"lineNumber":29,"author":{"gitId":"Bev-low"},"content":"                System.out.println(StringDesign.LINE);","lastModifiedDate":"2024-09-05","isFullCredit":false},{"lineNumber":30,"author":{"gitId":"Bev-low"},"content":"","lastModifiedDate":"2024-08-29","isFullCredit":false},{"lineNumber":31,"author":{"gitId":"Bev-low"},"content":"                //get the first word to see the command type","lastModifiedDate":"2024-09-04","isFullCredit":false},{"lineNumber":32,"author":{"gitId":"Bev-low"},"content":"                String firstWord \u003d line.split(\" \")[0];","lastModifiedDate":"2024-09-04","isFullCredit":false},{"lineNumber":33,"author":{"gitId":"Bev-low"},"content":"","lastModifiedDate":"2024-09-04","isFullCredit":false},{"lineNumber":34,"author":{"gitId":"Bev-low"},"content":"                command \u003d CommandType.valueOf(firstWord.toUpperCase());","lastModifiedDate":"2024-09-11","isFullCredit":false},{"lineNumber":35,"author":{"gitId":"Bev-low"},"content":"","lastModifiedDate":"2024-09-04","isFullCredit":false},{"lineNumber":36,"author":{"gitId":"Bev-low"},"content":"                //start the different command types","lastModifiedDate":"2024-09-04","isFullCredit":false},{"lineNumber":37,"author":{"gitId":"Bev-low"},"content":"                switch (command) {","lastModifiedDate":"2024-09-04","isFullCredit":false},{"lineNumber":38,"author":{"gitId":"Bev-low"},"content":"                case TODO:","lastModifiedDate":"2024-09-04","isFullCredit":false},{"lineNumber":39,"author":{"gitId":"Bev-low"},"content":"                    //remove the words todo","lastModifiedDate":"2024-09-05","isFullCredit":false},{"lineNumber":40,"author":{"gitId":"Bev-low"},"content":"                    String todoDescription \u003d line.substring(4).trim();","lastModifiedDate":"2024-09-11","isFullCredit":false},{"lineNumber":41,"author":{"gitId":"Bev-low"},"content":"","lastModifiedDate":"2024-09-11","isFullCredit":false},{"lineNumber":42,"author":{"gitId":"Bev-low"},"content":"                    // Check if the description is empty","lastModifiedDate":"2024-09-11","isFullCredit":false},{"lineNumber":43,"author":{"gitId":"Bev-low"},"content":"                    if (todoDescription.isEmpty()) {","lastModifiedDate":"2024-09-11","isFullCredit":false},{"lineNumber":44,"author":{"gitId":"Bev-low"},"content":"                        throw CharlieExceptions.missingDescription(command);","lastModifiedDate":"2024-09-11","isFullCredit":false},{"lineNumber":45,"author":{"gitId":"Bev-low"},"content":"                    }","lastModifiedDate":"2024-09-11","isFullCredit":false},{"lineNumber":46,"author":{"gitId":"Bev-low"},"content":"","lastModifiedDate":"2024-09-11","isFullCredit":false},{"lineNumber":47,"author":{"gitId":"Bev-low"},"content":"                    //add the todo task","lastModifiedDate":"2024-09-05","isFullCredit":false},{"lineNumber":48,"author":{"gitId":"Bev-low"},"content":"                    list.addTask(new Todo(todoDescription));","lastModifiedDate":"2024-09-04","isFullCredit":false},{"lineNumber":49,"author":{"gitId":"Bev-low"},"content":"                    //print","lastModifiedDate":"2024-09-05","isFullCredit":false},{"lineNumber":50,"author":{"gitId":"Bev-low"},"content":"                    System.out.println(StringDesign.SPACE + \"Added todo: \" + todoDescription);","lastModifiedDate":"2024-09-05","isFullCredit":false},{"lineNumber":51,"author":{"gitId":"Bev-low"},"content":"                    System.out.println(StringDesign.LINE);","lastModifiedDate":"2024-09-05","isFullCredit":false},{"lineNumber":52,"author":{"gitId":"Bev-low"},"content":"                    break;","lastModifiedDate":"2024-08-29","isFullCredit":false},{"lineNumber":53,"author":{"gitId":"Bev-low"},"content":"                case DEADLINE:","lastModifiedDate":"2024-09-04","isFullCredit":false},{"lineNumber":54,"author":{"gitId":"Bev-low"},"content":"                    //remove the deadline word and split into description and deadline time","lastModifiedDate":"2024-09-05","isFullCredit":false},{"lineNumber":55,"author":{"gitId":"Bev-low"},"content":"                    String[] deadlineParts \u003d line.substring(8).trim().split(\" by \");","lastModifiedDate":"2024-09-11","isFullCredit":false},{"lineNumber":56,"author":{"gitId":"Bev-low"},"content":"                    String deadlineDescription;","lastModifiedDate":"2024-09-11","isFullCredit":false},{"lineNumber":57,"author":{"gitId":"Bev-low"},"content":"                    String by;","lastModifiedDate":"2024-09-11","isFullCredit":false},{"lineNumber":58,"author":{"gitId":"Bev-low"},"content":"","lastModifiedDate":"2024-09-11","isFullCredit":false},{"lineNumber":59,"author":{"gitId":"Bev-low"},"content":"                    //handle errors","lastModifiedDate":"2024-09-11","isFullCredit":false},{"lineNumber":60,"author":{"gitId":"Bev-low"},"content":"                    if (deadlineParts[0].isEmpty()) {","lastModifiedDate":"2024-09-11","isFullCredit":false},{"lineNumber":61,"author":{"gitId":"Bev-low"},"content":"                        throw CharlieExceptions.missingDescription(command);","lastModifiedDate":"2024-09-11","isFullCredit":false},{"lineNumber":62,"author":{"gitId":"Bev-low"},"content":"                    } else if (deadlineParts.length \u003c 2) {","lastModifiedDate":"2024-09-11","isFullCredit":false},{"lineNumber":63,"author":{"gitId":"Bev-low"},"content":"                        throw CharlieExceptions.missingDeadline();","lastModifiedDate":"2024-09-11","isFullCredit":false},{"lineNumber":64,"author":{"gitId":"Bev-low"},"content":"                    } else {","lastModifiedDate":"2024-09-11","isFullCredit":false},{"lineNumber":65,"author":{"gitId":"Bev-low"},"content":"                        deadlineDescription \u003d deadlineParts[0].trim();","lastModifiedDate":"2024-09-11","isFullCredit":false},{"lineNumber":66,"author":{"gitId":"Bev-low"},"content":"                    }","lastModifiedDate":"2024-09-11","isFullCredit":false},{"lineNumber":67,"author":{"gitId":"Bev-low"},"content":"","lastModifiedDate":"2024-09-11","isFullCredit":false},{"lineNumber":68,"author":{"gitId":"Bev-low"},"content":"                    by \u003d deadlineParts[1].trim();","lastModifiedDate":"2024-09-11","isFullCredit":false},{"lineNumber":69,"author":{"gitId":"Bev-low"},"content":"","lastModifiedDate":"2024-09-11","isFullCredit":false},{"lineNumber":70,"author":{"gitId":"Bev-low"},"content":"                    list.addTask(new Deadline(deadlineDescription, by));","lastModifiedDate":"2024-09-04","isFullCredit":false},{"lineNumber":71,"author":{"gitId":"Bev-low"},"content":"                    System.out.println(StringDesign.SPACE + \"Added deadline: \" + deadlineDescription + \" (by: \" + by + \")\");","lastModifiedDate":"2024-09-11","isFullCredit":false},{"lineNumber":72,"author":{"gitId":"Bev-low"},"content":"                    System.out.println(StringDesign.LINE);","lastModifiedDate":"2024-09-05","isFullCredit":false},{"lineNumber":73,"author":{"gitId":"Bev-low"},"content":"                    break;","lastModifiedDate":"2024-08-30","isFullCredit":false},{"lineNumber":74,"author":{"gitId":"Bev-low"},"content":"                case EVENT:","lastModifiedDate":"2024-09-04","isFullCredit":false},{"lineNumber":75,"author":{"gitId":"Bev-low"},"content":"                    //remove the event word and split into the description and event times","lastModifiedDate":"2024-09-05","isFullCredit":false},{"lineNumber":76,"author":{"gitId":"Bev-low"},"content":"                    String[] eventParts \u003d line.substring(5).trim().split(\"from\");","lastModifiedDate":"2024-09-11","isFullCredit":false},{"lineNumber":77,"author":{"gitId":"Bev-low"},"content":"                    String description;","lastModifiedDate":"2024-09-11","isFullCredit":false},{"lineNumber":78,"author":{"gitId":"Bev-low"},"content":"                    String startTime;","lastModifiedDate":"2024-09-11","isFullCredit":false},{"lineNumber":79,"author":{"gitId":"Bev-low"},"content":"                    String endTime;","lastModifiedDate":"2024-09-11","isFullCredit":false},{"lineNumber":80,"author":{"gitId":"Bev-low"},"content":"","lastModifiedDate":"2024-09-11","isFullCredit":false},{"lineNumber":81,"author":{"gitId":"Bev-low"},"content":"                    // Error handling for Events","lastModifiedDate":"2024-09-11","isFullCredit":false},{"lineNumber":82,"author":{"gitId":"Bev-low"},"content":"                    if (eventParts[0].isEmpty()) { //no description","lastModifiedDate":"2024-09-11","isFullCredit":false},{"lineNumber":83,"author":{"gitId":"Bev-low"},"content":"                        throw CharlieExceptions.missingDescription(command);","lastModifiedDate":"2024-09-11","isFullCredit":false},{"lineNumber":84,"author":{"gitId":"Bev-low"},"content":"                    } else if (eventParts.length \u003c 2) { //no from","lastModifiedDate":"2024-09-11","isFullCredit":false},{"lineNumber":85,"author":{"gitId":"Bev-low"},"content":"                        throw CharlieExceptions.missingTimes();","lastModifiedDate":"2024-09-11","isFullCredit":false},{"lineNumber":86,"author":{"gitId":"Bev-low"},"content":"                    } else {","lastModifiedDate":"2024-09-11","isFullCredit":false},{"lineNumber":87,"author":{"gitId":"Bev-low"},"content":"                            description \u003d eventParts[0].trim();","lastModifiedDate":"2024-09-11","isFullCredit":false},{"lineNumber":88,"author":{"gitId":"Bev-low"},"content":"                    }","lastModifiedDate":"2024-09-11","isFullCredit":false},{"lineNumber":89,"author":{"gitId":"Bev-low"},"content":"","lastModifiedDate":"2024-09-11","isFullCredit":false},{"lineNumber":90,"author":{"gitId":"Bev-low"},"content":"                    String[] eventTimes \u003d eventParts[1].trim().split(\" to \");","lastModifiedDate":"2024-09-04","isFullCredit":false},{"lineNumber":91,"author":{"gitId":"Bev-low"},"content":"","lastModifiedDate":"2024-09-11","isFullCredit":false},{"lineNumber":92,"author":{"gitId":"Bev-low"},"content":"                    if (eventTimes.length \u003c 2) {","lastModifiedDate":"2024-09-11","isFullCredit":false},{"lineNumber":93,"author":{"gitId":"Bev-low"},"content":"                        throw CharlieExceptions.missingTimes(); //change this to no end date","lastModifiedDate":"2024-09-11","isFullCredit":false},{"lineNumber":94,"author":{"gitId":"Bev-low"},"content":"                    }","lastModifiedDate":"2024-09-11","isFullCredit":false},{"lineNumber":95,"author":{"gitId":"Bev-low"},"content":"","lastModifiedDate":"2024-09-11","isFullCredit":false},{"lineNumber":96,"author":{"gitId":"Bev-low"},"content":"                    if (eventTimes[0].isEmpty() || eventTimes[1].isEmpty()) {","lastModifiedDate":"2024-09-11","isFullCredit":false},{"lineNumber":97,"author":{"gitId":"Bev-low"},"content":"                        throw CharlieExceptions.missingTimes();","lastModifiedDate":"2024-09-11","isFullCredit":false},{"lineNumber":98,"author":{"gitId":"Bev-low"},"content":"                    } else {","lastModifiedDate":"2024-09-11","isFullCredit":false},{"lineNumber":99,"author":{"gitId":"Bev-low"},"content":"                        startTime \u003d eventTimes[0].trim();","lastModifiedDate":"2024-09-11","isFullCredit":false},{"lineNumber":100,"author":{"gitId":"Bev-low"},"content":"                        endTime \u003d eventTimes[1].trim();","lastModifiedDate":"2024-09-11","isFullCredit":false},{"lineNumber":101,"author":{"gitId":"Bev-low"},"content":"                    }","lastModifiedDate":"2024-09-11","isFullCredit":false},{"lineNumber":102,"author":{"gitId":"Bev-low"},"content":"","lastModifiedDate":"2024-09-04","isFullCredit":false},{"lineNumber":103,"author":{"gitId":"Bev-low"},"content":"                    //add the event task","lastModifiedDate":"2024-09-05","isFullCredit":false},{"lineNumber":104,"author":{"gitId":"Bev-low"},"content":"                    list.addTask(new Event(description, startTime, endTime));","lastModifiedDate":"2024-09-04","isFullCredit":false},{"lineNumber":105,"author":{"gitId":"Bev-low"},"content":"                    //print","lastModifiedDate":"2024-09-05","isFullCredit":false},{"lineNumber":106,"author":{"gitId":"Bev-low"},"content":"                    System.out.println(StringDesign.SPACE + \"Added event: \" + description","lastModifiedDate":"2024-09-05","isFullCredit":false},{"lineNumber":107,"author":{"gitId":"Bev-low"},"content":"                            + \" (from: \" + startTime + \", to: \" + endTime + \")\");","lastModifiedDate":"2024-09-05","isFullCredit":false},{"lineNumber":108,"author":{"gitId":"Bev-low"},"content":"                    System.out.println(StringDesign.LINE);","lastModifiedDate":"2024-09-05","isFullCredit":false},{"lineNumber":109,"author":{"gitId":"Bev-low"},"content":"                    break;","lastModifiedDate":"2024-08-30","isFullCredit":false},{"lineNumber":110,"author":{"gitId":"Bev-low"},"content":"                case MARK:","lastModifiedDate":"2024-09-04","isFullCredit":false},{"lineNumber":111,"author":{"gitId":"Bev-low"},"content":"                    //remove the mark word","lastModifiedDate":"2024-09-05","isFullCredit":false},{"lineNumber":112,"author":{"gitId":"Bev-low"},"content":"                    String markIndex \u003d line.substring(4).trim();","lastModifiedDate":"2024-09-11","isFullCredit":false},{"lineNumber":113,"author":{"gitId":"Bev-low"},"content":"                    //convert the string number into an int","lastModifiedDate":"2024-09-05","isFullCredit":false},{"lineNumber":114,"author":{"gitId":"Bev-low"},"content":"                    int markNo \u003d Integer.parseInt(markIndex) -1; //convert to array","lastModifiedDate":"2024-09-04","isFullCredit":false},{"lineNumber":115,"author":{"gitId":"Bev-low"},"content":"                    //mark it","lastModifiedDate":"2024-09-04","isFullCredit":false},{"lineNumber":116,"author":{"gitId":"Bev-low"},"content":"                    list.mark(markNo);","lastModifiedDate":"2024-09-04","isFullCredit":false},{"lineNumber":117,"author":{"gitId":"Bev-low"},"content":"                    //print","lastModifiedDate":"2024-09-05","isFullCredit":false},{"lineNumber":118,"author":{"gitId":"Bev-low"},"content":"                    System.out.println(StringDesign.LINE);","lastModifiedDate":"2024-09-05","isFullCredit":false},{"lineNumber":119,"author":{"gitId":"Bev-low"},"content":"                    break;","lastModifiedDate":"2024-09-04","isFullCredit":false},{"lineNumber":120,"author":{"gitId":"Bev-low"},"content":"                case UNMARK:","lastModifiedDate":"2024-09-04","isFullCredit":false},{"lineNumber":121,"author":{"gitId":"Bev-low"},"content":"                    //remove the unmark word","lastModifiedDate":"2024-09-05","isFullCredit":false},{"lineNumber":122,"author":{"gitId":"Bev-low"},"content":"                    String unmarkIndex \u003d line.substring(6).trim();","lastModifiedDate":"2024-09-11","isFullCredit":false},{"lineNumber":123,"author":{"gitId":"Bev-low"},"content":"                    //convert the string no into a int","lastModifiedDate":"2024-09-05","isFullCredit":false},{"lineNumber":124,"author":{"gitId":"Bev-low"},"content":"                    int unmarkNo \u003d Integer.parseInt(unmarkIndex) -1;","lastModifiedDate":"2024-09-05","isFullCredit":false},{"lineNumber":125,"author":{"gitId":"Bev-low"},"content":"                    //mark it","lastModifiedDate":"2024-09-04","isFullCredit":false},{"lineNumber":126,"author":{"gitId":"Bev-low"},"content":"                    list.unmark(unmarkNo);","lastModifiedDate":"2024-09-04","isFullCredit":false},{"lineNumber":127,"author":{"gitId":"Bev-low"},"content":"                    //print","lastModifiedDate":"2024-09-05","isFullCredit":false},{"lineNumber":128,"author":{"gitId":"Bev-low"},"content":"                    System.out.println(StringDesign.LINE);","lastModifiedDate":"2024-09-05","isFullCredit":false},{"lineNumber":129,"author":{"gitId":"Bev-low"},"content":"                    break;","lastModifiedDate":"2024-09-04","isFullCredit":false},{"lineNumber":130,"author":{"gitId":"Bev-low"},"content":"                case BYE:","lastModifiedDate":"2024-09-04","isFullCredit":false},{"lineNumber":131,"author":{"gitId":"Bev-low"},"content":"                    list.saveTasksToFile(\"text.txt\");","lastModifiedDate":"2024-09-22","isFullCredit":false},{"lineNumber":132,"author":{"gitId":"Bev-low"},"content":"                    return; //just exit","lastModifiedDate":"2024-09-04","isFullCredit":false},{"lineNumber":133,"author":{"gitId":"Bev-low"},"content":"                case LIST:","lastModifiedDate":"2024-09-04","isFullCredit":false},{"lineNumber":134,"author":{"gitId":"Bev-low"},"content":"                    list.printList();","lastModifiedDate":"2024-09-04","isFullCredit":false},{"lineNumber":135,"author":{"gitId":"Bev-low"},"content":"                    //print","lastModifiedDate":"2024-09-05","isFullCredit":false},{"lineNumber":136,"author":{"gitId":"Bev-low"},"content":"                    System.out.println(StringDesign.LINE);","lastModifiedDate":"2024-09-05","isFullCredit":false},{"lineNumber":137,"author":{"gitId":"Bev-low"},"content":"                    break;","lastModifiedDate":"2024-09-04","isFullCredit":false},{"lineNumber":138,"author":{"gitId":"Bev-low"},"content":"                case DELETE:","lastModifiedDate":"2024-09-20","isFullCredit":false},{"lineNumber":139,"author":{"gitId":"Bev-low"},"content":"                    String deleteIndex \u003d line.substring(7).trim();","lastModifiedDate":"2024-09-20","isFullCredit":false},{"lineNumber":140,"author":{"gitId":"Bev-low"},"content":"                    if (deleteIndex \u003d\u003d null) {","lastModifiedDate":"2024-09-20","isFullCredit":false},{"lineNumber":141,"author":{"gitId":"Bev-low"},"content":"                        throw CharlieExceptions.missingDelete();","lastModifiedDate":"2024-09-20","isFullCredit":false},{"lineNumber":142,"author":{"gitId":"Bev-low"},"content":"                    }","lastModifiedDate":"2024-09-20","isFullCredit":false},{"lineNumber":143,"author":{"gitId":"Bev-low"},"content":"                    int deleteNo \u003d Integer.parseInt(deleteIndex) - 1;","lastModifiedDate":"2024-09-20","isFullCredit":false},{"lineNumber":144,"author":{"gitId":"Bev-low"},"content":"                    if(deleteNo \u003e list.getSize() || deleteNo \u003c 0) {","lastModifiedDate":"2024-09-20","isFullCredit":false},{"lineNumber":145,"author":{"gitId":"Bev-low"},"content":"                        throw CharlieExceptions.deleteIndexOutOfBound();","lastModifiedDate":"2024-09-20","isFullCredit":false},{"lineNumber":146,"author":{"gitId":"Bev-low"},"content":"                    }","lastModifiedDate":"2024-09-20","isFullCredit":false},{"lineNumber":147,"author":{"gitId":"Bev-low"},"content":"                    //delete the task","lastModifiedDate":"2024-09-20","isFullCredit":false},{"lineNumber":148,"author":{"gitId":"Bev-low"},"content":"                    list.delete(deleteNo);","lastModifiedDate":"2024-09-20","isFullCredit":false},{"lineNumber":149,"author":{"gitId":"Bev-low"},"content":"                default:","lastModifiedDate":"2024-09-04","isFullCredit":false},{"lineNumber":150,"author":{"gitId":"Bev-low"},"content":"                    break;","lastModifiedDate":"2024-09-04","isFullCredit":false},{"lineNumber":151,"author":{"gitId":"Bev-low"},"content":"                }","lastModifiedDate":"2024-08-30","isFullCredit":false},{"lineNumber":152,"author":{"gitId":"Bev-low"},"content":"            } catch (CharlieExceptions e) {","lastModifiedDate":"2024-09-11","isFullCredit":false},{"lineNumber":153,"author":{"gitId":"Bev-low"},"content":"                // Handle custom exceptions and prompt for new input","lastModifiedDate":"2024-09-11","isFullCredit":false},{"lineNumber":154,"author":{"gitId":"Bev-low"},"content":"                System.out.println(e.getMessage());","lastModifiedDate":"2024-09-11","isFullCredit":false},{"lineNumber":155,"author":{"gitId":"Bev-low"},"content":"                System.out.println(StringDesign.LINE);","lastModifiedDate":"2024-09-11","isFullCredit":false},{"lineNumber":156,"author":{"gitId":"Bev-low"},"content":"                continue;  // Continue to ask for input after throwing exception","lastModifiedDate":"2024-09-11","isFullCredit":false},{"lineNumber":157,"author":{"gitId":"Bev-low"},"content":"            } catch (IllegalArgumentException e) {","lastModifiedDate":"2024-09-11","isFullCredit":false},{"lineNumber":158,"author":{"gitId":"Bev-low"},"content":"                System.out.println(\"Oop, did you make a typo?\");","lastModifiedDate":"2024-09-11","isFullCredit":false},{"lineNumber":159,"author":{"gitId":"Bev-low"},"content":"                System.out.println(StringDesign.LINE);","lastModifiedDate":"2024-09-11","isFullCredit":false},{"lineNumber":160,"author":{"gitId":"Bev-low"},"content":"                continue;","lastModifiedDate":"2024-09-11","isFullCredit":false},{"lineNumber":161,"author":{"gitId":"Bev-low"},"content":"            }","lastModifiedDate":"2024-09-11","isFullCredit":false},{"lineNumber":162,"author":{"gitId":"Bev-low"},"content":"        }","lastModifiedDate":"2024-08-29","isFullCredit":false},{"lineNumber":163,"author":{"gitId":"Bev-low"},"content":"    }","lastModifiedDate":"2024-08-29","isFullCredit":false},{"lineNumber":164,"author":{"gitId":"Bev-low"},"content":"","lastModifiedDate":"2024-08-29","isFullCredit":false},{"lineNumber":165,"author":{"gitId":"Bev-low"},"content":"    public static void main (String[]args) throws CharlieExceptions{","lastModifiedDate":"2024-09-11","isFullCredit":false},{"lineNumber":166,"author":{"gitId":"Bev-low"},"content":"        System.out.println(StringDesign.LOGO + StringDesign.CHARLIE + StringDesign.GREETING);","lastModifiedDate":"2024-09-05","isFullCredit":false},{"lineNumber":167,"author":{"gitId":"Bev-low"},"content":"        scheduleMaker();","lastModifiedDate":"2024-09-18","isFullCredit":false},{"lineNumber":168,"author":{"gitId":"Bev-low"},"content":"        System.out.println(StringDesign.CHARLIE + StringDesign.FAREWELL);","lastModifiedDate":"2024-09-05","isFullCredit":false},{"lineNumber":169,"author":{"gitId":"Bev-low"},"content":"","lastModifiedDate":"2024-08-29","isFullCredit":false},{"lineNumber":170,"author":{"gitId":"Bev-low"},"content":"    }","lastModifiedDate":"2024-08-19","isFullCredit":false},{"lineNumber":171,"author":{"gitId":"Bev-low"},"content":"}","lastModifiedDate":"2024-08-19","isFullCredit":false}],"authorContributionMap":{"Bev-low":171}},{"path":"src/main/java/chattycharlie/CommandType.java","fileType":"java","lines":[{"lineNumber":1,"author":{"gitId":"Bev-low"},"content":"package chattycharlie;","lastModifiedDate":"2024-09-18","isFullCredit":false},{"lineNumber":2,"author":{"gitId":"Bev-low"},"content":"","lastModifiedDate":"2024-09-13","isFullCredit":false},{"lineNumber":3,"author":{"gitId":"Bev-low"},"content":"public enum CommandType {","lastModifiedDate":"2024-09-04","isFullCredit":false},{"lineNumber":4,"author":{"gitId":"Bev-low"},"content":"    TODO,","lastModifiedDate":"2024-09-04","isFullCredit":false},{"lineNumber":5,"author":{"gitId":"Bev-low"},"content":"    DEADLINE,","lastModifiedDate":"2024-09-04","isFullCredit":false},{"lineNumber":6,"author":{"gitId":"Bev-low"},"content":"    EVENT,","lastModifiedDate":"2024-09-04","isFullCredit":false},{"lineNumber":7,"author":{"gitId":"Bev-low"},"content":"    MARK,","lastModifiedDate":"2024-09-04","isFullCredit":false},{"lineNumber":8,"author":{"gitId":"Bev-low"},"content":"    UNMARK,","lastModifiedDate":"2024-09-04","isFullCredit":false},{"lineNumber":9,"author":{"gitId":"Bev-low"},"content":"    BYE,","lastModifiedDate":"2024-09-04","isFullCredit":false},{"lineNumber":10,"author":{"gitId":"Bev-low"},"content":"    LIST,","lastModifiedDate":"2024-09-20","isFullCredit":false},{"lineNumber":11,"author":{"gitId":"Bev-low"},"content":"    DELETE","lastModifiedDate":"2024-09-20","isFullCredit":false},{"lineNumber":12,"author":{"gitId":"Bev-low"},"content":"}","lastModifiedDate":"2024-09-04","isFullCredit":false}],"authorContributionMap":{"Bev-low":12}},{"path":"src/main/java/chattycharlie/List.java","fileType":"java","lines":[{"lineNumber":1,"author":{"gitId":"Bev-low"},"content":"package chattycharlie;","lastModifiedDate":"2024-09-18","isFullCredit":false},{"lineNumber":2,"author":{"gitId":"Bev-low"},"content":"","lastModifiedDate":"2024-09-13","isFullCredit":false},{"lineNumber":3,"author":{"gitId":"Bev-low"},"content":"import chattycharlie.task.Deadline;","lastModifiedDate":"2024-09-18","isFullCredit":false},{"lineNumber":4,"author":{"gitId":"Bev-low"},"content":"import chattycharlie.task.Event;","lastModifiedDate":"2024-09-18","isFullCredit":false},{"lineNumber":5,"author":{"gitId":"Bev-low"},"content":"import chattycharlie.task.Task;","lastModifiedDate":"2024-09-18","isFullCredit":false},{"lineNumber":6,"author":{"gitId":"Bev-low"},"content":"import chattycharlie.task.Todo;","lastModifiedDate":"2024-09-18","isFullCredit":false},{"lineNumber":7,"author":{"gitId":"Bev-low"},"content":"import java.util.ArrayList;","lastModifiedDate":"2024-09-20","isFullCredit":false},{"lineNumber":8,"author":{"gitId":"Bev-low"},"content":"import java.io.File;","lastModifiedDate":"2024-09-22","isFullCredit":false},{"lineNumber":9,"author":{"gitId":"Bev-low"},"content":"import java.io.FileNotFoundException;","lastModifiedDate":"2024-09-22","isFullCredit":false},{"lineNumber":10,"author":{"gitId":"Bev-low"},"content":"import java.io.FileWriter;","lastModifiedDate":"2024-09-22","isFullCredit":false},{"lineNumber":11,"author":{"gitId":"Bev-low"},"content":"import java.io.IOException;","lastModifiedDate":"2024-09-22","isFullCredit":false},{"lineNumber":12,"author":{"gitId":"Bev-low"},"content":"import java.util.Scanner;","lastModifiedDate":"2024-09-22","isFullCredit":false},{"lineNumber":13,"author":{"gitId":"Bev-low"},"content":"","lastModifiedDate":"2024-09-13","isFullCredit":false},{"lineNumber":14,"author":{"gitId":"Bev-low"},"content":"//LIST CLASS","lastModifiedDate":"2024-09-04","isFullCredit":false},{"lineNumber":15,"author":{"gitId":"Bev-low"},"content":"    public class List {","lastModifiedDate":"2024-09-04","isFullCredit":false},{"lineNumber":16,"author":{"gitId":"Bev-low"},"content":"        //make a list of task","lastModifiedDate":"2024-09-04","isFullCredit":false},{"lineNumber":17,"author":{"gitId":"Bev-low"},"content":"        private ArrayList\u003cTask\u003e tasks;","lastModifiedDate":"2024-09-20","isFullCredit":false},{"lineNumber":18,"author":{"gitId":"Bev-low"},"content":"        private int size;","lastModifiedDate":"2024-09-04","isFullCredit":false},{"lineNumber":19,"author":{"gitId":"Bev-low"},"content":"","lastModifiedDate":"2024-09-04","isFullCredit":false},{"lineNumber":20,"author":{"gitId":"Bev-low"},"content":"        //constructor","lastModifiedDate":"2024-09-04","isFullCredit":false},{"lineNumber":21,"author":{"gitId":"Bev-low"},"content":"        public List() {","lastModifiedDate":"2024-09-04","isFullCredit":false},{"lineNumber":22,"author":{"gitId":"Bev-low"},"content":"            tasks \u003d new ArrayList\u003cTask\u003e();","lastModifiedDate":"2024-09-20","isFullCredit":false},{"lineNumber":23,"author":{"gitId":"Bev-low"},"content":"            size \u003d 0;","lastModifiedDate":"2024-09-04","isFullCredit":false},{"lineNumber":24,"author":{"gitId":"Bev-low"},"content":"        }","lastModifiedDate":"2024-09-04","isFullCredit":false},{"lineNumber":25,"author":{"gitId":"Bev-low"},"content":"","lastModifiedDate":"2024-09-04","isFullCredit":false},{"lineNumber":26,"author":{"gitId":"Bev-low"},"content":"        //Method to add an item to the list","lastModifiedDate":"2024-09-04","isFullCredit":false},{"lineNumber":27,"author":{"gitId":"Bev-low"},"content":"        public void addTask(Task task) {","lastModifiedDate":"2024-09-04","isFullCredit":false},{"lineNumber":28,"author":{"gitId":"Bev-low"},"content":"            //add the text into the list","lastModifiedDate":"2024-09-04","isFullCredit":false},{"lineNumber":29,"author":{"gitId":"Bev-low"},"content":"            tasks.add(task);","lastModifiedDate":"2024-09-20","isFullCredit":false},{"lineNumber":30,"author":{"gitId":"Bev-low"},"content":"            //account for the item","lastModifiedDate":"2024-09-04","isFullCredit":false},{"lineNumber":31,"author":{"gitId":"Bev-low"},"content":"            size++;","lastModifiedDate":"2024-09-04","isFullCredit":false},{"lineNumber":32,"author":{"gitId":"Bev-low"},"content":"        }","lastModifiedDate":"2024-09-04","isFullCredit":false},{"lineNumber":33,"author":{"gitId":"Bev-low"},"content":"","lastModifiedDate":"2024-09-04","isFullCredit":false},{"lineNumber":34,"author":{"gitId":"Bev-low"},"content":"        public ArrayList\u003cTask\u003e getList() {","lastModifiedDate":"2024-09-20","isFullCredit":false},{"lineNumber":35,"author":{"gitId":"Bev-low"},"content":"            return this.tasks;","lastModifiedDate":"2024-09-05","isFullCredit":false},{"lineNumber":36,"author":{"gitId":"Bev-low"},"content":"        }","lastModifiedDate":"2024-09-04","isFullCredit":false},{"lineNumber":37,"author":{"gitId":"Bev-low"},"content":"","lastModifiedDate":"2024-09-04","isFullCredit":false},{"lineNumber":38,"author":{"gitId":"Bev-low"},"content":"        public int getSize() {","lastModifiedDate":"2024-09-04","isFullCredit":false},{"lineNumber":39,"author":{"gitId":"Bev-low"},"content":"            return size;","lastModifiedDate":"2024-09-04","isFullCredit":false},{"lineNumber":40,"author":{"gitId":"Bev-low"},"content":"        }","lastModifiedDate":"2024-09-04","isFullCredit":false},{"lineNumber":41,"author":{"gitId":"Bev-low"},"content":"","lastModifiedDate":"2024-09-04","isFullCredit":false},{"lineNumber":42,"author":{"gitId":"Bev-low"},"content":"        //To mark","lastModifiedDate":"2024-09-04","isFullCredit":false},{"lineNumber":43,"author":{"gitId":"Bev-low"},"content":"        public void mark(int index) {","lastModifiedDate":"2024-09-04","isFullCredit":false},{"lineNumber":44,"author":{"gitId":"Bev-low"},"content":"            if (index \u003e\u003d 0 \u0026\u0026 index \u003c size) {","lastModifiedDate":"2024-09-04","isFullCredit":false},{"lineNumber":45,"author":{"gitId":"Bev-low"},"content":"                tasks.get(index).markTask();","lastModifiedDate":"2024-09-20","isFullCredit":false},{"lineNumber":46,"author":{"gitId":"Bev-low"},"content":"                int remainingTask \u003d countUnmarkedTasks();","lastModifiedDate":"2024-09-04","isFullCredit":false},{"lineNumber":47,"author":{"gitId":"Bev-low"},"content":"                System.out.println(StringDesign.SPACE + \"Well Done! 1 task down, \" + remainingTask + \" to go.\");","lastModifiedDate":"2024-09-05","isFullCredit":false},{"lineNumber":48,"author":{"gitId":"Bev-low"},"content":"                System.out.println(StringDesign.SPACE+ tasks.get(index).toString());","lastModifiedDate":"2024-09-22","isFullCredit":false},{"lineNumber":49,"author":{"gitId":"Bev-low"},"content":"            } else {","lastModifiedDate":"2024-09-04","isFullCredit":false},{"lineNumber":50,"author":{"gitId":"Bev-low"},"content":"                System.out.println(StringDesign.SPACE+ \"Invalid task number.\");","lastModifiedDate":"2024-09-05","isFullCredit":false},{"lineNumber":51,"author":{"gitId":"Bev-low"},"content":"            }","lastModifiedDate":"2024-09-04","isFullCredit":false},{"lineNumber":52,"author":{"gitId":"Bev-low"},"content":"        }","lastModifiedDate":"2024-09-04","isFullCredit":false},{"lineNumber":53,"author":{"gitId":"Bev-low"},"content":"","lastModifiedDate":"2024-09-04","isFullCredit":false},{"lineNumber":54,"author":{"gitId":"Bev-low"},"content":"        //To unmark","lastModifiedDate":"2024-09-04","isFullCredit":false},{"lineNumber":55,"author":{"gitId":"Bev-low"},"content":"        public void unmark(int index) {","lastModifiedDate":"2024-09-04","isFullCredit":false},{"lineNumber":56,"author":{"gitId":"Bev-low"},"content":"            if (index \u003e\u003d 0 \u0026\u0026 index \u003c size) {","lastModifiedDate":"2024-09-04","isFullCredit":false},{"lineNumber":57,"author":{"gitId":"Bev-low"},"content":"                tasks.get(index).unmarkTask();","lastModifiedDate":"2024-09-20","isFullCredit":false},{"lineNumber":58,"author":{"gitId":"Bev-low"},"content":"                int remainingTask \u003d countUnmarkedTasks();","lastModifiedDate":"2024-09-04","isFullCredit":false},{"lineNumber":59,"author":{"gitId":"Bev-low"},"content":"                System.out.println(StringDesign.SPACE + \"Hmmm, not quite done yet, \" + remainingTask + \" to go.\");","lastModifiedDate":"2024-09-05","isFullCredit":false},{"lineNumber":60,"author":{"gitId":"Bev-low"},"content":"                System.out.println(StringDesign.SPACE + tasks.get(index).toString());","lastModifiedDate":"2024-09-22","isFullCredit":false},{"lineNumber":61,"author":{"gitId":"Bev-low"},"content":"            } else {","lastModifiedDate":"2024-09-04","isFullCredit":false},{"lineNumber":62,"author":{"gitId":"Bev-low"},"content":"                System.out.println(StringDesign.SPACE + \"Invalid task number.\");","lastModifiedDate":"2024-09-05","isFullCredit":false},{"lineNumber":63,"author":{"gitId":"Bev-low"},"content":"            }","lastModifiedDate":"2024-09-04","isFullCredit":false},{"lineNumber":64,"author":{"gitId":"Bev-low"},"content":"        }","lastModifiedDate":"2024-09-04","isFullCredit":false},{"lineNumber":65,"author":{"gitId":"Bev-low"},"content":"","lastModifiedDate":"2024-09-04","isFullCredit":false},{"lineNumber":66,"author":{"gitId":"Bev-low"},"content":"        //To delete","lastModifiedDate":"2024-09-20","isFullCredit":false},{"lineNumber":67,"author":{"gitId":"Bev-low"},"content":"    public void delete(int index) {","lastModifiedDate":"2024-09-20","isFullCredit":false},{"lineNumber":68,"author":{"gitId":"Bev-low"},"content":"            if (index \u003e\u003d 0 \u0026\u0026 index \u003c size) {","lastModifiedDate":"2024-09-20","isFullCredit":false},{"lineNumber":69,"author":{"gitId":"Bev-low"},"content":"                int remainingTask;","lastModifiedDate":"2024-09-20","isFullCredit":false},{"lineNumber":70,"author":{"gitId":"Bev-low"},"content":"                if(tasks.get(index).getIsDoneStatus()) {","lastModifiedDate":"2024-09-20","isFullCredit":false},{"lineNumber":71,"author":{"gitId":"Bev-low"},"content":"                    remainingTask \u003d countUnmarkedTasks();","lastModifiedDate":"2024-09-20","isFullCredit":false},{"lineNumber":72,"author":{"gitId":"Bev-low"},"content":"                } else {","lastModifiedDate":"2024-09-20","isFullCredit":false},{"lineNumber":73,"author":{"gitId":"Bev-low"},"content":"                    remainingTask \u003d countUnmarkedTasks() -1;","lastModifiedDate":"2024-09-20","isFullCredit":false},{"lineNumber":74,"author":{"gitId":"Bev-low"},"content":"                }","lastModifiedDate":"2024-09-20","isFullCredit":false},{"lineNumber":75,"author":{"gitId":"Bev-low"},"content":"                System.out.println(StringDesign.SPACE + \"Task is removed.\" + \" Pending task: \" + remainingTask);","lastModifiedDate":"2024-09-20","isFullCredit":false},{"lineNumber":76,"author":{"gitId":"Bev-low"},"content":"                System.out.println(StringDesign.SPACE + tasks.get(index).toString());","lastModifiedDate":"2024-09-22","isFullCredit":false},{"lineNumber":77,"author":{"gitId":"Bev-low"},"content":"                tasks.remove(index);","lastModifiedDate":"2024-09-20","isFullCredit":false},{"lineNumber":78,"author":{"gitId":"Bev-low"},"content":"                size--;","lastModifiedDate":"2024-09-20","isFullCredit":false},{"lineNumber":79,"author":{"gitId":"Bev-low"},"content":"            }","lastModifiedDate":"2024-09-20","isFullCredit":false},{"lineNumber":80,"author":{"gitId":"Bev-low"},"content":"    }","lastModifiedDate":"2024-09-20","isFullCredit":false},{"lineNumber":81,"author":{"gitId":"Bev-low"},"content":"","lastModifiedDate":"2024-09-20","isFullCredit":false},{"lineNumber":82,"author":{"gitId":"Bev-low"},"content":"        //To print list","lastModifiedDate":"2024-09-04","isFullCredit":false},{"lineNumber":83,"author":{"gitId":"Bev-low"},"content":"        public void printList() {","lastModifiedDate":"2024-09-04","isFullCredit":false},{"lineNumber":84,"author":{"gitId":"Bev-low"},"content":"            //print all","lastModifiedDate":"2024-09-04","isFullCredit":false},{"lineNumber":85,"author":{"gitId":"Bev-low"},"content":"            int remainingTask \u003d countUnmarkedTasks();","lastModifiedDate":"2024-09-04","isFullCredit":false},{"lineNumber":86,"author":{"gitId":"Bev-low"},"content":"            System.out.println(\"ToDo List:\");","lastModifiedDate":"2024-09-04","isFullCredit":false},{"lineNumber":87,"author":{"gitId":"Bev-low"},"content":"            System.out.println(\"pending Task: \" + remainingTask);","lastModifiedDate":"2024-09-04","isFullCredit":false},{"lineNumber":88,"author":{"gitId":"Bev-low"},"content":"            for (int i \u003d 0; i \u003c size; i++) {","lastModifiedDate":"2024-09-04","isFullCredit":false},{"lineNumber":89,"author":{"gitId":"Bev-low"},"content":"                int number \u003d i+1;","lastModifiedDate":"2024-09-04","isFullCredit":false},{"lineNumber":90,"author":{"gitId":"Bev-low"},"content":"                Task task \u003d tasks.get(i);","lastModifiedDate":"2024-09-20","isFullCredit":false},{"lineNumber":91,"author":{"gitId":"Bev-low"},"content":"                //use a switch to determine","lastModifiedDate":"2024-09-04","isFullCredit":false},{"lineNumber":92,"author":{"gitId":"Bev-low"},"content":"                switch (task.getType()) {","lastModifiedDate":"2024-09-04","isFullCredit":false},{"lineNumber":93,"author":{"gitId":"Bev-low"},"content":"                case TODO:","lastModifiedDate":"2024-09-04","isFullCredit":false},{"lineNumber":94,"author":{"gitId":"Bev-low"},"content":"                    Todo todoTask \u003d (Todo) task;","lastModifiedDate":"2024-09-04","isFullCredit":false},{"lineNumber":95,"author":{"gitId":"Bev-low"},"content":"                    System.out.println(StringDesign.SPACE + number + todoTask);","lastModifiedDate":"2024-09-22","isFullCredit":false},{"lineNumber":96,"author":{"gitId":"Bev-low"},"content":"                    break;","lastModifiedDate":"2024-09-04","isFullCredit":false},{"lineNumber":97,"author":{"gitId":"Bev-low"},"content":"                case DEADLINE:","lastModifiedDate":"2024-09-04","isFullCredit":false},{"lineNumber":98,"author":{"gitId":"Bev-low"},"content":"                    Deadline deadlineTask \u003d (Deadline) task;","lastModifiedDate":"2024-09-04","isFullCredit":false},{"lineNumber":99,"author":{"gitId":"Bev-low"},"content":"                    System.out.println(StringDesign.SPACE + number + deadlineTask);","lastModifiedDate":"2024-09-22","isFullCredit":false},{"lineNumber":100,"author":{"gitId":"Bev-low"},"content":"                    break;","lastModifiedDate":"2024-09-04","isFullCredit":false},{"lineNumber":101,"author":{"gitId":"Bev-low"},"content":"                case EVENT:","lastModifiedDate":"2024-09-04","isFullCredit":false},{"lineNumber":102,"author":{"gitId":"Bev-low"},"content":"                    Event eventTask \u003d (Event) task;","lastModifiedDate":"2024-09-04","isFullCredit":false},{"lineNumber":103,"author":{"gitId":"Bev-low"},"content":"                    System.out.println(StringDesign.SPACE + number + eventTask);","lastModifiedDate":"2024-09-22","isFullCredit":false},{"lineNumber":104,"author":{"gitId":"Bev-low"},"content":"                    break;","lastModifiedDate":"2024-09-04","isFullCredit":false},{"lineNumber":105,"author":{"gitId":"Bev-low"},"content":"                default:","lastModifiedDate":"2024-09-04","isFullCredit":false},{"lineNumber":106,"author":{"gitId":"Bev-low"},"content":"                    break;","lastModifiedDate":"2024-09-04","isFullCredit":false},{"lineNumber":107,"author":{"gitId":"Bev-low"},"content":"                }","lastModifiedDate":"2024-09-04","isFullCredit":false},{"lineNumber":108,"author":{"gitId":"Bev-low"},"content":"            }","lastModifiedDate":"2024-09-04","isFullCredit":false},{"lineNumber":109,"author":{"gitId":"Bev-low"},"content":"        }","lastModifiedDate":"2024-09-04","isFullCredit":false},{"lineNumber":110,"author":{"gitId":"Bev-low"},"content":"","lastModifiedDate":"2024-09-04","isFullCredit":false},{"lineNumber":111,"author":{"gitId":"Bev-low"},"content":"        // Method to count how many tasks are unmarked","lastModifiedDate":"2024-09-04","isFullCredit":false},{"lineNumber":112,"author":{"gitId":"Bev-low"},"content":"        public int countUnmarkedTasks() {","lastModifiedDate":"2024-09-04","isFullCredit":false},{"lineNumber":113,"author":{"gitId":"Bev-low"},"content":"            int count \u003d 0;","lastModifiedDate":"2024-09-04","isFullCredit":false},{"lineNumber":114,"author":{"gitId":"Bev-low"},"content":"            for (int i \u003d 0; i \u003c size; i++) {","lastModifiedDate":"2024-09-04","isFullCredit":false},{"lineNumber":115,"author":{"gitId":"Bev-low"},"content":"                if (!tasks.get(i).getIsDoneStatus()) {","lastModifiedDate":"2024-09-20","isFullCredit":false},{"lineNumber":116,"author":{"gitId":"Bev-low"},"content":"                    count++;","lastModifiedDate":"2024-09-04","isFullCredit":false},{"lineNumber":117,"author":{"gitId":"Bev-low"},"content":"                }","lastModifiedDate":"2024-09-04","isFullCredit":false},{"lineNumber":118,"author":{"gitId":"Bev-low"},"content":"            }","lastModifiedDate":"2024-09-04","isFullCredit":false},{"lineNumber":119,"author":{"gitId":"Bev-low"},"content":"            return count;","lastModifiedDate":"2024-09-04","isFullCredit":false},{"lineNumber":120,"author":{"gitId":"Bev-low"},"content":"        }","lastModifiedDate":"2024-09-04","isFullCredit":false},{"lineNumber":121,"author":{"gitId":"Bev-low"},"content":"","lastModifiedDate":"2024-09-22","isFullCredit":false},{"lineNumber":122,"author":{"gitId":"Bev-low"},"content":"        //read in a file","lastModifiedDate":"2024-09-22","isFullCredit":false},{"lineNumber":123,"author":{"gitId":"Bev-low"},"content":"    public void readTaskFromFile(String filename) {","lastModifiedDate":"2024-09-22","isFullCredit":false},{"lineNumber":124,"author":{"gitId":"Bev-low"},"content":"            File file \u003d new File(filename);","lastModifiedDate":"2024-09-22","isFullCredit":false},{"lineNumber":125,"author":{"gitId":"Bev-low"},"content":"","lastModifiedDate":"2024-09-22","isFullCredit":false},{"lineNumber":126,"author":{"gitId":"Bev-low"},"content":"            try {","lastModifiedDate":"2024-09-22","isFullCredit":false},{"lineNumber":127,"author":{"gitId":"Bev-low"},"content":"                Scanner scanner \u003d new Scanner(file);","lastModifiedDate":"2024-09-22","isFullCredit":false},{"lineNumber":128,"author":{"gitId":"Bev-low"},"content":"","lastModifiedDate":"2024-09-22","isFullCredit":false},{"lineNumber":129,"author":{"gitId":"Bev-low"},"content":"                while (scanner.hasNextLine()) {","lastModifiedDate":"2024-09-22","isFullCredit":false},{"lineNumber":130,"author":{"gitId":"Bev-low"},"content":"                    String taskText \u003d scanner.nextLine();","lastModifiedDate":"2024-09-22","isFullCredit":false},{"lineNumber":131,"author":{"gitId":"Bev-low"},"content":"                    //create task object from the text line","lastModifiedDate":"2024-09-22","isFullCredit":false},{"lineNumber":132,"author":{"gitId":"Bev-low"},"content":"                    parseTaskFromText(taskText);","lastModifiedDate":"2024-09-22","isFullCredit":false},{"lineNumber":133,"author":{"gitId":"Bev-low"},"content":"                }","lastModifiedDate":"2024-09-22","isFullCredit":false},{"lineNumber":134,"author":{"gitId":"Bev-low"},"content":"                scanner.close();","lastModifiedDate":"2024-09-22","isFullCredit":false},{"lineNumber":135,"author":{"gitId":"Bev-low"},"content":"                System.out.println(StringDesign.CHARLIE + \"Task have been loaded from: \" + filename);","lastModifiedDate":"2024-09-22","isFullCredit":false},{"lineNumber":136,"author":{"gitId":"Bev-low"},"content":"            } catch (FileNotFoundException e) {","lastModifiedDate":"2024-09-22","isFullCredit":false},{"lineNumber":137,"author":{"gitId":"Bev-low"},"content":"                System.out.println(\"Oh first time here? Welcome to a life of Productivity, lets start!\");","lastModifiedDate":"2024-09-22","isFullCredit":false},{"lineNumber":138,"author":{"gitId":"Bev-low"},"content":"            }","lastModifiedDate":"2024-09-22","isFullCredit":false},{"lineNumber":139,"author":{"gitId":"Bev-low"},"content":"    }","lastModifiedDate":"2024-09-22","isFullCredit":false},{"lineNumber":140,"author":{"gitId":"Bev-low"},"content":"","lastModifiedDate":"2024-09-22","isFullCredit":false},{"lineNumber":141,"author":{"gitId":"Bev-low"},"content":"    // converting text to task","lastModifiedDate":"2024-09-22","isFullCredit":false},{"lineNumber":142,"author":{"gitId":"Bev-low"},"content":"    public void parseTaskFromText(String taskText) {","lastModifiedDate":"2024-09-22","isFullCredit":false},{"lineNumber":143,"author":{"gitId":"Bev-low"},"content":"            taskText \u003d taskText.trim(); //trim away the formatting","lastModifiedDate":"2024-09-22","isFullCredit":false},{"lineNumber":144,"author":{"gitId":"Bev-low"},"content":"            char taskType \u003d taskText.charAt(1); //get the commandType","lastModifiedDate":"2024-09-22","isFullCredit":false},{"lineNumber":145,"author":{"gitId":"Bev-low"},"content":"            boolean isMarked \u003d taskText.charAt(4) \u003d\u003d \u0027X\u0027; //get status for marked","lastModifiedDate":"2024-09-22","isFullCredit":false},{"lineNumber":146,"author":{"gitId":"Bev-low"},"content":"        String description;","lastModifiedDate":"2024-09-22","isFullCredit":false},{"lineNumber":147,"author":{"gitId":"Bev-low"},"content":"        if (taskType \u003d\u003d \u0027T\u0027) {","lastModifiedDate":"2024-09-22","isFullCredit":false},{"lineNumber":148,"author":{"gitId":"Bev-low"},"content":"            description \u003d taskText.substring(7).trim();","lastModifiedDate":"2024-09-22","isFullCredit":false},{"lineNumber":149,"author":{"gitId":"Bev-low"},"content":"        } else {","lastModifiedDate":"2024-09-22","isFullCredit":false},{"lineNumber":150,"author":{"gitId":"Bev-low"},"content":"            int parenIndex \u003d taskText.indexOf(\u0027(\u0027);","lastModifiedDate":"2024-09-22","isFullCredit":false},{"lineNumber":151,"author":{"gitId":"Bev-low"},"content":"            description \u003d taskText.substring(7, parenIndex).trim();  // Get description before \u0027(\u0027","lastModifiedDate":"2024-09-22","isFullCredit":false},{"lineNumber":152,"author":{"gitId":"Bev-low"},"content":"        }","lastModifiedDate":"2024-09-22","isFullCredit":false},{"lineNumber":153,"author":{"gitId":"Bev-low"},"content":"        Task task;","lastModifiedDate":"2024-09-22","isFullCredit":false},{"lineNumber":154,"author":{"gitId":"Bev-low"},"content":"        switch (taskType) {","lastModifiedDate":"2024-09-22","isFullCredit":false},{"lineNumber":155,"author":{"gitId":"Bev-low"},"content":"        case \u0027T\u0027:","lastModifiedDate":"2024-09-22","isFullCredit":false},{"lineNumber":156,"author":{"gitId":"Bev-low"},"content":"            task \u003d new Todo(description);","lastModifiedDate":"2024-09-22","isFullCredit":false},{"lineNumber":157,"author":{"gitId":"Bev-low"},"content":"            if (isMarked) {","lastModifiedDate":"2024-09-22","isFullCredit":false},{"lineNumber":158,"author":{"gitId":"Bev-low"},"content":"                task.markTask();","lastModifiedDate":"2024-09-22","isFullCredit":false},{"lineNumber":159,"author":{"gitId":"Bev-low"},"content":"            }","lastModifiedDate":"2024-09-22","isFullCredit":false},{"lineNumber":160,"author":{"gitId":"Bev-low"},"content":"            addTask(task);","lastModifiedDate":"2024-09-22","isFullCredit":false},{"lineNumber":161,"author":{"gitId":"Bev-low"},"content":"            break;","lastModifiedDate":"2024-09-22","isFullCredit":false},{"lineNumber":162,"author":{"gitId":"Bev-low"},"content":"        case \u0027D\u0027:","lastModifiedDate":"2024-09-22","isFullCredit":false},{"lineNumber":163,"author":{"gitId":"Bev-low"},"content":"            String by \u003d taskText.substring(taskText.indexOf(\"(by: \") + 5, taskText.length() - 1).trim();","lastModifiedDate":"2024-09-22","isFullCredit":false},{"lineNumber":164,"author":{"gitId":"Bev-low"},"content":"            task \u003d new Deadline(description, by);  // Add Deadline task","lastModifiedDate":"2024-09-22","isFullCredit":false},{"lineNumber":165,"author":{"gitId":"Bev-low"},"content":"            //check if its marked","lastModifiedDate":"2024-09-22","isFullCredit":false},{"lineNumber":166,"author":{"gitId":"Bev-low"},"content":"            if(isMarked) {","lastModifiedDate":"2024-09-22","isFullCredit":false},{"lineNumber":167,"author":{"gitId":"Bev-low"},"content":"                task.markTask();","lastModifiedDate":"2024-09-22","isFullCredit":false},{"lineNumber":168,"author":{"gitId":"Bev-low"},"content":"            }","lastModifiedDate":"2024-09-22","isFullCredit":false},{"lineNumber":169,"author":{"gitId":"Bev-low"},"content":"            addTask(task);","lastModifiedDate":"2024-09-22","isFullCredit":false},{"lineNumber":170,"author":{"gitId":"Bev-low"},"content":"            break;","lastModifiedDate":"2024-09-22","isFullCredit":false},{"lineNumber":171,"author":{"gitId":"Bev-low"},"content":"        case \u0027E\u0027:","lastModifiedDate":"2024-09-22","isFullCredit":false},{"lineNumber":172,"author":{"gitId":"Bev-low"},"content":"            String eventInfo \u003d taskText.substring(taskText.indexOf(\"(from: \") + 7, taskText.length() - 1).trim();","lastModifiedDate":"2024-09-22","isFullCredit":false},{"lineNumber":173,"author":{"gitId":"Bev-low"},"content":"            String[] eventTimes \u003d eventInfo.split(\" to: \");","lastModifiedDate":"2024-09-22","isFullCredit":false},{"lineNumber":174,"author":{"gitId":"Bev-low"},"content":"            if (eventTimes.length \u003d\u003d 2) {","lastModifiedDate":"2024-09-22","isFullCredit":false},{"lineNumber":175,"author":{"gitId":"Bev-low"},"content":"                String startTime \u003d eventTimes[0].trim();","lastModifiedDate":"2024-09-22","isFullCredit":false},{"lineNumber":176,"author":{"gitId":"Bev-low"},"content":"                String endTime \u003d eventTimes[1].trim();","lastModifiedDate":"2024-09-22","isFullCredit":false},{"lineNumber":177,"author":{"gitId":"Bev-low"},"content":"                task \u003d new Event(description, startTime, endTime);  // Add Event task","lastModifiedDate":"2024-09-22","isFullCredit":false},{"lineNumber":178,"author":{"gitId":"Bev-low"},"content":"                if (isMarked) {","lastModifiedDate":"2024-09-22","isFullCredit":false},{"lineNumber":179,"author":{"gitId":"Bev-low"},"content":"                    task.markTask();","lastModifiedDate":"2024-09-22","isFullCredit":false},{"lineNumber":180,"author":{"gitId":"Bev-low"},"content":"                }","lastModifiedDate":"2024-09-22","isFullCredit":false},{"lineNumber":181,"author":{"gitId":"Bev-low"},"content":"                addTask(task);","lastModifiedDate":"2024-09-22","isFullCredit":false},{"lineNumber":182,"author":{"gitId":"Bev-low"},"content":"            } else {","lastModifiedDate":"2024-09-22","isFullCredit":false},{"lineNumber":183,"author":{"gitId":"Bev-low"},"content":"                System.out.println(\"Invalid event time format: \" + taskText);","lastModifiedDate":"2024-09-22","isFullCredit":false},{"lineNumber":184,"author":{"gitId":"Bev-low"},"content":"            }","lastModifiedDate":"2024-09-22","isFullCredit":false},{"lineNumber":185,"author":{"gitId":"Bev-low"},"content":"            break;","lastModifiedDate":"2024-09-22","isFullCredit":false},{"lineNumber":186,"author":{"gitId":"Bev-low"},"content":"        default:","lastModifiedDate":"2024-09-22","isFullCredit":false},{"lineNumber":187,"author":{"gitId":"Bev-low"},"content":"            throw new IllegalArgumentException(\"Unknown task type\");","lastModifiedDate":"2024-09-22","isFullCredit":false},{"lineNumber":188,"author":{"gitId":"Bev-low"},"content":"        }","lastModifiedDate":"2024-09-22","isFullCredit":false},{"lineNumber":189,"author":{"gitId":"Bev-low"},"content":"    }","lastModifiedDate":"2024-09-22","isFullCredit":false},{"lineNumber":190,"author":{"gitId":"Bev-low"},"content":"","lastModifiedDate":"2024-09-22","isFullCredit":false},{"lineNumber":191,"author":{"gitId":"Bev-low"},"content":"            //to save a file (called before the program ends)","lastModifiedDate":"2024-09-22","isFullCredit":false},{"lineNumber":192,"author":{"gitId":"Bev-low"},"content":"            public void saveTasksToFile(String filename) {","lastModifiedDate":"2024-09-22","isFullCredit":false},{"lineNumber":193,"author":{"gitId":"Bev-low"},"content":"            File file \u003d new File(filename);","lastModifiedDate":"2024-09-22","isFullCredit":false},{"lineNumber":194,"author":{"gitId":"Bev-low"},"content":"","lastModifiedDate":"2024-09-22","isFullCredit":false},{"lineNumber":195,"author":{"gitId":"Bev-low"},"content":"            try {","lastModifiedDate":"2024-09-22","isFullCredit":false},{"lineNumber":196,"author":{"gitId":"Bev-low"},"content":"                FileWriter writer \u003d new FileWriter(file);","lastModifiedDate":"2024-09-22","isFullCredit":false},{"lineNumber":197,"author":{"gitId":"Bev-low"},"content":"","lastModifiedDate":"2024-09-22","isFullCredit":false},{"lineNumber":198,"author":{"gitId":"Bev-low"},"content":"                for (Task task : tasks) {","lastModifiedDate":"2024-09-22","isFullCredit":false},{"lineNumber":199,"author":{"gitId":"Bev-low"},"content":"                   if (task !\u003d null) {","lastModifiedDate":"2024-09-22","isFullCredit":false},{"lineNumber":200,"author":{"gitId":"Bev-low"},"content":"                       writer.write(taskToString(task) + \"\\n\");","lastModifiedDate":"2024-09-22","isFullCredit":false},{"lineNumber":201,"author":{"gitId":"Bev-low"},"content":"                    }","lastModifiedDate":"2024-09-22","isFullCredit":false},{"lineNumber":202,"author":{"gitId":"Bev-low"},"content":"                }","lastModifiedDate":"2024-09-22","isFullCredit":false},{"lineNumber":203,"author":{"gitId":"Bev-low"},"content":"","lastModifiedDate":"2024-09-22","isFullCredit":false},{"lineNumber":204,"author":{"gitId":"Bev-low"},"content":"                writer.close();","lastModifiedDate":"2024-09-22","isFullCredit":false},{"lineNumber":205,"author":{"gitId":"Bev-low"},"content":"                System.out.println(StringDesign.CHARLIE + \"We saved your file in: \" + filename);","lastModifiedDate":"2024-09-22","isFullCredit":false},{"lineNumber":206,"author":{"gitId":"Bev-low"},"content":"            } catch (IOException e) {","lastModifiedDate":"2024-09-22","isFullCredit":false},{"lineNumber":207,"author":{"gitId":"Bev-low"},"content":"                System.out.println(\"An error has occured when saving tasks\");","lastModifiedDate":"2024-09-22","isFullCredit":false},{"lineNumber":208,"author":{"gitId":"Bev-low"},"content":"            }","lastModifiedDate":"2024-09-22","isFullCredit":false},{"lineNumber":209,"author":{"gitId":"Bev-low"},"content":"        }","lastModifiedDate":"2024-09-22","isFullCredit":false},{"lineNumber":210,"author":{"gitId":"Bev-low"},"content":"","lastModifiedDate":"2024-09-22","isFullCredit":false},{"lineNumber":211,"author":{"gitId":"Bev-low"},"content":"        public String taskToString(Task task) {","lastModifiedDate":"2024-09-22","isFullCredit":false},{"lineNumber":212,"author":{"gitId":"Bev-low"},"content":"        return StringDesign.SPACE + task;","lastModifiedDate":"2024-09-22","isFullCredit":false},{"lineNumber":213,"author":{"gitId":"Bev-low"},"content":"        }","lastModifiedDate":"2024-09-22","isFullCredit":false},{"lineNumber":214,"author":{"gitId":"Bev-low"},"content":"    }","lastModifiedDate":"2024-09-04","isFullCredit":false}],"authorContributionMap":{"Bev-low":214}},{"path":"src/main/java/chattycharlie/StringDesign.java","fileType":"java","lines":[{"lineNumber":1,"author":{"gitId":"Bev-low"},"content":"package chattycharlie;","lastModifiedDate":"2024-09-18","isFullCredit":false},{"lineNumber":2,"author":{"gitId":"Bev-low"},"content":"","lastModifiedDate":"2024-09-13","isFullCredit":false},{"lineNumber":3,"author":{"gitId":"Bev-low"},"content":"public class StringDesign {","lastModifiedDate":"2024-09-05","isFullCredit":false},{"lineNumber":4,"author":{"gitId":"Bev-low"},"content":"    //this class is for all my Strings and designs","lastModifiedDate":"2024-09-05","isFullCredit":false},{"lineNumber":5,"author":{"gitId":"Bev-low"},"content":"    public static final String LOGO \u003d \"   _____      \\n\"","lastModifiedDate":"2024-09-04","isFullCredit":false},{"lineNumber":6,"author":{"gitId":"Bev-low"},"content":"            + \"  /     \\\\     \\n\"","lastModifiedDate":"2024-09-04","isFullCredit":false},{"lineNumber":7,"author":{"gitId":"Bev-low"},"content":"            + \" |  O O  |    \\n\"","lastModifiedDate":"2024-09-04","isFullCredit":false},{"lineNumber":8,"author":{"gitId":"Bev-low"},"content":"            + \" | \\\\___/ |    \\n\"","lastModifiedDate":"2024-09-04","isFullCredit":false},{"lineNumber":9,"author":{"gitId":"Bev-low"},"content":"            + \"  \\\\_____/     \\n\"","lastModifiedDate":"2024-09-04","isFullCredit":false},{"lineNumber":10,"author":{"gitId":"Bev-low"},"content":"            + \" /\\\\_____/\\\\    \\n\"","lastModifiedDate":"2024-09-04","isFullCredit":false},{"lineNumber":11,"author":{"gitId":"Bev-low"},"content":"            + \" |       |    \\n\"","lastModifiedDate":"2024-09-04","isFullCredit":false},{"lineNumber":12,"author":{"gitId":"Bev-low"},"content":"            + \" |       |    \\n\"","lastModifiedDate":"2024-09-04","isFullCredit":false},{"lineNumber":13,"author":{"gitId":"Bev-low"},"content":"            + \" |_______|    \\n\"","lastModifiedDate":"2024-09-04","isFullCredit":false},{"lineNumber":14,"author":{"gitId":"Bev-low"},"content":"            + \"              \\n\";","lastModifiedDate":"2024-09-04","isFullCredit":false},{"lineNumber":15,"author":{"gitId":"Bev-low"},"content":"    public static final String CHARLIE \u003d \"Charlie: \";","lastModifiedDate":"2024-09-04","isFullCredit":false},{"lineNumber":16,"author":{"gitId":"Bev-low"},"content":"","lastModifiedDate":"2024-09-04","isFullCredit":false},{"lineNumber":17,"author":{"gitId":"Bev-low"},"content":"    public static final String GREETING \u003d \"Hello! I\u0027m ChattyCharlie, your consistent buddy.\\n\"","lastModifiedDate":"2024-09-04","isFullCredit":false},{"lineNumber":18,"author":{"gitId":"Bev-low"},"content":"            + \"         What shall we do today?\\n\";","lastModifiedDate":"2024-09-04","isFullCredit":false},{"lineNumber":19,"author":{"gitId":"Bev-low"},"content":"","lastModifiedDate":"2024-09-04","isFullCredit":false},{"lineNumber":20,"author":{"gitId":"Bev-low"},"content":"    public static final String FAREWELL \u003d \"All the best in clearing your list!\";","lastModifiedDate":"2024-09-04","isFullCredit":false},{"lineNumber":21,"author":{"gitId":"Bev-low"},"content":"","lastModifiedDate":"2024-09-04","isFullCredit":false},{"lineNumber":22,"author":{"gitId":"Bev-low"},"content":"    public static final String SPACE \u003d \"        \";","lastModifiedDate":"2024-09-04","isFullCredit":false},{"lineNumber":23,"author":{"gitId":"Bev-low"},"content":"    public static final String LINE \u003d \"------------\";","lastModifiedDate":"2024-09-04","isFullCredit":false},{"lineNumber":24,"author":{"gitId":"Bev-low"},"content":"    public static final String YOU \u003d \"User: \";","lastModifiedDate":"2024-09-05","isFullCredit":false},{"lineNumber":25,"author":{"gitId":"Bev-low"},"content":"}","lastModifiedDate":"2024-09-04","isFullCredit":false}],"authorContributionMap":{"Bev-low":25}},{"path":"src/main/java/chattycharlie/task/Deadline.java","fileType":"java","lines":[{"lineNumber":1,"author":{"gitId":"Bev-low"},"content":"package chattycharlie.task;","lastModifiedDate":"2024-09-18","isFullCredit":false},{"lineNumber":2,"author":{"gitId":"Bev-low"},"content":"","lastModifiedDate":"2024-09-13","isFullCredit":false},{"lineNumber":3,"author":{"gitId":"Bev-low"},"content":"import chattycharlie.CommandType;","lastModifiedDate":"2024-09-18","isFullCredit":false},{"lineNumber":4,"author":{"gitId":"Bev-low"},"content":"","lastModifiedDate":"2024-09-13","isFullCredit":false},{"lineNumber":5,"author":{"gitId":"Bev-low"},"content":"//Deadline Class","lastModifiedDate":"2024-09-04","isFullCredit":false},{"lineNumber":6,"author":{"gitId":"Bev-low"},"content":"public class Deadline extends Task {","lastModifiedDate":"2024-09-04","isFullCredit":false},{"lineNumber":7,"author":{"gitId":"Bev-low"},"content":"    protected String by;","lastModifiedDate":"2024-09-04","isFullCredit":false},{"lineNumber":8,"author":{"gitId":"Bev-low"},"content":"","lastModifiedDate":"2024-09-04","isFullCredit":false},{"lineNumber":9,"author":{"gitId":"Bev-low"},"content":"    public Deadline(String description, String by) {","lastModifiedDate":"2024-09-04","isFullCredit":false},{"lineNumber":10,"author":{"gitId":"Bev-low"},"content":"        super(description, CommandType.DEADLINE);","lastModifiedDate":"2024-09-04","isFullCredit":false},{"lineNumber":11,"author":{"gitId":"Bev-low"},"content":"        this.by \u003d by;","lastModifiedDate":"2024-09-04","isFullCredit":false},{"lineNumber":12,"author":{"gitId":"Bev-low"},"content":"    }","lastModifiedDate":"2024-09-04","isFullCredit":false},{"lineNumber":13,"author":{"gitId":"Bev-low"},"content":"    public void setBy(String by) {","lastModifiedDate":"2024-09-04","isFullCredit":false},{"lineNumber":14,"author":{"gitId":"Bev-low"},"content":"        this.by \u003d by;","lastModifiedDate":"2024-09-04","isFullCredit":false},{"lineNumber":15,"author":{"gitId":"Bev-low"},"content":"    }","lastModifiedDate":"2024-09-04","isFullCredit":false},{"lineNumber":16,"author":{"gitId":"Bev-low"},"content":"    public String getBy() {","lastModifiedDate":"2024-09-04","isFullCredit":false},{"lineNumber":17,"author":{"gitId":"Bev-low"},"content":"        return by;","lastModifiedDate":"2024-09-04","isFullCredit":false},{"lineNumber":18,"author":{"gitId":"Bev-low"},"content":"    }","lastModifiedDate":"2024-09-04","isFullCredit":false},{"lineNumber":19,"author":{"gitId":"Bev-low"},"content":"    @Override","lastModifiedDate":"2024-09-04","isFullCredit":false},{"lineNumber":20,"author":{"gitId":"Bev-low"},"content":"    public String toString() {","lastModifiedDate":"2024-09-04","isFullCredit":false},{"lineNumber":21,"author":{"gitId":"Bev-low"},"content":"        return \"[D]\" + super.toString() + \" (by: \" + by + \")\";","lastModifiedDate":"2024-09-04","isFullCredit":false},{"lineNumber":22,"author":{"gitId":"Bev-low"},"content":"    }","lastModifiedDate":"2024-09-04","isFullCredit":false},{"lineNumber":23,"author":{"gitId":"Bev-low"},"content":"}","lastModifiedDate":"2024-09-04","isFullCredit":false}],"authorContributionMap":{"Bev-low":23}},{"path":"src/main/java/chattycharlie/task/Event.java","fileType":"java","lines":[{"lineNumber":1,"author":{"gitId":"Bev-low"},"content":"package chattycharlie.task;","lastModifiedDate":"2024-09-18","isFullCredit":false},{"lineNumber":2,"author":{"gitId":"Bev-low"},"content":"","lastModifiedDate":"2024-09-13","isFullCredit":false},{"lineNumber":3,"author":{"gitId":"Bev-low"},"content":"import chattycharlie.CommandType;","lastModifiedDate":"2024-09-18","isFullCredit":false},{"lineNumber":4,"author":{"gitId":"Bev-low"},"content":"","lastModifiedDate":"2024-09-13","isFullCredit":false},{"lineNumber":5,"author":{"gitId":"Bev-low"},"content":"//Events","lastModifiedDate":"2024-09-04","isFullCredit":false},{"lineNumber":6,"author":{"gitId":"Bev-low"},"content":"public class Event extends Task {","lastModifiedDate":"2024-09-04","isFullCredit":false},{"lineNumber":7,"author":{"gitId":"Bev-low"},"content":"    protected String start;","lastModifiedDate":"2024-09-04","isFullCredit":false},{"lineNumber":8,"author":{"gitId":"Bev-low"},"content":"    protected String end;","lastModifiedDate":"2024-09-04","isFullCredit":false},{"lineNumber":9,"author":{"gitId":"Bev-low"},"content":"","lastModifiedDate":"2024-09-04","isFullCredit":false},{"lineNumber":10,"author":{"gitId":"Bev-low"},"content":"    public Event(String description, String start, String end) {","lastModifiedDate":"2024-09-04","isFullCredit":false},{"lineNumber":11,"author":{"gitId":"Bev-low"},"content":"        super(description, CommandType.EVENT);","lastModifiedDate":"2024-09-04","isFullCredit":false},{"lineNumber":12,"author":{"gitId":"Bev-low"},"content":"        this.start \u003d start;","lastModifiedDate":"2024-09-04","isFullCredit":false},{"lineNumber":13,"author":{"gitId":"Bev-low"},"content":"        this.end \u003d end;","lastModifiedDate":"2024-09-04","isFullCredit":false},{"lineNumber":14,"author":{"gitId":"Bev-low"},"content":"    }","lastModifiedDate":"2024-09-04","isFullCredit":false},{"lineNumber":15,"author":{"gitId":"Bev-low"},"content":"","lastModifiedDate":"2024-09-04","isFullCredit":false},{"lineNumber":16,"author":{"gitId":"Bev-low"},"content":"    public void setStart(String start) {","lastModifiedDate":"2024-09-04","isFullCredit":false},{"lineNumber":17,"author":{"gitId":"Bev-low"},"content":"        this.start \u003d start;","lastModifiedDate":"2024-09-04","isFullCredit":false},{"lineNumber":18,"author":{"gitId":"Bev-low"},"content":"    }","lastModifiedDate":"2024-09-04","isFullCredit":false},{"lineNumber":19,"author":{"gitId":"Bev-low"},"content":"","lastModifiedDate":"2024-09-04","isFullCredit":false},{"lineNumber":20,"author":{"gitId":"Bev-low"},"content":"    public String getStart() {","lastModifiedDate":"2024-09-04","isFullCredit":false},{"lineNumber":21,"author":{"gitId":"Bev-low"},"content":"        return start;","lastModifiedDate":"2024-09-04","isFullCredit":false},{"lineNumber":22,"author":{"gitId":"Bev-low"},"content":"    }","lastModifiedDate":"2024-09-04","isFullCredit":false},{"lineNumber":23,"author":{"gitId":"Bev-low"},"content":"","lastModifiedDate":"2024-09-04","isFullCredit":false},{"lineNumber":24,"author":{"gitId":"Bev-low"},"content":"","lastModifiedDate":"2024-09-04","isFullCredit":false},{"lineNumber":25,"author":{"gitId":"Bev-low"},"content":"    public void setEnd(String end) {","lastModifiedDate":"2024-09-04","isFullCredit":false},{"lineNumber":26,"author":{"gitId":"Bev-low"},"content":"        this.end \u003d end;","lastModifiedDate":"2024-09-04","isFullCredit":false},{"lineNumber":27,"author":{"gitId":"Bev-low"},"content":"    }","lastModifiedDate":"2024-09-04","isFullCredit":false},{"lineNumber":28,"author":{"gitId":"Bev-low"},"content":"","lastModifiedDate":"2024-09-04","isFullCredit":false},{"lineNumber":29,"author":{"gitId":"Bev-low"},"content":"    public String getEnd() {","lastModifiedDate":"2024-09-04","isFullCredit":false},{"lineNumber":30,"author":{"gitId":"Bev-low"},"content":"        return end;","lastModifiedDate":"2024-09-04","isFullCredit":false},{"lineNumber":31,"author":{"gitId":"Bev-low"},"content":"    }","lastModifiedDate":"2024-09-04","isFullCredit":false},{"lineNumber":32,"author":{"gitId":"Bev-low"},"content":"","lastModifiedDate":"2024-09-04","isFullCredit":false},{"lineNumber":33,"author":{"gitId":"Bev-low"},"content":"    @Override","lastModifiedDate":"2024-09-04","isFullCredit":false},{"lineNumber":34,"author":{"gitId":"Bev-low"},"content":"    public String toString() {","lastModifiedDate":"2024-09-04","isFullCredit":false},{"lineNumber":35,"author":{"gitId":"Bev-low"},"content":"        return \"[E]\" + super.toString() + \" (from: \" + start + \" to: \" + end + \")\";","lastModifiedDate":"2024-09-04","isFullCredit":false},{"lineNumber":36,"author":{"gitId":"Bev-low"},"content":"    }","lastModifiedDate":"2024-09-04","isFullCredit":false},{"lineNumber":37,"author":{"gitId":"Bev-low"},"content":"}","lastModifiedDate":"2024-09-04","isFullCredit":false}],"authorContributionMap":{"Bev-low":37}},{"path":"src/main/java/chattycharlie/task/Task.java","fileType":"java","lines":[{"lineNumber":1,"author":{"gitId":"Bev-low"},"content":"package chattycharlie.task;","lastModifiedDate":"2024-09-18","isFullCredit":false},{"lineNumber":2,"author":{"gitId":"Bev-low"},"content":"","lastModifiedDate":"2024-09-13","isFullCredit":false},{"lineNumber":3,"author":{"gitId":"Bev-low"},"content":"import chattycharlie.CommandType;","lastModifiedDate":"2024-09-18","isFullCredit":false},{"lineNumber":4,"author":{"gitId":"Bev-low"},"content":"","lastModifiedDate":"2024-09-13","isFullCredit":false},{"lineNumber":5,"author":{"gitId":"Bev-low"},"content":"//TASK CLASS","lastModifiedDate":"2024-09-04","isFullCredit":false},{"lineNumber":6,"author":{"gitId":"Bev-low"},"content":"public abstract class Task {","lastModifiedDate":"2024-09-13","isFullCredit":false},{"lineNumber":7,"author":{"gitId":"Bev-low"},"content":"    protected String description;","lastModifiedDate":"2024-09-04","isFullCredit":false},{"lineNumber":8,"author":{"gitId":"Bev-low"},"content":"    protected boolean isDone;","lastModifiedDate":"2024-09-04","isFullCredit":false},{"lineNumber":9,"author":{"gitId":"Bev-low"},"content":"    protected CommandType type;","lastModifiedDate":"2024-09-04","isFullCredit":false},{"lineNumber":10,"author":{"gitId":"Bev-low"},"content":"","lastModifiedDate":"2024-09-04","isFullCredit":false},{"lineNumber":11,"author":{"gitId":"Bev-low"},"content":"    //constructor","lastModifiedDate":"2024-09-04","isFullCredit":false},{"lineNumber":12,"author":{"gitId":"Bev-low"},"content":"    public Task(String description, CommandType type) {","lastModifiedDate":"2024-09-04","isFullCredit":false},{"lineNumber":13,"author":{"gitId":"Bev-low"},"content":"        this.description \u003d description;","lastModifiedDate":"2024-09-04","isFullCredit":false},{"lineNumber":14,"author":{"gitId":"Bev-low"},"content":"        this.isDone \u003d false;","lastModifiedDate":"2024-09-04","isFullCredit":false},{"lineNumber":15,"author":{"gitId":"Bev-low"},"content":"        this.type \u003d type;","lastModifiedDate":"2024-09-04","isFullCredit":false},{"lineNumber":16,"author":{"gitId":"Bev-low"},"content":"    }","lastModifiedDate":"2024-09-04","isFullCredit":false},{"lineNumber":17,"author":{"gitId":"Bev-low"},"content":"","lastModifiedDate":"2024-09-04","isFullCredit":false},{"lineNumber":18,"author":{"gitId":"Bev-low"},"content":"    //check if its marked as done","lastModifiedDate":"2024-09-04","isFullCredit":false},{"lineNumber":19,"author":{"gitId":"Bev-low"},"content":"    public String getMarkedStatus() {","lastModifiedDate":"2024-09-04","isFullCredit":false},{"lineNumber":20,"author":{"gitId":"Bev-low"},"content":"        return (isDone ? \"X\" : \" \");","lastModifiedDate":"2024-09-04","isFullCredit":false},{"lineNumber":21,"author":{"gitId":"Bev-low"},"content":"    }","lastModifiedDate":"2024-09-04","isFullCredit":false},{"lineNumber":22,"author":{"gitId":"Bev-low"},"content":"","lastModifiedDate":"2024-09-04","isFullCredit":false},{"lineNumber":23,"author":{"gitId":"Bev-low"},"content":"    public boolean getIsDoneStatus() {","lastModifiedDate":"2024-09-13","isFullCredit":false},{"lineNumber":24,"author":{"gitId":"Bev-low"},"content":"        return this.isDone;","lastModifiedDate":"2024-09-13","isFullCredit":false},{"lineNumber":25,"author":{"gitId":"Bev-low"},"content":"    }","lastModifiedDate":"2024-09-13","isFullCredit":false},{"lineNumber":26,"author":{"gitId":"Bev-low"},"content":"","lastModifiedDate":"2024-09-13","isFullCredit":false},{"lineNumber":27,"author":{"gitId":"Bev-low"},"content":"    public CommandType getType() {","lastModifiedDate":"2024-09-04","isFullCredit":false},{"lineNumber":28,"author":{"gitId":"Bev-low"},"content":"        return type;","lastModifiedDate":"2024-09-04","isFullCredit":false},{"lineNumber":29,"author":{"gitId":"Bev-low"},"content":"    }","lastModifiedDate":"2024-09-04","isFullCredit":false},{"lineNumber":30,"author":{"gitId":"Bev-low"},"content":"","lastModifiedDate":"2024-09-04","isFullCredit":false},{"lineNumber":31,"author":{"gitId":"Bev-low"},"content":"    public String getDescription() {","lastModifiedDate":"2024-09-04","isFullCredit":false},{"lineNumber":32,"author":{"gitId":"Bev-low"},"content":"        return this.description;","lastModifiedDate":"2024-09-04","isFullCredit":false},{"lineNumber":33,"author":{"gitId":"Bev-low"},"content":"    }","lastModifiedDate":"2024-09-04","isFullCredit":false},{"lineNumber":34,"author":{"gitId":"Bev-low"},"content":"","lastModifiedDate":"2024-09-04","isFullCredit":false},{"lineNumber":35,"author":{"gitId":"Bev-low"},"content":"    //to toggle the task","lastModifiedDate":"2024-09-04","isFullCredit":false},{"lineNumber":36,"author":{"gitId":"Bev-low"},"content":"    public void markTask() {","lastModifiedDate":"2024-09-04","isFullCredit":false},{"lineNumber":37,"author":{"gitId":"Bev-low"},"content":"        this.isDone \u003d true; //change the variable","lastModifiedDate":"2024-09-04","isFullCredit":false},{"lineNumber":38,"author":{"gitId":"Bev-low"},"content":"    }","lastModifiedDate":"2024-09-04","isFullCredit":false},{"lineNumber":39,"author":{"gitId":"Bev-low"},"content":"","lastModifiedDate":"2024-09-04","isFullCredit":false},{"lineNumber":40,"author":{"gitId":"Bev-low"},"content":"    public void unmarkTask() {","lastModifiedDate":"2024-09-04","isFullCredit":false},{"lineNumber":41,"author":{"gitId":"Bev-low"},"content":"        this.isDone \u003d false; //change the variable","lastModifiedDate":"2024-09-04","isFullCredit":false},{"lineNumber":42,"author":{"gitId":"Bev-low"},"content":"    }","lastModifiedDate":"2024-09-04","isFullCredit":false},{"lineNumber":43,"author":{"gitId":"Bev-low"},"content":"","lastModifiedDate":"2024-09-04","isFullCredit":false},{"lineNumber":44,"author":{"gitId":"Bev-low"},"content":"","lastModifiedDate":"2024-09-20","isFullCredit":false},{"lineNumber":45,"author":{"gitId":"Bev-low"},"content":"    public String toString() {","lastModifiedDate":"2024-09-04","isFullCredit":false},{"lineNumber":46,"author":{"gitId":"Bev-low"},"content":"        return \"[\" + getMarkedStatus() + \"] \" + description;","lastModifiedDate":"2024-09-04","isFullCredit":false},{"lineNumber":47,"author":{"gitId":"Bev-low"},"content":"    }","lastModifiedDate":"2024-09-04","isFullCredit":false},{"lineNumber":48,"author":{"gitId":"Bev-low"},"content":"","lastModifiedDate":"2024-09-22","isFullCredit":false},{"lineNumber":49,"author":{"gitId":"Bev-low"},"content":"}","lastModifiedDate":"2024-09-04","isFullCredit":false}],"authorContributionMap":{"Bev-low":49}},{"path":"src/main/java/chattycharlie/task/Todo.java","fileType":"java","lines":[{"lineNumber":1,"author":{"gitId":"Bev-low"},"content":"package chattycharlie.task;","lastModifiedDate":"2024-09-18","isFullCredit":false},{"lineNumber":2,"author":{"gitId":"Bev-low"},"content":"","lastModifiedDate":"2024-09-13","isFullCredit":false},{"lineNumber":3,"author":{"gitId":"Bev-low"},"content":"import chattycharlie.CommandType;","lastModifiedDate":"2024-09-18","isFullCredit":false},{"lineNumber":4,"author":{"gitId":"Bev-low"},"content":"","lastModifiedDate":"2024-09-13","isFullCredit":false},{"lineNumber":5,"author":{"gitId":"Bev-low"},"content":"//todo class","lastModifiedDate":"2024-09-04","isFullCredit":false},{"lineNumber":6,"author":{"gitId":"Bev-low"},"content":"public class Todo extends Task {","lastModifiedDate":"2024-09-04","isFullCredit":false},{"lineNumber":7,"author":{"gitId":"Bev-low"},"content":"","lastModifiedDate":"2024-09-04","isFullCredit":false},{"lineNumber":8,"author":{"gitId":"Bev-low"},"content":"    public Todo(String description) {","lastModifiedDate":"2024-09-04","isFullCredit":false},{"lineNumber":9,"author":{"gitId":"Bev-low"},"content":"        super(description, CommandType.TODO);","lastModifiedDate":"2024-09-04","isFullCredit":false},{"lineNumber":10,"author":{"gitId":"Bev-low"},"content":"    }","lastModifiedDate":"2024-09-04","isFullCredit":false},{"lineNumber":11,"author":{"gitId":"Bev-low"},"content":"    public void setDone(boolean done) {","lastModifiedDate":"2024-09-04","isFullCredit":false},{"lineNumber":12,"author":{"gitId":"Bev-low"},"content":"        isDone \u003d done;","lastModifiedDate":"2024-09-04","isFullCredit":false},{"lineNumber":13,"author":{"gitId":"Bev-low"},"content":"    }","lastModifiedDate":"2024-09-04","isFullCredit":false},{"lineNumber":14,"author":{"gitId":"Bev-low"},"content":"    public boolean isDone() {","lastModifiedDate":"2024-09-04","isFullCredit":false},{"lineNumber":15,"author":{"gitId":"Bev-low"},"content":"        return isDone;","lastModifiedDate":"2024-09-04","isFullCredit":false},{"lineNumber":16,"author":{"gitId":"Bev-low"},"content":"    }","lastModifiedDate":"2024-09-04","isFullCredit":false},{"lineNumber":17,"author":{"gitId":"Bev-low"},"content":"","lastModifiedDate":"2024-09-04","isFullCredit":false},{"lineNumber":18,"author":{"gitId":"Bev-low"},"content":"    @Override","lastModifiedDate":"2024-09-04","isFullCredit":false},{"lineNumber":19,"author":{"gitId":"Bev-low"},"content":"    public String toString() {","lastModifiedDate":"2024-09-04","isFullCredit":false},{"lineNumber":20,"author":{"gitId":"Bev-low"},"content":"        return \"[T]\" + super.toString();","lastModifiedDate":"2024-09-04","isFullCredit":false},{"lineNumber":21,"author":{"gitId":"Bev-low"},"content":"    }","lastModifiedDate":"2024-09-04","isFullCredit":false},{"lineNumber":22,"author":{"gitId":"Bev-low"},"content":"}","lastModifiedDate":"2024-09-04","isFullCredit":false}],"authorContributionMap":{"Bev-low":22}},{"path":"text-ui-test/input.txt","fileType":"txt","lines":[{"lineNumber":1,"author":{"gitId":"Bev-low"},"content":"todo read book","lastModifiedDate":"2024-09-05","isFullCredit":false},{"lineNumber":2,"author":{"gitId":"Bev-low"},"content":"deadline return book by 30th October","lastModifiedDate":"2024-09-05","isFullCredit":false},{"lineNumber":3,"author":{"gitId":"Bev-low"},"content":"event project meeting from 10th August 4pm to 6pm","lastModifiedDate":"2024-09-05","isFullCredit":false},{"lineNumber":4,"author":{"gitId":"Bev-low"},"content":"todo Run 10km","lastModifiedDate":"2024-09-05","isFullCredit":false},{"lineNumber":5,"author":{"gitId":"Bev-low"},"content":"list","lastModifiedDate":"2024-09-05","isFullCredit":false},{"lineNumber":6,"author":{"gitId":"Bev-low"},"content":"mark 1","lastModifiedDate":"2024-09-05","isFullCredit":false},{"lineNumber":7,"author":{"gitId":"Bev-low"},"content":"mark 3","lastModifiedDate":"2024-09-05","isFullCredit":false},{"lineNumber":8,"author":{"gitId":"Bev-low"},"content":"list","lastModifiedDate":"2024-09-05","isFullCredit":false},{"lineNumber":9,"author":{"gitId":"Bev-low"},"content":"unmark 1","lastModifiedDate":"2024-09-05","isFullCredit":false},{"lineNumber":10,"author":{"gitId":"Bev-low"},"content":"deadline do cs2113 coding by Sunday","lastModifiedDate":"2024-09-05","isFullCredit":false},{"lineNumber":11,"author":{"gitId":"Bev-low"},"content":"list","lastModifiedDate":"2024-09-05","isFullCredit":false},{"lineNumber":12,"author":{"gitId":"Bev-low"},"content":"bye","lastModifiedDate":"2024-09-05","isFullCredit":false}],"authorContributionMap":{"Bev-low":12}},{"path":"text-ui-test/runtest.bat","fileType":"bat","lines":[{"lineNumber":1,"author":{"gitId":"-"},"content":"@ECHO OFF","lastModifiedDate":"2020-05-25","isFullCredit":false},{"lineNumber":2,"author":{"gitId":"-"},"content":"","lastModifiedDate":"2020-05-25","isFullCredit":false},{"lineNumber":3,"author":{"gitId":"-"},"content":"REM create bin directory if it doesn\u0027t exist","lastModifiedDate":"2020-05-25","isFullCredit":false},{"lineNumber":4,"author":{"gitId":"-"},"content":"if not exist ..\\bin mkdir ..\\bin","lastModifiedDate":"2020-05-25","isFullCredit":false},{"lineNumber":5,"author":{"gitId":"-"},"content":"","lastModifiedDate":"2020-05-25","isFullCredit":false},{"lineNumber":6,"author":{"gitId":"-"},"content":"REM delete output from previous run","lastModifiedDate":"2020-05-25","isFullCredit":false},{"lineNumber":7,"author":{"gitId":"-"},"content":"if exist ACTUAL.TXT del ACTUAL.TXT","lastModifiedDate":"2020-08-25","isFullCredit":false},{"lineNumber":8,"author":{"gitId":"-"},"content":"","lastModifiedDate":"2020-05-25","isFullCredit":false},{"lineNumber":9,"author":{"gitId":"-"},"content":"REM compile the code into the bin folder","lastModifiedDate":"2020-05-25","isFullCredit":false},{"lineNumber":10,"author":{"gitId":"Bev-low"},"content":"javac  -cp ..\\src\\main\\java -Xlint:none -d ..\\bin ..\\src\\main\\java\\ChattyCharlie\\*.java ..\\src\\main\\java\\ChattyCharlie\\Task\\*.java","lastModifiedDate":"2024-09-13","isFullCredit":false},{"lineNumber":11,"author":{"gitId":"-"},"content":"IF ERRORLEVEL 1 (","lastModifiedDate":"2020-05-25","isFullCredit":false},{"lineNumber":12,"author":{"gitId":"-"},"content":"    echo ********** BUILD FAILURE **********","lastModifiedDate":"2020-05-25","isFullCredit":false},{"lineNumber":13,"author":{"gitId":"-"},"content":"    exit /b 1","lastModifiedDate":"2020-05-25","isFullCredit":false},{"lineNumber":14,"author":{"gitId":"-"},"content":")","lastModifiedDate":"2020-05-25","isFullCredit":false},{"lineNumber":15,"author":{"gitId":"-"},"content":"REM no error here, errorlevel \u003d\u003d 0","lastModifiedDate":"2020-05-25","isFullCredit":false},{"lineNumber":16,"author":{"gitId":"-"},"content":"","lastModifiedDate":"2020-05-25","isFullCredit":false},{"lineNumber":17,"author":{"gitId":"-"},"content":"REM run the program, feed commands from input.txt file and redirect the output to the ACTUAL.TXT","lastModifiedDate":"2020-05-25","isFullCredit":false},{"lineNumber":18,"author":{"gitId":"Bev-low"},"content":"java -classpath ..\\bin ChattyCharlie.ChattyCharlie \u003c input.txt \u003e ACTUAL.TXT","lastModifiedDate":"2024-09-13","isFullCredit":false},{"lineNumber":19,"author":{"gitId":"-"},"content":"","lastModifiedDate":"2020-05-25","isFullCredit":false},{"lineNumber":20,"author":{"gitId":"-"},"content":"REM compare the output to the expected output","lastModifiedDate":"2020-05-25","isFullCredit":false},{"lineNumber":21,"author":{"gitId":"-"},"content":"FC ACTUAL.TXT EXPECTED.TXT","lastModifiedDate":"2020-05-25","isFullCredit":false}],"authorContributionMap":{"Bev-low":2,"-":19}}]
