{"authorDailyContributionsMap":{"Bev-low":[{"date":"2024-08-19","commitResults":[{"hash":"ab3b2874d7f3b4adc0ad2496069c4acd86475033","isMergeCommit":false,"messageTitle":"Commit change in Bot Name","messageBody":"","fileTypesAndContributionMap":{"java":{"insertions":10,"deletions":0}}},{"hash":"85bd6a569c46f91325be10e3d5fd4cf3cf1d4c66","isMergeCommit":false,"messageTitle":"Commit change Logo","messageBody":"","fileTypesAndContributionMap":{"java":{"insertions":12,"deletions":5}}},{"hash":"afcf4e7e488bcc0cfb7b3f93929a9ca2ee8cfbc9","isMergeCommit":false,"messageTitle":"Commit change text","messageBody":"","fileTypesAndContributionMap":{"java":{"insertions":7,"deletions":1}}},{"hash":"5c3cc13d2ec89a21fec623a1131788ad86934a23","isMergeCommit":false,"messageTitle":"Commit Final Version","messageBody":"","fileTypesAndContributionMap":{"java":{"insertions":2,"deletions":2}}},{"hash":"9e97cefc06429dc739a38b309fc91f50c5f78e25","isMergeCommit":false,"messageTitle":"Commit Final Version","messageBody":"","tags":["level-0"],"fileTypesAndContributionMap":{"java":{"insertions":1,"deletions":1}}}]},{"date":"2024-08-29","commitResults":[{"hash":"eb4b65ec82941584b5a977d063455818c8e8475e","isMergeCommit":false,"messageTitle":"added an echo function","messageBody":"","fileTypesAndContributionMap":{"java":{"insertions":0,"deletions":10}}},{"hash":"9fbf0c6d6bbfa707a79195db772262a6cca03971","isMergeCommit":false,"messageTitle":"Commit Echo Function and Gitignore Class","messageBody":"","fileTypesAndContributionMap":{"java":{"insertions":33,"deletions":8}}},{"hash":"89920ccb703d6b41e7ebaea2d4d512ff9049dcb6","isMergeCommit":false,"messageTitle":"Commit update Echo","messageBody":"","tags":["level-1"],"fileTypesAndContributionMap":{"java":{"insertions":1,"deletions":1}}}]},{"date":"2024-08-30","commitResults":[{"hash":"b31dc7b29479f546557f0ab6c59d443df08121cb","isMergeCommit":false,"messageTitle":"Commit update Echo","messageBody":"","tags":["Level-2"],"fileTypesAndContributionMap":{"java":{"insertions":49,"deletions":10}}},{"hash":"dced9db5f17ceb5223ecff31189464e8c6b5bf95","isMergeCommit":false,"messageTitle":"Added A tasklist maker","messageBody":"","fileTypesAndContributionMap":{"java":{"insertions":2,"deletions":2}}},{"hash":"7014334507c952b8c2f3114b72a27d06e93ece67","isMergeCommit":false,"messageTitle":"Mark as Done Algo added. Created a Task Class and the List class is modified. Added some new features.","messageBody":"","tags":["Level-3"],"fileTypesAndContributionMap":{"java":{"insertions":108,"deletions":6}}},{"hash":"2076ea4bc827c9903473d7b2b2ab43e7540ff181","isMergeCommit":false,"messageTitle":"Mark as Done Algo added. Created a Task Class and the List class is modified. Added some new features.","messageBody":"","fileTypesAndContributionMap":{"java":{"insertions":1,"deletions":1}}},{"hash":"258892c18f2d6b08505381b858d251c295507c05","isMergeCommit":false,"messageTitle":"Add coding standards","messageBody":"","fileTypesAndContributionMap":{"java":{"insertions":6,"deletions":6}}},{"hash":"50d89a65afb3d8e1f7f2df181a3e32f2ce334ad9","isMergeCommit":false,"messageTitle":"Add coding standards","messageBody":"","tags":["A-CodingStandard"],"fileTypesAndContributionMap":{"java":{"insertions":4,"deletions":4}}}]},{"date":"2024-09-04","commitResults":[{"hash":"f67a83fdddfef6443a5c8e9c13bc623032fbb625","isMergeCommit":false,"messageTitle":"Add Level-4","messageBody":"","fileTypesAndContributionMap":{"java":{"insertions":268,"deletions":163}}},{"hash":"1e1bb0ce99104ff8895c7488e87a05ad40f47070","isMergeCommit":false,"messageTitle":"Add Level-4-bugfixes","messageBody":"","fileTypesAndContributionMap":{"java":{"insertions":58,"deletions":13}}},{"hash":"0085d8fe3174c03e27f9e863a27c2709004276fc","isMergeCommit":false,"messageTitle":"Add Level-4-bugfixes","messageBody":"","tags":["Level-4"],"fileTypesAndContributionMap":{"java":{"insertions":20,"deletions":20}}}]},{"date":"2024-09-05","commitResults":[{"hash":"01ea11fbe704153c0dae2d58356f87b2581f661d","isMergeCommit":false,"messageTitle":"Add A-TextIuTesting","messageBody":"","tags":["A-TextUiTesting"],"fileTypesAndContributionMap":{"txt":{"insertions":12,"deletions":0},"java":{"insertions":20,"deletions":15},"bat":{"insertions":1,"deletions":1}}},{"hash":"9893111ff843fbe27914abb9cbb8fbe43739cc81","isMergeCommit":false,"messageTitle":"Add A-CodeQuality","messageBody":"","fileTypesAndContributionMap":{"java":{"insertions":45,"deletions":28}}},{"hash":"0573acf2f32089456e862b03ab527c5cf34d1c58","isMergeCommit":false,"messageTitle":"Add A-CodeQuality","messageBody":"","tags":["A-CodeQuality"],"fileTypesAndContributionMap":{"java":{"insertions":88,"deletions":98}}}]},{"date":"2024-09-11","commitResults":[{"hash":"2361592dab94192f3fb569086131839620fb6610","isMergeCommit":false,"messageTitle":"Add Level-5","messageBody":"","fileTypesAndContributionMap":{"java":{"insertions":144,"deletions":84}}},{"hash":"f5fcf141fd0e5029f5ce017a251f4941427c2835","isMergeCommit":false,"messageTitle":"Add Level-5-MasterBranch","messageBody":"","fileTypesAndContributionMap":{"java":{"insertions":3,"deletions":3}}},{"hash":"1996a83fe5e29656692b9019968680419f9c8bd6","isMergeCommit":false,"messageTitle":"Add Level-5-MasterBranch","messageBody":"","fileTypesAndContributionMap":{"java":{"insertions":3,"deletions":3}}},{"hash":"166d83b99b8dbed8807ff214f01324d4cf85fc3f","isMergeCommit":false,"messageTitle":"Add Level-5-MasterBranch","messageBody":"","fileTypesAndContributionMap":{"java":{"insertions":1,"deletions":1}}},{"hash":"9f1bc2c9b5968f142dcb895a810968cb319fb2c9","isMergeCommit":false,"messageTitle":"Add Level-5-MasterBranch","messageBody":"","fileTypesAndContributionMap":{"java":{"insertions":1,"deletions":1}}},{"hash":"0e6bae6bf9048dd653785a346f1b9fe1bcca1697","isMergeCommit":true,"messageTitle":"Merge branch \u0027master\u0027 into branch-level-5","messageBody":"","tags":["Level-5"],"fileTypesAndContributionMap":{}}]},{"date":"2024-09-13","commitResults":[{"hash":"56d0e22e778cd7a58b5844e52b36b7359cd4fc4c","isMergeCommit":false,"messageTitle":"Add A-Packages","messageBody":"","tags":["A-Packages"],"fileTypesAndContributionMap":{"java":{"insertions":47,"deletions":13},"bat":{"insertions":2,"deletions":2}}}]},{"date":"2024-09-18","commitResults":[{"hash":"3b757652e67efd64c3a2da469078f0bdb38efbcc","isMergeCommit":false,"messageTitle":"Add Level-5-bug fixes","messageBody":"","fileTypesAndContributionMap":{"java":{"insertions":22,"deletions":23}}}]},{"date":"2024-09-20","commitResults":[{"hash":"b63bd200978cc7dd96440a45c18f14544bbbe083","isMergeCommit":false,"messageTitle":"Add Level-6+A-Collections","messageBody":"","fileTypesAndContributionMap":{"java":{"insertions":50,"deletions":11}}},{"hash":"79a8871eafb51f6feb92bb3e38c6ecd034f6132c","isMergeCommit":false,"messageTitle":"Add Level-6+A-Collections","messageBody":"","fileTypesAndContributionMap":{"java":{"insertions":3,"deletions":2}}}]},{"date":"2024-09-22","commitResults":[{"hash":"3d1361d279b12f6ba19508dc058e0767e5cea3a4","isMergeCommit":false,"messageTitle":"Add Level-7","messageBody":"","fileTypesAndContributionMap":{"java":{"insertions":115,"deletions":14}}},{"hash":"1527ab8a4af269958b55362584d81bd95629d69f","isMergeCommit":true,"messageTitle":"Merge branch \u0027branch-level-6\u0027","messageBody":"","tags":["level-6"],"fileTypesAndContributionMap":{}},{"hash":"d8923aacc730a8f7af87583918bef4158daf568e","isMergeCommit":true,"messageTitle":"Add Level-7-conflicts","messageBody":"","tags":["level-7"],"fileTypesAndContributionMap":{}},{"hash":"91f00e25886c0cfafe6c9f11734f3746488ec62f","isMergeCommit":false,"messageTitle":"Add Level-7-bug-fixes","messageBody":"","tags":["level-7-bug-fixes","A-Jar"],"fileTypesAndContributionMap":{"java":{"insertions":3,"deletions":3}}},{"hash":"e7f658875021c3a01c5a6fa573e1a50ebe75bc93","isMergeCommit":false,"messageTitle":"Add A-collections","messageBody":"","tags":["A-Collections"],"fileTypesAndContributionMap":{"java":{"insertions":3,"deletions":3}}},{"hash":"2a63fdc9e1828c210a015fb52c799ca51429b33c","isMergeCommit":false,"messageTitle":"Add A-Exceptions","messageBody":"","tags":["A-Exceptions"],"fileTypesAndContributionMap":{"java":{"insertions":24,"deletions":2}}}]},{"date":"2024-09-27","commitResults":[{"hash":"3be8c65e0eb300f0bbbd76a5c3a79f8f85aa0cac","isMergeCommit":false,"messageTitle":"Add A-MoreOOP","messageBody":"","tags":["A-MoreOOP"],"fileTypesAndContributionMap":{"java":{"insertions":587,"deletions":375}}}]},{"date":"2024-10-02","commitResults":[{"hash":"adabff1028f299146539f4517ad4ae7ec8a4b303","isMergeCommit":false,"messageTitle":"Add Level-8","messageBody":"","fileTypesAndContributionMap":{"java":{"insertions":114,"deletions":35}}},{"hash":"7ce61692bada0640747c77c250471509a8884495","isMergeCommit":false,"messageTitle":"Add Level-9","messageBody":"","fileTypesAndContributionMap":{"java":{"insertions":40,"deletions":3}}},{"hash":"562d87d2557f7de1ea9db279b000133099449da4","isMergeCommit":false,"messageTitle":"Add A-JavaDoc","messageBody":"","fileTypesAndContributionMap":{"java":{"insertions":164,"deletions":95}}},{"hash":"12893416d725b835960999960424257cd037ce8c","isMergeCommit":true,"messageTitle":"Merge pull request #1 from Bev-low/branch-level-8","messageBody":"Add Level-8","tags":["Level-8"],"fileTypesAndContributionMap":{}},{"hash":"cdf3bfb22d404450408c755a2d82664515348d35","isMergeCommit":true,"messageTitle":"Merge branch \u0027master\u0027 into branch-level-9","messageBody":"","fileTypesAndContributionMap":{}},{"hash":"3a40699f82e70dc68be38fedc1cbddf703cd8620","isMergeCommit":true,"messageTitle":"Merge pull request #2 from Bev-low/branch-level-9","messageBody":"Branch level 9","tags":["level-9"],"fileTypesAndContributionMap":{}},{"hash":"74dd30e77bb22f9bc38c7502e75eb46eaf0a6d9a","isMergeCommit":true,"messageTitle":"Merge branch \u0027master\u0027 into A-JavaDoc","messageBody":"","fileTypesAndContributionMap":{}},{"hash":"5de460232e2183fa1146d0be45795cb2ff0362b3","isMergeCommit":true,"messageTitle":"Merge pull request #3 from Bev-low/A-JavaDoc","messageBody":"A java doc","tags":["A-JavaDocTag"],"fileTypesAndContributionMap":{}},{"hash":"9d6381c5b0ab5bfbdb732729578a9525018c876e","isMergeCommit":false,"messageTitle":"Add A-JavaDoc-fixes","messageBody":"","tags":["A-JavaDoc-BugFixes"],"fileTypesAndContributionMap":{"java":{"insertions":505,"deletions":28}}}]},{"date":"2024-10-04","commitResults":[{"hash":"769a80bf718186d8b64d12c7e977892effa3c29c","isMergeCommit":false,"messageTitle":"Add A-UserGuide","messageBody":"","tags":["A-UserGuide"],"fileTypesAndContributionMap":{"java":{"insertions":5,"deletions":5},"md":{"insertions":130,"deletions":13}}}]},{"date":"2024-10-05","commitResults":[{"hash":"86639ed486c1b7f080177a2caac76c7cea97f82e","isMergeCommit":true,"messageTitle":"Resolved outstanding merge conflicts, keeping master version","messageBody":"","fileTypesAndContributionMap":{}},{"hash":"95f37b66bfc38ab4973a2e8c74fa5f5a5eae3041","isMergeCommit":false,"messageTitle":"Add A-UserGuide-fixes","messageBody":"","fileTypesAndContributionMap":{"md":{"insertions":1,"deletions":1}}},{"hash":"c383183147b84263b6c09ae5cdef82ecc3258a74","isMergeCommit":true,"messageTitle":"Merge branch-level-6 into master, keeping master version","messageBody":"","fileTypesAndContributionMap":{}}]}]},"authorFileTypeContributionMap":{"Bev-low":{"java":1574,"md":124,"fxml":0,"sh":0,"bat":2,"gradle":0,"txt":12}},"authorContributionVariance":{"Bev-low":42355.074},"authorDisplayNameMap":{"Bev-low":"CS2113-W10-3 LOW ..ERLY"}}
