[{"path":"src/main/java/Appal.java","fileType":"java","lines":[{"lineNumber":1,"author":{"gitId":"chewycj"},"content":"import java.util.Scanner;","lastModifiedDate":"2024-08-26","isFullCredit":false},{"lineNumber":2,"author":{"gitId":"chewycj"},"content":"","lastModifiedDate":"2024-08-26","isFullCredit":false},{"lineNumber":3,"author":{"gitId":"chewycj"},"content":"public class Appal {","lastModifiedDate":"2024-08-21","isFullCredit":false},{"lineNumber":4,"author":{"gitId":"chewycj"},"content":"    // Constants for commands","lastModifiedDate":"2024-09-03","isFullCredit":false},{"lineNumber":5,"author":{"gitId":"chewycj"},"content":"    public static final String COMMAND_BYE \u003d \"bye\";","lastModifiedDate":"2024-09-03","isFullCredit":false},{"lineNumber":6,"author":{"gitId":"chewycj"},"content":"    public static final String COMMAND_LIST \u003d \"list\";","lastModifiedDate":"2024-09-03","isFullCredit":false},{"lineNumber":7,"author":{"gitId":"chewycj"},"content":"    public static final String COMMAND_TODO \u003d \"todo\";","lastModifiedDate":"2024-09-03","isFullCredit":false},{"lineNumber":8,"author":{"gitId":"chewycj"},"content":"    public static final String COMMAND_DEADLINE \u003d \"deadline\";","lastModifiedDate":"2024-09-03","isFullCredit":false},{"lineNumber":9,"author":{"gitId":"chewycj"},"content":"    public static final String COMMAND_EVENT \u003d \"event\";","lastModifiedDate":"2024-09-03","isFullCredit":false},{"lineNumber":10,"author":{"gitId":"chewycj"},"content":"    public static final String COMMAND_MARK \u003d \"mark\";","lastModifiedDate":"2024-09-03","isFullCredit":false},{"lineNumber":11,"author":{"gitId":"chewycj"},"content":"    public static final String COMMAND_UNMARK \u003d \"unmark\";","lastModifiedDate":"2024-09-03","isFullCredit":false},{"lineNumber":12,"author":{"gitId":"chewycj"},"content":"    public static final int COMMAND_INDEX \u003d 0;","lastModifiedDate":"2024-09-03","isFullCredit":false},{"lineNumber":13,"author":{"gitId":"chewycj"},"content":"","lastModifiedDate":"2024-09-03","isFullCredit":false},{"lineNumber":14,"author":{"gitId":"chewycj"},"content":"    // Attributes","lastModifiedDate":"2024-09-03","isFullCredit":false},{"lineNumber":15,"author":{"gitId":"chewycj"},"content":"    private boolean isExited \u003d false;","lastModifiedDate":"2024-08-26","isFullCredit":false},{"lineNumber":16,"author":{"gitId":"chewycj"},"content":"    private Task[] taskList \u003d new Task[100];","lastModifiedDate":"2024-08-26","isFullCredit":false},{"lineNumber":17,"author":{"gitId":"chewycj"},"content":"","lastModifiedDate":"2024-08-26","isFullCredit":false},{"lineNumber":18,"author":{"gitId":"chewycj"},"content":"    public void welcomeUser() {","lastModifiedDate":"2024-09-03","isFullCredit":false},{"lineNumber":19,"author":{"gitId":"chewycj"},"content":"        String chatbot \u003d \"Appal\";","lastModifiedDate":"2024-09-03","isFullCredit":false},{"lineNumber":20,"author":{"gitId":"chewycj"},"content":"        printSeparator();","lastModifiedDate":"2024-09-03","isFullCredit":false},{"lineNumber":21,"author":{"gitId":"chewycj"},"content":"        System.out.println(\"Heyo! I\u0027m your pal, \" + chatbot + \"!\");","lastModifiedDate":"2024-09-03","isFullCredit":false},{"lineNumber":22,"author":{"gitId":"chewycj"},"content":"        System.out.println(\"Let\u0027s get things rolling, what would you like to do today?\");","lastModifiedDate":"2024-09-03","isFullCredit":false},{"lineNumber":23,"author":{"gitId":"chewycj"},"content":"        printSeparator();","lastModifiedDate":"2024-09-03","isFullCredit":false},{"lineNumber":24,"author":{"gitId":"chewycj"},"content":"    }","lastModifiedDate":"2024-09-03","isFullCredit":false},{"lineNumber":25,"author":{"gitId":"chewycj"},"content":"","lastModifiedDate":"2024-09-03","isFullCredit":false},{"lineNumber":26,"author":{"gitId":"chewycj"},"content":"    public void printSeparator() {","lastModifiedDate":"2024-08-26","isFullCredit":false},{"lineNumber":27,"author":{"gitId":"chewycj"},"content":"        System.out.println(\"\\n++++++++++++++++++++++++++++++++++++++++++++++++++++++++\");","lastModifiedDate":"2024-08-26","isFullCredit":false},{"lineNumber":28,"author":{"gitId":"chewycj"},"content":"    }","lastModifiedDate":"2024-08-26","isFullCredit":false},{"lineNumber":29,"author":{"gitId":"chewycj"},"content":"","lastModifiedDate":"2024-08-26","isFullCredit":false},{"lineNumber":30,"author":{"gitId":"chewycj"},"content":"    public void printReply(String reply) {","lastModifiedDate":"2024-08-26","isFullCredit":false},{"lineNumber":31,"author":{"gitId":"chewycj"},"content":"        printSeparator();","lastModifiedDate":"2024-08-26","isFullCredit":false},{"lineNumber":32,"author":{"gitId":"chewycj"},"content":"        System.out.println(reply + \" - added to your to-do list, you can do it!\");","lastModifiedDate":"2024-08-26","isFullCredit":false},{"lineNumber":33,"author":{"gitId":"chewycj"},"content":"        printSeparator();","lastModifiedDate":"2024-08-26","isFullCredit":false},{"lineNumber":34,"author":{"gitId":"chewycj"},"content":"    }","lastModifiedDate":"2024-08-26","isFullCredit":false},{"lineNumber":35,"author":{"gitId":"chewycj"},"content":"","lastModifiedDate":"2024-08-26","isFullCredit":false},{"lineNumber":36,"author":{"gitId":"chewycj"},"content":"    public void printBye() {","lastModifiedDate":"2024-08-26","isFullCredit":false},{"lineNumber":37,"author":{"gitId":"chewycj"},"content":"        printSeparator();","lastModifiedDate":"2024-08-26","isFullCredit":false},{"lineNumber":38,"author":{"gitId":"chewycj"},"content":"        System.out.println(\"See ya! An Appal a day, keeps the boredom away!\");","lastModifiedDate":"2024-08-26","isFullCredit":false},{"lineNumber":39,"author":{"gitId":"chewycj"},"content":"        printSeparator();","lastModifiedDate":"2024-08-26","isFullCredit":false},{"lineNumber":40,"author":{"gitId":"chewycj"},"content":"    }","lastModifiedDate":"2024-08-26","isFullCredit":false},{"lineNumber":41,"author":{"gitId":"chewycj"},"content":"","lastModifiedDate":"2024-08-26","isFullCredit":false},{"lineNumber":42,"author":{"gitId":"chewycj"},"content":"    public void printNotice() {","lastModifiedDate":"2024-09-03","isFullCredit":false},{"lineNumber":43,"author":{"gitId":"chewycj"},"content":"        printSeparator();","lastModifiedDate":"2024-09-03","isFullCredit":false},{"lineNumber":44,"author":{"gitId":"chewycj"},"content":"        System.out.println(\"Oops! I don\u0027t recognise this command :(\");","lastModifiedDate":"2024-09-03","isFullCredit":false},{"lineNumber":45,"author":{"gitId":"chewycj"},"content":"        printSeparator();","lastModifiedDate":"2024-09-03","isFullCredit":false},{"lineNumber":46,"author":{"gitId":"chewycj"},"content":"    }","lastModifiedDate":"2024-09-03","isFullCredit":false},{"lineNumber":47,"author":{"gitId":"chewycj"},"content":"","lastModifiedDate":"2024-09-03","isFullCredit":false},{"lineNumber":48,"author":{"gitId":"chewycj"},"content":"    public void printOneTask(Task task) {","lastModifiedDate":"2024-09-02","isFullCredit":false},{"lineNumber":49,"author":{"gitId":"chewycj"},"content":"        System.out.println(task);","lastModifiedDate":"2024-09-02","isFullCredit":false},{"lineNumber":50,"author":{"gitId":"chewycj"},"content":"    }","lastModifiedDate":"2024-08-27","isFullCredit":false},{"lineNumber":51,"author":{"gitId":"chewycj"},"content":"","lastModifiedDate":"2024-08-27","isFullCredit":false},{"lineNumber":52,"author":{"gitId":"chewycj"},"content":"    public void markTask(String instruction, boolean isMark) {","lastModifiedDate":"2024-08-27","isFullCredit":false},{"lineNumber":53,"author":{"gitId":"chewycj"},"content":"        String[] words \u003d instruction.split(\" \");","lastModifiedDate":"2024-08-27","isFullCredit":false},{"lineNumber":54,"author":{"gitId":"chewycj"},"content":"        int taskId \u003d Integer.parseInt(words[1]);","lastModifiedDate":"2024-08-27","isFullCredit":false},{"lineNumber":55,"author":{"gitId":"chewycj"},"content":"        int listNumber \u003d taskId - 1;","lastModifiedDate":"2024-08-27","isFullCredit":false},{"lineNumber":56,"author":{"gitId":"chewycj"},"content":"        taskList[listNumber].setDone(isMark);","lastModifiedDate":"2024-08-27","isFullCredit":false},{"lineNumber":57,"author":{"gitId":"chewycj"},"content":"        printSeparator();","lastModifiedDate":"2024-08-27","isFullCredit":false},{"lineNumber":58,"author":{"gitId":"chewycj"},"content":"        if (isMark) {","lastModifiedDate":"2024-08-27","isFullCredit":false},{"lineNumber":59,"author":{"gitId":"chewycj"},"content":"            System.out.println(\"Task done! One more step towards success :)\");","lastModifiedDate":"2024-09-03","isFullCredit":false},{"lineNumber":60,"author":{"gitId":"chewycj"},"content":"        } else {","lastModifiedDate":"2024-08-27","isFullCredit":false},{"lineNumber":61,"author":{"gitId":"chewycj"},"content":"            System.out.println(\"What\u0027s next on the agenda? :D\");","lastModifiedDate":"2024-08-27","isFullCredit":false},{"lineNumber":62,"author":{"gitId":"chewycj"},"content":"        }","lastModifiedDate":"2024-08-27","isFullCredit":false},{"lineNumber":63,"author":{"gitId":"chewycj"},"content":"        printOneTask(taskList[listNumber]);","lastModifiedDate":"2024-09-02","isFullCredit":false},{"lineNumber":64,"author":{"gitId":"chewycj"},"content":"        printSeparator();","lastModifiedDate":"2024-08-27","isFullCredit":false},{"lineNumber":65,"author":{"gitId":"chewycj"},"content":"    }","lastModifiedDate":"2024-08-27","isFullCredit":false},{"lineNumber":66,"author":{"gitId":"chewycj"},"content":"","lastModifiedDate":"2024-08-27","isFullCredit":false},{"lineNumber":67,"author":{"gitId":"chewycj"},"content":"    public void printTaskList() {","lastModifiedDate":"2024-08-27","isFullCredit":false},{"lineNumber":68,"author":{"gitId":"chewycj"},"content":"        printSeparator();","lastModifiedDate":"2024-08-26","isFullCredit":false},{"lineNumber":69,"author":{"gitId":"chewycj"},"content":"        int totalTasks \u003d Task.getTotalTasks();","lastModifiedDate":"2024-08-26","isFullCredit":false},{"lineNumber":70,"author":{"gitId":"chewycj"},"content":"        System.out.println(\"You have \" + totalTasks + \" to-dos!\");","lastModifiedDate":"2024-08-26","isFullCredit":false},{"lineNumber":71,"author":{"gitId":"chewycj"},"content":"        for (int i \u003d 0; i \u003c totalTasks; i +\u003d 1) {","lastModifiedDate":"2024-08-26","isFullCredit":false},{"lineNumber":72,"author":{"gitId":"chewycj"},"content":"            System.out.print(taskList[i].getId() + \".\");","lastModifiedDate":"2024-08-27","isFullCredit":false},{"lineNumber":73,"author":{"gitId":"chewycj"},"content":"            printOneTask(taskList[i]);","lastModifiedDate":"2024-09-02","isFullCredit":false},{"lineNumber":74,"author":{"gitId":"chewycj"},"content":"        }","lastModifiedDate":"2024-08-26","isFullCredit":false},{"lineNumber":75,"author":{"gitId":"chewycj"},"content":"        printSeparator();","lastModifiedDate":"2024-08-26","isFullCredit":false},{"lineNumber":76,"author":{"gitId":"chewycj"},"content":"    }","lastModifiedDate":"2024-08-26","isFullCredit":false},{"lineNumber":77,"author":{"gitId":"chewycj"},"content":"","lastModifiedDate":"2024-08-26","isFullCredit":false},{"lineNumber":78,"author":{"gitId":"chewycj"},"content":"    public void addToDo(String instruction) {","lastModifiedDate":"2024-09-02","isFullCredit":false},{"lineNumber":79,"author":{"gitId":"chewycj"},"content":"        int totalToDos \u003d Task.getTotalTasks();","lastModifiedDate":"2024-09-02","isFullCredit":false},{"lineNumber":80,"author":{"gitId":"chewycj"},"content":"        String task \u003d instruction.replace(\"todo \", \"\");","lastModifiedDate":"2024-09-02","isFullCredit":false},{"lineNumber":81,"author":{"gitId":"chewycj"},"content":"        taskList[totalToDos] \u003d new ToDo(task);","lastModifiedDate":"2024-09-02","isFullCredit":false},{"lineNumber":82,"author":{"gitId":"chewycj"},"content":"    }","lastModifiedDate":"2024-09-02","isFullCredit":false},{"lineNumber":83,"author":{"gitId":"chewycj"},"content":"","lastModifiedDate":"2024-09-02","isFullCredit":false},{"lineNumber":84,"author":{"gitId":"chewycj"},"content":"    public void addDeadline(String instruction) {","lastModifiedDate":"2024-09-02","isFullCredit":false},{"lineNumber":85,"author":{"gitId":"chewycj"},"content":"        int totalToDos \u003d Task.getTotalTasks();","lastModifiedDate":"2024-09-02","isFullCredit":false},{"lineNumber":86,"author":{"gitId":"chewycj"},"content":"        String[] words \u003d instruction.split(\"/\");","lastModifiedDate":"2024-09-02","isFullCredit":false},{"lineNumber":87,"author":{"gitId":"chewycj"},"content":"        String task \u003d words[0].replace(\"deadline \", \"\");","lastModifiedDate":"2024-09-02","isFullCredit":false},{"lineNumber":88,"author":{"gitId":"chewycj"},"content":"        String by \u003d words[1].replace(\"by\", \"\").trim();","lastModifiedDate":"2024-09-03","isFullCredit":false},{"lineNumber":89,"author":{"gitId":"chewycj"},"content":"        taskList[totalToDos] \u003d new Deadline(task, by);","lastModifiedDate":"2024-09-02","isFullCredit":false},{"lineNumber":90,"author":{"gitId":"chewycj"},"content":"    }","lastModifiedDate":"2024-09-02","isFullCredit":false},{"lineNumber":91,"author":{"gitId":"chewycj"},"content":"","lastModifiedDate":"2024-09-02","isFullCredit":false},{"lineNumber":92,"author":{"gitId":"chewycj"},"content":"    public void addEvent(String instruction) {","lastModifiedDate":"2024-09-02","isFullCredit":false},{"lineNumber":93,"author":{"gitId":"chewycj"},"content":"        int totalToDos \u003d Task.getTotalTasks();","lastModifiedDate":"2024-09-02","isFullCredit":false},{"lineNumber":94,"author":{"gitId":"chewycj"},"content":"        String[] words \u003d instruction.split(\"/\");","lastModifiedDate":"2024-09-02","isFullCredit":false},{"lineNumber":95,"author":{"gitId":"chewycj"},"content":"        String task \u003d words[0].replace(\"event \", \"\");","lastModifiedDate":"2024-09-02","isFullCredit":false},{"lineNumber":96,"author":{"gitId":"chewycj"},"content":"        String from \u003d words[1].replace(\"from\", \"\");","lastModifiedDate":"2024-09-02","isFullCredit":false},{"lineNumber":97,"author":{"gitId":"chewycj"},"content":"        String to \u003d words[2].replace(\"to\", \"\");","lastModifiedDate":"2024-09-02","isFullCredit":false},{"lineNumber":98,"author":{"gitId":"chewycj"},"content":"        taskList[totalToDos] \u003d new Event(task, from, to);","lastModifiedDate":"2024-09-02","isFullCredit":false},{"lineNumber":99,"author":{"gitId":"chewycj"},"content":"    }","lastModifiedDate":"2024-09-02","isFullCredit":false},{"lineNumber":100,"author":{"gitId":"chewycj"},"content":"","lastModifiedDate":"2024-09-02","isFullCredit":false},{"lineNumber":101,"author":{"gitId":"chewycj"},"content":"    public void handleInput() {","lastModifiedDate":"2024-08-26","isFullCredit":false},{"lineNumber":102,"author":{"gitId":"chewycj"},"content":"        Scanner in \u003d new Scanner(System.in);","lastModifiedDate":"2024-08-26","isFullCredit":false},{"lineNumber":103,"author":{"gitId":"chewycj"},"content":"        String line \u003d in.nextLine();","lastModifiedDate":"2024-08-26","isFullCredit":false},{"lineNumber":104,"author":{"gitId":"chewycj"},"content":"        String[] words \u003d line.split(\" \");","lastModifiedDate":"2024-09-03","isFullCredit":false},{"lineNumber":105,"author":{"gitId":"chewycj"},"content":"        String command \u003d words[COMMAND_INDEX];","lastModifiedDate":"2024-09-03","isFullCredit":false},{"lineNumber":106,"author":{"gitId":"chewycj"},"content":"        switch (command) {","lastModifiedDate":"2024-09-03","isFullCredit":false},{"lineNumber":107,"author":{"gitId":"chewycj"},"content":"        case COMMAND_BYE:","lastModifiedDate":"2024-09-03","isFullCredit":false},{"lineNumber":108,"author":{"gitId":"chewycj"},"content":"            isExited \u003d true;","lastModifiedDate":"2024-08-26","isFullCredit":false},{"lineNumber":109,"author":{"gitId":"chewycj"},"content":"            printBye();","lastModifiedDate":"2024-08-26","isFullCredit":false},{"lineNumber":110,"author":{"gitId":"chewycj"},"content":"            break;","lastModifiedDate":"2024-09-03","isFullCredit":false},{"lineNumber":111,"author":{"gitId":"chewycj"},"content":"        case COMMAND_LIST:","lastModifiedDate":"2024-09-03","isFullCredit":false},{"lineNumber":112,"author":{"gitId":"chewycj"},"content":"            printTaskList();","lastModifiedDate":"2024-08-27","isFullCredit":false},{"lineNumber":113,"author":{"gitId":"chewycj"},"content":"            break;","lastModifiedDate":"2024-09-03","isFullCredit":false},{"lineNumber":114,"author":{"gitId":"chewycj"},"content":"        case COMMAND_TODO:","lastModifiedDate":"2024-09-03","isFullCredit":false},{"lineNumber":115,"author":{"gitId":"chewycj"},"content":"            addToDo(line);","lastModifiedDate":"2024-09-02","isFullCredit":false},{"lineNumber":116,"author":{"gitId":"chewycj"},"content":"            printReply(line);","lastModifiedDate":"2024-09-02","isFullCredit":false},{"lineNumber":117,"author":{"gitId":"chewycj"},"content":"            break;","lastModifiedDate":"2024-09-03","isFullCredit":false},{"lineNumber":118,"author":{"gitId":"chewycj"},"content":"        case COMMAND_DEADLINE:","lastModifiedDate":"2024-09-03","isFullCredit":false},{"lineNumber":119,"author":{"gitId":"chewycj"},"content":"            addDeadline(line);","lastModifiedDate":"2024-09-02","isFullCredit":false},{"lineNumber":120,"author":{"gitId":"chewycj"},"content":"            printReply(line);","lastModifiedDate":"2024-09-02","isFullCredit":false},{"lineNumber":121,"author":{"gitId":"chewycj"},"content":"            break;","lastModifiedDate":"2024-09-03","isFullCredit":false},{"lineNumber":122,"author":{"gitId":"chewycj"},"content":"        case COMMAND_EVENT:","lastModifiedDate":"2024-09-03","isFullCredit":false},{"lineNumber":123,"author":{"gitId":"chewycj"},"content":"            addEvent(line);","lastModifiedDate":"2024-09-02","isFullCredit":false},{"lineNumber":124,"author":{"gitId":"chewycj"},"content":"            printReply(line);","lastModifiedDate":"2024-09-02","isFullCredit":false},{"lineNumber":125,"author":{"gitId":"chewycj"},"content":"            break;","lastModifiedDate":"2024-09-03","isFullCredit":false},{"lineNumber":126,"author":{"gitId":"chewycj"},"content":"        case COMMAND_MARK:","lastModifiedDate":"2024-09-03","isFullCredit":false},{"lineNumber":127,"author":{"gitId":"chewycj"},"content":"            markTask(line, true);","lastModifiedDate":"2024-09-03","isFullCredit":false},{"lineNumber":128,"author":{"gitId":"chewycj"},"content":"            break;","lastModifiedDate":"2024-09-03","isFullCredit":false},{"lineNumber":129,"author":{"gitId":"chewycj"},"content":"        case COMMAND_UNMARK:","lastModifiedDate":"2024-09-03","isFullCredit":false},{"lineNumber":130,"author":{"gitId":"chewycj"},"content":"            markTask(line, false);","lastModifiedDate":"2024-09-03","isFullCredit":false},{"lineNumber":131,"author":{"gitId":"chewycj"},"content":"            break;","lastModifiedDate":"2024-09-03","isFullCredit":false},{"lineNumber":132,"author":{"gitId":"chewycj"},"content":"        default:","lastModifiedDate":"2024-09-03","isFullCredit":false},{"lineNumber":133,"author":{"gitId":"chewycj"},"content":"            printNotice();","lastModifiedDate":"2024-09-03","isFullCredit":false},{"lineNumber":134,"author":{"gitId":"chewycj"},"content":"            break;","lastModifiedDate":"2024-09-03","isFullCredit":false},{"lineNumber":135,"author":{"gitId":"chewycj"},"content":"        }","lastModifiedDate":"2024-08-26","isFullCredit":false},{"lineNumber":136,"author":{"gitId":"chewycj"},"content":"    }","lastModifiedDate":"2024-08-26","isFullCredit":false},{"lineNumber":137,"author":{"gitId":"chewycj"},"content":"","lastModifiedDate":"2024-08-26","isFullCredit":false},{"lineNumber":138,"author":{"gitId":"chewycj"},"content":"    public void runAppal() {","lastModifiedDate":"2024-08-26","isFullCredit":false},{"lineNumber":139,"author":{"gitId":"chewycj"},"content":"        welcomeUser();","lastModifiedDate":"2024-09-03","isFullCredit":false},{"lineNumber":140,"author":{"gitId":"chewycj"},"content":"        while (!isExited) {","lastModifiedDate":"2024-08-26","isFullCredit":false},{"lineNumber":141,"author":{"gitId":"chewycj"},"content":"            handleInput();","lastModifiedDate":"2024-08-26","isFullCredit":false},{"lineNumber":142,"author":{"gitId":"chewycj"},"content":"        }","lastModifiedDate":"2024-08-26","isFullCredit":false},{"lineNumber":143,"author":{"gitId":"chewycj"},"content":"    }","lastModifiedDate":"2024-08-21","isFullCredit":false},{"lineNumber":144,"author":{"gitId":"chewycj"},"content":"}","lastModifiedDate":"2024-08-21","isFullCredit":false}],"authorContributionMap":{"chewycj":144}},{"path":"src/main/java/Deadline.java","fileType":"java","lines":[{"lineNumber":1,"author":{"gitId":"chewycj"},"content":"public class Deadline extends Task {","lastModifiedDate":"2024-09-02","isFullCredit":false},{"lineNumber":2,"author":{"gitId":"chewycj"},"content":"    protected String by;","lastModifiedDate":"2024-09-02","isFullCredit":false},{"lineNumber":3,"author":{"gitId":"chewycj"},"content":"","lastModifiedDate":"2024-09-02","isFullCredit":false},{"lineNumber":4,"author":{"gitId":"chewycj"},"content":"    public Deadline(String description, String by) {","lastModifiedDate":"2024-09-02","isFullCredit":false},{"lineNumber":5,"author":{"gitId":"chewycj"},"content":"        super(description);","lastModifiedDate":"2024-09-02","isFullCredit":false},{"lineNumber":6,"author":{"gitId":"chewycj"},"content":"        this.by \u003d by;","lastModifiedDate":"2024-09-02","isFullCredit":false},{"lineNumber":7,"author":{"gitId":"chewycj"},"content":"    }","lastModifiedDate":"2024-09-02","isFullCredit":false},{"lineNumber":8,"author":{"gitId":"chewycj"},"content":"","lastModifiedDate":"2024-09-02","isFullCredit":false},{"lineNumber":9,"author":{"gitId":"chewycj"},"content":"    @Override","lastModifiedDate":"2024-09-02","isFullCredit":false},{"lineNumber":10,"author":{"gitId":"chewycj"},"content":"    public String toString() {","lastModifiedDate":"2024-09-02","isFullCredit":false},{"lineNumber":11,"author":{"gitId":"chewycj"},"content":"        return \"[D]\" + super.toString() + \"(by: \" + by + \")\";","lastModifiedDate":"2024-09-02","isFullCredit":false},{"lineNumber":12,"author":{"gitId":"chewycj"},"content":"    }","lastModifiedDate":"2024-09-02","isFullCredit":false},{"lineNumber":13,"author":{"gitId":"chewycj"},"content":"}","lastModifiedDate":"2024-09-02","isFullCredit":false}],"authorContributionMap":{"chewycj":13}},{"path":"src/main/java/Event.java","fileType":"java","lines":[{"lineNumber":1,"author":{"gitId":"chewycj"},"content":"public class Event extends Task {","lastModifiedDate":"2024-09-02","isFullCredit":false},{"lineNumber":2,"author":{"gitId":"chewycj"},"content":"    protected String from;","lastModifiedDate":"2024-09-02","isFullCredit":false},{"lineNumber":3,"author":{"gitId":"chewycj"},"content":"    protected String to;","lastModifiedDate":"2024-09-02","isFullCredit":false},{"lineNumber":4,"author":{"gitId":"chewycj"},"content":"","lastModifiedDate":"2024-09-02","isFullCredit":false},{"lineNumber":5,"author":{"gitId":"chewycj"},"content":"    public Event(String description, String from, String to) {","lastModifiedDate":"2024-09-02","isFullCredit":false},{"lineNumber":6,"author":{"gitId":"chewycj"},"content":"        super(description);","lastModifiedDate":"2024-09-02","isFullCredit":false},{"lineNumber":7,"author":{"gitId":"chewycj"},"content":"        this.from \u003d from;","lastModifiedDate":"2024-09-02","isFullCredit":false},{"lineNumber":8,"author":{"gitId":"chewycj"},"content":"        this.to \u003d to;","lastModifiedDate":"2024-09-02","isFullCredit":false},{"lineNumber":9,"author":{"gitId":"chewycj"},"content":"    }","lastModifiedDate":"2024-09-02","isFullCredit":false},{"lineNumber":10,"author":{"gitId":"chewycj"},"content":"","lastModifiedDate":"2024-09-02","isFullCredit":false},{"lineNumber":11,"author":{"gitId":"chewycj"},"content":"    @Override","lastModifiedDate":"2024-09-02","isFullCredit":false},{"lineNumber":12,"author":{"gitId":"chewycj"},"content":"    public String toString() {","lastModifiedDate":"2024-09-02","isFullCredit":false},{"lineNumber":13,"author":{"gitId":"chewycj"},"content":"        return \"[E]\" + super.toString() + \"(from: \" + from + \" to: \" + to + \")\";","lastModifiedDate":"2024-09-02","isFullCredit":false},{"lineNumber":14,"author":{"gitId":"chewycj"},"content":"    }","lastModifiedDate":"2024-09-02","isFullCredit":false},{"lineNumber":15,"author":{"gitId":"chewycj"},"content":"}","lastModifiedDate":"2024-09-02","isFullCredit":false}],"authorContributionMap":{"chewycj":15}},{"path":"src/main/java/Main.java","fileType":"java","lines":[{"lineNumber":1,"author":{"gitId":"chewycj"},"content":"public class Main {","lastModifiedDate":"2024-08-26","isFullCredit":false},{"lineNumber":2,"author":{"gitId":"chewycj"},"content":"    // Entrypoint to Appal","lastModifiedDate":"2024-09-02","isFullCredit":false},{"lineNumber":3,"author":{"gitId":"chewycj"},"content":"    public static void main(String[] args) {","lastModifiedDate":"2024-08-26","isFullCredit":false},{"lineNumber":4,"author":{"gitId":"chewycj"},"content":"        Appal appal \u003d new Appal();","lastModifiedDate":"2024-08-26","isFullCredit":false},{"lineNumber":5,"author":{"gitId":"chewycj"},"content":"        appal.runAppal();","lastModifiedDate":"2024-08-26","isFullCredit":false},{"lineNumber":6,"author":{"gitId":"chewycj"},"content":"    }","lastModifiedDate":"2024-08-26","isFullCredit":false},{"lineNumber":7,"author":{"gitId":"chewycj"},"content":"}","lastModifiedDate":"2024-08-26","isFullCredit":false}],"authorContributionMap":{"chewycj":7}},{"path":"src/main/java/Task.java","fileType":"java","lines":[{"lineNumber":1,"author":{"gitId":"chewycj"},"content":"public class Task {","lastModifiedDate":"2024-08-26","isFullCredit":false},{"lineNumber":2,"author":{"gitId":"chewycj"},"content":"    protected String task;","lastModifiedDate":"2024-08-27","isFullCredit":false},{"lineNumber":3,"author":{"gitId":"chewycj"},"content":"    protected int id;","lastModifiedDate":"2024-09-02","isFullCredit":false},{"lineNumber":4,"author":{"gitId":"chewycj"},"content":"    protected boolean isDone;","lastModifiedDate":"2024-08-27","isFullCredit":false},{"lineNumber":5,"author":{"gitId":"chewycj"},"content":"    private static int totalTasks \u003d 0;","lastModifiedDate":"2024-08-26","isFullCredit":false},{"lineNumber":6,"author":{"gitId":"chewycj"},"content":"","lastModifiedDate":"2024-08-26","isFullCredit":false},{"lineNumber":7,"author":{"gitId":"chewycj"},"content":"    public Task(String task) {","lastModifiedDate":"2024-08-26","isFullCredit":false},{"lineNumber":8,"author":{"gitId":"chewycj"},"content":"        setTask(task);","lastModifiedDate":"2024-08-27","isFullCredit":false},{"lineNumber":9,"author":{"gitId":"chewycj"},"content":"        setDone(false);","lastModifiedDate":"2024-08-27","isFullCredit":false},{"lineNumber":10,"author":{"gitId":"chewycj"},"content":"        totalTasks +\u003d 1;","lastModifiedDate":"2024-08-26","isFullCredit":false},{"lineNumber":11,"author":{"gitId":"chewycj"},"content":"        setId(totalTasks);","lastModifiedDate":"2024-08-26","isFullCredit":false},{"lineNumber":12,"author":{"gitId":"chewycj"},"content":"    }","lastModifiedDate":"2024-08-26","isFullCredit":false},{"lineNumber":13,"author":{"gitId":"chewycj"},"content":"","lastModifiedDate":"2024-08-26","isFullCredit":false},{"lineNumber":14,"author":{"gitId":"chewycj"},"content":"    public String getStatusIcon() {","lastModifiedDate":"2024-08-27","isFullCredit":false},{"lineNumber":15,"author":{"gitId":"chewycj"},"content":"        return (isDone ? \"X\" : \" \");","lastModifiedDate":"2024-08-27","isFullCredit":false},{"lineNumber":16,"author":{"gitId":"chewycj"},"content":"    }","lastModifiedDate":"2024-08-27","isFullCredit":false},{"lineNumber":17,"author":{"gitId":"chewycj"},"content":"","lastModifiedDate":"2024-08-27","isFullCredit":false},{"lineNumber":18,"author":{"gitId":"chewycj"},"content":"    public String toString() {","lastModifiedDate":"2024-09-02","isFullCredit":false},{"lineNumber":19,"author":{"gitId":"chewycj"},"content":"        return \"[\" + getStatusIcon() + \"] \" + getTask();","lastModifiedDate":"2024-09-02","isFullCredit":false},{"lineNumber":20,"author":{"gitId":"chewycj"},"content":"    }","lastModifiedDate":"2024-09-02","isFullCredit":false},{"lineNumber":21,"author":{"gitId":"chewycj"},"content":"","lastModifiedDate":"2024-09-02","isFullCredit":false},{"lineNumber":22,"author":{"gitId":"chewycj"},"content":"    public String getTask() {","lastModifiedDate":"2024-08-26","isFullCredit":false},{"lineNumber":23,"author":{"gitId":"chewycj"},"content":"        return task;","lastModifiedDate":"2024-08-26","isFullCredit":false},{"lineNumber":24,"author":{"gitId":"chewycj"},"content":"    }","lastModifiedDate":"2024-08-26","isFullCredit":false},{"lineNumber":25,"author":{"gitId":"chewycj"},"content":"","lastModifiedDate":"2024-08-26","isFullCredit":false},{"lineNumber":26,"author":{"gitId":"chewycj"},"content":"    public void setTask(String task) {","lastModifiedDate":"2024-08-27","isFullCredit":false},{"lineNumber":27,"author":{"gitId":"chewycj"},"content":"        this.task \u003d task;","lastModifiedDate":"2024-08-26","isFullCredit":false},{"lineNumber":28,"author":{"gitId":"chewycj"},"content":"    }","lastModifiedDate":"2024-08-26","isFullCredit":false},{"lineNumber":29,"author":{"gitId":"chewycj"},"content":"","lastModifiedDate":"2024-08-26","isFullCredit":false},{"lineNumber":30,"author":{"gitId":"chewycj"},"content":"    public int getId() {","lastModifiedDate":"2024-08-26","isFullCredit":false},{"lineNumber":31,"author":{"gitId":"chewycj"},"content":"        return id;","lastModifiedDate":"2024-08-26","isFullCredit":false},{"lineNumber":32,"author":{"gitId":"chewycj"},"content":"    }","lastModifiedDate":"2024-08-26","isFullCredit":false},{"lineNumber":33,"author":{"gitId":"chewycj"},"content":"","lastModifiedDate":"2024-08-26","isFullCredit":false},{"lineNumber":34,"author":{"gitId":"chewycj"},"content":"    public void setId(int id) {","lastModifiedDate":"2024-08-26","isFullCredit":false},{"lineNumber":35,"author":{"gitId":"chewycj"},"content":"        this.id \u003d id;","lastModifiedDate":"2024-08-26","isFullCredit":false},{"lineNumber":36,"author":{"gitId":"chewycj"},"content":"    }","lastModifiedDate":"2024-08-26","isFullCredit":false},{"lineNumber":37,"author":{"gitId":"chewycj"},"content":"","lastModifiedDate":"2024-08-26","isFullCredit":false},{"lineNumber":38,"author":{"gitId":"chewycj"},"content":"    public boolean isDone() {","lastModifiedDate":"2024-08-27","isFullCredit":false},{"lineNumber":39,"author":{"gitId":"chewycj"},"content":"        return isDone;","lastModifiedDate":"2024-08-27","isFullCredit":false},{"lineNumber":40,"author":{"gitId":"chewycj"},"content":"    }","lastModifiedDate":"2024-08-27","isFullCredit":false},{"lineNumber":41,"author":{"gitId":"chewycj"},"content":"","lastModifiedDate":"2024-08-27","isFullCredit":false},{"lineNumber":42,"author":{"gitId":"chewycj"},"content":"    public void setDone(boolean isDone) {","lastModifiedDate":"2024-08-27","isFullCredit":false},{"lineNumber":43,"author":{"gitId":"chewycj"},"content":"        this.isDone \u003d isDone;","lastModifiedDate":"2024-08-27","isFullCredit":false},{"lineNumber":44,"author":{"gitId":"chewycj"},"content":"    }","lastModifiedDate":"2024-08-27","isFullCredit":false},{"lineNumber":45,"author":{"gitId":"chewycj"},"content":"","lastModifiedDate":"2024-08-27","isFullCredit":false},{"lineNumber":46,"author":{"gitId":"chewycj"},"content":"    public static int getTotalTasks() {","lastModifiedDate":"2024-08-26","isFullCredit":false},{"lineNumber":47,"author":{"gitId":"chewycj"},"content":"        return totalTasks;","lastModifiedDate":"2024-08-26","isFullCredit":false},{"lineNumber":48,"author":{"gitId":"chewycj"},"content":"    }","lastModifiedDate":"2024-08-26","isFullCredit":false},{"lineNumber":49,"author":{"gitId":"chewycj"},"content":"}","lastModifiedDate":"2024-08-26","isFullCredit":false}],"authorContributionMap":{"chewycj":49}},{"path":"src/main/java/ToDo.java","fileType":"java","lines":[{"lineNumber":1,"author":{"gitId":"chewycj"},"content":"public class ToDo extends Task {","lastModifiedDate":"2024-09-02","isFullCredit":false},{"lineNumber":2,"author":{"gitId":"chewycj"},"content":"    public ToDo(String description) {","lastModifiedDate":"2024-09-02","isFullCredit":false},{"lineNumber":3,"author":{"gitId":"chewycj"},"content":"        super(description);","lastModifiedDate":"2024-09-02","isFullCredit":false},{"lineNumber":4,"author":{"gitId":"chewycj"},"content":"    }","lastModifiedDate":"2024-09-02","isFullCredit":false},{"lineNumber":5,"author":{"gitId":"chewycj"},"content":"","lastModifiedDate":"2024-09-02","isFullCredit":false},{"lineNumber":6,"author":{"gitId":"chewycj"},"content":"    @Override","lastModifiedDate":"2024-09-02","isFullCredit":false},{"lineNumber":7,"author":{"gitId":"chewycj"},"content":"    public String toString() {","lastModifiedDate":"2024-09-02","isFullCredit":false},{"lineNumber":8,"author":{"gitId":"chewycj"},"content":"        return \"[T]\" + super.toString();","lastModifiedDate":"2024-09-02","isFullCredit":false},{"lineNumber":9,"author":{"gitId":"chewycj"},"content":"    }","lastModifiedDate":"2024-09-02","isFullCredit":false},{"lineNumber":10,"author":{"gitId":"chewycj"},"content":"}","lastModifiedDate":"2024-09-02","isFullCredit":false}],"authorContributionMap":{"chewycj":10}}]
