[{"path":"src/main/java/nus/edu/rizzler/Rizzler.java","fileType":"java","lines":[{"lineNumber":1,"author":{"gitId":"nirala-ts"},"content":"package nus.edu.rizzler;","lastModifiedDate":"2024-09-11","isFullCredit":false},{"lineNumber":2,"author":{"gitId":"nirala-ts"},"content":"","lastModifiedDate":"2024-09-11","isFullCredit":false},{"lineNumber":3,"author":{"gitId":"nirala-ts"},"content":"import java.util.Scanner;","lastModifiedDate":"2024-08-28","isFullCredit":false},{"lineNumber":4,"author":{"gitId":"nirala-ts"},"content":"import nus.edu.rizzler.exception.InvalidInputException;","lastModifiedDate":"2024-09-11","isFullCredit":false},{"lineNumber":5,"author":{"gitId":"nirala-ts"},"content":"import nus.edu.rizzler.manager.TaskManager;","lastModifiedDate":"2024-09-11","isFullCredit":false},{"lineNumber":6,"author":{"gitId":"nirala-ts"},"content":"import nus.edu.rizzler.ui.Emoji;","lastModifiedDate":"2024-09-11","isFullCredit":false},{"lineNumber":7,"author":{"gitId":"nirala-ts"},"content":"","lastModifiedDate":"2024-08-28","isFullCredit":false},{"lineNumber":8,"author":{"gitId":"nirala-ts"},"content":"public class Rizzler {","lastModifiedDate":"2024-08-22","isFullCredit":false},{"lineNumber":9,"author":{"gitId":"nirala-ts"},"content":"    Emoji emoji \u003d new Emoji();","lastModifiedDate":"2024-08-29","isFullCredit":false},{"lineNumber":10,"author":{"gitId":"nirala-ts"},"content":"","lastModifiedDate":"2024-08-29","isFullCredit":false},{"lineNumber":11,"author":{"gitId":"nirala-ts"},"content":"    public void displayMenu() {","lastModifiedDate":"2024-08-29","isFullCredit":false},{"lineNumber":12,"author":{"gitId":"nirala-ts"},"content":"        System.out.println(\"What can I do to make your day pop? \" + emoji.getPartyPopperEmoji() + emoji.getRocketEmoji());","lastModifiedDate":"2024-08-29","isFullCredit":false},{"lineNumber":13,"author":{"gitId":"nirala-ts"},"content":"        final String MENU \u003d \"\"\"","lastModifiedDate":"2024-09-10","isFullCredit":false},{"lineNumber":14,"author":{"gitId":"nirala-ts"},"content":"                  --------------------------------------------------------","lastModifiedDate":"2024-08-29","isFullCredit":false},{"lineNumber":15,"author":{"gitId":"nirala-ts"},"content":"                  1. To add a TODO nus.edu.rizzler.task type \u0027todo [nus.edu.rizzler.task]\u0027","lastModifiedDate":"2024-09-11","isFullCredit":false},{"lineNumber":16,"author":{"gitId":"nirala-ts"},"content":"                     to add a DEADLINE nus.edu.rizzler.task type \u0027deadline [nus.edu.rizzler.task] BY [deadline]\u0027","lastModifiedDate":"2024-09-11","isFullCredit":false},{"lineNumber":17,"author":{"gitId":"nirala-ts"},"content":"                     to add a EVENT nus.edu.rizzler.task type \u0027event [nus.edu.rizzler.task] FROM [start time] TO [end time]\u0027 , and nus.edu.rizzler.Rizzler\u0027s got it handled!\\s","lastModifiedDate":"2024-09-11","isFullCredit":false},{"lineNumber":18,"author":{"gitId":"nirala-ts"},"content":"                  2. Need the full rundown? Type \u0027list\u0027 and I’ll drop the goods!","lastModifiedDate":"2024-09-04","isFullCredit":false},{"lineNumber":19,"author":{"gitId":"nirala-ts"},"content":"                  3. Crushed a nus.edu.rizzler.task? Type \u0027mark [nus.edu.rizzler.task number]\u0027 and let\u0027s celebrate!","lastModifiedDate":"2024-09-11","isFullCredit":false},{"lineNumber":20,"author":{"gitId":"nirala-ts"},"content":"                  4. Changed your mind? Type \u0027undo [nus.edu.rizzler.task number]\u0027 and I\u0027ll reset that for you!","lastModifiedDate":"2024-09-11","isFullCredit":false},{"lineNumber":21,"author":{"gitId":"nirala-ts"},"content":"                  5. Wanna bounce? Just hit me with \u0027bye\u0027 and I\u0027ll catch you on the flip side!","lastModifiedDate":"2024-09-04","isFullCredit":false},{"lineNumber":22,"author":{"gitId":"nirala-ts"},"content":"                  --------------------------------------------------------","lastModifiedDate":"2024-08-29","isFullCredit":false},{"lineNumber":23,"author":{"gitId":"nirala-ts"},"content":"                 \\s\"\"\";","lastModifiedDate":"2024-09-10","isFullCredit":false},{"lineNumber":24,"author":{"gitId":"nirala-ts"},"content":"","lastModifiedDate":"2024-08-29","isFullCredit":false},{"lineNumber":25,"author":{"gitId":"nirala-ts"},"content":"        System.out.println(MENU);","lastModifiedDate":"2024-09-10","isFullCredit":false},{"lineNumber":26,"author":{"gitId":"nirala-ts"},"content":"    }","lastModifiedDate":"2024-08-29","isFullCredit":false},{"lineNumber":27,"author":{"gitId":"nirala-ts"},"content":"","lastModifiedDate":"2024-08-28","isFullCredit":false},{"lineNumber":28,"author":{"gitId":"nirala-ts"},"content":"    public void listenCommand() {","lastModifiedDate":"2024-08-30","isFullCredit":false},{"lineNumber":29,"author":{"gitId":"nirala-ts"},"content":"        Scanner scanner \u003d new Scanner(System.in);","lastModifiedDate":"2024-08-28","isFullCredit":false},{"lineNumber":30,"author":{"gitId":"nirala-ts"},"content":"        String command \u003d scanner.nextLine();","lastModifiedDate":"2024-08-28","isFullCredit":false},{"lineNumber":31,"author":{"gitId":"nirala-ts"},"content":"","lastModifiedDate":"2024-08-28","isFullCredit":false},{"lineNumber":32,"author":{"gitId":"nirala-ts"},"content":"        while (!command.equals(\"bye\")) {","lastModifiedDate":"2024-09-04","isFullCredit":false},{"lineNumber":33,"author":{"gitId":"nirala-ts"},"content":"            try {","lastModifiedDate":"2024-09-10","isFullCredit":false},{"lineNumber":34,"author":{"gitId":"nirala-ts"},"content":"                handleCommand(command);","lastModifiedDate":"2024-09-10","isFullCredit":false},{"lineNumber":35,"author":{"gitId":"nirala-ts"},"content":"            } catch (InvalidInputException e) {","lastModifiedDate":"2024-09-10","isFullCredit":false},{"lineNumber":36,"author":{"gitId":"nirala-ts"},"content":"                System.out.println(e.getMessage());","lastModifiedDate":"2024-09-10","isFullCredit":false},{"lineNumber":37,"author":{"gitId":"nirala-ts"},"content":"            }","lastModifiedDate":"2024-09-10","isFullCredit":false},{"lineNumber":38,"author":{"gitId":"nirala-ts"},"content":"            command \u003d scanner.nextLine();","lastModifiedDate":"2024-09-10","isFullCredit":false},{"lineNumber":39,"author":{"gitId":"nirala-ts"},"content":"        }","lastModifiedDate":"2024-09-10","isFullCredit":false},{"lineNumber":40,"author":{"gitId":"nirala-ts"},"content":"        System.out.println(\"Peace out, Rizzler’s got places to be! \" + emoji.getCoolFaceEmoji() + emoji.getFistBumpEmoji());","lastModifiedDate":"2024-09-10","isFullCredit":false},{"lineNumber":41,"author":{"gitId":"nirala-ts"},"content":"    }","lastModifiedDate":"2024-09-10","isFullCredit":false},{"lineNumber":42,"author":{"gitId":"nirala-ts"},"content":"","lastModifiedDate":"2024-09-10","isFullCredit":false},{"lineNumber":43,"author":{"gitId":"nirala-ts"},"content":"    private void handleCommand(String command) throws InvalidInputException {","lastModifiedDate":"2024-09-10","isFullCredit":false},{"lineNumber":44,"author":{"gitId":"nirala-ts"},"content":"        TaskManager taskManager \u003d new TaskManager();","lastModifiedDate":"2024-08-30","isFullCredit":false},{"lineNumber":45,"author":{"gitId":"nirala-ts"},"content":"","lastModifiedDate":"2024-08-28","isFullCredit":false},{"lineNumber":46,"author":{"gitId":"nirala-ts"},"content":"        if (command.equals(\"list\")) {","lastModifiedDate":"2024-09-04","isFullCredit":false},{"lineNumber":47,"author":{"gitId":"nirala-ts"},"content":"            taskManager.displayTaskList();","lastModifiedDate":"2024-08-30","isFullCredit":false},{"lineNumber":48,"author":{"gitId":"nirala-ts"},"content":"","lastModifiedDate":"2024-09-04","isFullCredit":false},{"lineNumber":49,"author":{"gitId":"nirala-ts"},"content":"        } else if (command.startsWith(\"mark\")) {","lastModifiedDate":"2024-09-04","isFullCredit":false},{"lineNumber":50,"author":{"gitId":"nirala-ts"},"content":"            try {","lastModifiedDate":"2024-09-10","isFullCredit":false},{"lineNumber":51,"author":{"gitId":"nirala-ts"},"content":"                int taskNumber \u003d Integer.parseInt(command.split(\" \")[1]);","lastModifiedDate":"2024-09-04","isFullCredit":false},{"lineNumber":52,"author":{"gitId":"nirala-ts"},"content":"                taskManager.completeTask(taskNumber);","lastModifiedDate":"2024-08-30","isFullCredit":false},{"lineNumber":53,"author":{"gitId":"nirala-ts"},"content":"            } catch (NumberFormatException e) {","lastModifiedDate":"2024-09-10","isFullCredit":false},{"lineNumber":54,"author":{"gitId":"nirala-ts"},"content":"                System.out.println(\"ERROR: Task number must be an integer --\u003e \u0027mark [task number]\u0027\" + emoji.getExclamationMarkEmoji());","lastModifiedDate":"2024-09-10","isFullCredit":false},{"lineNumber":55,"author":{"gitId":"nirala-ts"},"content":"            } catch (IndexOutOfBoundsException e) {","lastModifiedDate":"2024-09-10","isFullCredit":false},{"lineNumber":56,"author":{"gitId":"nirala-ts"},"content":"                System.out.println(\"ERROR: Please follow the format specified in the MENU --\u003e \u0027mark [task number]\u0027\" + emoji.getExclamationMarkEmoji());","lastModifiedDate":"2024-09-10","isFullCredit":false},{"lineNumber":57,"author":{"gitId":"nirala-ts"},"content":"            }","lastModifiedDate":"2024-09-10","isFullCredit":false},{"lineNumber":58,"author":{"gitId":"nirala-ts"},"content":"","lastModifiedDate":"2024-09-04","isFullCredit":false},{"lineNumber":59,"author":{"gitId":"nirala-ts"},"content":"        } else if (command.startsWith(\"undo\")) {","lastModifiedDate":"2024-09-04","isFullCredit":false},{"lineNumber":60,"author":{"gitId":"nirala-ts"},"content":"            try {","lastModifiedDate":"2024-09-10","isFullCredit":false},{"lineNumber":61,"author":{"gitId":"nirala-ts"},"content":"                int taskNumber \u003d Integer.parseInt(command.split(\" \")[1]);","lastModifiedDate":"2024-09-04","isFullCredit":false},{"lineNumber":62,"author":{"gitId":"nirala-ts"},"content":"                taskManager.undoTask(taskNumber);","lastModifiedDate":"2024-08-30","isFullCredit":false},{"lineNumber":63,"author":{"gitId":"nirala-ts"},"content":"            } catch (NumberFormatException e) {","lastModifiedDate":"2024-09-10","isFullCredit":false},{"lineNumber":64,"author":{"gitId":"nirala-ts"},"content":"                System.out.println(\"ERROR: Task number must be an integer \u0027undo [task number]\u0027\" + emoji.getExclamationMarkEmoji());","lastModifiedDate":"2024-09-10","isFullCredit":false},{"lineNumber":65,"author":{"gitId":"nirala-ts"},"content":"            } catch (IndexOutOfBoundsException e) {","lastModifiedDate":"2024-09-10","isFullCredit":false},{"lineNumber":66,"author":{"gitId":"nirala-ts"},"content":"                System.out.println(\"ERROR: Please follow \u0027undo [task number]\u0027 format\" + emoji.getExclamationMarkEmoji());","lastModifiedDate":"2024-09-10","isFullCredit":false},{"lineNumber":67,"author":{"gitId":"nirala-ts"},"content":"            }","lastModifiedDate":"2024-09-10","isFullCredit":false},{"lineNumber":68,"author":{"gitId":"nirala-ts"},"content":"","lastModifiedDate":"2024-09-04","isFullCredit":false},{"lineNumber":69,"author":{"gitId":"nirala-ts"},"content":"        } else if (command.startsWith(\"todo\") || command.startsWith(\"deadline\") || command.startsWith(\"event\")) {","lastModifiedDate":"2024-09-10","isFullCredit":false},{"lineNumber":70,"author":{"gitId":"nirala-ts"},"content":"            taskManager.addTask(command);","lastModifiedDate":"2024-08-30","isFullCredit":false},{"lineNumber":71,"author":{"gitId":"nirala-ts"},"content":"","lastModifiedDate":"2024-09-04","isFullCredit":false},{"lineNumber":72,"author":{"gitId":"nirala-ts"},"content":"        } else {","lastModifiedDate":"2024-09-10","isFullCredit":false},{"lineNumber":73,"author":{"gitId":"nirala-ts"},"content":"            throw new InvalidInputException(\"That\u0027s an invalid command! \" + emoji.getCrossMarkEmoji() + emoji.getCrossMarkEmoji());","lastModifiedDate":"2024-09-10","isFullCredit":false},{"lineNumber":74,"author":{"gitId":"nirala-ts"},"content":"        }","lastModifiedDate":"2024-08-28","isFullCredit":false},{"lineNumber":75,"author":{"gitId":"nirala-ts"},"content":"    }","lastModifiedDate":"2024-08-28","isFullCredit":false},{"lineNumber":76,"author":{"gitId":"nirala-ts"},"content":"","lastModifiedDate":"2024-08-29","isFullCredit":false},{"lineNumber":77,"author":{"gitId":"nirala-ts"},"content":"","lastModifiedDate":"2024-09-10","isFullCredit":false},{"lineNumber":78,"author":{"gitId":"nirala-ts"},"content":"    public static void main(String[] args) {","lastModifiedDate":"2024-08-22","isFullCredit":false},{"lineNumber":79,"author":{"gitId":"nirala-ts"},"content":"        final String LOGO \u003d","lastModifiedDate":"2024-09-10","isFullCredit":false},{"lineNumber":80,"author":{"gitId":"nirala-ts"},"content":"                \"\"\"","lastModifiedDate":"2024-08-29","isFullCredit":false},{"lineNumber":81,"author":{"gitId":"nirala-ts"},"content":"                         _____                          _\\s","lastModifiedDate":"2024-08-29","isFullCredit":false},{"lineNumber":82,"author":{"gitId":"nirala-ts"},"content":"                        |     \\\\                        | |\\s","lastModifiedDate":"2024-08-29","isFullCredit":false},{"lineNumber":83,"author":{"gitId":"nirala-ts"},"content":"                        | |_)  |      ______   ______  | |   ____    _  __\\s","lastModifiedDate":"2024-08-29","isFullCredit":false},{"lineNumber":84,"author":{"gitId":"nirala-ts"},"content":"                        |     /  (_) |__   /  |__   /  | | /      \\\\ | |/  \\\\\\s","lastModifiedDate":"2024-08-29","isFullCredit":false},{"lineNumber":85,"author":{"gitId":"nirala-ts"},"content":"                        | |\\\\ \\\\   | |   /  /     /  /   | | |  ____/ |  _/\\\\_\\\\\\s","lastModifiedDate":"2024-08-29","isFullCredit":false},{"lineNumber":86,"author":{"gitId":"nirala-ts"},"content":"                        | | \\\\ \\\\  | |  /  / __  /  / __ | | | |____  | | \\s","lastModifiedDate":"2024-08-29","isFullCredit":false},{"lineNumber":87,"author":{"gitId":"nirala-ts"},"content":"                        |_|  \\\\_\\\\ |_| /______/ /______/ |_|  \\\\_____| |_|\\s","lastModifiedDate":"2024-08-29","isFullCredit":false},{"lineNumber":88,"author":{"gitId":"nirala-ts"},"content":"                        \"\"\";","lastModifiedDate":"2024-08-29","isFullCredit":false},{"lineNumber":89,"author":{"gitId":"nirala-ts"},"content":"","lastModifiedDate":"2024-08-29","isFullCredit":false},{"lineNumber":90,"author":{"gitId":"nirala-ts"},"content":"        Rizzler rizzler \u003d new Rizzler();","lastModifiedDate":"2024-08-29","isFullCredit":false},{"lineNumber":91,"author":{"gitId":"nirala-ts"},"content":"","lastModifiedDate":"2024-08-22","isFullCredit":false},{"lineNumber":92,"author":{"gitId":"nirala-ts"},"content":"        System.out.println(LOGO);","lastModifiedDate":"2024-09-10","isFullCredit":false},{"lineNumber":93,"author":{"gitId":"nirala-ts"},"content":"        System.out.println(\"Yo! I\u0027m Rizzler.\");","lastModifiedDate":"2024-08-28","isFullCredit":false},{"lineNumber":94,"author":{"gitId":"nirala-ts"},"content":"        rizzler.displayMenu();","lastModifiedDate":"2024-08-29","isFullCredit":false},{"lineNumber":95,"author":{"gitId":"nirala-ts"},"content":"        rizzler.listenCommand();","lastModifiedDate":"2024-08-30","isFullCredit":false},{"lineNumber":96,"author":{"gitId":"nirala-ts"},"content":"    }","lastModifiedDate":"2024-08-22","isFullCredit":false},{"lineNumber":97,"author":{"gitId":"nirala-ts"},"content":"}","lastModifiedDate":"2024-08-22","isFullCredit":false}],"authorContributionMap":{"nirala-ts":97}},{"path":"src/main/java/nus/edu/rizzler/exception/InvalidInputException.java","fileType":"java","lines":[{"lineNumber":1,"author":{"gitId":"nirala-ts"},"content":"package nus.edu.rizzler.exception;","lastModifiedDate":"2024-09-11","isFullCredit":false},{"lineNumber":2,"author":{"gitId":"nirala-ts"},"content":"","lastModifiedDate":"2024-09-11","isFullCredit":false},{"lineNumber":3,"author":{"gitId":"nirala-ts"},"content":"public class InvalidInputException extends Exception {","lastModifiedDate":"2024-09-10","isFullCredit":false},{"lineNumber":4,"author":{"gitId":"nirala-ts"},"content":"    public InvalidInputException(String message) {","lastModifiedDate":"2024-09-10","isFullCredit":false},{"lineNumber":5,"author":{"gitId":"nirala-ts"},"content":"        super(message);","lastModifiedDate":"2024-09-10","isFullCredit":false},{"lineNumber":6,"author":{"gitId":"nirala-ts"},"content":"    }","lastModifiedDate":"2024-09-10","isFullCredit":false},{"lineNumber":7,"author":{"gitId":"nirala-ts"},"content":"}","lastModifiedDate":"2024-09-10","isFullCredit":false}],"authorContributionMap":{"nirala-ts":7}},{"path":"src/main/java/nus/edu/rizzler/manager/TaskManager.java","fileType":"java","lines":[{"lineNumber":1,"author":{"gitId":"nirala-ts"},"content":"package nus.edu.rizzler.manager;","lastModifiedDate":"2024-09-11","isFullCredit":false},{"lineNumber":2,"author":{"gitId":"nirala-ts"},"content":"","lastModifiedDate":"2024-09-11","isFullCredit":false},{"lineNumber":3,"author":{"gitId":"nirala-ts"},"content":"import nus.edu.rizzler.exception.InvalidInputException;","lastModifiedDate":"2024-09-11","isFullCredit":false},{"lineNumber":4,"author":{"gitId":"nirala-ts"},"content":"import nus.edu.rizzler.task.Task;","lastModifiedDate":"2024-09-11","isFullCredit":false},{"lineNumber":5,"author":{"gitId":"nirala-ts"},"content":"import nus.edu.rizzler.ui.Emoji;","lastModifiedDate":"2024-09-11","isFullCredit":false},{"lineNumber":6,"author":{"gitId":"nirala-ts"},"content":"","lastModifiedDate":"2024-09-11","isFullCredit":false},{"lineNumber":7,"author":{"gitId":"nirala-ts"},"content":"public class TaskManager {","lastModifiedDate":"2024-09-04","isFullCredit":false},{"lineNumber":8,"author":{"gitId":"nirala-ts"},"content":"    Emoji emoji \u003d new Emoji();","lastModifiedDate":"2024-08-30","isFullCredit":false},{"lineNumber":9,"author":{"gitId":"nirala-ts"},"content":"","lastModifiedDate":"2024-08-30","isFullCredit":false},{"lineNumber":10,"author":{"gitId":"nirala-ts"},"content":"    public static Task[] taskList \u003d new Task[100];","lastModifiedDate":"2024-09-04","isFullCredit":false},{"lineNumber":11,"author":{"gitId":"nirala-ts"},"content":"    public static int totalTaskCount \u003d 0;","lastModifiedDate":"2024-09-04","isFullCredit":false},{"lineNumber":12,"author":{"gitId":"nirala-ts"},"content":"","lastModifiedDate":"2024-09-04","isFullCredit":false},{"lineNumber":13,"author":{"gitId":"nirala-ts"},"content":"    public TaskManager() {}","lastModifiedDate":"2024-09-04","isFullCredit":false},{"lineNumber":14,"author":{"gitId":"nirala-ts"},"content":"","lastModifiedDate":"2024-09-04","isFullCredit":false},{"lineNumber":15,"author":{"gitId":"nirala-ts"},"content":"    public void displayTaskAction(Task task, int taskNumber, String actionMessage) {","lastModifiedDate":"2024-09-04","isFullCredit":false},{"lineNumber":16,"author":{"gitId":"nirala-ts"},"content":"        System.out.println(actionMessage);","lastModifiedDate":"2024-09-04","isFullCredit":false},{"lineNumber":17,"author":{"gitId":"nirala-ts"},"content":"        System.out.println(taskNumber + \". \" + task);","lastModifiedDate":"2024-09-04","isFullCredit":false},{"lineNumber":18,"author":{"gitId":"nirala-ts"},"content":"        System.out.println(\"--------------------------------------------------------\");","lastModifiedDate":"2024-08-30","isFullCredit":false},{"lineNumber":19,"author":{"gitId":"nirala-ts"},"content":"    }","lastModifiedDate":"2024-08-30","isFullCredit":false},{"lineNumber":20,"author":{"gitId":"nirala-ts"},"content":"","lastModifiedDate":"2024-08-30","isFullCredit":false},{"lineNumber":21,"author":{"gitId":"nirala-ts"},"content":"    public void displayTaskList() {","lastModifiedDate":"2024-08-30","isFullCredit":false},{"lineNumber":22,"author":{"gitId":"nirala-ts"},"content":"        if (totalTaskCount \u003d\u003d 0) {","lastModifiedDate":"2024-08-30","isFullCredit":false},{"lineNumber":23,"author":{"gitId":"nirala-ts"},"content":"            System.out.println(\"Nothing in the pipeline yet! Let\u0027s get to work!\" + \" \" + emoji.getRocketEmoji() + emoji.getHundredPointsEmoji());","lastModifiedDate":"2024-08-30","isFullCredit":false},{"lineNumber":24,"author":{"gitId":"nirala-ts"},"content":"        } else {","lastModifiedDate":"2024-08-30","isFullCredit":false},{"lineNumber":25,"author":{"gitId":"nirala-ts"},"content":"            System.out.println(\"\\nHere’s the rundown on the tasks!\");","lastModifiedDate":"2024-09-04","isFullCredit":false},{"lineNumber":26,"author":{"gitId":"nirala-ts"},"content":"            for (int i \u003d 0; i \u003c totalTaskCount; i++) {","lastModifiedDate":"2024-08-30","isFullCredit":false},{"lineNumber":27,"author":{"gitId":"nirala-ts"},"content":"                System.out.println((i + 1) + \". \" + taskList[i]);","lastModifiedDate":"2024-09-04","isFullCredit":false},{"lineNumber":28,"author":{"gitId":"nirala-ts"},"content":"            }","lastModifiedDate":"2024-08-30","isFullCredit":false},{"lineNumber":29,"author":{"gitId":"nirala-ts"},"content":"        }","lastModifiedDate":"2024-08-30","isFullCredit":false},{"lineNumber":30,"author":{"gitId":"nirala-ts"},"content":"        System.out.println(\"--------------------------------------------------------\");","lastModifiedDate":"2024-08-30","isFullCredit":false},{"lineNumber":31,"author":{"gitId":"nirala-ts"},"content":"    }","lastModifiedDate":"2024-08-30","isFullCredit":false},{"lineNumber":32,"author":{"gitId":"nirala-ts"},"content":"","lastModifiedDate":"2024-08-30","isFullCredit":false},{"lineNumber":33,"author":{"gitId":"nirala-ts"},"content":"    public void addTask(String taskDescription) {","lastModifiedDate":"2024-09-04","isFullCredit":false},{"lineNumber":34,"author":{"gitId":"nirala-ts"},"content":"        try {","lastModifiedDate":"2024-09-10","isFullCredit":false},{"lineNumber":35,"author":{"gitId":"nirala-ts"},"content":"            taskList[totalTaskCount] \u003d Task.parseTaskString(taskDescription);","lastModifiedDate":"2024-09-04","isFullCredit":false},{"lineNumber":36,"author":{"gitId":"nirala-ts"},"content":"            totalTaskCount++;","lastModifiedDate":"2024-09-04","isFullCredit":false},{"lineNumber":37,"author":{"gitId":"nirala-ts"},"content":"","lastModifiedDate":"2024-09-04","isFullCredit":false},{"lineNumber":38,"author":{"gitId":"nirala-ts"},"content":"            System.out.printf(\"\\nYou have %d task(s) in your list now!\\n%n\", totalTaskCount);","lastModifiedDate":"2024-09-10","isFullCredit":false},{"lineNumber":39,"author":{"gitId":"nirala-ts"},"content":"            String actionMessage \u003d \"Let\u0027s make it happen! \" + emoji.getRockstarHandEmoji() + emoji.getFireEmoji();","lastModifiedDate":"2024-09-04","isFullCredit":false},{"lineNumber":40,"author":{"gitId":"nirala-ts"},"content":"            displayTaskAction(taskList[totalTaskCount - 1], totalTaskCount, actionMessage);","lastModifiedDate":"2024-09-04","isFullCredit":false},{"lineNumber":41,"author":{"gitId":"nirala-ts"},"content":"        } catch (InvalidInputException e) {","lastModifiedDate":"2024-09-10","isFullCredit":false},{"lineNumber":42,"author":{"gitId":"nirala-ts"},"content":"            System.out.println(e.getMessage());","lastModifiedDate":"2024-09-10","isFullCredit":false},{"lineNumber":43,"author":{"gitId":"nirala-ts"},"content":"        }","lastModifiedDate":"2024-09-04","isFullCredit":false},{"lineNumber":44,"author":{"gitId":"nirala-ts"},"content":"    }","lastModifiedDate":"2024-09-10","isFullCredit":false},{"lineNumber":45,"author":{"gitId":"nirala-ts"},"content":"","lastModifiedDate":"2024-09-04","isFullCredit":false},{"lineNumber":46,"author":{"gitId":"nirala-ts"},"content":"    public void completeTask(int taskNumber) {","lastModifiedDate":"2024-08-30","isFullCredit":false},{"lineNumber":47,"author":{"gitId":"nirala-ts"},"content":"        if (totalTaskCount \u003d\u003d 0) {","lastModifiedDate":"2024-08-30","isFullCredit":false},{"lineNumber":48,"author":{"gitId":"nirala-ts"},"content":"            System.out.println(\"Nothing in the pipeline yet! Let\u0027s get to work!\" + \" \" + emoji.getRocketEmoji() + emoji.getHundredPointsEmoji());","lastModifiedDate":"2024-09-04","isFullCredit":false},{"lineNumber":49,"author":{"gitId":"nirala-ts"},"content":"","lastModifiedDate":"2024-09-10","isFullCredit":false},{"lineNumber":50,"author":{"gitId":"nirala-ts"},"content":"        } else if (taskNumber \u003c 1 || taskNumber \u003e totalTaskCount) {","lastModifiedDate":"2024-09-10","isFullCredit":false},{"lineNumber":51,"author":{"gitId":"nirala-ts"},"content":"            System.out.println(\"ERROR: Task number out of range. Please enter a valid task number\" + emoji.getExclamationMarkEmoji());","lastModifiedDate":"2024-09-10","isFullCredit":false},{"lineNumber":52,"author":{"gitId":"nirala-ts"},"content":"","lastModifiedDate":"2024-09-10","isFullCredit":false},{"lineNumber":53,"author":{"gitId":"nirala-ts"},"content":"        } else {","lastModifiedDate":"2024-09-10","isFullCredit":false},{"lineNumber":54,"author":{"gitId":"nirala-ts"},"content":"            Task task \u003d taskList[taskNumber - 1];","lastModifiedDate":"2024-08-30","isFullCredit":false},{"lineNumber":55,"author":{"gitId":"nirala-ts"},"content":"            task.setIsDone(true);","lastModifiedDate":"2024-08-30","isFullCredit":false},{"lineNumber":56,"author":{"gitId":"nirala-ts"},"content":"","lastModifiedDate":"2024-09-04","isFullCredit":false},{"lineNumber":57,"author":{"gitId":"nirala-ts"},"content":"            String actionMessage \u003d \"\\nGood Job! \" + emoji.getPartyPopperEmoji();","lastModifiedDate":"2024-09-04","isFullCredit":false},{"lineNumber":58,"author":{"gitId":"nirala-ts"},"content":"            displayTaskAction(task, taskNumber, actionMessage);","lastModifiedDate":"2024-09-04","isFullCredit":false},{"lineNumber":59,"author":{"gitId":"nirala-ts"},"content":"        }","lastModifiedDate":"2024-08-30","isFullCredit":false},{"lineNumber":60,"author":{"gitId":"nirala-ts"},"content":"    }","lastModifiedDate":"2024-08-30","isFullCredit":false},{"lineNumber":61,"author":{"gitId":"nirala-ts"},"content":"","lastModifiedDate":"2024-08-30","isFullCredit":false},{"lineNumber":62,"author":{"gitId":"nirala-ts"},"content":"    public void undoTask(int taskNumber) {","lastModifiedDate":"2024-08-30","isFullCredit":false},{"lineNumber":63,"author":{"gitId":"nirala-ts"},"content":"        if (totalTaskCount \u003d\u003d 0) {","lastModifiedDate":"2024-08-30","isFullCredit":false},{"lineNumber":64,"author":{"gitId":"nirala-ts"},"content":"            System.out.println(\"Nothing in the pipeline yet! Let\u0027s get to work!\" + \" \" + emoji.getRocketEmoji() + emoji.getHundredPointsEmoji());","lastModifiedDate":"2024-09-04","isFullCredit":false},{"lineNumber":65,"author":{"gitId":"nirala-ts"},"content":"","lastModifiedDate":"2024-09-10","isFullCredit":false},{"lineNumber":66,"author":{"gitId":"nirala-ts"},"content":"        } else if (taskNumber \u003c 1 || taskNumber \u003e totalTaskCount) {","lastModifiedDate":"2024-09-10","isFullCredit":false},{"lineNumber":67,"author":{"gitId":"nirala-ts"},"content":"            System.out.println(\"ERROR: Task number out of range. Please enter a valid task number\" + emoji.getExclamationMarkEmoji());","lastModifiedDate":"2024-09-10","isFullCredit":false},{"lineNumber":68,"author":{"gitId":"nirala-ts"},"content":"","lastModifiedDate":"2024-09-10","isFullCredit":false},{"lineNumber":69,"author":{"gitId":"nirala-ts"},"content":"        } else {","lastModifiedDate":"2024-09-10","isFullCredit":false},{"lineNumber":70,"author":{"gitId":"nirala-ts"},"content":"            Task task \u003d taskList[taskNumber - 1];","lastModifiedDate":"2024-08-30","isFullCredit":false},{"lineNumber":71,"author":{"gitId":"nirala-ts"},"content":"            task.setIsDone(false);","lastModifiedDate":"2024-08-30","isFullCredit":false},{"lineNumber":72,"author":{"gitId":"nirala-ts"},"content":"","lastModifiedDate":"2024-09-04","isFullCredit":false},{"lineNumber":73,"author":{"gitId":"nirala-ts"},"content":"            String actionMessage \u003d \"\\nNo worries! Task reset. \" + emoji.getReverseEmoji();","lastModifiedDate":"2024-09-04","isFullCredit":false},{"lineNumber":74,"author":{"gitId":"nirala-ts"},"content":"            displayTaskAction(task, taskNumber, actionMessage);","lastModifiedDate":"2024-09-04","isFullCredit":false},{"lineNumber":75,"author":{"gitId":"nirala-ts"},"content":"        }","lastModifiedDate":"2024-08-30","isFullCredit":false},{"lineNumber":76,"author":{"gitId":"nirala-ts"},"content":"    }","lastModifiedDate":"2024-08-30","isFullCredit":false},{"lineNumber":77,"author":{"gitId":"nirala-ts"},"content":"}","lastModifiedDate":"2024-08-30","isFullCredit":false}],"authorContributionMap":{"nirala-ts":77}},{"path":"src/main/java/nus/edu/rizzler/task/Deadline.java","fileType":"java","lines":[{"lineNumber":1,"author":{"gitId":"nirala-ts"},"content":"package nus.edu.rizzler.task;","lastModifiedDate":"2024-09-11","isFullCredit":false},{"lineNumber":2,"author":{"gitId":"nirala-ts"},"content":"","lastModifiedDate":"2024-09-11","isFullCredit":false},{"lineNumber":3,"author":{"gitId":"nirala-ts"},"content":"import nus.edu.rizzler.ui.Emoji;","lastModifiedDate":"2024-09-11","isFullCredit":false},{"lineNumber":4,"author":{"gitId":"nirala-ts"},"content":"","lastModifiedDate":"2024-09-11","isFullCredit":false},{"lineNumber":5,"author":{"gitId":"nirala-ts"},"content":"public class Deadline extends Task {","lastModifiedDate":"2024-09-04","isFullCredit":false},{"lineNumber":6,"author":{"gitId":"nirala-ts"},"content":"    Emoji emoji \u003d new Emoji();","lastModifiedDate":"2024-09-04","isFullCredit":false},{"lineNumber":7,"author":{"gitId":"nirala-ts"},"content":"    private String by;","lastModifiedDate":"2024-09-04","isFullCredit":false},{"lineNumber":8,"author":{"gitId":"nirala-ts"},"content":"","lastModifiedDate":"2024-09-04","isFullCredit":false},{"lineNumber":9,"author":{"gitId":"nirala-ts"},"content":"    public Deadline(String taskName, String by) {","lastModifiedDate":"2024-09-04","isFullCredit":false},{"lineNumber":10,"author":{"gitId":"nirala-ts"},"content":"        super(taskName);","lastModifiedDate":"2024-09-04","isFullCredit":false},{"lineNumber":11,"author":{"gitId":"nirala-ts"},"content":"        setBy(by);","lastModifiedDate":"2024-09-04","isFullCredit":false},{"lineNumber":12,"author":{"gitId":"nirala-ts"},"content":"    }","lastModifiedDate":"2024-09-04","isFullCredit":false},{"lineNumber":13,"author":{"gitId":"nirala-ts"},"content":"","lastModifiedDate":"2024-09-04","isFullCredit":false},{"lineNumber":14,"author":{"gitId":"nirala-ts"},"content":"    @Override","lastModifiedDate":"2024-09-04","isFullCredit":false},{"lineNumber":15,"author":{"gitId":"nirala-ts"},"content":"    public String getTaskTag() {","lastModifiedDate":"2024-09-04","isFullCredit":false},{"lineNumber":16,"author":{"gitId":"nirala-ts"},"content":"        return \"[D]\";","lastModifiedDate":"2024-09-04","isFullCredit":false},{"lineNumber":17,"author":{"gitId":"nirala-ts"},"content":"    }","lastModifiedDate":"2024-09-04","isFullCredit":false},{"lineNumber":18,"author":{"gitId":"nirala-ts"},"content":"","lastModifiedDate":"2024-09-04","isFullCredit":false},{"lineNumber":19,"author":{"gitId":"nirala-ts"},"content":"    public String getBy() {","lastModifiedDate":"2024-09-04","isFullCredit":false},{"lineNumber":20,"author":{"gitId":"nirala-ts"},"content":"        return by;","lastModifiedDate":"2024-09-04","isFullCredit":false},{"lineNumber":21,"author":{"gitId":"nirala-ts"},"content":"    }","lastModifiedDate":"2024-09-04","isFullCredit":false},{"lineNumber":22,"author":{"gitId":"nirala-ts"},"content":"","lastModifiedDate":"2024-09-04","isFullCredit":false},{"lineNumber":23,"author":{"gitId":"nirala-ts"},"content":"    public void setBy(String by) {","lastModifiedDate":"2024-09-04","isFullCredit":false},{"lineNumber":24,"author":{"gitId":"nirala-ts"},"content":"        this.by \u003d by;","lastModifiedDate":"2024-09-04","isFullCredit":false},{"lineNumber":25,"author":{"gitId":"nirala-ts"},"content":"    }","lastModifiedDate":"2024-09-04","isFullCredit":false},{"lineNumber":26,"author":{"gitId":"nirala-ts"},"content":"","lastModifiedDate":"2024-09-04","isFullCredit":false},{"lineNumber":27,"author":{"gitId":"nirala-ts"},"content":"    public String toString() {","lastModifiedDate":"2024-09-04","isFullCredit":false},{"lineNumber":28,"author":{"gitId":"nirala-ts"},"content":"        String taskStatus \u003d this.getIsDone() ? emoji.getTickEmoji() : emoji.getHourglassEmoji();","lastModifiedDate":"2024-09-04","isFullCredit":false},{"lineNumber":29,"author":{"gitId":"nirala-ts"},"content":"        return String.format(\"%s %s (by: %s) %s\", this.getTaskTag(), this.getTaskName(), this.getBy(), taskStatus);","lastModifiedDate":"2024-09-04","isFullCredit":false},{"lineNumber":30,"author":{"gitId":"nirala-ts"},"content":"    }","lastModifiedDate":"2024-09-04","isFullCredit":false},{"lineNumber":31,"author":{"gitId":"nirala-ts"},"content":"}","lastModifiedDate":"2024-09-04","isFullCredit":false}],"authorContributionMap":{"nirala-ts":31}},{"path":"src/main/java/nus/edu/rizzler/task/Event.java","fileType":"java","lines":[{"lineNumber":1,"author":{"gitId":"nirala-ts"},"content":"package nus.edu.rizzler.task;","lastModifiedDate":"2024-09-11","isFullCredit":false},{"lineNumber":2,"author":{"gitId":"nirala-ts"},"content":"","lastModifiedDate":"2024-09-11","isFullCredit":false},{"lineNumber":3,"author":{"gitId":"nirala-ts"},"content":"import nus.edu.rizzler.ui.Emoji;","lastModifiedDate":"2024-09-11","isFullCredit":false},{"lineNumber":4,"author":{"gitId":"nirala-ts"},"content":"","lastModifiedDate":"2024-09-11","isFullCredit":false},{"lineNumber":5,"author":{"gitId":"nirala-ts"},"content":"public class Event extends Task{","lastModifiedDate":"2024-09-04","isFullCredit":false},{"lineNumber":6,"author":{"gitId":"nirala-ts"},"content":"    Emoji emoji \u003d new Emoji();","lastModifiedDate":"2024-09-04","isFullCredit":false},{"lineNumber":7,"author":{"gitId":"nirala-ts"},"content":"    private String from;","lastModifiedDate":"2024-09-04","isFullCredit":false},{"lineNumber":8,"author":{"gitId":"nirala-ts"},"content":"    private String to;","lastModifiedDate":"2024-09-04","isFullCredit":false},{"lineNumber":9,"author":{"gitId":"nirala-ts"},"content":"","lastModifiedDate":"2024-09-04","isFullCredit":false},{"lineNumber":10,"author":{"gitId":"nirala-ts"},"content":"    public Event(String taskName, String from, String to) {","lastModifiedDate":"2024-09-04","isFullCredit":false},{"lineNumber":11,"author":{"gitId":"nirala-ts"},"content":"        super(taskName);","lastModifiedDate":"2024-09-04","isFullCredit":false},{"lineNumber":12,"author":{"gitId":"nirala-ts"},"content":"        setFrom(from);","lastModifiedDate":"2024-09-04","isFullCredit":false},{"lineNumber":13,"author":{"gitId":"nirala-ts"},"content":"        setTo(to);","lastModifiedDate":"2024-09-04","isFullCredit":false},{"lineNumber":14,"author":{"gitId":"nirala-ts"},"content":"    }","lastModifiedDate":"2024-09-04","isFullCredit":false},{"lineNumber":15,"author":{"gitId":"nirala-ts"},"content":"","lastModifiedDate":"2024-09-04","isFullCredit":false},{"lineNumber":16,"author":{"gitId":"nirala-ts"},"content":"    @Override","lastModifiedDate":"2024-09-04","isFullCredit":false},{"lineNumber":17,"author":{"gitId":"nirala-ts"},"content":"    public String getTaskTag() {","lastModifiedDate":"2024-09-04","isFullCredit":false},{"lineNumber":18,"author":{"gitId":"nirala-ts"},"content":"        return \"[E]\";","lastModifiedDate":"2024-09-04","isFullCredit":false},{"lineNumber":19,"author":{"gitId":"nirala-ts"},"content":"    }","lastModifiedDate":"2024-09-04","isFullCredit":false},{"lineNumber":20,"author":{"gitId":"nirala-ts"},"content":"","lastModifiedDate":"2024-09-04","isFullCredit":false},{"lineNumber":21,"author":{"gitId":"nirala-ts"},"content":"    public String getFrom() {","lastModifiedDate":"2024-09-04","isFullCredit":false},{"lineNumber":22,"author":{"gitId":"nirala-ts"},"content":"        return from;","lastModifiedDate":"2024-09-04","isFullCredit":false},{"lineNumber":23,"author":{"gitId":"nirala-ts"},"content":"    }","lastModifiedDate":"2024-09-04","isFullCredit":false},{"lineNumber":24,"author":{"gitId":"nirala-ts"},"content":"","lastModifiedDate":"2024-09-04","isFullCredit":false},{"lineNumber":25,"author":{"gitId":"nirala-ts"},"content":"    public void setFrom(String from) {","lastModifiedDate":"2024-09-04","isFullCredit":false},{"lineNumber":26,"author":{"gitId":"nirala-ts"},"content":"        this.from \u003d from;","lastModifiedDate":"2024-09-04","isFullCredit":false},{"lineNumber":27,"author":{"gitId":"nirala-ts"},"content":"    }","lastModifiedDate":"2024-09-04","isFullCredit":false},{"lineNumber":28,"author":{"gitId":"nirala-ts"},"content":"","lastModifiedDate":"2024-09-04","isFullCredit":false},{"lineNumber":29,"author":{"gitId":"nirala-ts"},"content":"    public String getTo() {","lastModifiedDate":"2024-09-04","isFullCredit":false},{"lineNumber":30,"author":{"gitId":"nirala-ts"},"content":"        return to;","lastModifiedDate":"2024-09-04","isFullCredit":false},{"lineNumber":31,"author":{"gitId":"nirala-ts"},"content":"    }","lastModifiedDate":"2024-09-04","isFullCredit":false},{"lineNumber":32,"author":{"gitId":"nirala-ts"},"content":"","lastModifiedDate":"2024-09-04","isFullCredit":false},{"lineNumber":33,"author":{"gitId":"nirala-ts"},"content":"    public void setTo(String to) {","lastModifiedDate":"2024-09-04","isFullCredit":false},{"lineNumber":34,"author":{"gitId":"nirala-ts"},"content":"        this.to \u003d to;","lastModifiedDate":"2024-09-04","isFullCredit":false},{"lineNumber":35,"author":{"gitId":"nirala-ts"},"content":"    }","lastModifiedDate":"2024-09-04","isFullCredit":false},{"lineNumber":36,"author":{"gitId":"nirala-ts"},"content":"","lastModifiedDate":"2024-09-04","isFullCredit":false},{"lineNumber":37,"author":{"gitId":"nirala-ts"},"content":"    public String toString() {","lastModifiedDate":"2024-09-04","isFullCredit":false},{"lineNumber":38,"author":{"gitId":"nirala-ts"},"content":"        String taskStatus \u003d this.getIsDone() ? emoji.getTickEmoji() : emoji.getHourglassEmoji();","lastModifiedDate":"2024-09-04","isFullCredit":false},{"lineNumber":39,"author":{"gitId":"nirala-ts"},"content":"        return String.format(\"%s %s (from: %s  to: %s) %s\", this.getTaskTag(), this.getTaskName(), this.getFrom(), this.getTo(), taskStatus);","lastModifiedDate":"2024-09-04","isFullCredit":false},{"lineNumber":40,"author":{"gitId":"nirala-ts"},"content":"    }","lastModifiedDate":"2024-09-04","isFullCredit":false},{"lineNumber":41,"author":{"gitId":"nirala-ts"},"content":"}","lastModifiedDate":"2024-09-04","isFullCredit":false}],"authorContributionMap":{"nirala-ts":41}},{"path":"src/main/java/nus/edu/rizzler/task/Task.java","fileType":"java","lines":[{"lineNumber":1,"author":{"gitId":"nirala-ts"},"content":"package nus.edu.rizzler.task;","lastModifiedDate":"2024-09-11","isFullCredit":false},{"lineNumber":2,"author":{"gitId":"nirala-ts"},"content":"","lastModifiedDate":"2024-09-11","isFullCredit":false},{"lineNumber":3,"author":{"gitId":"nirala-ts"},"content":"import nus.edu.rizzler.exception.InvalidInputException;","lastModifiedDate":"2024-09-11","isFullCredit":false},{"lineNumber":4,"author":{"gitId":"nirala-ts"},"content":"import nus.edu.rizzler.ui.Emoji;","lastModifiedDate":"2024-09-11","isFullCredit":false},{"lineNumber":5,"author":{"gitId":"nirala-ts"},"content":"","lastModifiedDate":"2024-09-11","isFullCredit":false},{"lineNumber":6,"author":{"gitId":"nirala-ts"},"content":"public class Task {","lastModifiedDate":"2024-08-29","isFullCredit":false},{"lineNumber":7,"author":{"gitId":"nirala-ts"},"content":"    static Emoji emoji \u003d new Emoji();","lastModifiedDate":"2024-09-10","isFullCredit":false},{"lineNumber":8,"author":{"gitId":"nirala-ts"},"content":"    private String taskName;","lastModifiedDate":"2024-08-30","isFullCredit":false},{"lineNumber":9,"author":{"gitId":"nirala-ts"},"content":"    private Boolean isDone;","lastModifiedDate":"2024-08-30","isFullCredit":false},{"lineNumber":10,"author":{"gitId":"nirala-ts"},"content":"","lastModifiedDate":"2024-08-29","isFullCredit":false},{"lineNumber":11,"author":{"gitId":"nirala-ts"},"content":"    public Task(String taskName) {","lastModifiedDate":"2024-09-04","isFullCredit":false},{"lineNumber":12,"author":{"gitId":"nirala-ts"},"content":"        setTaskName(taskName);","lastModifiedDate":"2024-08-30","isFullCredit":false},{"lineNumber":13,"author":{"gitId":"nirala-ts"},"content":"        isDone \u003d false;","lastModifiedDate":"2024-09-04","isFullCredit":false},{"lineNumber":14,"author":{"gitId":"nirala-ts"},"content":"    }","lastModifiedDate":"2024-08-29","isFullCredit":false},{"lineNumber":15,"author":{"gitId":"nirala-ts"},"content":"","lastModifiedDate":"2024-08-29","isFullCredit":false},{"lineNumber":16,"author":{"gitId":"nirala-ts"},"content":"    public String getTaskName() {","lastModifiedDate":"2024-08-30","isFullCredit":false},{"lineNumber":17,"author":{"gitId":"nirala-ts"},"content":"        return taskName;","lastModifiedDate":"2024-08-30","isFullCredit":false},{"lineNumber":18,"author":{"gitId":"nirala-ts"},"content":"    }","lastModifiedDate":"2024-08-29","isFullCredit":false},{"lineNumber":19,"author":{"gitId":"nirala-ts"},"content":"","lastModifiedDate":"2024-08-29","isFullCredit":false},{"lineNumber":20,"author":{"gitId":"nirala-ts"},"content":"    public void setTaskName(String taskName) {","lastModifiedDate":"2024-08-30","isFullCredit":false},{"lineNumber":21,"author":{"gitId":"nirala-ts"},"content":"        this.taskName \u003d taskName;","lastModifiedDate":"2024-08-30","isFullCredit":false},{"lineNumber":22,"author":{"gitId":"nirala-ts"},"content":"    }","lastModifiedDate":"2024-08-29","isFullCredit":false},{"lineNumber":23,"author":{"gitId":"nirala-ts"},"content":"","lastModifiedDate":"2024-08-30","isFullCredit":false},{"lineNumber":24,"author":{"gitId":"nirala-ts"},"content":"    public Boolean getIsDone() {","lastModifiedDate":"2024-08-30","isFullCredit":false},{"lineNumber":25,"author":{"gitId":"nirala-ts"},"content":"        return isDone;","lastModifiedDate":"2024-08-30","isFullCredit":false},{"lineNumber":26,"author":{"gitId":"nirala-ts"},"content":"    }","lastModifiedDate":"2024-08-29","isFullCredit":false},{"lineNumber":27,"author":{"gitId":"nirala-ts"},"content":"","lastModifiedDate":"2024-08-30","isFullCredit":false},{"lineNumber":28,"author":{"gitId":"nirala-ts"},"content":"    public void setIsDone(Boolean isDone) {","lastModifiedDate":"2024-08-30","isFullCredit":false},{"lineNumber":29,"author":{"gitId":"nirala-ts"},"content":"        this.isDone \u003d isDone;","lastModifiedDate":"2024-08-30","isFullCredit":false},{"lineNumber":30,"author":{"gitId":"nirala-ts"},"content":"    }","lastModifiedDate":"2024-08-29","isFullCredit":false},{"lineNumber":31,"author":{"gitId":"nirala-ts"},"content":"","lastModifiedDate":"2024-09-04","isFullCredit":false},{"lineNumber":32,"author":{"gitId":"nirala-ts"},"content":"    public String getTaskTag() {","lastModifiedDate":"2024-09-04","isFullCredit":false},{"lineNumber":33,"author":{"gitId":"nirala-ts"},"content":"        return \"\";","lastModifiedDate":"2024-09-04","isFullCredit":false},{"lineNumber":34,"author":{"gitId":"nirala-ts"},"content":"    }","lastModifiedDate":"2024-09-04","isFullCredit":false},{"lineNumber":35,"author":{"gitId":"nirala-ts"},"content":"","lastModifiedDate":"2024-09-04","isFullCredit":false},{"lineNumber":36,"author":{"gitId":"nirala-ts"},"content":"    public static Task parseTaskString(String taskDescription) throws InvalidInputException {","lastModifiedDate":"2024-09-10","isFullCredit":false},{"lineNumber":37,"author":{"gitId":"nirala-ts"},"content":"        if (taskDescription.startsWith(\"deadline\")) {","lastModifiedDate":"2024-09-10","isFullCredit":false},{"lineNumber":38,"author":{"gitId":"nirala-ts"},"content":"            taskDescription \u003d taskDescription.substring(8).trim();","lastModifiedDate":"2024-09-10","isFullCredit":false},{"lineNumber":39,"author":{"gitId":"nirala-ts"},"content":"            if (taskDescription.isEmpty()) {","lastModifiedDate":"2024-09-10","isFullCredit":false},{"lineNumber":40,"author":{"gitId":"nirala-ts"},"content":"                throw new InvalidInputException(\"ERROR: Missing task description for deadline\" + emoji.getExclamationMarkEmoji());","lastModifiedDate":"2024-09-10","isFullCredit":false},{"lineNumber":41,"author":{"gitId":"nirala-ts"},"content":"            }","lastModifiedDate":"2024-09-10","isFullCredit":false},{"lineNumber":42,"author":{"gitId":"nirala-ts"},"content":"","lastModifiedDate":"2024-09-10","isFullCredit":false},{"lineNumber":43,"author":{"gitId":"nirala-ts"},"content":"            int byIndex \u003d taskDescription.indexOf(\"BY\");","lastModifiedDate":"2024-09-10","isFullCredit":false},{"lineNumber":44,"author":{"gitId":"nirala-ts"},"content":"            if (byIndex \u003d\u003d -1) {","lastModifiedDate":"2024-09-10","isFullCredit":false},{"lineNumber":45,"author":{"gitId":"nirala-ts"},"content":"                throw new InvalidInputException(\"ERROR: Missing \u0027BY [when]\u0027 for deadline\" + emoji.getExclamationMarkEmoji());","lastModifiedDate":"2024-09-10","isFullCredit":false},{"lineNumber":46,"author":{"gitId":"nirala-ts"},"content":"            }","lastModifiedDate":"2024-09-10","isFullCredit":false},{"lineNumber":47,"author":{"gitId":"nirala-ts"},"content":"","lastModifiedDate":"2024-09-10","isFullCredit":false},{"lineNumber":48,"author":{"gitId":"nirala-ts"},"content":"            String taskName \u003d taskDescription.substring(0, byIndex).trim();","lastModifiedDate":"2024-09-10","isFullCredit":false},{"lineNumber":49,"author":{"gitId":"nirala-ts"},"content":"            String by \u003d taskDescription.substring(byIndex + 2).trim();","lastModifiedDate":"2024-09-10","isFullCredit":false},{"lineNumber":50,"author":{"gitId":"nirala-ts"},"content":"","lastModifiedDate":"2024-09-10","isFullCredit":false},{"lineNumber":51,"author":{"gitId":"nirala-ts"},"content":"            if (taskName.isEmpty() || by.isEmpty()) {","lastModifiedDate":"2024-09-10","isFullCredit":false},{"lineNumber":52,"author":{"gitId":"nirala-ts"},"content":"                throw new InvalidInputException(\"ERROR: Task name and deadline must both be provided \" +","lastModifiedDate":"2024-09-10","isFullCredit":false},{"lineNumber":53,"author":{"gitId":"nirala-ts"},"content":"                        \"\u0027[task name] BY [deadline]\u0027\" + emoji.getExclamationMarkEmoji());","lastModifiedDate":"2024-09-10","isFullCredit":false},{"lineNumber":54,"author":{"gitId":"nirala-ts"},"content":"            }","lastModifiedDate":"2024-09-10","isFullCredit":false},{"lineNumber":55,"author":{"gitId":"nirala-ts"},"content":"","lastModifiedDate":"2024-09-10","isFullCredit":false},{"lineNumber":56,"author":{"gitId":"nirala-ts"},"content":"            return new Deadline(taskName, by);","lastModifiedDate":"2024-09-04","isFullCredit":false},{"lineNumber":57,"author":{"gitId":"nirala-ts"},"content":"","lastModifiedDate":"2024-09-04","isFullCredit":false},{"lineNumber":58,"author":{"gitId":"nirala-ts"},"content":"        } else if (taskDescription.startsWith(\"event\")) {","lastModifiedDate":"2024-09-10","isFullCredit":false},{"lineNumber":59,"author":{"gitId":"nirala-ts"},"content":"            taskDescription \u003d taskDescription.substring(5).trim();","lastModifiedDate":"2024-09-10","isFullCredit":false},{"lineNumber":60,"author":{"gitId":"nirala-ts"},"content":"            if (taskDescription.isEmpty()) {","lastModifiedDate":"2024-09-10","isFullCredit":false},{"lineNumber":61,"author":{"gitId":"nirala-ts"},"content":"                throw new InvalidInputException(\"ERROR: Missing task description for event\" + emoji.getExclamationMarkEmoji());","lastModifiedDate":"2024-09-10","isFullCredit":false},{"lineNumber":62,"author":{"gitId":"nirala-ts"},"content":"            }","lastModifiedDate":"2024-09-10","isFullCredit":false},{"lineNumber":63,"author":{"gitId":"nirala-ts"},"content":"","lastModifiedDate":"2024-09-10","isFullCredit":false},{"lineNumber":64,"author":{"gitId":"nirala-ts"},"content":"            int fromIndex \u003d taskDescription.indexOf(\"FROM\");","lastModifiedDate":"2024-09-10","isFullCredit":false},{"lineNumber":65,"author":{"gitId":"nirala-ts"},"content":"            int toIndex \u003d taskDescription.indexOf(\"TO\");","lastModifiedDate":"2024-09-10","isFullCredit":false},{"lineNumber":66,"author":{"gitId":"nirala-ts"},"content":"            if (fromIndex \u003d\u003d -1 || toIndex \u003d\u003d -1 || fromIndex \u003e\u003d toIndex) {","lastModifiedDate":"2024-09-10","isFullCredit":false},{"lineNumber":67,"author":{"gitId":"nirala-ts"},"content":"                throw new InvalidInputException(\"ERROR: Missing or incorrect \u0027FROM [start time] TO [end time]\u0027 format for event\" + emoji.getExclamationMarkEmoji());","lastModifiedDate":"2024-09-10","isFullCredit":false},{"lineNumber":68,"author":{"gitId":"nirala-ts"},"content":"            }","lastModifiedDate":"2024-09-10","isFullCredit":false},{"lineNumber":69,"author":{"gitId":"nirala-ts"},"content":"","lastModifiedDate":"2024-09-10","isFullCredit":false},{"lineNumber":70,"author":{"gitId":"nirala-ts"},"content":"            String taskName \u003d taskDescription.substring(0, fromIndex).trim();","lastModifiedDate":"2024-09-10","isFullCredit":false},{"lineNumber":71,"author":{"gitId":"nirala-ts"},"content":"            String from \u003d taskDescription.substring(fromIndex + 4, toIndex).trim();","lastModifiedDate":"2024-09-10","isFullCredit":false},{"lineNumber":72,"author":{"gitId":"nirala-ts"},"content":"            String to \u003d taskDescription.substring(toIndex + 2).trim();","lastModifiedDate":"2024-09-10","isFullCredit":false},{"lineNumber":73,"author":{"gitId":"nirala-ts"},"content":"","lastModifiedDate":"2024-09-10","isFullCredit":false},{"lineNumber":74,"author":{"gitId":"nirala-ts"},"content":"            if (taskName.isEmpty() || from.isEmpty() || to.isEmpty()) {","lastModifiedDate":"2024-09-10","isFullCredit":false},{"lineNumber":75,"author":{"gitId":"nirala-ts"},"content":"                throw new InvalidInputException(\"ERROR: Task name, start time, and end time must all be provided \" +","lastModifiedDate":"2024-09-10","isFullCredit":false},{"lineNumber":76,"author":{"gitId":"nirala-ts"},"content":"                        \"\u0027[task name] FROM [start time] TO [end time]\u0027\" + emoji.getExclamationMarkEmoji());","lastModifiedDate":"2024-09-10","isFullCredit":false},{"lineNumber":77,"author":{"gitId":"nirala-ts"},"content":"            }","lastModifiedDate":"2024-09-10","isFullCredit":false},{"lineNumber":78,"author":{"gitId":"nirala-ts"},"content":"","lastModifiedDate":"2024-09-10","isFullCredit":false},{"lineNumber":79,"author":{"gitId":"nirala-ts"},"content":"            return new Event(taskName, from, to);","lastModifiedDate":"2024-09-04","isFullCredit":false},{"lineNumber":80,"author":{"gitId":"nirala-ts"},"content":"","lastModifiedDate":"2024-09-04","isFullCredit":false},{"lineNumber":81,"author":{"gitId":"nirala-ts"},"content":"        } else if (taskDescription.startsWith(\"todo\")) {","lastModifiedDate":"2024-09-10","isFullCredit":false},{"lineNumber":82,"author":{"gitId":"nirala-ts"},"content":"            taskDescription \u003d taskDescription.substring(4).trim();","lastModifiedDate":"2024-09-10","isFullCredit":false},{"lineNumber":83,"author":{"gitId":"nirala-ts"},"content":"            if (taskDescription.isEmpty()) {","lastModifiedDate":"2024-09-10","isFullCredit":false},{"lineNumber":84,"author":{"gitId":"nirala-ts"},"content":"                throw new InvalidInputException(\"ERROR: Missing task description for todo\" + emoji.getExclamationMarkEmoji());","lastModifiedDate":"2024-09-10","isFullCredit":false},{"lineNumber":85,"author":{"gitId":"nirala-ts"},"content":"            }","lastModifiedDate":"2024-09-04","isFullCredit":false},{"lineNumber":86,"author":{"gitId":"nirala-ts"},"content":"","lastModifiedDate":"2024-09-10","isFullCredit":false},{"lineNumber":87,"author":{"gitId":"nirala-ts"},"content":"            return new Todo(taskDescription);","lastModifiedDate":"2024-09-10","isFullCredit":false},{"lineNumber":88,"author":{"gitId":"nirala-ts"},"content":"","lastModifiedDate":"2024-09-10","isFullCredit":false},{"lineNumber":89,"author":{"gitId":"nirala-ts"},"content":"        } else {","lastModifiedDate":"2024-09-10","isFullCredit":false},{"lineNumber":90,"author":{"gitId":"nirala-ts"},"content":"            throw new InvalidInputException(\"ERROR: Invalid task format. Please follow the task format in the menu\" + emoji.getExclamationMarkEmoji());","lastModifiedDate":"2024-09-10","isFullCredit":false},{"lineNumber":91,"author":{"gitId":"nirala-ts"},"content":"        }","lastModifiedDate":"2024-09-10","isFullCredit":false},{"lineNumber":92,"author":{"gitId":"nirala-ts"},"content":"    }","lastModifiedDate":"2024-09-04","isFullCredit":false},{"lineNumber":93,"author":{"gitId":"nirala-ts"},"content":"}","lastModifiedDate":"2024-08-29","isFullCredit":false}],"authorContributionMap":{"nirala-ts":93}},{"path":"src/main/java/nus/edu/rizzler/task/Todo.java","fileType":"java","lines":[{"lineNumber":1,"author":{"gitId":"nirala-ts"},"content":"package nus.edu.rizzler.task;","lastModifiedDate":"2024-09-11","isFullCredit":false},{"lineNumber":2,"author":{"gitId":"nirala-ts"},"content":"","lastModifiedDate":"2024-09-11","isFullCredit":false},{"lineNumber":3,"author":{"gitId":"nirala-ts"},"content":"import nus.edu.rizzler.ui.Emoji;","lastModifiedDate":"2024-09-11","isFullCredit":false},{"lineNumber":4,"author":{"gitId":"nirala-ts"},"content":"","lastModifiedDate":"2024-09-11","isFullCredit":false},{"lineNumber":5,"author":{"gitId":"nirala-ts"},"content":"public class Todo extends Task{","lastModifiedDate":"2024-09-04","isFullCredit":false},{"lineNumber":6,"author":{"gitId":"nirala-ts"},"content":"    Emoji emoji \u003d new Emoji();","lastModifiedDate":"2024-09-04","isFullCredit":false},{"lineNumber":7,"author":{"gitId":"nirala-ts"},"content":"","lastModifiedDate":"2024-09-04","isFullCredit":false},{"lineNumber":8,"author":{"gitId":"nirala-ts"},"content":"    public Todo(String taskName) {","lastModifiedDate":"2024-09-04","isFullCredit":false},{"lineNumber":9,"author":{"gitId":"nirala-ts"},"content":"        super(taskName);","lastModifiedDate":"2024-09-04","isFullCredit":false},{"lineNumber":10,"author":{"gitId":"nirala-ts"},"content":"    }","lastModifiedDate":"2024-09-04","isFullCredit":false},{"lineNumber":11,"author":{"gitId":"nirala-ts"},"content":"    @Override","lastModifiedDate":"2024-09-04","isFullCredit":false},{"lineNumber":12,"author":{"gitId":"nirala-ts"},"content":"    public String getTaskTag() {","lastModifiedDate":"2024-09-04","isFullCredit":false},{"lineNumber":13,"author":{"gitId":"nirala-ts"},"content":"        return \"[T]\";","lastModifiedDate":"2024-09-04","isFullCredit":false},{"lineNumber":14,"author":{"gitId":"nirala-ts"},"content":"    }","lastModifiedDate":"2024-09-04","isFullCredit":false},{"lineNumber":15,"author":{"gitId":"nirala-ts"},"content":"","lastModifiedDate":"2024-09-04","isFullCredit":false},{"lineNumber":16,"author":{"gitId":"nirala-ts"},"content":"    public String toString() {","lastModifiedDate":"2024-09-04","isFullCredit":false},{"lineNumber":17,"author":{"gitId":"nirala-ts"},"content":"        String taskStatus \u003d this.getIsDone() ? emoji.getTickEmoji() : emoji.getHourglassEmoji();","lastModifiedDate":"2024-09-04","isFullCredit":false},{"lineNumber":18,"author":{"gitId":"nirala-ts"},"content":"        return String.format(\"%s %s %s\", this.getTaskTag(), this.getTaskName(), taskStatus);","lastModifiedDate":"2024-09-04","isFullCredit":false},{"lineNumber":19,"author":{"gitId":"nirala-ts"},"content":"    }","lastModifiedDate":"2024-09-04","isFullCredit":false},{"lineNumber":20,"author":{"gitId":"nirala-ts"},"content":"}","lastModifiedDate":"2024-09-04","isFullCredit":false}],"authorContributionMap":{"nirala-ts":20}},{"path":"src/main/java/nus/edu/rizzler/ui/Emoji.java","fileType":"java","lines":[{"lineNumber":1,"author":{"gitId":"nirala-ts"},"content":"package nus.edu.rizzler.ui;","lastModifiedDate":"2024-09-11","isFullCredit":false},{"lineNumber":2,"author":{"gitId":"nirala-ts"},"content":"","lastModifiedDate":"2024-09-11","isFullCredit":false},{"lineNumber":3,"author":{"gitId":"nirala-ts"},"content":"public class Emoji {","lastModifiedDate":"2024-08-29","isFullCredit":false},{"lineNumber":4,"author":{"gitId":"nirala-ts"},"content":"","lastModifiedDate":"2024-08-29","isFullCredit":false},{"lineNumber":5,"author":{"gitId":"nirala-ts"},"content":"    public String getCoolFaceEmoji() {","lastModifiedDate":"2024-08-29","isFullCredit":false},{"lineNumber":6,"author":{"gitId":"nirala-ts"},"content":"        return \"\\uD83D\\uDE0E\";","lastModifiedDate":"2024-08-29","isFullCredit":false},{"lineNumber":7,"author":{"gitId":"nirala-ts"},"content":"    }","lastModifiedDate":"2024-08-29","isFullCredit":false},{"lineNumber":8,"author":{"gitId":"nirala-ts"},"content":"","lastModifiedDate":"2024-08-29","isFullCredit":false},{"lineNumber":9,"author":{"gitId":"nirala-ts"},"content":"    public String getFistBumpEmoji() {","lastModifiedDate":"2024-08-29","isFullCredit":false},{"lineNumber":10,"author":{"gitId":"nirala-ts"},"content":"        return \"\\uD83D\\uDC4A\";","lastModifiedDate":"2024-08-29","isFullCredit":false},{"lineNumber":11,"author":{"gitId":"nirala-ts"},"content":"    }","lastModifiedDate":"2024-08-29","isFullCredit":false},{"lineNumber":12,"author":{"gitId":"nirala-ts"},"content":"","lastModifiedDate":"2024-08-29","isFullCredit":false},{"lineNumber":13,"author":{"gitId":"nirala-ts"},"content":"    public String getRockstarHandEmoji() {","lastModifiedDate":"2024-08-29","isFullCredit":false},{"lineNumber":14,"author":{"gitId":"nirala-ts"},"content":"        return \"\\uD83E\\uDD1F\\uD83C\\uDFFD\";","lastModifiedDate":"2024-08-29","isFullCredit":false},{"lineNumber":15,"author":{"gitId":"nirala-ts"},"content":"    }","lastModifiedDate":"2024-08-29","isFullCredit":false},{"lineNumber":16,"author":{"gitId":"nirala-ts"},"content":"","lastModifiedDate":"2024-08-29","isFullCredit":false},{"lineNumber":17,"author":{"gitId":"nirala-ts"},"content":"    public String getFireEmoji() {","lastModifiedDate":"2024-08-29","isFullCredit":false},{"lineNumber":18,"author":{"gitId":"nirala-ts"},"content":"        return \"\\uD83D\\uDD25\";","lastModifiedDate":"2024-08-29","isFullCredit":false},{"lineNumber":19,"author":{"gitId":"nirala-ts"},"content":"    }","lastModifiedDate":"2024-08-29","isFullCredit":false},{"lineNumber":20,"author":{"gitId":"nirala-ts"},"content":"","lastModifiedDate":"2024-08-29","isFullCredit":false},{"lineNumber":21,"author":{"gitId":"nirala-ts"},"content":"    public String getPartyPopperEmoji() {","lastModifiedDate":"2024-08-29","isFullCredit":false},{"lineNumber":22,"author":{"gitId":"nirala-ts"},"content":"        return \"\\uD83C\\uDF89\";","lastModifiedDate":"2024-08-29","isFullCredit":false},{"lineNumber":23,"author":{"gitId":"nirala-ts"},"content":"    }","lastModifiedDate":"2024-08-29","isFullCredit":false},{"lineNumber":24,"author":{"gitId":"nirala-ts"},"content":"","lastModifiedDate":"2024-08-29","isFullCredit":false},{"lineNumber":25,"author":{"gitId":"nirala-ts"},"content":"    public String getRocketEmoji() {","lastModifiedDate":"2024-08-29","isFullCredit":false},{"lineNumber":26,"author":{"gitId":"nirala-ts"},"content":"        return \"\\uD83D\\uDE80\";","lastModifiedDate":"2024-08-29","isFullCredit":false},{"lineNumber":27,"author":{"gitId":"nirala-ts"},"content":"    }","lastModifiedDate":"2024-08-29","isFullCredit":false},{"lineNumber":28,"author":{"gitId":"nirala-ts"},"content":"","lastModifiedDate":"2024-08-29","isFullCredit":false},{"lineNumber":29,"author":{"gitId":"nirala-ts"},"content":"    public String getHourglassEmoji() {","lastModifiedDate":"2024-08-30","isFullCredit":false},{"lineNumber":30,"author":{"gitId":"nirala-ts"},"content":"        return \"\\u23F3\";","lastModifiedDate":"2024-08-30","isFullCredit":false},{"lineNumber":31,"author":{"gitId":"nirala-ts"},"content":"    }","lastModifiedDate":"2024-08-29","isFullCredit":false},{"lineNumber":32,"author":{"gitId":"nirala-ts"},"content":"","lastModifiedDate":"2024-08-29","isFullCredit":false},{"lineNumber":33,"author":{"gitId":"nirala-ts"},"content":"    public String getTickEmoji() {","lastModifiedDate":"2024-08-30","isFullCredit":false},{"lineNumber":34,"author":{"gitId":"nirala-ts"},"content":"        return \"\\u2705\";","lastModifiedDate":"2024-08-30","isFullCredit":false},{"lineNumber":35,"author":{"gitId":"nirala-ts"},"content":"    }","lastModifiedDate":"2024-08-29","isFullCredit":false},{"lineNumber":36,"author":{"gitId":"nirala-ts"},"content":"","lastModifiedDate":"2024-08-29","isFullCredit":false},{"lineNumber":37,"author":{"gitId":"nirala-ts"},"content":"    public String getHundredPointsEmoji() {","lastModifiedDate":"2024-08-29","isFullCredit":false},{"lineNumber":38,"author":{"gitId":"nirala-ts"},"content":"        return \"\\uD83D\\uDCAF\";","lastModifiedDate":"2024-08-29","isFullCredit":false},{"lineNumber":39,"author":{"gitId":"nirala-ts"},"content":"    }","lastModifiedDate":"2024-08-29","isFullCredit":false},{"lineNumber":40,"author":{"gitId":"nirala-ts"},"content":"","lastModifiedDate":"2024-08-30","isFullCredit":false},{"lineNumber":41,"author":{"gitId":"nirala-ts"},"content":"    public String getReverseEmoji() {","lastModifiedDate":"2024-08-30","isFullCredit":false},{"lineNumber":42,"author":{"gitId":"nirala-ts"},"content":"        return \"\\uD83D\\uDD04\";","lastModifiedDate":"2024-09-04","isFullCredit":false},{"lineNumber":43,"author":{"gitId":"nirala-ts"},"content":"    }","lastModifiedDate":"2024-08-30","isFullCredit":false},{"lineNumber":44,"author":{"gitId":"nirala-ts"},"content":"","lastModifiedDate":"2024-09-10","isFullCredit":false},{"lineNumber":45,"author":{"gitId":"nirala-ts"},"content":"    public String getCrossMarkEmoji() {","lastModifiedDate":"2024-09-10","isFullCredit":false},{"lineNumber":46,"author":{"gitId":"nirala-ts"},"content":"        return \"\\u274C\";","lastModifiedDate":"2024-09-10","isFullCredit":false},{"lineNumber":47,"author":{"gitId":"nirala-ts"},"content":"    }","lastModifiedDate":"2024-09-10","isFullCredit":false},{"lineNumber":48,"author":{"gitId":"nirala-ts"},"content":"","lastModifiedDate":"2024-09-10","isFullCredit":false},{"lineNumber":49,"author":{"gitId":"nirala-ts"},"content":"    public String getExclamationMarkEmoji() {","lastModifiedDate":"2024-09-10","isFullCredit":false},{"lineNumber":50,"author":{"gitId":"nirala-ts"},"content":"        return \"\\u203C\\uFE0F\";","lastModifiedDate":"2024-09-10","isFullCredit":false},{"lineNumber":51,"author":{"gitId":"nirala-ts"},"content":"    }","lastModifiedDate":"2024-09-10","isFullCredit":false},{"lineNumber":52,"author":{"gitId":"nirala-ts"},"content":"}","lastModifiedDate":"2024-08-29","isFullCredit":false},{"lineNumber":53,"author":{"gitId":"nirala-ts"},"content":"","lastModifiedDate":"2024-08-29","isFullCredit":false}],"authorContributionMap":{"nirala-ts":53}},{"path":"text-ui-test/input.txt","fileType":"txt","lines":[{"lineNumber":1,"author":{"gitId":"nirala-ts"},"content":"list","lastModifiedDate":"2024-09-04","isFullCredit":false},{"lineNumber":2,"author":{"gitId":"nirala-ts"},"content":"todo read book","lastModifiedDate":"2024-09-10","isFullCredit":false},{"lineNumber":3,"author":{"gitId":"nirala-ts"},"content":"deadline read magazine BY 2pm","lastModifiedDate":"2024-09-10","isFullCredit":false},{"lineNumber":4,"author":{"gitId":"nirala-ts"},"content":"event attend obamas\u0027s party FROM Mon 3pm TO Mon 9pm","lastModifiedDate":"2024-09-10","isFullCredit":false},{"lineNumber":5,"author":{"gitId":"nirala-ts"},"content":"list","lastModifiedDate":"2024-09-04","isFullCredit":false},{"lineNumber":6,"author":{"gitId":"nirala-ts"},"content":"mark 2","lastModifiedDate":"2024-09-04","isFullCredit":false},{"lineNumber":7,"author":{"gitId":"nirala-ts"},"content":"mark 3","lastModifiedDate":"2024-09-04","isFullCredit":false},{"lineNumber":8,"author":{"gitId":"nirala-ts"},"content":"list","lastModifiedDate":"2024-09-04","isFullCredit":false},{"lineNumber":9,"author":{"gitId":"nirala-ts"},"content":"undo 3","lastModifiedDate":"2024-09-04","isFullCredit":false},{"lineNumber":10,"author":{"gitId":"nirala-ts"},"content":"list","lastModifiedDate":"2024-09-04","isFullCredit":false}],"authorContributionMap":{"nirala-ts":10}},{"path":"text-ui-test/runtest.sh","fileType":"sh","lines":[{"lineNumber":1,"author":{"gitId":"-"},"content":"#!/usr/bin/env bash","lastModifiedDate":"2020-05-25","isFullCredit":false},{"lineNumber":2,"author":{"gitId":"-"},"content":"","lastModifiedDate":"2020-05-25","isFullCredit":false},{"lineNumber":3,"author":{"gitId":"-"},"content":"# create bin directory if it doesn\u0027t exist","lastModifiedDate":"2020-05-25","isFullCredit":false},{"lineNumber":4,"author":{"gitId":"-"},"content":"if [ ! -d \"../bin\" ]","lastModifiedDate":"2020-05-25","isFullCredit":false},{"lineNumber":5,"author":{"gitId":"-"},"content":"then","lastModifiedDate":"2020-05-25","isFullCredit":false},{"lineNumber":6,"author":{"gitId":"-"},"content":"    mkdir ../bin","lastModifiedDate":"2020-05-25","isFullCredit":false},{"lineNumber":7,"author":{"gitId":"-"},"content":"fi","lastModifiedDate":"2020-05-25","isFullCredit":false},{"lineNumber":8,"author":{"gitId":"-"},"content":"","lastModifiedDate":"2020-05-25","isFullCredit":false},{"lineNumber":9,"author":{"gitId":"-"},"content":"# delete output from previous run","lastModifiedDate":"2020-05-25","isFullCredit":false},{"lineNumber":10,"author":{"gitId":"-"},"content":"if [ -e \"./ACTUAL.TXT\" ]","lastModifiedDate":"2020-05-25","isFullCredit":false},{"lineNumber":11,"author":{"gitId":"-"},"content":"then","lastModifiedDate":"2020-05-25","isFullCredit":false},{"lineNumber":12,"author":{"gitId":"-"},"content":"    rm ACTUAL.TXT","lastModifiedDate":"2020-05-25","isFullCredit":false},{"lineNumber":13,"author":{"gitId":"-"},"content":"fi","lastModifiedDate":"2020-05-25","isFullCredit":false},{"lineNumber":14,"author":{"gitId":"-"},"content":"","lastModifiedDate":"2020-05-25","isFullCredit":false},{"lineNumber":15,"author":{"gitId":"-"},"content":"# compile the code into the bin folder, terminates if error occurred","lastModifiedDate":"2020-05-25","isFullCredit":false},{"lineNumber":16,"author":{"gitId":"-"},"content":"if ! javac -cp ../src/main/java -Xlint:none -d ../bin ../src/main/java/*.java","lastModifiedDate":"2020-08-25","isFullCredit":false},{"lineNumber":17,"author":{"gitId":"-"},"content":"then","lastModifiedDate":"2020-05-25","isFullCredit":false},{"lineNumber":18,"author":{"gitId":"-"},"content":"    echo \"********** BUILD FAILURE **********\"","lastModifiedDate":"2020-05-25","isFullCredit":false},{"lineNumber":19,"author":{"gitId":"-"},"content":"    exit 1","lastModifiedDate":"2020-05-25","isFullCredit":false},{"lineNumber":20,"author":{"gitId":"-"},"content":"fi","lastModifiedDate":"2020-05-25","isFullCredit":false},{"lineNumber":21,"author":{"gitId":"-"},"content":"","lastModifiedDate":"2020-05-25","isFullCredit":false},{"lineNumber":22,"author":{"gitId":"-"},"content":"# run the program, feed commands from input.txt file and redirect the output to the ACTUAL.TXT","lastModifiedDate":"2020-05-25","isFullCredit":false},{"lineNumber":23,"author":{"gitId":"nirala-ts"},"content":"java -classpath ../bin Rizzler \u003c input.txt \u003e ACTUAL.TXT","lastModifiedDate":"2024-09-04","isFullCredit":false},{"lineNumber":24,"author":{"gitId":"-"},"content":"","lastModifiedDate":"2020-05-25","isFullCredit":false},{"lineNumber":25,"author":{"gitId":"-"},"content":"# convert to UNIX format","lastModifiedDate":"2020-05-25","isFullCredit":false},{"lineNumber":26,"author":{"gitId":"-"},"content":"cp EXPECTED.TXT EXPECTED-UNIX.TXT","lastModifiedDate":"2020-05-25","isFullCredit":false},{"lineNumber":27,"author":{"gitId":"-"},"content":"dos2unix ACTUAL.TXT EXPECTED-UNIX.TXT","lastModifiedDate":"2020-05-25","isFullCredit":false},{"lineNumber":28,"author":{"gitId":"-"},"content":"","lastModifiedDate":"2020-05-25","isFullCredit":false},{"lineNumber":29,"author":{"gitId":"-"},"content":"# compare the output to the expected output","lastModifiedDate":"2020-05-25","isFullCredit":false},{"lineNumber":30,"author":{"gitId":"-"},"content":"diff ACTUAL.TXT EXPECTED-UNIX.TXT","lastModifiedDate":"2020-05-25","isFullCredit":false},{"lineNumber":31,"author":{"gitId":"-"},"content":"if [ $? -eq 0 ]","lastModifiedDate":"2020-05-25","isFullCredit":false},{"lineNumber":32,"author":{"gitId":"-"},"content":"then","lastModifiedDate":"2020-05-25","isFullCredit":false},{"lineNumber":33,"author":{"gitId":"-"},"content":"    echo \"Test result: PASSED\"","lastModifiedDate":"2020-05-25","isFullCredit":false},{"lineNumber":34,"author":{"gitId":"-"},"content":"    exit 0","lastModifiedDate":"2020-05-25","isFullCredit":false},{"lineNumber":35,"author":{"gitId":"-"},"content":"else","lastModifiedDate":"2020-05-25","isFullCredit":false},{"lineNumber":36,"author":{"gitId":"-"},"content":"    echo \"Test result: FAILED\"","lastModifiedDate":"2020-05-25","isFullCredit":false},{"lineNumber":37,"author":{"gitId":"-"},"content":"    exit 1","lastModifiedDate":"2020-05-25","isFullCredit":false},{"lineNumber":38,"author":{"gitId":"-"},"content":"fi","lastModifiedDate":"2020-05-25","isFullCredit":false}],"authorContributionMap":{"nirala-ts":1,"-":37}}]
