{"authorDailyContributionsMap":{"nirala-ts":[{"date":"2024-08-22","commitResults":[{"hash":"c80b3eae393eef00af3363c2948612ee12788a12","isMergeCommit":false,"messageTitle":"update chat name","messageBody":"","fileTypesAndContributionMap":{"java":{"insertions":15,"deletions":10}}},{"hash":"2537f590273bd082f401c82ecfec445a541443e2","isMergeCommit":false,"messageTitle":"update chat name","messageBody":"","fileTypesAndContributionMap":{"java":{"insertions":12,"deletions":7}}}]},{"date":"2024-08-28","commitResults":[{"hash":"d034cf019c2fd8b3259f6fdeffa62be84d2fa493","isMergeCommit":false,"messageTitle":"Add echo feature","messageBody":"","tags":["Level-1"],"fileTypesAndContributionMap":{"java":{"insertions":31,"deletions":6}}}]},{"date":"2024-08-29","commitResults":[{"hash":"b83acabdfcc9853a3d35f2cdd76b023da5b10eed","isMergeCommit":false,"messageTitle":"Implement add task feature","messageBody":"","tags":["Level-2"],"fileTypesAndContributionMap":{"java":{"insertions":109,"deletions":23}}}]},{"date":"2024-08-30","commitResults":[{"hash":"4b44caa4c44375e5f8bbbe7362f2df34b7a9cc92","isMergeCommit":false,"messageTitle":"Implement task status feature","messageBody":"","tags":["Level-3"],"fileTypesAndContributionMap":{"java":{"insertions":111,"deletions":40}}},{"hash":"72260b1d398d8bf0e4250541241fe4197bdac7a6","isMergeCommit":false,"messageTitle":"Edit to follow coding standards","messageBody":"","tags":["A-CodingStandard"],"fileTypesAndContributionMap":{"java":{"insertions":10,"deletions":10}}}]},{"date":"2024-09-04","commitResults":[{"hash":"f6682b2b208b14a7ae4ffe88919db7fd19ce6df9","isMergeCommit":false,"messageTitle":"Add task types","messageBody":"","tags":["Level-4"],"fileTypesAndContributionMap":{"java":{"insertions":73,"deletions":19}}},{"hash":"6ec9353661e455a1c8689463263fc18b769c31ca","isMergeCommit":false,"messageTitle":"Edit code to follow coding standards","messageBody":"","fileTypesAndContributionMap":{"java":{"insertions":139,"deletions":88}}},{"hash":"ea6b14fdaee94b60d38d391a38d51b39a6e132f1","isMergeCommit":false,"messageTitle":"Test using the I/O redirection technique","messageBody":"","tags":["A-TextUiTesting","A-CodeQuality"],"fileTypesAndContributionMap":{"txt":{"insertions":10,"deletions":0},"sh":{"insertions":1,"deletions":1}}}]},{"date":"2024-09-10","commitResults":[{"hash":"fc4fa9e259acdcbcea7f3336e9b284b824735f26","isMergeCommit":false,"messageTitle":"Update code based on comments raised during PR peer review","messageBody":"","fileTypesAndContributionMap":{"java":{"insertions":16,"deletions":19}}},{"hash":"5a8046be4353bf6a70acce9d60d6dd48e203cc7a","isMergeCommit":false,"messageTitle":"Add error handling for user input","messageBody":"","fileTypesAndContributionMap":{"java":{"insertions":77,"deletions":40}}},{"hash":"25c82d49705a331b07cdb1ef892b1a52a2af173f","isMergeCommit":false,"messageTitle":"Edit code to follow coding standards","messageBody":"","fileTypesAndContributionMap":{"java":{"insertions":0,"deletions":1}}},{"hash":"5ba7e9677b69d27ccda68699b987ccc11182163b","isMergeCommit":false,"messageTitle":"Add exception handling","messageBody":"","tags":["A-Exceptions"],"fileTypesAndContributionMap":{"txt":{"insertions":3,"deletions":3},"java":{"insertions":115,"deletions":69}}},{"hash":"1cf9693a6ffe531dc46629eaec252863221bb681","isMergeCommit":true,"messageTitle":"Merge branch \u0027branch-Level-5\u0027","messageBody":"","tags":["Level-5","A-Packages"],"fileTypesAndContributionMap":{}}]},{"date":"2024-09-11","commitResults":[{"hash":"41e286fda7b4a1ed4e2e28eab959b0802af66f6d","isMergeCommit":false,"messageTitle":"Package classes","messageBody":"","fileTypesAndContributionMap":{"java":{"insertions":37,"deletions":7}}},{"hash":"7ff2d6f096ec4adddb1be28c83ef3d742b6dee0e","isMergeCommit":true,"messageTitle":"Merge branch \u0027branch-A-Packages\u0027","messageBody":"","fileTypesAndContributionMap":{}}]},{"date":"2024-09-21","commitResults":[{"hash":"87bb20fed816a6dd42031e01c72ba2217c0dd049","isMergeCommit":false,"messageTitle":"Add delete feature","messageBody":"","fileTypesAndContributionMap":{"java":{"insertions":37,"deletions":6}}},{"hash":"36f810c23612d7200fa2fcb51ee768ac5c5c5a9b","isMergeCommit":false,"messageTitle":"Use Java Collection class","messageBody":"","tags":["Level-6","A-Collections"],"fileTypesAndContributionMap":{"java":{"insertions":9,"deletions":8}}}]},{"date":"2024-09-22","commitResults":[{"hash":"566a744b230fab40bd35cce290220eb096afd895","isMergeCommit":false,"messageTitle":"Add save feature","messageBody":"","tags":["Level-7"],"fileTypesAndContributionMap":{"txt":{"insertions":0,"deletions":0},"java":{"insertions":297,"deletions":27}}},{"hash":"3bce2889b3dbe21053a2260387991732f19397a0","isMergeCommit":true,"messageTitle":"Merge branch \u0027branch-Level-6\u0027 merge branch-Level-6 with master","messageBody":"","fileTypesAndContributionMap":{}},{"hash":"fd2599761921350c3380e63db695f484622d4c39","isMergeCommit":true,"messageTitle":"Merge branch-Level-7 with master","messageBody":"","fileTypesAndContributionMap":{}},{"hash":"075d1536152434066919b5e622504f23b70df6c7","isMergeCommit":false,"messageTitle":"Integrate save feature to the delete feature","messageBody":"","fileTypesAndContributionMap":{"java":{"insertions":7,"deletions":1}}}]}]},"authorFileTypeContributionMap":{"nirala-ts":{"java":734,"md":0,"fxml":0,"sh":1,"bat":0,"gradle":0,"txt":10}},"authorContributionVariance":{"nirala-ts":8794.795},"authorDisplayNameMap":{"nirala-ts":"CS2113-W10-3 NIRA..INGH"}}
