[{"path":"src/main/java/Doug.java","fileType":"java","lines":[{"lineNumber":1,"author":{"gitId":"KSanjith"},"content":"import java.util.Scanner;","lastModifiedDate":"2024-08-24","isFullCredit":false},{"lineNumber":2,"author":{"gitId":"KSanjith"},"content":"","lastModifiedDate":"2024-08-24","isFullCredit":false},{"lineNumber":3,"author":{"gitId":"KSanjith"},"content":"public class Doug {","lastModifiedDate":"2024-08-20","isFullCredit":false},{"lineNumber":4,"author":{"gitId":"-"},"content":"    public static void main(String[] args) {","lastModifiedDate":"2019-07-29","isFullCredit":false},{"lineNumber":5,"author":{"gitId":"KSanjith"},"content":"        /*","lastModifiedDate":"2024-08-20","isFullCredit":false},{"lineNumber":6,"author":{"gitId":"-"},"content":"        String logo \u003d \" ____        _        \\n\"","lastModifiedDate":"2019-07-29","isFullCredit":false},{"lineNumber":7,"author":{"gitId":"-"},"content":"                + \"|  _ \\\\ _   _| | _____ \\n\"","lastModifiedDate":"2019-07-29","isFullCredit":false},{"lineNumber":8,"author":{"gitId":"-"},"content":"                + \"| | | | | | | |/ / _ \\\\\\n\"","lastModifiedDate":"2019-07-29","isFullCredit":false},{"lineNumber":9,"author":{"gitId":"-"},"content":"                + \"| |_| | |_| |   \u003c  __/\\n\"","lastModifiedDate":"2019-07-29","isFullCredit":false},{"lineNumber":10,"author":{"gitId":"-"},"content":"                + \"|____/ \\\\__,_|_|\\\\_\\\\___|\\n\";","lastModifiedDate":"2019-07-29","isFullCredit":false},{"lineNumber":11,"author":{"gitId":"-"},"content":"        System.out.println(\"Hello from\\n\" + logo);","lastModifiedDate":"2019-07-29","isFullCredit":false},{"lineNumber":12,"author":{"gitId":"KSanjith"},"content":"         */","lastModifiedDate":"2024-08-20","isFullCredit":false},{"lineNumber":13,"author":{"gitId":"KSanjith"},"content":"","lastModifiedDate":"2024-08-27","isFullCredit":false},{"lineNumber":14,"author":{"gitId":"KSanjith"},"content":"        String dashedLine \u003d \"______________________________________________\\n\";","lastModifiedDate":"2024-08-24","isFullCredit":false},{"lineNumber":15,"author":{"gitId":"KSanjith"},"content":"        System.out.println(dashedLine + \"Howdy partner! My name is Doug Dimmadome.\\n\"","lastModifiedDate":"2024-08-24","isFullCredit":false},{"lineNumber":16,"author":{"gitId":"KSanjith"},"content":"                            + \"Now what can I do for ya?\\n\" + dashedLine);","lastModifiedDate":"2024-08-24","isFullCredit":false},{"lineNumber":17,"author":{"gitId":"KSanjith"},"content":"","lastModifiedDate":"2024-08-24","isFullCredit":false},{"lineNumber":18,"author":{"gitId":"KSanjith"},"content":"        Task[] commands \u003d new Task[100];","lastModifiedDate":"2024-08-24","isFullCredit":false},{"lineNumber":19,"author":{"gitId":"KSanjith"},"content":"        int counter \u003d 0;","lastModifiedDate":"2024-08-24","isFullCredit":false},{"lineNumber":20,"author":{"gitId":"KSanjith"},"content":"","lastModifiedDate":"2024-08-24","isFullCredit":false},{"lineNumber":21,"author":{"gitId":"KSanjith"},"content":"        boolean saidBye \u003d false;","lastModifiedDate":"2024-08-24","isFullCredit":false},{"lineNumber":22,"author":{"gitId":"KSanjith"},"content":"","lastModifiedDate":"2024-08-24","isFullCredit":false},{"lineNumber":23,"author":{"gitId":"KSanjith"},"content":"        while (!saidBye) {","lastModifiedDate":"2024-08-24","isFullCredit":false},{"lineNumber":24,"author":{"gitId":"KSanjith"},"content":"            Scanner input \u003d new Scanner(System.in);","lastModifiedDate":"2024-08-24","isFullCredit":false},{"lineNumber":25,"author":{"gitId":"KSanjith"},"content":"            String command \u003d input.nextLine();","lastModifiedDate":"2024-08-24","isFullCredit":false},{"lineNumber":26,"author":{"gitId":"KSanjith"},"content":"","lastModifiedDate":"2024-08-24","isFullCredit":false},{"lineNumber":27,"author":{"gitId":"KSanjith"},"content":"            if (command.equals(\"bye\")) {","lastModifiedDate":"2024-08-24","isFullCredit":false},{"lineNumber":28,"author":{"gitId":"KSanjith"},"content":"                saidBye \u003d true;","lastModifiedDate":"2024-08-24","isFullCredit":false},{"lineNumber":29,"author":{"gitId":"KSanjith"},"content":"            } else if (command.equals(\"list\")){","lastModifiedDate":"2024-08-24","isFullCredit":false},{"lineNumber":30,"author":{"gitId":"KSanjith"},"content":"                System.out.println(dashedLine + \"Here, let me lay out your tasks for you.\");","lastModifiedDate":"2024-08-24","isFullCredit":false},{"lineNumber":31,"author":{"gitId":"KSanjith"},"content":"                for (int i \u003d 0; i \u003c counter; i++) {","lastModifiedDate":"2024-08-24","isFullCredit":false},{"lineNumber":32,"author":{"gitId":"KSanjith"},"content":"                    System.out.println((i+1) + commands[i].listTask());","lastModifiedDate":"2024-08-24","isFullCredit":false},{"lineNumber":33,"author":{"gitId":"KSanjith"},"content":"                }","lastModifiedDate":"2024-08-24","isFullCredit":false},{"lineNumber":34,"author":{"gitId":"KSanjith"},"content":"                System.out.print(dashedLine);","lastModifiedDate":"2024-08-24","isFullCredit":false},{"lineNumber":35,"author":{"gitId":"KSanjith"},"content":"            } else if (command.startsWith(\"mark\")) {","lastModifiedDate":"2024-08-24","isFullCredit":false},{"lineNumber":36,"author":{"gitId":"KSanjith"},"content":"                int listIndex \u003d Integer.parseInt(command.substring(5));","lastModifiedDate":"2024-08-24","isFullCredit":false},{"lineNumber":37,"author":{"gitId":"KSanjith"},"content":"","lastModifiedDate":"2024-08-24","isFullCredit":false},{"lineNumber":38,"author":{"gitId":"KSanjith"},"content":"                if (listIndex \u003e counter || listIndex \u003c\u003d 0) {","lastModifiedDate":"2024-08-29","isFullCredit":false},{"lineNumber":39,"author":{"gitId":"KSanjith"},"content":"                    System.out.println(dashedLine + \"No can do bud, your input is invalid!\\n\" + dashedLine);","lastModifiedDate":"2024-08-29","isFullCredit":false},{"lineNumber":40,"author":{"gitId":"KSanjith"},"content":"                    continue;","lastModifiedDate":"2024-08-24","isFullCredit":false},{"lineNumber":41,"author":{"gitId":"KSanjith"},"content":"                }","lastModifiedDate":"2024-08-24","isFullCredit":false},{"lineNumber":42,"author":{"gitId":"KSanjith"},"content":"","lastModifiedDate":"2024-08-24","isFullCredit":false},{"lineNumber":43,"author":{"gitId":"KSanjith"},"content":"                commands[listIndex - 1].markAsDone();","lastModifiedDate":"2024-08-24","isFullCredit":false},{"lineNumber":44,"author":{"gitId":"KSanjith"},"content":"                System.out.println(dashedLine + \"Sure thing partner, I\u0027ll mark it as done\");","lastModifiedDate":"2024-08-24","isFullCredit":false},{"lineNumber":45,"author":{"gitId":"KSanjith"},"content":"                System.out.print(commands[listIndex - 1].listTask() + \"\\n\" + dashedLine);","lastModifiedDate":"2024-08-24","isFullCredit":false},{"lineNumber":46,"author":{"gitId":"KSanjith"},"content":"            } else if (command.startsWith(\"unmark\")) {","lastModifiedDate":"2024-08-24","isFullCredit":false},{"lineNumber":47,"author":{"gitId":"KSanjith"},"content":"                int listIndex \u003d Integer.parseInt(command.substring(7));","lastModifiedDate":"2024-08-24","isFullCredit":false},{"lineNumber":48,"author":{"gitId":"KSanjith"},"content":"","lastModifiedDate":"2024-08-24","isFullCredit":false},{"lineNumber":49,"author":{"gitId":"KSanjith"},"content":"                if (listIndex \u003e counter || listIndex \u003c\u003d 0) {","lastModifiedDate":"2024-08-29","isFullCredit":false},{"lineNumber":50,"author":{"gitId":"KSanjith"},"content":"                    System.out.println(dashedLine + \"No can do bud, your input is invalid!\\n\" + dashedLine);","lastModifiedDate":"2024-08-29","isFullCredit":false},{"lineNumber":51,"author":{"gitId":"KSanjith"},"content":"                    continue;","lastModifiedDate":"2024-08-24","isFullCredit":false},{"lineNumber":52,"author":{"gitId":"KSanjith"},"content":"                }","lastModifiedDate":"2024-08-24","isFullCredit":false},{"lineNumber":53,"author":{"gitId":"KSanjith"},"content":"","lastModifiedDate":"2024-08-24","isFullCredit":false},{"lineNumber":54,"author":{"gitId":"KSanjith"},"content":"                commands[listIndex - 1].markAsNotDone();","lastModifiedDate":"2024-08-24","isFullCredit":false},{"lineNumber":55,"author":{"gitId":"KSanjith"},"content":"                System.out.println(dashedLine + \"Sure thing partner, I\u0027ll mark it as not done\");","lastModifiedDate":"2024-08-24","isFullCredit":false},{"lineNumber":56,"author":{"gitId":"KSanjith"},"content":"                System.out.print(commands[listIndex - 1].listTask() + \"\\n\" + dashedLine);","lastModifiedDate":"2024-08-24","isFullCredit":false},{"lineNumber":57,"author":{"gitId":"KSanjith"},"content":"            } else {","lastModifiedDate":"2024-08-24","isFullCredit":false},{"lineNumber":58,"author":{"gitId":"KSanjith"},"content":"                if (counter \u003e\u003d 100) {","lastModifiedDate":"2024-08-24","isFullCredit":false},{"lineNumber":59,"author":{"gitId":"KSanjith"},"content":"                    System.out.println(dashedLine + \"Sorry partner, the list is full!\" + dashedLine);","lastModifiedDate":"2024-08-24","isFullCredit":false},{"lineNumber":60,"author":{"gitId":"KSanjith"},"content":"                    continue;","lastModifiedDate":"2024-08-24","isFullCredit":false},{"lineNumber":61,"author":{"gitId":"KSanjith"},"content":"                }","lastModifiedDate":"2024-08-24","isFullCredit":false},{"lineNumber":62,"author":{"gitId":"KSanjith"},"content":"                Task t \u003d new Task(command);","lastModifiedDate":"2024-08-24","isFullCredit":false},{"lineNumber":63,"author":{"gitId":"KSanjith"},"content":"                commands[counter] \u003d t;","lastModifiedDate":"2024-08-24","isFullCredit":false},{"lineNumber":64,"author":{"gitId":"KSanjith"},"content":"                counter++;","lastModifiedDate":"2024-08-24","isFullCredit":false},{"lineNumber":65,"author":{"gitId":"KSanjith"},"content":"                System.out.println(dashedLine + \"added: \" + command + \"\\n\" + dashedLine);","lastModifiedDate":"2024-08-24","isFullCredit":false},{"lineNumber":66,"author":{"gitId":"KSanjith"},"content":"            }","lastModifiedDate":"2024-08-24","isFullCredit":false},{"lineNumber":67,"author":{"gitId":"KSanjith"},"content":"        }","lastModifiedDate":"2024-08-24","isFullCredit":false},{"lineNumber":68,"author":{"gitId":"KSanjith"},"content":"","lastModifiedDate":"2024-08-20","isFullCredit":false},{"lineNumber":69,"author":{"gitId":"KSanjith"},"content":"        System.out.println(dashedLine + \"It\u0027s been a pleasure partner.\\n\" +","lastModifiedDate":"2024-08-24","isFullCredit":false},{"lineNumber":70,"author":{"gitId":"KSanjith"},"content":"                \"Hope to see you around these parts again soon!\\n\" + dashedLine);","lastModifiedDate":"2024-08-24","isFullCredit":false},{"lineNumber":71,"author":{"gitId":"-"},"content":"    }","lastModifiedDate":"2019-07-29","isFullCredit":false},{"lineNumber":72,"author":{"gitId":"-"},"content":"}","lastModifiedDate":"2019-07-29","isFullCredit":false}],"authorContributionMap":{"KSanjith":63,"-":9}},{"path":"src/main/java/Task.java","fileType":"java","lines":[{"lineNumber":1,"author":{"gitId":"KSanjith"},"content":"public class Task {","lastModifiedDate":"2024-08-24","isFullCredit":false},{"lineNumber":2,"author":{"gitId":"KSanjith"},"content":"    protected String description;","lastModifiedDate":"2024-08-24","isFullCredit":false},{"lineNumber":3,"author":{"gitId":"KSanjith"},"content":"    protected boolean isDone;","lastModifiedDate":"2024-08-24","isFullCredit":false},{"lineNumber":4,"author":{"gitId":"KSanjith"},"content":"","lastModifiedDate":"2024-08-24","isFullCredit":false},{"lineNumber":5,"author":{"gitId":"KSanjith"},"content":"    public Task(String description) {","lastModifiedDate":"2024-08-24","isFullCredit":false},{"lineNumber":6,"author":{"gitId":"KSanjith"},"content":"        this.description \u003d description;","lastModifiedDate":"2024-08-24","isFullCredit":false},{"lineNumber":7,"author":{"gitId":"KSanjith"},"content":"        this.isDone \u003d false;","lastModifiedDate":"2024-08-24","isFullCredit":false},{"lineNumber":8,"author":{"gitId":"KSanjith"},"content":"    }","lastModifiedDate":"2024-08-24","isFullCredit":false},{"lineNumber":9,"author":{"gitId":"KSanjith"},"content":"","lastModifiedDate":"2024-08-24","isFullCredit":false},{"lineNumber":10,"author":{"gitId":"KSanjith"},"content":"    public String getStatusIcon() {","lastModifiedDate":"2024-08-24","isFullCredit":false},{"lineNumber":11,"author":{"gitId":"KSanjith"},"content":"        return (isDone ? \"X\" : \" \"); // mark done task with X","lastModifiedDate":"2024-08-24","isFullCredit":false},{"lineNumber":12,"author":{"gitId":"KSanjith"},"content":"    }","lastModifiedDate":"2024-08-24","isFullCredit":false},{"lineNumber":13,"author":{"gitId":"KSanjith"},"content":"","lastModifiedDate":"2024-08-24","isFullCredit":false},{"lineNumber":14,"author":{"gitId":"KSanjith"},"content":"    public void markAsDone() {","lastModifiedDate":"2024-08-24","isFullCredit":false},{"lineNumber":15,"author":{"gitId":"KSanjith"},"content":"        isDone \u003d true;","lastModifiedDate":"2024-08-24","isFullCredit":false},{"lineNumber":16,"author":{"gitId":"KSanjith"},"content":"    }","lastModifiedDate":"2024-08-24","isFullCredit":false},{"lineNumber":17,"author":{"gitId":"KSanjith"},"content":"","lastModifiedDate":"2024-08-24","isFullCredit":false},{"lineNumber":18,"author":{"gitId":"KSanjith"},"content":"    public void markAsNotDone() {","lastModifiedDate":"2024-08-24","isFullCredit":false},{"lineNumber":19,"author":{"gitId":"KSanjith"},"content":"        isDone \u003d false;","lastModifiedDate":"2024-08-24","isFullCredit":false},{"lineNumber":20,"author":{"gitId":"KSanjith"},"content":"    }","lastModifiedDate":"2024-08-24","isFullCredit":false},{"lineNumber":21,"author":{"gitId":"KSanjith"},"content":"","lastModifiedDate":"2024-08-24","isFullCredit":false},{"lineNumber":22,"author":{"gitId":"KSanjith"},"content":"    public String listTask() {","lastModifiedDate":"2024-08-24","isFullCredit":false},{"lineNumber":23,"author":{"gitId":"KSanjith"},"content":"        return (\"[\" + getStatusIcon() + \"] \" + description);","lastModifiedDate":"2024-08-24","isFullCredit":false},{"lineNumber":24,"author":{"gitId":"KSanjith"},"content":"    }","lastModifiedDate":"2024-08-24","isFullCredit":false},{"lineNumber":25,"author":{"gitId":"KSanjith"},"content":"}","lastModifiedDate":"2024-08-24","isFullCredit":false}],"authorContributionMap":{"KSanjith":25}}]
