{"authorDailyContributionsMap":{"KSanjith":[{"date":"2024-08-20","commitResults":[{"hash":"10d475b93740cae101f44f3d9ef37085e0c93d78","isMergeCommit":false,"messageTitle":"Rename chatbot to Doug Add greet and exit skeleton code","messageBody":"","tags":["Level-0"],"fileTypesAndContributionMap":{"java":{"insertions":7,"deletions":1}}}]},{"date":"2024-08-24","commitResults":[{"hash":"e14b7ff979925ee7165c82ce63ff07970e3c1eee","isMergeCommit":false,"messageTitle":"Let users add text and list added text Modify personality of chatbot","messageBody":"","tags":["Level-2","Level-1"],"fileTypesAndContributionMap":{"java":{"insertions":34,"deletions":3}}},{"hash":"3d1f2b166ad8eae476325fbe507f7b740658d847","isMergeCommit":false,"messageTitle":"Add ability to mark/unmark tasks as done Create new Task class to store tasks","messageBody":"","tags":["Level-3"],"fileTypesAndContributionMap":{"java":{"insertions":56,"deletions":7}}}]},{"date":"2024-08-27","commitResults":[{"hash":"d6b43fbc69164143c352f4c9ba7117cc2361047a","isMergeCommit":false,"messageTitle":"Tweak the code to comply with coding standards","messageBody":"","tags":["A-CodingStandard"],"fileTypesAndContributionMap":{"java":{"insertions":3,"deletions":2}}}]},{"date":"2024-08-29","commitResults":[{"hash":"b3ca76c05aeed647259887fb8a1898ab8d2130b5","isMergeCommit":false,"messageTitle":"Fix boundary checking for mark/unmark index","messageBody":"","fileTypesAndContributionMap":{"java":{"insertions":4,"deletions":4}}}]}]},"authorFileTypeContributionMap":{"KSanjith":{"java":88,"md":0,"fxml":0,"sh":0,"bat":0,"gradle":0,"txt":0}},"authorContributionVariance":{"KSanjith":650.5153},"authorDisplayNameMap":{"KSanjith":"KODE..JITH"}}
