{"authorDailyContributionsMap":{"NCF3535":[{"date":"2024-08-19","commitResults":[{"hash":"b9892710056a7dec141b9045771da544029c34fd","isMergeCommit":false,"messageTitle":"Rename Duke to Aether and implement basic greeting and exit","messageBody":"","tags":["Level-0"],"fileTypesAndContributionMap":{"java":{"insertions":17,"deletions":10}}}]},{"date":"2024-08-28","commitResults":[{"hash":"fbef39a5c98ad9c6604fdc71828f77007b6295c8","isMergeCommit":false,"messageTitle":"Implement Level-1: Echo functionality in Aether","messageBody":"Aether currently outputs static content and lacks interactivity\n\nRefactor Aether to introduce a command loop that handles user input, echoing commands back and exiting on \"exit\" as required by Level-1\n\nTransition the codebase to an object-oriented design, separating the logic into the Aether and Display classes to improve code organization and allow for future enhancements\n","tags":["Level-1"],"fileTypesAndContributionMap":{"java":{"insertions":57,"deletions":6}}},{"hash":"f59a734c4640562068ae74667aa7c65d3a0de240","isMergeCommit":false,"messageTitle":"Add task storage and listing functionality to Aether","messageBody":"Aether previously only echoed user input and exited on \"exit,\" without\nstoring any user commands\n\nThe lack of task storage and listing limited the chatbot\u0027s usefulness\nas it couldn\u0027t track or manage user tasks\n\nChanges made:\n* Store user commands as tasks in a fixed-size array, allowing them to\n  be listed later\n* Introduce a \"list\" command to display all stored tasks with their\n  indices\n* Update the program to exit on \"bye\" instead of \"exit\" to make it feel\n  more conversational and natural for users\n* Refactor output handling into the Display class to separate concerns\n  and maintain clean code\n\nThese changes improve the utility of Aether by enabling task management\nand making interactions more intuitive and user-friendly\n","tags":["Level-2"],"fileTypesAndContributionMap":{"java":{"insertions":29,"deletions":3}}},{"hash":"60518cf41f25ddd1578af7b214919d1f884dd3ff","isMergeCommit":false,"messageTitle":"Implement marking and unmarking tasks in Aether","messageBody":"Aether currently allows adding and listing tasks, but lacks the\nability to mark tasks as done or revert them to not done.\n\nMarking tasks and umarking as done is crucial for tracking task completion.\n\nImplement functionality to:\n*Mark tasks as done, visually indicated by a ✓.\n*Unmark tasks, reverting their status to not done.\n\nThese changes enhance Aether\u0027s task management capabilities,\nallowing users to accurately track their tasks.\n","tags":["Level-3"],"fileTypesAndContributionMap":{"java":{"insertions":52,"deletions":6}}},{"hash":"3babaa6105abc3a6727a6c032dd82fd3601a1bd9","isMergeCommit":false,"messageTitle":"Align code with Java coding standards","messageBody":"The code was not fully compliant with the Java coding standards, impacting readability\n\nThis commit makes the following adjustments:\n*Added inline comments for key code segments to clarify their\n  purpose and logic.\n*Improved code formatting, including indentation and line wrapping\n\nThese changes will help enhance the readability of the code, making it easier to add new features to it in the future\n","tags":["A-CodingStandard"],"fileTypesAndContributionMap":{"java":{"insertions":9,"deletions":6}}}]},{"date":"2024-09-04","commitResults":[{"hash":"ef2daf89d586d57171efb09223835e9594832ba0","isMergeCommit":false,"messageTitle":"Add support for Todo, Deadline, and Event tasks","messageBody":"Aether previously only supported generic tasks, limiting its ability\nto handle more complex task management needs like deadlines or events.\n\nChanges made:\n* Introduced `Todo`, `Deadline`, and `Event` task types, each inheriting\n  from `Task`\n* Implemented `todo`, `deadline`, and `event` commands for task creation.\n* Refactored `addTask`, `listTasks`, and `markTaskStatus` to handle\n  task types\n* Updated `toString()` methods for custom output of each task type\n\nThese changes improve Aether’s task management capabilities, allowing\nusers to manage different task types with relevant details.\n","tags":["Level-4"],"fileTypesAndContributionMap":{"java":{"insertions":67,"deletions":8}}}]},{"date":"2024-09-05","commitResults":[{"hash":"eb80d9cebf428ce8b622e37d181bed7fc9636475","isMergeCommit":false,"messageTitle":"Add Automated Text UI Testing to Aether","messageBody":"Automated Text UI Testing was introduced using input/output\nredirection.\n\nChanges made:\n* Implemented error handling with `IF ERRORLEVEL` to display\n  \"TEST FAILURE\" or \"Test passed!\".\n* Added `pause` to prevent the terminal from closing immediately\n  after test execution.\n\nThese changes improve the testing process by enabling semi-automated\nText UI Testing for Aether, making functionality verification easier.\n","tags":["A-TextUiTesting"],"fileTypesAndContributionMap":{"txt":{"insertions":7,"deletions":0},"bat":{"insertions":13,"deletions":3}}},{"hash":"683554bf3029cf0f088a6cd377096118858f346b","isMergeCommit":false,"messageTitle":"Improve code quality and add task count display","messageBody":"Refactored the code to improve readability and consistency.\n\nChanges made:\n* Refactored methods to enhance code readability and maintainability.\n* Added functionality to display the total number of tasks after each\n  task is added.\n* Fixed bug where task count was not displayed after adding a task.\n\nThese changes improve the code\u0027s overall readability while providing\nfeedback to the user on task count and fixing related issues.\n","tags":["A-CodeQuality"],"fileTypesAndContributionMap":{"java":{"insertions":12,"deletions":8}}}]},{"date":"2024-09-12","commitResults":[{"hash":"b8ae95a7113119ebb0e8e4e70c2c160d13991b15","isMergeCommit":false,"messageTitle":"Add error handling and input validation to Aether","messageBody":"Changes made:\n* Added error messages for invalid commands and missing arguments.\n* Refactored command handling for better readability.\n* Closed Scanner at the end of the program to prevent resource leaks.\n\nThese changes improve user experience and make Aether more robust.\n","tags":["Level-5"],"fileTypesAndContributionMap":{"txt":{"insertions":4,"deletions":0},"java":{"insertions":101,"deletions":27}}},{"hash":"0ad8faf1211f853a40b8ebd4a3d0b0ba546a8d8c","isMergeCommit":false,"messageTitle":"Use proper exceptions to handle errors in Aether","messageBody":"Aether now uses exceptions to handle errors effectively.\n\nChanges:\n* Added DukeException class to handle application-specific errors.\n* Implemented proper error handling for invalid commands, empty inputs,\n  invalid task numbers, and incorrect formats.\n* Refactored command logic to throw and catch exceptions as needed.\n\nThese changes improve error handling in Aether by using proper\nexceptions for better reliability.\n","tags":["A-Exceptions"],"fileTypesAndContributionMap":{"java":{"insertions":40,"deletions":23}}},{"hash":"f399095888fec811c12007f6354315cf6f60ae3f","isMergeCommit":true,"messageTitle":"Merge branch \u0027branch-Level-5\u0027","messageBody":"","fileTypesAndContributionMap":{}},{"hash":"d23edff24c06922db2c88cc374082273bcbac02d","isMergeCommit":false,"messageTitle":"Organize classes into suitable packages and update runtest.bat script","messageBody":"Previously, all classes were stored in the same folder, making the\nproject harder to manage and extend. There was no clear separation of\nconcerns, and the runtest.bat script did not account for any package\nstructure, leading to build issues.\n\nChanges made:\n* Organized classes into appropriate packages:\n  - Moved Aether and DukeException to the \u0027aether\u0027 package.\n  - Moved Task, Todo, Deadline, and Event classes to \u0027aether.task\u0027 package.\n  - Moved Display class to \u0027aether.ui\u0027 package.\n* Updated package declarations in all classes to reflect the new structure.\n* Updated runtest.bat:\n  - Modified compilation to include \u0027aether\u0027, \u0027aether.task\u0027, and \u0027aether.ui\u0027.\n  - Adjusted execution command to run the \u0027aether.Aether\u0027 main class.\n  - Ensured proper comparison of test outputs (ACTUAL.TXT vs EXPECTED.TXT).\n\nThese changes improve the organization of the codebase, making it more\nmaintainable and easier to extend in the future, while ensuring the\ntest script is aligned with the new package structure.\n","tags":["A-Packages"],"fileTypesAndContributionMap":{"java":{"insertions":135,"deletions":154},"bat":{"insertions":4,"deletions":4}}},{"hash":"e20d9d22e496c46141631dbf293309eab0519fff","isMergeCommit":true,"messageTitle":"Merge branch \u0027branch-A-Packages\u0027","messageBody":"","fileTypesAndContributionMap":{}}]}]},"authorFileTypeContributionMap":{"NCF3535":{"java":278,"md":0,"fxml":0,"sh":0,"bat":15,"gradle":0,"txt":11}},"authorContributionVariance":{"NCF3535":9119.545},"authorDisplayNameMap":{"NCF3535":"CS2113-T11-1 NG C..FONG"}}
