{"authorDailyContributionsMap":{"cxc0418":[{"date":"2024-09-02","commitResults":[{"hash":"d9a432571ec8139f3db9cbacf7589211ddaf0db7","isMergeCommit":false,"messageTitle":"Level 0. Rename, Greet, Exit","messageBody":"","tags":["Level-0"],"fileTypesAndContributionMap":{"java":{"insertions":26,"deletions":10},"bat":{"insertions":1,"deletions":1},"md":{"insertions":3,"deletions":3}}},{"hash":"d8a41421085ee5687e17d363714c36b6574efa60","isMergeCommit":false,"messageTitle":"Level 1. Echo","messageBody":"","tags":["Level-1"],"fileTypesAndContributionMap":{"java":{"insertions":44,"deletions":9}}},{"hash":"2389487c5ea104608702162622dabc9cea925963","isMergeCommit":false,"messageTitle":"Level 2. Add, List","messageBody":"","tags":["Level-2"],"fileTypesAndContributionMap":{"java":{"insertions":29,"deletions":1}}},{"hash":"405ca377f99ac456222ffc89b38eca9057b15dac","isMergeCommit":false,"messageTitle":"Level 3. Mark as Done","messageBody":"","tags":["Level-3"],"fileTypesAndContributionMap":{"java":{"insertions":63,"deletions":16}}},{"hash":"1247a2a82a171976e7bcc209b2a945f1aaebd8d8","isMergeCommit":false,"messageTitle":"A-CodingStandard: Follow the Coding Standard","messageBody":"","tags":["A-CodingStandard"],"fileTypesAndContributionMap":{"java":{"insertions":0,"deletions":7}}},{"hash":"33aedd5f182e251f7f6a232cce7eb98054e18517","isMergeCommit":false,"messageTitle":"Level 4. ToDos, Events, Deadlines","messageBody":"","fileTypesAndContributionMap":{"java":{"insertions":142,"deletions":16}}},{"hash":"4aaed50b2c6bfd4506744472f410f1f07ae8ac41","isMergeCommit":false,"messageTitle":"Level 4. ToDos, Events, Deadlines; Use Inheritance to support multiple task types","messageBody":"","tags":["Level-4"],"fileTypesAndContributionMap":{"java":{"insertions":76,"deletions":56}}}]},{"date":"2024-09-03","commitResults":[{"hash":"7f11df01b12411f4be9cd63be17db16501dddc2c","isMergeCommit":false,"messageTitle":"A-TextUiTesting: Automated Text UI Testing","messageBody":"","tags":["A-TextUiTesting"],"fileTypesAndContributionMap":{"txt":{"insertions":16,"deletions":0},"java":{"insertions":25,"deletions":31},"sh":{"insertions":5,"deletions":5}}},{"hash":"866a77ace3645b1076d3778f18e18165862d9549","isMergeCommit":false,"messageTitle":"A-CodeQuality: Improve Code Quality","messageBody":"","fileTypesAndContributionMap":{"java":{"insertions":8,"deletions":8}}}]},{"date":"2024-09-04","commitResults":[{"hash":"9e2094565efd8bc082837d387d56253192537135","isMergeCommit":false,"messageTitle":"A-CodeQuality: Improve Code Quality","messageBody":"","tags":["A-CodeQuality"],"fileTypesAndContributionMap":{"java":{"insertions":38,"deletions":51}}}]},{"date":"2024-09-13","commitResults":[{"hash":"f0125a6c2c164c4e0bf8f5a38576e827c0e33d3e","isMergeCommit":false,"messageTitle":"A-Exceptions: Exception handling to possible wrong inputs. Including mark/unmark/todo etc...","messageBody":"","fileTypesAndContributionMap":{"java":{"insertions":134,"deletions":54}}},{"hash":"90e8d058da54398e709469f6ef7f7082395ad254","isMergeCommit":true,"messageTitle":"Merge branch \u0027branch-Level-5\u0027","messageBody":"","tags":["Level-5","A-Exceptions"],"fileTypesAndContributionMap":{}},{"hash":"58d92c53a3abfe06dfe7c80ba9bdba59d77d5bc3","isMergeCommit":false,"messageTitle":"A-Packages: All classes are now organised into a package","messageBody":"","fileTypesAndContributionMap":{"java":{"insertions":29,"deletions":8}}},{"hash":"ff00deb6aa96f8cc6a919719dc2b3f81b9d70645","isMergeCommit":true,"messageTitle":"Merge branch \u0027branch-A-Packages\u0027","messageBody":"* branch-A-Packages:\n  A-Packages: All classes are now organised into a package\n","tags":["A-Packages"],"fileTypesAndContributionMap":{}}]},{"date":"2024-09-17","commitResults":[{"hash":"db0a2bc4a6f56c20e7e3819867813affcd353bfb","isMergeCommit":false,"messageTitle":"Level-6: Delete feature related","messageBody":"","fileTypesAndContributionMap":{"java":{"insertions":40,"deletions":7}}}]},{"date":"2024-09-18","commitResults":[{"hash":"e99eed22a139e5eb7c1ee912f1a747079382f6cc","isMergeCommit":false,"messageTitle":"Level-7: Save Feature (in .txt file)","messageBody":"","fileTypesAndContributionMap":{"txt":{"insertions":0,"deletions":0},"java":{"insertions":165,"deletions":7}}},{"hash":"2d244f594f12b55ae90ab4f80a4ab05a3add4c3b","isMergeCommit":false,"messageTitle":"Level-7: Save Feature with corrupted file handling","messageBody":"","fileTypesAndContributionMap":{"java":{"insertions":39,"deletions":28}}},{"hash":"02ad99a9a43c868156f0e461001943a2aa0998dd","isMergeCommit":true,"messageTitle":"Merge branch \u0027branch-Level-6\u0027","messageBody":"* branch-Level-6:\n  Level-6: Delete feature related\n","tags":["Level-6"],"fileTypesAndContributionMap":{}},{"hash":"7c119081490b687f5f01bc61fdf1d45183211102","isMergeCommit":true,"messageTitle":"Merge branch \u0027branch-Level-7\u0027","messageBody":"* branch-Level-7:\n  Level-7: Save Feature with corrupted file handling\n  Level-7: Save Feature (in .txt file)\n","tags":["Level-7"],"fileTypesAndContributionMap":{}},{"hash":"91cb286c435959fe0ee115ee554ca277d51857e4","isMergeCommit":false,"messageTitle":"no message","messageBody":"","tags":["A-Collections"],"fileTypesAndContributionMap":{"java":{"insertions":2,"deletions":2}}}]},{"date":"2024-09-26","commitResults":[{"hash":"1d3bc609045010d3e6c495eca657de4ad9f85b73","isMergeCommit":false,"messageTitle":"A-Jar: Jar file for the program","messageBody":"","tags":["v0.1","A-Jar"],"fileTypesAndContributionMap":{"txt":{"insertions":0,"deletions":0},"java":{"insertions":32,"deletions":11}}}]}]},"authorFileTypeContributionMap":{"cxc0418":{"java":580,"md":3,"fxml":0,"sh":5,"bat":1,"gradle":0,"txt":16}},"authorContributionVariance":{"cxc0418":8266.251},"authorDisplayNameMap":{"cxc0418":"CS2113-W14-4 CHEN..NCHI"}}
