[{"path":"data/taskList.txt","fileType":"txt","lines":[{"lineNumber":1,"author":{"gitId":"TheDinos"},"content":"T | 1 | wejkf","lastModifiedDate":"2024-09-18","isFullCredit":false},{"lineNumber":2,"author":{"gitId":"TheDinos"},"content":"D | 0 | wgkjn | sunday","lastModifiedDate":"2024-09-18","isFullCredit":false},{"lineNumber":3,"author":{"gitId":"TheDinos"},"content":"E | 1 | wkejf | suynda | monday","lastModifiedDate":"2024-09-18","isFullCredit":false}],"authorContributionMap":{"TheDinos":3}},{"path":"src/main/java/jeff/Jeff.java","fileType":"java","lines":[{"lineNumber":1,"author":{"gitId":"TheDinos"},"content":"package jeff;","lastModifiedDate":"2024-09-10","isFullCredit":false},{"lineNumber":2,"author":{"gitId":"TheDinos"},"content":"","lastModifiedDate":"2024-09-10","isFullCredit":false},{"lineNumber":3,"author":{"gitId":"TheDinos"},"content":"import jeff.exception.TaskDescriptionException;","lastModifiedDate":"2024-09-10","isFullCredit":false},{"lineNumber":4,"author":{"gitId":"TheDinos"},"content":"import jeff.exception.TaskFieldException;","lastModifiedDate":"2024-09-10","isFullCredit":false},{"lineNumber":5,"author":{"gitId":"TheDinos"},"content":"import jeff.exception.InvalidFormatException;","lastModifiedDate":"2024-09-15","isFullCredit":false},{"lineNumber":6,"author":{"gitId":"TheDinos"},"content":"import jeff.task.Deadline;","lastModifiedDate":"2024-09-10","isFullCredit":false},{"lineNumber":7,"author":{"gitId":"TheDinos"},"content":"import jeff.task.Event;","lastModifiedDate":"2024-09-10","isFullCredit":false},{"lineNumber":8,"author":{"gitId":"TheDinos"},"content":"import jeff.task.Task;","lastModifiedDate":"2024-09-10","isFullCredit":false},{"lineNumber":9,"author":{"gitId":"TheDinos"},"content":"import jeff.task.Todo;","lastModifiedDate":"2024-09-10","isFullCredit":false},{"lineNumber":10,"author":{"gitId":"TheDinos"},"content":"","lastModifiedDate":"2024-09-10","isFullCredit":false},{"lineNumber":11,"author":{"gitId":"TheDinos"},"content":"import java.util.ArrayList;","lastModifiedDate":"2024-09-15","isFullCredit":false},{"lineNumber":12,"author":{"gitId":"TheDinos"},"content":"import java.io.File;","lastModifiedDate":"2024-09-15","isFullCredit":false},{"lineNumber":13,"author":{"gitId":"TheDinos"},"content":"import java.io.FileWriter;","lastModifiedDate":"2024-09-15","isFullCredit":false},{"lineNumber":14,"author":{"gitId":"TheDinos"},"content":"import java.io.IOException;","lastModifiedDate":"2024-09-15","isFullCredit":false},{"lineNumber":15,"author":{"gitId":"TheDinos"},"content":"import java.util.Scanner;","lastModifiedDate":"2024-08-26","isFullCredit":false},{"lineNumber":16,"author":{"gitId":"TheDinos"},"content":"","lastModifiedDate":"2024-08-26","isFullCredit":false},{"lineNumber":17,"author":{"gitId":"TheDinos"},"content":"public class Jeff {","lastModifiedDate":"2024-08-22","isFullCredit":false},{"lineNumber":18,"author":{"gitId":"TheDinos"},"content":"","lastModifiedDate":"2024-08-26","isFullCredit":false},{"lineNumber":19,"author":{"gitId":"TheDinos"},"content":"    //ArrayList of tasks","lastModifiedDate":"2024-09-15","isFullCredit":false},{"lineNumber":20,"author":{"gitId":"TheDinos"},"content":"    private static ArrayList\u003cTask\u003e taskList \u003d new ArrayList\u003c\u003e();","lastModifiedDate":"2024-09-15","isFullCredit":false},{"lineNumber":21,"author":{"gitId":"TheDinos"},"content":"","lastModifiedDate":"2024-09-15","isFullCredit":false},{"lineNumber":22,"author":{"gitId":"TheDinos"},"content":"    //Relative file path for","lastModifiedDate":"2024-09-15","isFullCredit":false},{"lineNumber":23,"author":{"gitId":"TheDinos"},"content":"    private static final String FILEPATH \u003d \"data/taskList.txt\";","lastModifiedDate":"2024-09-15","isFullCredit":false},{"lineNumber":24,"author":{"gitId":"TheDinos"},"content":"","lastModifiedDate":"2024-09-15","isFullCredit":false},{"lineNumber":25,"author":{"gitId":"TheDinos"},"content":"    //Constants","lastModifiedDate":"2024-09-02","isFullCredit":false},{"lineNumber":26,"author":{"gitId":"TheDinos"},"content":"    public static final String DIVIDER \u003d \"____________________________________________________________\";","lastModifiedDate":"2024-09-02","isFullCredit":false},{"lineNumber":27,"author":{"gitId":"TheDinos"},"content":"    public static final String  introText \u003d \"\"\"","lastModifiedDate":"2024-09-02","isFullCredit":false},{"lineNumber":28,"author":{"gitId":"TheDinos"},"content":"                ____________________________________________________________","lastModifiedDate":"2024-09-02","isFullCredit":false},{"lineNumber":29,"author":{"gitId":"TheDinos"},"content":"                Hello! I\u0027m JEFF!!!","lastModifiedDate":"2024-09-02","isFullCredit":false},{"lineNumber":30,"author":{"gitId":"TheDinos"},"content":"                ","lastModifiedDate":"2024-09-02","isFullCredit":false},{"lineNumber":31,"author":{"gitId":"TheDinos"},"content":"                Here are the type of tasks I can track!!!","lastModifiedDate":"2024-09-02","isFullCredit":false},{"lineNumber":32,"author":{"gitId":"TheDinos"},"content":"                \u0027todo [description]\u0027","lastModifiedDate":"2024-09-02","isFullCredit":false},{"lineNumber":33,"author":{"gitId":"TheDinos"},"content":"                \u0027deadline [description] /by [some date]\u0027","lastModifiedDate":"2024-09-02","isFullCredit":false},{"lineNumber":34,"author":{"gitId":"TheDinos"},"content":"                \u0027event [description] /from [some date] /to [some date]\u0027","lastModifiedDate":"2024-09-02","isFullCredit":false},{"lineNumber":35,"author":{"gitId":"TheDinos"},"content":"                ","lastModifiedDate":"2024-09-02","isFullCredit":false},{"lineNumber":36,"author":{"gitId":"TheDinos"},"content":"                List of commands I support!!!!","lastModifiedDate":"2024-09-02","isFullCredit":false},{"lineNumber":37,"author":{"gitId":"TheDinos"},"content":"                Type \u0027list\u0027 to display everything you\u0027ve said!","lastModifiedDate":"2024-09-02","isFullCredit":false},{"lineNumber":38,"author":{"gitId":"TheDinos"},"content":"                Type \u0027mark\u0027/\u0027unmark\u0027 to change the status of inputted tasks!","lastModifiedDate":"2024-09-02","isFullCredit":false},{"lineNumber":39,"author":{"gitId":"TheDinos"},"content":"                Type \u0027bye\u0027 to exit!","lastModifiedDate":"2024-09-02","isFullCredit":false},{"lineNumber":40,"author":{"gitId":"TheDinos"},"content":"                ","lastModifiedDate":"2024-09-02","isFullCredit":false},{"lineNumber":41,"author":{"gitId":"TheDinos"},"content":"                Follow the above formats closely!","lastModifiedDate":"2024-09-09","isFullCredit":false},{"lineNumber":42,"author":{"gitId":"TheDinos"},"content":"                If you give me nonsense, I will call you out!","lastModifiedDate":"2024-09-09","isFullCredit":false},{"lineNumber":43,"author":{"gitId":"TheDinos"},"content":"                Buuuuttt I will give you some indication of your error!","lastModifiedDate":"2024-09-09","isFullCredit":false},{"lineNumber":44,"author":{"gitId":"TheDinos"},"content":"                ____________________________________________________________","lastModifiedDate":"2024-09-02","isFullCredit":false},{"lineNumber":45,"author":{"gitId":"TheDinos"},"content":"                \"\"\";","lastModifiedDate":"2024-09-02","isFullCredit":false},{"lineNumber":46,"author":{"gitId":"TheDinos"},"content":"","lastModifiedDate":"2024-09-02","isFullCredit":false},{"lineNumber":47,"author":{"gitId":"TheDinos"},"content":"    public static final String exitText \u003d \"\"\"","lastModifiedDate":"2024-09-02","isFullCredit":false},{"lineNumber":48,"author":{"gitId":"TheDinos"},"content":"                ____________________________________________________________","lastModifiedDate":"2024-09-02","isFullCredit":false},{"lineNumber":49,"author":{"gitId":"TheDinos"},"content":"                Bye. Hope to see you again soon!","lastModifiedDate":"2024-09-02","isFullCredit":false},{"lineNumber":50,"author":{"gitId":"TheDinos"},"content":"                ____________________________________________________________","lastModifiedDate":"2024-09-02","isFullCredit":false},{"lineNumber":51,"author":{"gitId":"TheDinos"},"content":"                \"\"\";","lastModifiedDate":"2024-09-02","isFullCredit":false},{"lineNumber":52,"author":{"gitId":"TheDinos"},"content":"","lastModifiedDate":"2024-09-08","isFullCredit":false},{"lineNumber":53,"author":{"gitId":"TheDinos"},"content":"    public static final int TODO_LENGTH \u003d 4;","lastModifiedDate":"2024-09-09","isFullCredit":false},{"lineNumber":54,"author":{"gitId":"TheDinos"},"content":"    public static final int DEADLINE_LENGTH \u003d 8;","lastModifiedDate":"2024-09-09","isFullCredit":false},{"lineNumber":55,"author":{"gitId":"TheDinos"},"content":"    public static final int EVENT_LENGTH \u003d 5;","lastModifiedDate":"2024-09-09","isFullCredit":false},{"lineNumber":56,"author":{"gitId":"TheDinos"},"content":"    public static final int SLASH_BY_LENGTH \u003d 3;","lastModifiedDate":"2024-09-09","isFullCredit":false},{"lineNumber":57,"author":{"gitId":"TheDinos"},"content":"    public static final int SLASH_FROM_LENGTH \u003d 5;","lastModifiedDate":"2024-09-09","isFullCredit":false},{"lineNumber":58,"author":{"gitId":"TheDinos"},"content":"    public static final int SLASH_TO_LENGTH \u003d 3;","lastModifiedDate":"2024-09-09","isFullCredit":false},{"lineNumber":59,"author":{"gitId":"TheDinos"},"content":"","lastModifiedDate":"2024-08-26","isFullCredit":false},{"lineNumber":60,"author":{"gitId":"TheDinos"},"content":"    public static final int TODO_FILE_FIELD_LENGTH \u003d 3;","lastModifiedDate":"2024-09-18","isFullCredit":false},{"lineNumber":61,"author":{"gitId":"TheDinos"},"content":"    public static final int DEADLINE_FILE_FIELD_LENGTH \u003d 4;","lastModifiedDate":"2024-09-18","isFullCredit":false},{"lineNumber":62,"author":{"gitId":"TheDinos"},"content":"    public static final int EVENT_FILE_FIELD_LENGTH \u003d 5;","lastModifiedDate":"2024-09-18","isFullCredit":false},{"lineNumber":63,"author":{"gitId":"TheDinos"},"content":"","lastModifiedDate":"2024-09-18","isFullCredit":false},{"lineNumber":64,"author":{"gitId":"TheDinos"},"content":"    //Prints out lists of tasks","lastModifiedDate":"2024-09-02","isFullCredit":false},{"lineNumber":65,"author":{"gitId":"TheDinos"},"content":"    public static void printList(){","lastModifiedDate":"2024-09-02","isFullCredit":false},{"lineNumber":66,"author":{"gitId":"TheDinos"},"content":"        for(int i \u003d 1; i \u003c\u003d taskList.size(); i++){","lastModifiedDate":"2024-09-15","isFullCredit":false},{"lineNumber":67,"author":{"gitId":"TheDinos"},"content":"            System.out.print(System.lineSeparator() + i + \".\" + taskList.get(i-1));","lastModifiedDate":"2024-09-15","isFullCredit":false},{"lineNumber":68,"author":{"gitId":"TheDinos"},"content":"        }","lastModifiedDate":"2024-08-26","isFullCredit":false},{"lineNumber":69,"author":{"gitId":"TheDinos"},"content":"    }","lastModifiedDate":"2024-08-26","isFullCredit":false},{"lineNumber":70,"author":{"gitId":"TheDinos"},"content":"","lastModifiedDate":"2024-08-26","isFullCredit":false},{"lineNumber":71,"author":{"gitId":"TheDinos"},"content":"    //Processes taskNumber and throws an exception if any","lastModifiedDate":"2024-09-09","isFullCredit":false},{"lineNumber":72,"author":{"gitId":"TheDinos"},"content":"    private static int getTaskNumber(String line) throws IllegalArgumentException,","lastModifiedDate":"2024-09-09","isFullCredit":false},{"lineNumber":73,"author":{"gitId":"TheDinos"},"content":"            IndexOutOfBoundsException{","lastModifiedDate":"2024-09-09","isFullCredit":false},{"lineNumber":74,"author":{"gitId":"TheDinos"},"content":"        int dividerPosition \u003d line.indexOf(\" \");","lastModifiedDate":"2024-09-09","isFullCredit":false},{"lineNumber":75,"author":{"gitId":"TheDinos"},"content":"","lastModifiedDate":"2024-09-09","isFullCredit":false},{"lineNumber":76,"author":{"gitId":"TheDinos"},"content":"        String taskNumberString \u003d line.substring(dividerPosition + 1).trim();","lastModifiedDate":"2024-09-09","isFullCredit":false},{"lineNumber":77,"author":{"gitId":"TheDinos"},"content":"        //If no number is given, or a non-number is inputted, throw exception","lastModifiedDate":"2024-09-09","isFullCredit":false},{"lineNumber":78,"author":{"gitId":"TheDinos"},"content":"        if(!taskNumberString.matches(\"[0-9]+\") || taskNumberString.isEmpty()){","lastModifiedDate":"2024-09-09","isFullCredit":false},{"lineNumber":79,"author":{"gitId":"TheDinos"},"content":"            throw new IllegalArgumentException();","lastModifiedDate":"2024-09-09","isFullCredit":false},{"lineNumber":80,"author":{"gitId":"TheDinos"},"content":"        }","lastModifiedDate":"2024-09-09","isFullCredit":false},{"lineNumber":81,"author":{"gitId":"TheDinos"},"content":"        int taskNumber \u003d Integer.parseInt(taskNumberString);","lastModifiedDate":"2024-09-09","isFullCredit":false},{"lineNumber":82,"author":{"gitId":"TheDinos"},"content":"","lastModifiedDate":"2024-09-09","isFullCredit":false},{"lineNumber":83,"author":{"gitId":"TheDinos"},"content":"        if(taskNumber \u003e taskList.size()){","lastModifiedDate":"2024-09-15","isFullCredit":false},{"lineNumber":84,"author":{"gitId":"TheDinos"},"content":"            throw new IndexOutOfBoundsException();","lastModifiedDate":"2024-09-09","isFullCredit":false},{"lineNumber":85,"author":{"gitId":"TheDinos"},"content":"        }","lastModifiedDate":"2024-09-09","isFullCredit":false},{"lineNumber":86,"author":{"gitId":"TheDinos"},"content":"        return taskNumber;","lastModifiedDate":"2024-09-09","isFullCredit":false},{"lineNumber":87,"author":{"gitId":"TheDinos"},"content":"    }","lastModifiedDate":"2024-09-09","isFullCredit":false},{"lineNumber":88,"author":{"gitId":"TheDinos"},"content":"","lastModifiedDate":"2024-09-09","isFullCredit":false},{"lineNumber":89,"author":{"gitId":"TheDinos"},"content":"    //Marks task as complete/uncomplete, catches any errors thrown","lastModifiedDate":"2024-09-09","isFullCredit":false},{"lineNumber":90,"author":{"gitId":"TheDinos"},"content":"    public static void markTask(String firstWord, String line) {","lastModifiedDate":"2024-09-09","isFullCredit":false},{"lineNumber":91,"author":{"gitId":"TheDinos"},"content":"        try {","lastModifiedDate":"2024-09-09","isFullCredit":false},{"lineNumber":92,"author":{"gitId":"TheDinos"},"content":"            int taskNumber \u003d getTaskNumber(line);","lastModifiedDate":"2024-09-09","isFullCredit":false},{"lineNumber":93,"author":{"gitId":"TheDinos"},"content":"            Task t \u003d taskList.get(taskNumber - 1);","lastModifiedDate":"2024-09-15","isFullCredit":false},{"lineNumber":94,"author":{"gitId":"TheDinos"},"content":"            if(firstWord.equals(\"mark\")) {","lastModifiedDate":"2024-09-02","isFullCredit":false},{"lineNumber":95,"author":{"gitId":"TheDinos"},"content":"                t.setIsDone(true);","lastModifiedDate":"2024-09-10","isFullCredit":false},{"lineNumber":96,"author":{"gitId":"TheDinos"},"content":"                System.out.print(\"ogei marked task dOnE\");","lastModifiedDate":"2024-09-09","isFullCredit":false},{"lineNumber":97,"author":{"gitId":"TheDinos"},"content":"            }","lastModifiedDate":"2024-08-26","isFullCredit":false},{"lineNumber":98,"author":{"gitId":"TheDinos"},"content":"            else{","lastModifiedDate":"2024-08-26","isFullCredit":false},{"lineNumber":99,"author":{"gitId":"TheDinos"},"content":"                t.setIsDone(false);","lastModifiedDate":"2024-09-10","isFullCredit":false},{"lineNumber":100,"author":{"gitId":"TheDinos"},"content":"                System.out.print(\"womp womp task not finished :(\");","lastModifiedDate":"2024-09-09","isFullCredit":false},{"lineNumber":101,"author":{"gitId":"TheDinos"},"content":"            }","lastModifiedDate":"2024-09-09","isFullCredit":false},{"lineNumber":102,"author":{"gitId":"TheDinos"},"content":"            System.out.print(System.lineSeparator() + t);","lastModifiedDate":"2024-09-09","isFullCredit":false},{"lineNumber":103,"author":{"gitId":"TheDinos"},"content":"        } catch(IllegalArgumentException e) {","lastModifiedDate":"2024-09-09","isFullCredit":false},{"lineNumber":104,"author":{"gitId":"TheDinos"},"content":"            System.out.print(\"can u plsplspls give me a number!!!\");","lastModifiedDate":"2024-09-09","isFullCredit":false},{"lineNumber":105,"author":{"gitId":"TheDinos"},"content":"        } catch(IndexOutOfBoundsException e){","lastModifiedDate":"2024-09-09","isFullCredit":false},{"lineNumber":106,"author":{"gitId":"TheDinos"},"content":"            System.out.print(\"u tryna mark a task number that isn\u0027t in the list...\");","lastModifiedDate":"2024-09-09","isFullCredit":false},{"lineNumber":107,"author":{"gitId":"TheDinos"},"content":"        }","lastModifiedDate":"2024-08-26","isFullCredit":false},{"lineNumber":108,"author":{"gitId":"TheDinos"},"content":"    }","lastModifiedDate":"2024-08-26","isFullCredit":false},{"lineNumber":109,"author":{"gitId":"TheDinos"},"content":"","lastModifiedDate":"2024-08-26","isFullCredit":false},{"lineNumber":110,"author":{"gitId":"TheDinos"},"content":"    //Deletes the specified task, catches any error thrown","lastModifiedDate":"2024-09-15","isFullCredit":false},{"lineNumber":111,"author":{"gitId":"TheDinos"},"content":"    private static void deleteTask(String firstWord, String line) {","lastModifiedDate":"2024-09-15","isFullCredit":false},{"lineNumber":112,"author":{"gitId":"TheDinos"},"content":"        try {","lastModifiedDate":"2024-09-15","isFullCredit":false},{"lineNumber":113,"author":{"gitId":"TheDinos"},"content":"            int taskNumber \u003d getTaskNumber(line);","lastModifiedDate":"2024-09-15","isFullCredit":false},{"lineNumber":114,"author":{"gitId":"TheDinos"},"content":"            Task t \u003d taskList.get(taskNumber - 1);","lastModifiedDate":"2024-09-15","isFullCredit":false},{"lineNumber":115,"author":{"gitId":"TheDinos"},"content":"            taskList.remove(taskNumber - 1);","lastModifiedDate":"2024-09-15","isFullCredit":false},{"lineNumber":116,"author":{"gitId":"TheDinos"},"content":"            System.out.print(\"i have reeeemoved the taskkk: \" +","lastModifiedDate":"2024-09-15","isFullCredit":false},{"lineNumber":117,"author":{"gitId":"TheDinos"},"content":"                    System.lineSeparator() + t);","lastModifiedDate":"2024-09-15","isFullCredit":false},{"lineNumber":118,"author":{"gitId":"TheDinos"},"content":"        } catch(IllegalArgumentException e) {","lastModifiedDate":"2024-09-15","isFullCredit":false},{"lineNumber":119,"author":{"gitId":"TheDinos"},"content":"            System.out.print(\"eh how to delete a non-number task...\");","lastModifiedDate":"2024-09-15","isFullCredit":false},{"lineNumber":120,"author":{"gitId":"TheDinos"},"content":"        } catch(IndexOutOfBoundsException e){","lastModifiedDate":"2024-09-15","isFullCredit":false},{"lineNumber":121,"author":{"gitId":"TheDinos"},"content":"            System.out.print(\"how to delete a non-existent task...\");","lastModifiedDate":"2024-09-15","isFullCredit":false},{"lineNumber":122,"author":{"gitId":"TheDinos"},"content":"        }","lastModifiedDate":"2024-09-15","isFullCredit":false},{"lineNumber":123,"author":{"gitId":"TheDinos"},"content":"        System.out.print(System.lineSeparator() +","lastModifiedDate":"2024-09-15","isFullCredit":false},{"lineNumber":124,"author":{"gitId":"TheDinos"},"content":"                \"YAYYYY!!! Only \" + taskList.size() + \" task(s) left in ur list!\");","lastModifiedDate":"2024-09-15","isFullCredit":false},{"lineNumber":125,"author":{"gitId":"TheDinos"},"content":"    }","lastModifiedDate":"2024-09-15","isFullCredit":false},{"lineNumber":126,"author":{"gitId":"TheDinos"},"content":"","lastModifiedDate":"2024-09-15","isFullCredit":false},{"lineNumber":127,"author":{"gitId":"TheDinos"},"content":"    public static void invalidInput(){","lastModifiedDate":"2024-09-09","isFullCredit":false},{"lineNumber":128,"author":{"gitId":"TheDinos"},"content":"        System.out.print(\"eh can you give me one of the inputs i specified above...\");","lastModifiedDate":"2024-09-09","isFullCredit":false},{"lineNumber":129,"author":{"gitId":"TheDinos"},"content":"    }","lastModifiedDate":"2024-09-02","isFullCredit":false},{"lineNumber":130,"author":{"gitId":"TheDinos"},"content":"","lastModifiedDate":"2024-08-26","isFullCredit":false},{"lineNumber":131,"author":{"gitId":"TheDinos"},"content":"    public static void processCommands(String firstWord, String line){","lastModifiedDate":"2024-09-02","isFullCredit":false},{"lineNumber":132,"author":{"gitId":"TheDinos"},"content":"        switch(firstWord){","lastModifiedDate":"2024-09-02","isFullCredit":false},{"lineNumber":133,"author":{"gitId":"TheDinos"},"content":"        case \"list\":","lastModifiedDate":"2024-09-02","isFullCredit":false},{"lineNumber":134,"author":{"gitId":"TheDinos"},"content":"            System.out.print(\"orh hor never finish ur tasks:\");","lastModifiedDate":"2024-09-02","isFullCredit":false},{"lineNumber":135,"author":{"gitId":"TheDinos"},"content":"            printList();","lastModifiedDate":"2024-08-26","isFullCredit":false},{"lineNumber":136,"author":{"gitId":"TheDinos"},"content":"            break;","lastModifiedDate":"2024-09-02","isFullCredit":false},{"lineNumber":137,"author":{"gitId":"TheDinos"},"content":"        case \"mark\":","lastModifiedDate":"2024-09-02","isFullCredit":false},{"lineNumber":138,"author":{"gitId":"TheDinos"},"content":"        case \"unmark\":","lastModifiedDate":"2024-09-02","isFullCredit":false},{"lineNumber":139,"author":{"gitId":"TheDinos"},"content":"            markTask(firstWord, line);","lastModifiedDate":"2024-09-02","isFullCredit":false},{"lineNumber":140,"author":{"gitId":"TheDinos"},"content":"            break;","lastModifiedDate":"2024-09-02","isFullCredit":false},{"lineNumber":141,"author":{"gitId":"TheDinos"},"content":"        case \"delete\":","lastModifiedDate":"2024-09-15","isFullCredit":false},{"lineNumber":142,"author":{"gitId":"TheDinos"},"content":"            deleteTask(firstWord, line);","lastModifiedDate":"2024-09-15","isFullCredit":false},{"lineNumber":143,"author":{"gitId":"TheDinos"},"content":"            break;","lastModifiedDate":"2024-09-15","isFullCredit":false},{"lineNumber":144,"author":{"gitId":"TheDinos"},"content":"        default:","lastModifiedDate":"2024-09-15","isFullCredit":false},{"lineNumber":145,"author":{"gitId":"TheDinos"},"content":"            System.out.print(\"Some command not processed...\");","lastModifiedDate":"2024-09-15","isFullCredit":false},{"lineNumber":146,"author":{"gitId":"TheDinos"},"content":"        }","lastModifiedDate":"2024-08-26","isFullCredit":false},{"lineNumber":147,"author":{"gitId":"TheDinos"},"content":"    }","lastModifiedDate":"2024-08-26","isFullCredit":false},{"lineNumber":148,"author":{"gitId":"TheDinos"},"content":"","lastModifiedDate":"2024-09-02","isFullCredit":false},{"lineNumber":149,"author":{"gitId":"TheDinos"},"content":"    //Returns the description of a task, returns an empty string otherwise","lastModifiedDate":"2024-09-09","isFullCredit":false},{"lineNumber":150,"author":{"gitId":"TheDinos"},"content":"    public static String processTaskDescription(String line , int start, int end){","lastModifiedDate":"2024-09-09","isFullCredit":false},{"lineNumber":151,"author":{"gitId":"TheDinos"},"content":"        //If the task fields are empty, set the end number to the length of the line","lastModifiedDate":"2024-09-09","isFullCredit":false},{"lineNumber":152,"author":{"gitId":"TheDinos"},"content":"        if(start \u003e end){","lastModifiedDate":"2024-09-09","isFullCredit":false},{"lineNumber":153,"author":{"gitId":"TheDinos"},"content":"            end \u003d line.length();","lastModifiedDate":"2024-09-09","isFullCredit":false},{"lineNumber":154,"author":{"gitId":"TheDinos"},"content":"        }","lastModifiedDate":"2024-09-09","isFullCredit":false},{"lineNumber":155,"author":{"gitId":"TheDinos"},"content":"        //Remove the empty space before the description","lastModifiedDate":"2024-09-09","isFullCredit":false},{"lineNumber":156,"author":{"gitId":"TheDinos"},"content":"        String description \u003d line.substring(start, end).trim();","lastModifiedDate":"2024-09-09","isFullCredit":false},{"lineNumber":157,"author":{"gitId":"TheDinos"},"content":"        //Ensuring the description is not just empty spaces","lastModifiedDate":"2024-09-09","isFullCredit":false},{"lineNumber":158,"author":{"gitId":"TheDinos"},"content":"        if(description.isEmpty()){","lastModifiedDate":"2024-09-09","isFullCredit":false},{"lineNumber":159,"author":{"gitId":"TheDinos"},"content":"            return \"\";","lastModifiedDate":"2024-09-09","isFullCredit":false},{"lineNumber":160,"author":{"gitId":"TheDinos"},"content":"        }","lastModifiedDate":"2024-09-09","isFullCredit":false},{"lineNumber":161,"author":{"gitId":"TheDinos"},"content":"        return description;","lastModifiedDate":"2024-09-09","isFullCredit":false},{"lineNumber":162,"author":{"gitId":"TheDinos"},"content":"    }","lastModifiedDate":"2024-09-09","isFullCredit":false},{"lineNumber":163,"author":{"gitId":"TheDinos"},"content":"","lastModifiedDate":"2024-09-09","isFullCredit":false},{"lineNumber":164,"author":{"gitId":"TheDinos"},"content":"    //Returns the field of the task, returns an empty string otherwise","lastModifiedDate":"2024-09-09","isFullCredit":false},{"lineNumber":165,"author":{"gitId":"TheDinos"},"content":"    public static String processTaskField(String line, int fieldIndex, int start, int end){","lastModifiedDate":"2024-09-09","isFullCredit":false},{"lineNumber":166,"author":{"gitId":"TheDinos"},"content":"        if(fieldIndex \u003d\u003d -1){","lastModifiedDate":"2024-09-09","isFullCredit":false},{"lineNumber":167,"author":{"gitId":"TheDinos"},"content":"            return \"\";","lastModifiedDate":"2024-09-09","isFullCredit":false},{"lineNumber":168,"author":{"gitId":"TheDinos"},"content":"        }","lastModifiedDate":"2024-09-09","isFullCredit":false},{"lineNumber":169,"author":{"gitId":"TheDinos"},"content":"        if(start \u003e end){","lastModifiedDate":"2024-09-09","isFullCredit":false},{"lineNumber":170,"author":{"gitId":"TheDinos"},"content":"            end \u003d line.length();","lastModifiedDate":"2024-09-09","isFullCredit":false},{"lineNumber":171,"author":{"gitId":"TheDinos"},"content":"        }","lastModifiedDate":"2024-09-09","isFullCredit":false},{"lineNumber":172,"author":{"gitId":"TheDinos"},"content":"        String field \u003d line.substring(start, end).trim();","lastModifiedDate":"2024-09-09","isFullCredit":false},{"lineNumber":173,"author":{"gitId":"TheDinos"},"content":"        if(field.isEmpty()){","lastModifiedDate":"2024-09-09","isFullCredit":false},{"lineNumber":174,"author":{"gitId":"TheDinos"},"content":"            return \"\";","lastModifiedDate":"2024-09-09","isFullCredit":false},{"lineNumber":175,"author":{"gitId":"TheDinos"},"content":"        }","lastModifiedDate":"2024-09-09","isFullCredit":false},{"lineNumber":176,"author":{"gitId":"TheDinos"},"content":"        //If field is valid, remove the empty space before the field","lastModifiedDate":"2024-09-09","isFullCredit":false},{"lineNumber":177,"author":{"gitId":"TheDinos"},"content":"        return field;","lastModifiedDate":"2024-09-09","isFullCredit":false},{"lineNumber":178,"author":{"gitId":"TheDinos"},"content":"    }","lastModifiedDate":"2024-09-09","isFullCredit":false},{"lineNumber":179,"author":{"gitId":"TheDinos"},"content":"","lastModifiedDate":"2024-09-09","isFullCredit":false},{"lineNumber":180,"author":{"gitId":"TheDinos"},"content":"    //Instantiates Todo object","lastModifiedDate":"2024-09-02","isFullCredit":false},{"lineNumber":181,"author":{"gitId":"TheDinos"},"content":"    public static Todo processTodo(String line) throws TaskDescriptionException {","lastModifiedDate":"2024-09-09","isFullCredit":false},{"lineNumber":182,"author":{"gitId":"TheDinos"},"content":"        String description \u003d processTaskDescription(line, TODO_LENGTH, line.length());","lastModifiedDate":"2024-09-09","isFullCredit":false},{"lineNumber":183,"author":{"gitId":"TheDinos"},"content":"        if(description.isEmpty()) {","lastModifiedDate":"2024-09-09","isFullCredit":false},{"lineNumber":184,"author":{"gitId":"TheDinos"},"content":"            throw new TaskDescriptionException(\"todo\");","lastModifiedDate":"2024-09-09","isFullCredit":false},{"lineNumber":185,"author":{"gitId":"TheDinos"},"content":"        }","lastModifiedDate":"2024-09-09","isFullCredit":false},{"lineNumber":186,"author":{"gitId":"TheDinos"},"content":"        return new Todo(description);","lastModifiedDate":"2024-09-02","isFullCredit":false},{"lineNumber":187,"author":{"gitId":"TheDinos"},"content":"    }","lastModifiedDate":"2024-08-26","isFullCredit":false},{"lineNumber":188,"author":{"gitId":"TheDinos"},"content":"","lastModifiedDate":"2024-08-26","isFullCredit":false},{"lineNumber":189,"author":{"gitId":"TheDinos"},"content":"    //Instantiates Deadline object","lastModifiedDate":"2024-09-02","isFullCredit":false},{"lineNumber":190,"author":{"gitId":"TheDinos"},"content":"    public static Deadline processDeadline(String line) throws TaskDescriptionException,","lastModifiedDate":"2024-09-09","isFullCredit":false},{"lineNumber":191,"author":{"gitId":"TheDinos"},"content":"            TaskFieldException {","lastModifiedDate":"2024-09-09","isFullCredit":false},{"lineNumber":192,"author":{"gitId":"TheDinos"},"content":"        int byIndex \u003d line.indexOf(\"/by\");","lastModifiedDate":"2024-09-02","isFullCredit":false},{"lineNumber":193,"author":{"gitId":"TheDinos"},"content":"        String description \u003d processTaskDescription(line, DEADLINE_LENGTH, byIndex);","lastModifiedDate":"2024-09-09","isFullCredit":false},{"lineNumber":194,"author":{"gitId":"TheDinos"},"content":"        if(description.isEmpty()) {","lastModifiedDate":"2024-09-09","isFullCredit":false},{"lineNumber":195,"author":{"gitId":"TheDinos"},"content":"            throw new TaskDescriptionException(\"deadline\");","lastModifiedDate":"2024-09-09","isFullCredit":false},{"lineNumber":196,"author":{"gitId":"TheDinos"},"content":"        }","lastModifiedDate":"2024-09-09","isFullCredit":false},{"lineNumber":197,"author":{"gitId":"TheDinos"},"content":"        String by \u003d processTaskField(line, byIndex, byIndex + SLASH_BY_LENGTH, line.length());","lastModifiedDate":"2024-09-09","isFullCredit":false},{"lineNumber":198,"author":{"gitId":"TheDinos"},"content":"        if(by.isEmpty()) {","lastModifiedDate":"2024-09-09","isFullCredit":false},{"lineNumber":199,"author":{"gitId":"TheDinos"},"content":"            throw new TaskFieldException(\"\u0027by\u0027\");","lastModifiedDate":"2024-09-09","isFullCredit":false},{"lineNumber":200,"author":{"gitId":"TheDinos"},"content":"        }","lastModifiedDate":"2024-09-09","isFullCredit":false},{"lineNumber":201,"author":{"gitId":"TheDinos"},"content":"        return new Deadline(description, by);","lastModifiedDate":"2024-09-02","isFullCredit":false},{"lineNumber":202,"author":{"gitId":"TheDinos"},"content":"    }","lastModifiedDate":"2024-08-26","isFullCredit":false},{"lineNumber":203,"author":{"gitId":"TheDinos"},"content":"","lastModifiedDate":"2024-09-02","isFullCredit":false},{"lineNumber":204,"author":{"gitId":"TheDinos"},"content":"    //Creates the Exception message for Event fields (if any)","lastModifiedDate":"2024-09-09","isFullCredit":false},{"lineNumber":205,"author":{"gitId":"TheDinos"},"content":"    public static String eventExceptionMessage(boolean from, boolean to){","lastModifiedDate":"2024-09-09","isFullCredit":false},{"lineNumber":206,"author":{"gitId":"TheDinos"},"content":"        StringBuilder errMsg \u003d new StringBuilder();","lastModifiedDate":"2024-09-09","isFullCredit":false},{"lineNumber":207,"author":{"gitId":"TheDinos"},"content":"        if (from) {","lastModifiedDate":"2024-09-09","isFullCredit":false},{"lineNumber":208,"author":{"gitId":"TheDinos"},"content":"            errMsg.append(\"\u0027from\u0027\");","lastModifiedDate":"2024-09-09","isFullCredit":false},{"lineNumber":209,"author":{"gitId":"TheDinos"},"content":"        }","lastModifiedDate":"2024-09-09","isFullCredit":false},{"lineNumber":210,"author":{"gitId":"TheDinos"},"content":"","lastModifiedDate":"2024-09-09","isFullCredit":false},{"lineNumber":211,"author":{"gitId":"TheDinos"},"content":"        if (from \u0026\u0026 to) {","lastModifiedDate":"2024-09-09","isFullCredit":false},{"lineNumber":212,"author":{"gitId":"TheDinos"},"content":"            errMsg.append(\" and \");","lastModifiedDate":"2024-09-09","isFullCredit":false},{"lineNumber":213,"author":{"gitId":"TheDinos"},"content":"        }","lastModifiedDate":"2024-09-09","isFullCredit":false},{"lineNumber":214,"author":{"gitId":"TheDinos"},"content":"","lastModifiedDate":"2024-09-09","isFullCredit":false},{"lineNumber":215,"author":{"gitId":"TheDinos"},"content":"        if (to) {","lastModifiedDate":"2024-09-09","isFullCredit":false},{"lineNumber":216,"author":{"gitId":"TheDinos"},"content":"            errMsg.append(\"\u0027to\u0027\");","lastModifiedDate":"2024-09-09","isFullCredit":false},{"lineNumber":217,"author":{"gitId":"TheDinos"},"content":"        }","lastModifiedDate":"2024-09-09","isFullCredit":false},{"lineNumber":218,"author":{"gitId":"TheDinos"},"content":"        return errMsg.toString();","lastModifiedDate":"2024-09-09","isFullCredit":false},{"lineNumber":219,"author":{"gitId":"TheDinos"},"content":"    }","lastModifiedDate":"2024-09-09","isFullCredit":false},{"lineNumber":220,"author":{"gitId":"TheDinos"},"content":"","lastModifiedDate":"2024-09-09","isFullCredit":false},{"lineNumber":221,"author":{"gitId":"TheDinos"},"content":"    //Instantiates Event object","lastModifiedDate":"2024-09-02","isFullCredit":false},{"lineNumber":222,"author":{"gitId":"TheDinos"},"content":"    public static Event processEvent(String line) throws TaskDescriptionException,","lastModifiedDate":"2024-09-09","isFullCredit":false},{"lineNumber":223,"author":{"gitId":"TheDinos"},"content":"            TaskFieldException{","lastModifiedDate":"2024-09-09","isFullCredit":false},{"lineNumber":224,"author":{"gitId":"TheDinos"},"content":"        int fromIndex \u003d line.indexOf(\"/from\");","lastModifiedDate":"2024-09-02","isFullCredit":false},{"lineNumber":225,"author":{"gitId":"TheDinos"},"content":"        int toIndex \u003d line.lastIndexOf(\"/to\");","lastModifiedDate":"2024-09-02","isFullCredit":false},{"lineNumber":226,"author":{"gitId":"TheDinos"},"content":"        String description \u003d processTaskDescription(line, EVENT_LENGTH, fromIndex - 1);","lastModifiedDate":"2024-09-09","isFullCredit":false},{"lineNumber":227,"author":{"gitId":"TheDinos"},"content":"        if(description.isEmpty()) {","lastModifiedDate":"2024-09-09","isFullCredit":false},{"lineNumber":228,"author":{"gitId":"TheDinos"},"content":"            throw new TaskDescriptionException(\"event\");","lastModifiedDate":"2024-09-09","isFullCredit":false},{"lineNumber":229,"author":{"gitId":"TheDinos"},"content":"        }","lastModifiedDate":"2024-09-09","isFullCredit":false},{"lineNumber":230,"author":{"gitId":"TheDinos"},"content":"        String from \u003d processTaskField(line, fromIndex, fromIndex + SLASH_FROM_LENGTH, toIndex - 1);","lastModifiedDate":"2024-09-09","isFullCredit":false},{"lineNumber":231,"author":{"gitId":"TheDinos"},"content":"        String to \u003d processTaskField(line, toIndex, toIndex + SLASH_TO_LENGTH, line.length());","lastModifiedDate":"2024-09-09","isFullCredit":false},{"lineNumber":232,"author":{"gitId":"TheDinos"},"content":"        String errMsg \u003d eventExceptionMessage(from.isEmpty(), to.isEmpty());","lastModifiedDate":"2024-09-09","isFullCredit":false},{"lineNumber":233,"author":{"gitId":"TheDinos"},"content":"        if(!errMsg.isEmpty()) {","lastModifiedDate":"2024-09-09","isFullCredit":false},{"lineNumber":234,"author":{"gitId":"TheDinos"},"content":"            throw new TaskFieldException(errMsg);","lastModifiedDate":"2024-09-09","isFullCredit":false},{"lineNumber":235,"author":{"gitId":"TheDinos"},"content":"        }","lastModifiedDate":"2024-09-09","isFullCredit":false},{"lineNumber":236,"author":{"gitId":"TheDinos"},"content":"        return new Event(description, from, to);","lastModifiedDate":"2024-09-02","isFullCredit":false},{"lineNumber":237,"author":{"gitId":"TheDinos"},"content":"    }","lastModifiedDate":"2024-08-26","isFullCredit":false},{"lineNumber":238,"author":{"gitId":"TheDinos"},"content":"","lastModifiedDate":"2024-08-26","isFullCredit":false},{"lineNumber":239,"author":{"gitId":"TheDinos"},"content":"    //Creates new objects based on the type of tasks","lastModifiedDate":"2024-09-02","isFullCredit":false},{"lineNumber":240,"author":{"gitId":"TheDinos"},"content":"    public static void processTasks(String firstWord, String line) {","lastModifiedDate":"2024-09-02","isFullCredit":false},{"lineNumber":241,"author":{"gitId":"TheDinos"},"content":"        Task t;","lastModifiedDate":"2024-09-09","isFullCredit":false},{"lineNumber":242,"author":{"gitId":"TheDinos"},"content":"        try {","lastModifiedDate":"2024-09-09","isFullCredit":false},{"lineNumber":243,"author":{"gitId":"TheDinos"},"content":"            switch (firstWord) {","lastModifiedDate":"2024-09-02","isFullCredit":false},{"lineNumber":244,"author":{"gitId":"TheDinos"},"content":"            case \"todo\":","lastModifiedDate":"2024-09-02","isFullCredit":false},{"lineNumber":245,"author":{"gitId":"TheDinos"},"content":"                t \u003d processTodo(line);","lastModifiedDate":"2024-09-02","isFullCredit":false},{"lineNumber":246,"author":{"gitId":"TheDinos"},"content":"                break;","lastModifiedDate":"2024-09-02","isFullCredit":false},{"lineNumber":247,"author":{"gitId":"TheDinos"},"content":"            case \"deadline\":","lastModifiedDate":"2024-09-02","isFullCredit":false},{"lineNumber":248,"author":{"gitId":"TheDinos"},"content":"                t \u003d processDeadline(line);","lastModifiedDate":"2024-09-02","isFullCredit":false},{"lineNumber":249,"author":{"gitId":"TheDinos"},"content":"                break;","lastModifiedDate":"2024-09-02","isFullCredit":false},{"lineNumber":250,"author":{"gitId":"TheDinos"},"content":"            case \"event\":","lastModifiedDate":"2024-09-02","isFullCredit":false},{"lineNumber":251,"author":{"gitId":"TheDinos"},"content":"                t \u003d processEvent(line);","lastModifiedDate":"2024-09-02","isFullCredit":false},{"lineNumber":252,"author":{"gitId":"TheDinos"},"content":"                break;","lastModifiedDate":"2024-09-02","isFullCredit":false},{"lineNumber":253,"author":{"gitId":"TheDinos"},"content":"            default:","lastModifiedDate":"2024-09-09","isFullCredit":false},{"lineNumber":254,"author":{"gitId":"TheDinos"},"content":"                t \u003d null;","lastModifiedDate":"2024-09-09","isFullCredit":false},{"lineNumber":255,"author":{"gitId":"TheDinos"},"content":"                break;","lastModifiedDate":"2024-09-09","isFullCredit":false},{"lineNumber":256,"author":{"gitId":"TheDinos"},"content":"            }","lastModifiedDate":"2024-09-02","isFullCredit":false},{"lineNumber":257,"author":{"gitId":"TheDinos"},"content":"","lastModifiedDate":"2024-09-09","isFullCredit":false},{"lineNumber":258,"author":{"gitId":"TheDinos"},"content":"            //Adding the different tasks to taskList once processed.","lastModifiedDate":"2024-09-15","isFullCredit":false},{"lineNumber":259,"author":{"gitId":"TheDinos"},"content":"            taskList.add(t);","lastModifiedDate":"2024-09-15","isFullCredit":false},{"lineNumber":260,"author":{"gitId":"TheDinos"},"content":"","lastModifiedDate":"2024-09-15","isFullCredit":false},{"lineNumber":261,"author":{"gitId":"TheDinos"},"content":"            //Prints the following text if the user inputs the task with the correct fields","lastModifiedDate":"2024-09-09","isFullCredit":false},{"lineNumber":262,"author":{"gitId":"TheDinos"},"content":"            System.out.print(\"Haiyaa the following task needs to be done:\" + System.lineSeparator()","lastModifiedDate":"2024-09-09","isFullCredit":false},{"lineNumber":263,"author":{"gitId":"TheDinos"},"content":"                    + \"  \" + t + System.lineSeparator() +","lastModifiedDate":"2024-09-09","isFullCredit":false},{"lineNumber":264,"author":{"gitId":"TheDinos"},"content":"                    \"Now you have \" + taskList.size() + \" task(s) in ur list\");","lastModifiedDate":"2024-09-15","isFullCredit":false},{"lineNumber":265,"author":{"gitId":"TheDinos"},"content":"","lastModifiedDate":"2024-09-09","isFullCredit":false},{"lineNumber":266,"author":{"gitId":"TheDinos"},"content":"        //Otherwise it will print what the user has done wrong, and how to rectify it","lastModifiedDate":"2024-09-09","isFullCredit":false},{"lineNumber":267,"author":{"gitId":"TheDinos"},"content":"        } catch (TaskDescriptionException e) {","lastModifiedDate":"2024-09-09","isFullCredit":false},{"lineNumber":268,"author":{"gitId":"TheDinos"},"content":"            System.out.print(\"Oi!!! Your \" + e.getMessage() + \" must have a description la...\");","lastModifiedDate":"2024-09-09","isFullCredit":false},{"lineNumber":269,"author":{"gitId":"TheDinos"},"content":"        } catch (TaskFieldException e) {","lastModifiedDate":"2024-09-09","isFullCredit":false},{"lineNumber":270,"author":{"gitId":"TheDinos"},"content":"            System.out.print(\"walao eh... your task is missing \" + e.getMessage() + \" \" + \"field(s) la...\" +","lastModifiedDate":"2024-09-09","isFullCredit":false},{"lineNumber":271,"author":{"gitId":"TheDinos"},"content":"                    \" follow the format can anot\");","lastModifiedDate":"2024-09-09","isFullCredit":false},{"lineNumber":272,"author":{"gitId":"TheDinos"},"content":"        }","lastModifiedDate":"2024-09-09","isFullCredit":false},{"lineNumber":273,"author":{"gitId":"TheDinos"},"content":"    }","lastModifiedDate":"2024-09-02","isFullCredit":false},{"lineNumber":274,"author":{"gitId":"TheDinos"},"content":"","lastModifiedDate":"2024-08-26","isFullCredit":false},{"lineNumber":275,"author":{"gitId":"TheDinos"},"content":"    //Returns the first word of a String","lastModifiedDate":"2024-09-02","isFullCredit":false},{"lineNumber":276,"author":{"gitId":"TheDinos"},"content":"    public static String processLine(String line) {","lastModifiedDate":"2024-09-02","isFullCredit":false},{"lineNumber":277,"author":{"gitId":"TheDinos"},"content":"        int firstSpace \u003d line.indexOf(\" \");","lastModifiedDate":"2024-09-02","isFullCredit":false},{"lineNumber":278,"author":{"gitId":"TheDinos"},"content":"        if (firstSpace !\u003d -1) {","lastModifiedDate":"2024-09-02","isFullCredit":false},{"lineNumber":279,"author":{"gitId":"TheDinos"},"content":"            return line.substring(0, firstSpace);","lastModifiedDate":"2024-09-02","isFullCredit":false},{"lineNumber":280,"author":{"gitId":"TheDinos"},"content":"        } else {","lastModifiedDate":"2024-09-02","isFullCredit":false},{"lineNumber":281,"author":{"gitId":"TheDinos"},"content":"            return line; // In case there\u0027s only one word with no spaces","lastModifiedDate":"2024-09-02","isFullCredit":false},{"lineNumber":282,"author":{"gitId":"TheDinos"},"content":"        }","lastModifiedDate":"2024-09-02","isFullCredit":false},{"lineNumber":283,"author":{"gitId":"TheDinos"},"content":"    }","lastModifiedDate":"2024-09-02","isFullCredit":false},{"lineNumber":284,"author":{"gitId":"TheDinos"},"content":"","lastModifiedDate":"2024-08-26","isFullCredit":false},{"lineNumber":285,"author":{"gitId":"TheDinos"},"content":"    public static void runBot() throws IOException {","lastModifiedDate":"2024-09-18","isFullCredit":false},{"lineNumber":286,"author":{"gitId":"TheDinos"},"content":"        Scanner in \u003d new Scanner(System.in);","lastModifiedDate":"2024-09-02","isFullCredit":false},{"lineNumber":287,"author":{"gitId":"TheDinos"},"content":"        String line;","lastModifiedDate":"2024-09-02","isFullCredit":false},{"lineNumber":288,"author":{"gitId":"TheDinos"},"content":"        System.out.print(\"You say:\" + System.lineSeparator());","lastModifiedDate":"2024-09-02","isFullCredit":false},{"lineNumber":289,"author":{"gitId":"TheDinos"},"content":"","lastModifiedDate":"2024-09-02","isFullCredit":false},{"lineNumber":290,"author":{"gitId":"TheDinos"},"content":"        //returns it \u0027bye\u0027 is inputted","lastModifiedDate":"2024-09-02","isFullCredit":false},{"lineNumber":291,"author":{"gitId":"TheDinos"},"content":"        while(!(line \u003d in.nextLine()).equals(\"bye\")){","lastModifiedDate":"2024-09-02","isFullCredit":false},{"lineNumber":292,"author":{"gitId":"TheDinos"},"content":"            //Divider that comes after user input","lastModifiedDate":"2024-09-02","isFullCredit":false},{"lineNumber":293,"author":{"gitId":"TheDinos"},"content":"            System.out.print(DIVIDER + System.lineSeparator());","lastModifiedDate":"2024-09-02","isFullCredit":false},{"lineNumber":294,"author":{"gitId":"TheDinos"},"content":"            //Getting first word of user input","lastModifiedDate":"2024-09-02","isFullCredit":false},{"lineNumber":295,"author":{"gitId":"TheDinos"},"content":"            String firstWord \u003d processLine(line);","lastModifiedDate":"2024-09-02","isFullCredit":false},{"lineNumber":296,"author":{"gitId":"TheDinos"},"content":"","lastModifiedDate":"2024-09-02","isFullCredit":false},{"lineNumber":297,"author":{"gitId":"TheDinos"},"content":"            //Carry out different actions based on the first word","lastModifiedDate":"2024-09-02","isFullCredit":false},{"lineNumber":298,"author":{"gitId":"TheDinos"},"content":"            switch(firstWord) {","lastModifiedDate":"2024-09-02","isFullCredit":false},{"lineNumber":299,"author":{"gitId":"TheDinos"},"content":"            case \"todo\":","lastModifiedDate":"2024-09-02","isFullCredit":false},{"lineNumber":300,"author":{"gitId":"TheDinos"},"content":"            case \"deadline\":","lastModifiedDate":"2024-09-02","isFullCredit":false},{"lineNumber":301,"author":{"gitId":"TheDinos"},"content":"            case \"event\":","lastModifiedDate":"2024-09-02","isFullCredit":false},{"lineNumber":302,"author":{"gitId":"TheDinos"},"content":"                processTasks(firstWord, line);","lastModifiedDate":"2024-09-02","isFullCredit":false},{"lineNumber":303,"author":{"gitId":"TheDinos"},"content":"                writeFileTask();","lastModifiedDate":"2024-09-15","isFullCredit":false},{"lineNumber":304,"author":{"gitId":"TheDinos"},"content":"                break;","lastModifiedDate":"2024-09-02","isFullCredit":false},{"lineNumber":305,"author":{"gitId":"TheDinos"},"content":"            case \"list\":","lastModifiedDate":"2024-09-02","isFullCredit":false},{"lineNumber":306,"author":{"gitId":"TheDinos"},"content":"                processCommands(firstWord, line);","lastModifiedDate":"2024-09-15","isFullCredit":false},{"lineNumber":307,"author":{"gitId":"TheDinos"},"content":"                break;","lastModifiedDate":"2024-09-15","isFullCredit":false},{"lineNumber":308,"author":{"gitId":"TheDinos"},"content":"            case \"mark\":","lastModifiedDate":"2024-09-02","isFullCredit":false},{"lineNumber":309,"author":{"gitId":"TheDinos"},"content":"            case \"unmark\":","lastModifiedDate":"2024-09-02","isFullCredit":false},{"lineNumber":310,"author":{"gitId":"TheDinos"},"content":"            case \"delete\":","lastModifiedDate":"2024-09-15","isFullCredit":false},{"lineNumber":311,"author":{"gitId":"TheDinos"},"content":"                processCommands(firstWord, line);","lastModifiedDate":"2024-09-02","isFullCredit":false},{"lineNumber":312,"author":{"gitId":"TheDinos"},"content":"                writeFileTask();","lastModifiedDate":"2024-09-15","isFullCredit":false},{"lineNumber":313,"author":{"gitId":"TheDinos"},"content":"                break;","lastModifiedDate":"2024-09-02","isFullCredit":false},{"lineNumber":314,"author":{"gitId":"TheDinos"},"content":"            default:","lastModifiedDate":"2024-09-02","isFullCredit":false},{"lineNumber":315,"author":{"gitId":"TheDinos"},"content":"                invalidInput();","lastModifiedDate":"2024-09-09","isFullCredit":false},{"lineNumber":316,"author":{"gitId":"TheDinos"},"content":"            }","lastModifiedDate":"2024-09-02","isFullCredit":false},{"lineNumber":317,"author":{"gitId":"TheDinos"},"content":"            //Prints divider and header for next user input","lastModifiedDate":"2024-09-02","isFullCredit":false},{"lineNumber":318,"author":{"gitId":"TheDinos"},"content":"            System.out.print(System.lineSeparator() + DIVIDER + System.lineSeparator() +","lastModifiedDate":"2024-09-02","isFullCredit":false},{"lineNumber":319,"author":{"gitId":"TheDinos"},"content":"                    \"You say:\" + System.lineSeparator());","lastModifiedDate":"2024-09-02","isFullCredit":false},{"lineNumber":320,"author":{"gitId":"TheDinos"},"content":"        }","lastModifiedDate":"2024-09-02","isFullCredit":false},{"lineNumber":321,"author":{"gitId":"TheDinos"},"content":"    }","lastModifiedDate":"2024-09-02","isFullCredit":false},{"lineNumber":322,"author":{"gitId":"TheDinos"},"content":"","lastModifiedDate":"2024-09-02","isFullCredit":false},{"lineNumber":323,"author":{"gitId":"TheDinos"},"content":"    //Rewrites taskList to hard drive, runs every time a task is added, or marked/unmarked","lastModifiedDate":"2024-09-15","isFullCredit":false},{"lineNumber":324,"author":{"gitId":"TheDinos"},"content":"    private static void writeFileTask() throws IOException {","lastModifiedDate":"2024-09-18","isFullCredit":false},{"lineNumber":325,"author":{"gitId":"TheDinos"},"content":"        FileWriter fw \u003d new FileWriter(FILEPATH);","lastModifiedDate":"2024-09-15","isFullCredit":false},{"lineNumber":326,"author":{"gitId":"TheDinos"},"content":"        StringBuilder fileContents \u003d new StringBuilder();","lastModifiedDate":"2024-09-15","isFullCredit":false},{"lineNumber":327,"author":{"gitId":"TheDinos"},"content":"        for (int i \u003d 1; i \u003c\u003d taskList.size(); i++) {","lastModifiedDate":"2024-09-15","isFullCredit":false},{"lineNumber":328,"author":{"gitId":"TheDinos"},"content":"            fileContents.append(taskList.get(i - 1).fileContent()).append(System.lineSeparator());","lastModifiedDate":"2024-09-15","isFullCredit":false},{"lineNumber":329,"author":{"gitId":"TheDinos"},"content":"        }","lastModifiedDate":"2024-09-15","isFullCredit":false},{"lineNumber":330,"author":{"gitId":"TheDinos"},"content":"        fw.write(fileContents.toString());","lastModifiedDate":"2024-09-15","isFullCredit":false},{"lineNumber":331,"author":{"gitId":"TheDinos"},"content":"        fw.close();","lastModifiedDate":"2024-09-15","isFullCredit":false},{"lineNumber":332,"author":{"gitId":"TheDinos"},"content":"    }","lastModifiedDate":"2024-09-15","isFullCredit":false},{"lineNumber":333,"author":{"gitId":"TheDinos"},"content":"","lastModifiedDate":"2024-09-18","isFullCredit":false},{"lineNumber":334,"author":{"gitId":"TheDinos"},"content":"    //Adds todo from txt file to taskList","lastModifiedDate":"2024-09-18","isFullCredit":false},{"lineNumber":335,"author":{"gitId":"TheDinos"},"content":"    private static void processFileTodo(String[] taskDetails) throws InvalidFormatException {","lastModifiedDate":"2024-09-18","isFullCredit":false},{"lineNumber":336,"author":{"gitId":"TheDinos"},"content":"        if (taskDetails.length \u003d\u003d TODO_FILE_FIELD_LENGTH) {","lastModifiedDate":"2024-09-18","isFullCredit":false},{"lineNumber":337,"author":{"gitId":"TheDinos"},"content":"            taskList.add(new Todo(taskDetails[2]));","lastModifiedDate":"2024-09-18","isFullCredit":false},{"lineNumber":338,"author":{"gitId":"TheDinos"},"content":"        } else {","lastModifiedDate":"2024-09-18","isFullCredit":false},{"lineNumber":339,"author":{"gitId":"TheDinos"},"content":"            throw new InvalidFormatException(\"todo\");","lastModifiedDate":"2024-09-18","isFullCredit":false},{"lineNumber":340,"author":{"gitId":"TheDinos"},"content":"        }","lastModifiedDate":"2024-09-18","isFullCredit":false},{"lineNumber":341,"author":{"gitId":"TheDinos"},"content":"    }","lastModifiedDate":"2024-09-18","isFullCredit":false},{"lineNumber":342,"author":{"gitId":"TheDinos"},"content":"","lastModifiedDate":"2024-09-18","isFullCredit":false},{"lineNumber":343,"author":{"gitId":"TheDinos"},"content":"    //Adds Deadline from txt file to taskList","lastModifiedDate":"2024-09-18","isFullCredit":false},{"lineNumber":344,"author":{"gitId":"TheDinos"},"content":"    private static void processFileDeadline(String[] taskDetails) throws InvalidFormatException {","lastModifiedDate":"2024-09-18","isFullCredit":false},{"lineNumber":345,"author":{"gitId":"TheDinos"},"content":"        if (taskDetails.length \u003d\u003d DEADLINE_FILE_FIELD_LENGTH) {","lastModifiedDate":"2024-09-18","isFullCredit":false},{"lineNumber":346,"author":{"gitId":"TheDinos"},"content":"            taskList.add(new Deadline(taskDetails[2], taskDetails[3]));","lastModifiedDate":"2024-09-18","isFullCredit":false},{"lineNumber":347,"author":{"gitId":"TheDinos"},"content":"        } else {","lastModifiedDate":"2024-09-18","isFullCredit":false},{"lineNumber":348,"author":{"gitId":"TheDinos"},"content":"            throw new InvalidFormatException(\"deadline\");","lastModifiedDate":"2024-09-18","isFullCredit":false},{"lineNumber":349,"author":{"gitId":"TheDinos"},"content":"        }","lastModifiedDate":"2024-09-18","isFullCredit":false},{"lineNumber":350,"author":{"gitId":"TheDinos"},"content":"    }","lastModifiedDate":"2024-09-18","isFullCredit":false},{"lineNumber":351,"author":{"gitId":"TheDinos"},"content":"","lastModifiedDate":"2024-09-18","isFullCredit":false},{"lineNumber":352,"author":{"gitId":"TheDinos"},"content":"    //Adds Event from txt file to taskList","lastModifiedDate":"2024-09-18","isFullCredit":false},{"lineNumber":353,"author":{"gitId":"TheDinos"},"content":"    private static void processFileEvent(String[] taskDetails) throws InvalidFormatException {","lastModifiedDate":"2024-09-18","isFullCredit":false},{"lineNumber":354,"author":{"gitId":"TheDinos"},"content":"        if (taskDetails.length \u003d\u003d EVENT_FILE_FIELD_LENGTH) {","lastModifiedDate":"2024-09-18","isFullCredit":false},{"lineNumber":355,"author":{"gitId":"TheDinos"},"content":"            taskList.add(new Event(taskDetails[2], taskDetails[3], taskDetails[4]));","lastModifiedDate":"2024-09-18","isFullCredit":false},{"lineNumber":356,"author":{"gitId":"TheDinos"},"content":"        } else {","lastModifiedDate":"2024-09-18","isFullCredit":false},{"lineNumber":357,"author":{"gitId":"TheDinos"},"content":"            throw new InvalidFormatException(\"event\");","lastModifiedDate":"2024-09-18","isFullCredit":false},{"lineNumber":358,"author":{"gitId":"TheDinos"},"content":"        }","lastModifiedDate":"2024-09-18","isFullCredit":false},{"lineNumber":359,"author":{"gitId":"TheDinos"},"content":"    }","lastModifiedDate":"2024-09-18","isFullCredit":false},{"lineNumber":360,"author":{"gitId":"TheDinos"},"content":"","lastModifiedDate":"2024-09-18","isFullCredit":false},{"lineNumber":361,"author":{"gitId":"TheDinos"},"content":"    //Processes the different task types from txt file","lastModifiedDate":"2024-09-18","isFullCredit":false},{"lineNumber":362,"author":{"gitId":"TheDinos"},"content":"    private static void processFileTaskTypes(String[] taskDetails) throws InvalidFormatException {","lastModifiedDate":"2024-09-18","isFullCredit":false},{"lineNumber":363,"author":{"gitId":"TheDinos"},"content":"        String taskType \u003d taskDetails[0];","lastModifiedDate":"2024-09-18","isFullCredit":false},{"lineNumber":364,"author":{"gitId":"TheDinos"},"content":"","lastModifiedDate":"2024-09-18","isFullCredit":false},{"lineNumber":365,"author":{"gitId":"TheDinos"},"content":"        switch (taskType) {","lastModifiedDate":"2024-09-18","isFullCredit":false},{"lineNumber":366,"author":{"gitId":"TheDinos"},"content":"        case \"T\":","lastModifiedDate":"2024-09-18","isFullCredit":false},{"lineNumber":367,"author":{"gitId":"TheDinos"},"content":"            processFileTodo(taskDetails);","lastModifiedDate":"2024-09-18","isFullCredit":false},{"lineNumber":368,"author":{"gitId":"TheDinos"},"content":"            break;","lastModifiedDate":"2024-09-18","isFullCredit":false},{"lineNumber":369,"author":{"gitId":"TheDinos"},"content":"        case \"D\":","lastModifiedDate":"2024-09-18","isFullCredit":false},{"lineNumber":370,"author":{"gitId":"TheDinos"},"content":"            processFileDeadline(taskDetails);","lastModifiedDate":"2024-09-18","isFullCredit":false},{"lineNumber":371,"author":{"gitId":"TheDinos"},"content":"            break;","lastModifiedDate":"2024-09-18","isFullCredit":false},{"lineNumber":372,"author":{"gitId":"TheDinos"},"content":"        case \"E\":","lastModifiedDate":"2024-09-18","isFullCredit":false},{"lineNumber":373,"author":{"gitId":"TheDinos"},"content":"            processFileEvent(taskDetails);","lastModifiedDate":"2024-09-18","isFullCredit":false},{"lineNumber":374,"author":{"gitId":"TheDinos"},"content":"            break;","lastModifiedDate":"2024-09-18","isFullCredit":false},{"lineNumber":375,"author":{"gitId":"TheDinos"},"content":"        default:","lastModifiedDate":"2024-09-18","isFullCredit":false},{"lineNumber":376,"author":{"gitId":"TheDinos"},"content":"            throw new InvalidFormatException(\"Unknown task type\");","lastModifiedDate":"2024-09-18","isFullCredit":false},{"lineNumber":377,"author":{"gitId":"TheDinos"},"content":"        }","lastModifiedDate":"2024-09-15","isFullCredit":false},{"lineNumber":378,"author":{"gitId":"TheDinos"},"content":"    }","lastModifiedDate":"2024-09-15","isFullCredit":false},{"lineNumber":379,"author":{"gitId":"TheDinos"},"content":"","lastModifiedDate":"2024-09-15","isFullCredit":false},{"lineNumber":380,"author":{"gitId":"TheDinos"},"content":"    //Splits taskLine into the various fields","lastModifiedDate":"2024-09-18","isFullCredit":false},{"lineNumber":381,"author":{"gitId":"TheDinos"},"content":"    private static String[] getFileTaskDetails(String taskLine) throws InvalidFormatException {","lastModifiedDate":"2024-09-18","isFullCredit":false},{"lineNumber":382,"author":{"gitId":"TheDinos"},"content":"        String[] taskDetails \u003d taskLine.split(\"\\\\|\");","lastModifiedDate":"2024-09-15","isFullCredit":false},{"lineNumber":383,"author":{"gitId":"TheDinos"},"content":"","lastModifiedDate":"2024-09-15","isFullCredit":false},{"lineNumber":384,"author":{"gitId":"TheDinos"},"content":"        //Remove starting and trailing spaces, and check if the fields are empty","lastModifiedDate":"2024-09-15","isFullCredit":false},{"lineNumber":385,"author":{"gitId":"TheDinos"},"content":"        for(int i \u003d 0; i \u003c taskDetails.length; i++){","lastModifiedDate":"2024-09-15","isFullCredit":false},{"lineNumber":386,"author":{"gitId":"TheDinos"},"content":"            taskDetails[i] \u003d taskDetails[i].trim();","lastModifiedDate":"2024-09-15","isFullCredit":false},{"lineNumber":387,"author":{"gitId":"TheDinos"},"content":"            if(taskDetails[i].isEmpty()){","lastModifiedDate":"2024-09-15","isFullCredit":false},{"lineNumber":388,"author":{"gitId":"TheDinos"},"content":"                throw new InvalidFormatException(\"Empty task field\");","lastModifiedDate":"2024-09-18","isFullCredit":false},{"lineNumber":389,"author":{"gitId":"TheDinos"},"content":"            }","lastModifiedDate":"2024-09-15","isFullCredit":false},{"lineNumber":390,"author":{"gitId":"TheDinos"},"content":"        }","lastModifiedDate":"2024-09-15","isFullCredit":false},{"lineNumber":391,"author":{"gitId":"TheDinos"},"content":"        return taskDetails;","lastModifiedDate":"2024-09-18","isFullCredit":false},{"lineNumber":392,"author":{"gitId":"TheDinos"},"content":"    }","lastModifiedDate":"2024-09-18","isFullCredit":false},{"lineNumber":393,"author":{"gitId":"TheDinos"},"content":"","lastModifiedDate":"2024-09-18","isFullCredit":false},{"lineNumber":394,"author":{"gitId":"TheDinos"},"content":"    //Adds the task into the taskList if valid","lastModifiedDate":"2024-09-18","isFullCredit":false},{"lineNumber":395,"author":{"gitId":"TheDinos"},"content":"    private static void processFileTasks(String taskLine) {","lastModifiedDate":"2024-09-18","isFullCredit":false},{"lineNumber":396,"author":{"gitId":"TheDinos"},"content":"        try {","lastModifiedDate":"2024-09-18","isFullCredit":false},{"lineNumber":397,"author":{"gitId":"TheDinos"},"content":"            //Splits the taskDetails and ensures the fields are not empty","lastModifiedDate":"2024-09-18","isFullCredit":false},{"lineNumber":398,"author":{"gitId":"TheDinos"},"content":"            String[] taskDetails \u003d getFileTaskDetails(taskLine);","lastModifiedDate":"2024-09-18","isFullCredit":false},{"lineNumber":399,"author":{"gitId":"TheDinos"},"content":"","lastModifiedDate":"2024-09-15","isFullCredit":false},{"lineNumber":400,"author":{"gitId":"TheDinos"},"content":"            //Processes different the different task types and add them to taskList if valid","lastModifiedDate":"2024-09-18","isFullCredit":false},{"lineNumber":401,"author":{"gitId":"TheDinos"},"content":"            processFileTaskTypes(taskDetails);","lastModifiedDate":"2024-09-18","isFullCredit":false},{"lineNumber":402,"author":{"gitId":"TheDinos"},"content":"","lastModifiedDate":"2024-09-18","isFullCredit":false},{"lineNumber":403,"author":{"gitId":"TheDinos"},"content":"            if (taskDetails[1].equals(\"1\")) {","lastModifiedDate":"2024-09-18","isFullCredit":false},{"lineNumber":404,"author":{"gitId":"TheDinos"},"content":"                taskList.get(taskList.size() - 1).setIsDone(true);","lastModifiedDate":"2024-09-18","isFullCredit":false},{"lineNumber":405,"author":{"gitId":"TheDinos"},"content":"                System.out.println(taskList.get(taskList.size() - 1));","lastModifiedDate":"2024-09-18","isFullCredit":false},{"lineNumber":406,"author":{"gitId":"TheDinos"},"content":"            }","lastModifiedDate":"2024-09-15","isFullCredit":false},{"lineNumber":407,"author":{"gitId":"TheDinos"},"content":"        } catch (InvalidFormatException e) {","lastModifiedDate":"2024-09-18","isFullCredit":false},{"lineNumber":408,"author":{"gitId":"TheDinos"},"content":"            System.out.print(\"Invalid input error: \" + e.getMessage() + System.lineSeparator() +","lastModifiedDate":"2024-09-18","isFullCredit":false},{"lineNumber":409,"author":{"gitId":"TheDinos"},"content":"                    \"Input was: \" + taskLine);","lastModifiedDate":"2024-09-18","isFullCredit":false},{"lineNumber":410,"author":{"gitId":"TheDinos"},"content":"        }","lastModifiedDate":"2024-09-15","isFullCredit":false},{"lineNumber":411,"author":{"gitId":"TheDinos"},"content":"    }","lastModifiedDate":"2024-09-15","isFullCredit":false},{"lineNumber":412,"author":{"gitId":"TheDinos"},"content":"","lastModifiedDate":"2024-09-18","isFullCredit":false},{"lineNumber":413,"author":{"gitId":"TheDinos"},"content":"    //Creates txt task file if it doesn\u0027t exist, do nothing if it does","lastModifiedDate":"2024-09-18","isFullCredit":false},{"lineNumber":414,"author":{"gitId":"TheDinos"},"content":"    private static void createTaskFile(File taskFile) throws IOException {","lastModifiedDate":"2024-09-18","isFullCredit":false},{"lineNumber":415,"author":{"gitId":"TheDinos"},"content":"        taskFile.createNewFile();","lastModifiedDate":"2024-09-18","isFullCredit":false},{"lineNumber":416,"author":{"gitId":"TheDinos"},"content":"    }","lastModifiedDate":"2024-09-15","isFullCredit":false},{"lineNumber":417,"author":{"gitId":"TheDinos"},"content":"","lastModifiedDate":"2024-09-15","isFullCredit":false},{"lineNumber":418,"author":{"gitId":"TheDinos"},"content":"    //Creates \u0027data\u0027 directory in the root address if it doesn\u0027t exist, do nothing if it does","lastModifiedDate":"2024-09-18","isFullCredit":false},{"lineNumber":419,"author":{"gitId":"TheDinos"},"content":"    private static void createDataDirectory(File taskFile) {","lastModifiedDate":"2024-09-18","isFullCredit":false},{"lineNumber":420,"author":{"gitId":"TheDinos"},"content":"        File directory \u003d taskFile.getParentFile();","lastModifiedDate":"2024-09-18","isFullCredit":false},{"lineNumber":421,"author":{"gitId":"TheDinos"},"content":"        //Check if directory exists","lastModifiedDate":"2024-09-18","isFullCredit":false},{"lineNumber":422,"author":{"gitId":"TheDinos"},"content":"        if(!directory.exists()) {","lastModifiedDate":"2024-09-18","isFullCredit":false},{"lineNumber":423,"author":{"gitId":"TheDinos"},"content":"            directory.mkdirs();","lastModifiedDate":"2024-09-18","isFullCredit":false},{"lineNumber":424,"author":{"gitId":"TheDinos"},"content":"        }","lastModifiedDate":"2024-09-15","isFullCredit":false},{"lineNumber":425,"author":{"gitId":"TheDinos"},"content":"    }","lastModifiedDate":"2024-09-15","isFullCredit":false},{"lineNumber":426,"author":{"gitId":"TheDinos"},"content":"","lastModifiedDate":"2024-09-15","isFullCredit":false},{"lineNumber":427,"author":{"gitId":"TheDinos"},"content":"    //Load the tasks from the txt file into list here","lastModifiedDate":"2024-09-15","isFullCredit":false},{"lineNumber":428,"author":{"gitId":"TheDinos"},"content":"    private static void loadTaskList() throws IOException {","lastModifiedDate":"2024-09-18","isFullCredit":false},{"lineNumber":429,"author":{"gitId":"TheDinos"},"content":"        File taskFile \u003d new File(FILEPATH);","lastModifiedDate":"2024-09-15","isFullCredit":false},{"lineNumber":430,"author":{"gitId":"TheDinos"},"content":"","lastModifiedDate":"2024-09-15","isFullCredit":false},{"lineNumber":431,"author":{"gitId":"TheDinos"},"content":"        //Creates directory if it does not yet exist. Otherwise, it does nothing.","lastModifiedDate":"2024-09-18","isFullCredit":false},{"lineNumber":432,"author":{"gitId":"TheDinos"},"content":"        createDataDirectory(taskFile);","lastModifiedDate":"2024-09-18","isFullCredit":false},{"lineNumber":433,"author":{"gitId":"TheDinos"},"content":"","lastModifiedDate":"2024-09-18","isFullCredit":false},{"lineNumber":434,"author":{"gitId":"TheDinos"},"content":"        //Creates task file if it does not yet exist. Otherwise, it does nothing.","lastModifiedDate":"2024-09-18","isFullCredit":false},{"lineNumber":435,"author":{"gitId":"TheDinos"},"content":"        createTaskFile(taskFile);","lastModifiedDate":"2024-09-18","isFullCredit":false},{"lineNumber":436,"author":{"gitId":"TheDinos"},"content":"","lastModifiedDate":"2024-09-18","isFullCredit":false},{"lineNumber":437,"author":{"gitId":"TheDinos"},"content":"        Scanner fileScanner \u003d new Scanner(taskFile);","lastModifiedDate":"2024-09-18","isFullCredit":false},{"lineNumber":438,"author":{"gitId":"TheDinos"},"content":"        //Scans through all the lines in the txt file, and adds them to the taskList","lastModifiedDate":"2024-09-15","isFullCredit":false},{"lineNumber":439,"author":{"gitId":"TheDinos"},"content":"        while (fileScanner.hasNext()) {","lastModifiedDate":"2024-09-15","isFullCredit":false},{"lineNumber":440,"author":{"gitId":"TheDinos"},"content":"            processFileTasks(fileScanner.nextLine());","lastModifiedDate":"2024-09-18","isFullCredit":false},{"lineNumber":441,"author":{"gitId":"TheDinos"},"content":"        }","lastModifiedDate":"2024-09-15","isFullCredit":false},{"lineNumber":442,"author":{"gitId":"TheDinos"},"content":"    }","lastModifiedDate":"2024-09-15","isFullCredit":false},{"lineNumber":443,"author":{"gitId":"TheDinos"},"content":"","lastModifiedDate":"2024-09-15","isFullCredit":false},{"lineNumber":444,"author":{"gitId":"TheDinos"},"content":"    //Prints Intro text, runs the chatbot, prints the Exit text","lastModifiedDate":"2024-09-02","isFullCredit":false},{"lineNumber":445,"author":{"gitId":"TheDinos"},"content":"    public static void main(String[] args) throws IOException {","lastModifiedDate":"2024-09-18","isFullCredit":false},{"lineNumber":446,"author":{"gitId":"TheDinos"},"content":"        //Loads taskList from hard drive","lastModifiedDate":"2024-09-15","isFullCredit":false},{"lineNumber":447,"author":{"gitId":"TheDinos"},"content":"        loadTaskList();","lastModifiedDate":"2024-09-15","isFullCredit":false},{"lineNumber":448,"author":{"gitId":"TheDinos"},"content":"","lastModifiedDate":"2024-09-15","isFullCredit":false},{"lineNumber":449,"author":{"gitId":"TheDinos"},"content":"        System.out.print(introText);","lastModifiedDate":"2024-08-26","isFullCredit":false},{"lineNumber":450,"author":{"gitId":"TheDinos"},"content":"        runBot();","lastModifiedDate":"2024-09-02","isFullCredit":false},{"lineNumber":451,"author":{"gitId":"TheDinos"},"content":"        System.out.println(exitText);","lastModifiedDate":"2024-08-26","isFullCredit":false},{"lineNumber":452,"author":{"gitId":"TheDinos"},"content":"    }","lastModifiedDate":"2024-08-22","isFullCredit":false},{"lineNumber":453,"author":{"gitId":"TheDinos"},"content":"}","lastModifiedDate":"2024-08-22","isFullCredit":false}],"authorContributionMap":{"TheDinos":453}},{"path":"src/main/java/jeff/exception/InvalidFormatException.java","fileType":"java","lines":[{"lineNumber":1,"author":{"gitId":"TheDinos"},"content":"package jeff.exception;","lastModifiedDate":"2024-09-15","isFullCredit":false},{"lineNumber":2,"author":{"gitId":"TheDinos"},"content":"","lastModifiedDate":"2024-09-15","isFullCredit":false},{"lineNumber":3,"author":{"gitId":"TheDinos"},"content":"public class InvalidFormatException extends Exception {","lastModifiedDate":"2024-09-15","isFullCredit":false},{"lineNumber":4,"author":{"gitId":"TheDinos"},"content":"    //Lets the user know which task type caused the exception","lastModifiedDate":"2024-09-15","isFullCredit":false},{"lineNumber":5,"author":{"gitId":"TheDinos"},"content":"    public InvalidFormatException(String formatError) {","lastModifiedDate":"2024-09-15","isFullCredit":false},{"lineNumber":6,"author":{"gitId":"TheDinos"},"content":"        super(formatError);","lastModifiedDate":"2024-09-15","isFullCredit":false},{"lineNumber":7,"author":{"gitId":"TheDinos"},"content":"    }","lastModifiedDate":"2024-09-15","isFullCredit":false},{"lineNumber":8,"author":{"gitId":"TheDinos"},"content":"}","lastModifiedDate":"2024-09-15","isFullCredit":false}],"authorContributionMap":{"TheDinos":8}},{"path":"src/main/java/jeff/exception/TaskDescriptionException.java","fileType":"java","lines":[{"lineNumber":1,"author":{"gitId":"TheDinos"},"content":"package jeff.exception;","lastModifiedDate":"2024-09-10","isFullCredit":false},{"lineNumber":2,"author":{"gitId":"TheDinos"},"content":"","lastModifiedDate":"2024-09-10","isFullCredit":false},{"lineNumber":3,"author":{"gitId":"TheDinos"},"content":"public class TaskDescriptionException extends Exception{","lastModifiedDate":"2024-09-09","isFullCredit":false},{"lineNumber":4,"author":{"gitId":"TheDinos"},"content":"","lastModifiedDate":"2024-09-09","isFullCredit":false},{"lineNumber":5,"author":{"gitId":"TheDinos"},"content":"    //Lets the user know which task type caused the exception","lastModifiedDate":"2024-09-09","isFullCredit":false},{"lineNumber":6,"author":{"gitId":"TheDinos"},"content":"    public TaskDescriptionException(String taskType) {","lastModifiedDate":"2024-09-09","isFullCredit":false},{"lineNumber":7,"author":{"gitId":"TheDinos"},"content":"        super(taskType);","lastModifiedDate":"2024-09-09","isFullCredit":false},{"lineNumber":8,"author":{"gitId":"TheDinos"},"content":"    }","lastModifiedDate":"2024-09-09","isFullCredit":false},{"lineNumber":9,"author":{"gitId":"TheDinos"},"content":"}","lastModifiedDate":"2024-09-09","isFullCredit":false}],"authorContributionMap":{"TheDinos":9}},{"path":"src/main/java/jeff/exception/TaskFieldException.java","fileType":"java","lines":[{"lineNumber":1,"author":{"gitId":"TheDinos"},"content":"package jeff.exception;","lastModifiedDate":"2024-09-10","isFullCredit":false},{"lineNumber":2,"author":{"gitId":"TheDinos"},"content":"","lastModifiedDate":"2024-09-10","isFullCredit":false},{"lineNumber":3,"author":{"gitId":"TheDinos"},"content":"public class TaskFieldException extends Exception {","lastModifiedDate":"2024-09-09","isFullCredit":false},{"lineNumber":4,"author":{"gitId":"TheDinos"},"content":"","lastModifiedDate":"2024-09-09","isFullCredit":false},{"lineNumber":5,"author":{"gitId":"TheDinos"},"content":"    //Lets the user know which Task field is missing","lastModifiedDate":"2024-09-09","isFullCredit":false},{"lineNumber":6,"author":{"gitId":"TheDinos"},"content":"    public TaskFieldException(String missingField) {","lastModifiedDate":"2024-09-09","isFullCredit":false},{"lineNumber":7,"author":{"gitId":"TheDinos"},"content":"        super(missingField);","lastModifiedDate":"2024-09-09","isFullCredit":false},{"lineNumber":8,"author":{"gitId":"TheDinos"},"content":"    }","lastModifiedDate":"2024-09-09","isFullCredit":false},{"lineNumber":9,"author":{"gitId":"TheDinos"},"content":"}","lastModifiedDate":"2024-09-09","isFullCredit":false}],"authorContributionMap":{"TheDinos":9}},{"path":"src/main/java/jeff/task/Deadline.java","fileType":"java","lines":[{"lineNumber":1,"author":{"gitId":"TheDinos"},"content":"package jeff.task;","lastModifiedDate":"2024-09-10","isFullCredit":false},{"lineNumber":2,"author":{"gitId":"TheDinos"},"content":"","lastModifiedDate":"2024-09-10","isFullCredit":false},{"lineNumber":3,"author":{"gitId":"TheDinos"},"content":"public class Deadline extends Task {","lastModifiedDate":"2024-09-02","isFullCredit":false},{"lineNumber":4,"author":{"gitId":"TheDinos"},"content":"","lastModifiedDate":"2024-09-02","isFullCredit":false},{"lineNumber":5,"author":{"gitId":"TheDinos"},"content":"    protected String by;","lastModifiedDate":"2024-09-02","isFullCredit":false},{"lineNumber":6,"author":{"gitId":"TheDinos"},"content":"","lastModifiedDate":"2024-09-02","isFullCredit":false},{"lineNumber":7,"author":{"gitId":"TheDinos"},"content":"    public Deadline(String description, String by) {","lastModifiedDate":"2024-09-02","isFullCredit":false},{"lineNumber":8,"author":{"gitId":"TheDinos"},"content":"        super(description);","lastModifiedDate":"2024-09-02","isFullCredit":false},{"lineNumber":9,"author":{"gitId":"TheDinos"},"content":"        this.by \u003d by;","lastModifiedDate":"2024-09-02","isFullCredit":false},{"lineNumber":10,"author":{"gitId":"TheDinos"},"content":"    }","lastModifiedDate":"2024-09-02","isFullCredit":false},{"lineNumber":11,"author":{"gitId":"TheDinos"},"content":"","lastModifiedDate":"2024-09-02","isFullCredit":false},{"lineNumber":12,"author":{"gitId":"TheDinos"},"content":"    @Override","lastModifiedDate":"2024-09-15","isFullCredit":false},{"lineNumber":13,"author":{"gitId":"TheDinos"},"content":"    public String fileContent() {","lastModifiedDate":"2024-09-15","isFullCredit":false},{"lineNumber":14,"author":{"gitId":"TheDinos"},"content":"        return \"D\" + super.fileContent() + \" | \" + by;","lastModifiedDate":"2024-09-15","isFullCredit":false},{"lineNumber":15,"author":{"gitId":"TheDinos"},"content":"    }","lastModifiedDate":"2024-09-15","isFullCredit":false},{"lineNumber":16,"author":{"gitId":"TheDinos"},"content":"","lastModifiedDate":"2024-09-15","isFullCredit":false},{"lineNumber":17,"author":{"gitId":"TheDinos"},"content":"    @Override","lastModifiedDate":"2024-09-02","isFullCredit":false},{"lineNumber":18,"author":{"gitId":"TheDinos"},"content":"    public String toString() {","lastModifiedDate":"2024-09-02","isFullCredit":false},{"lineNumber":19,"author":{"gitId":"TheDinos"},"content":"        return \"[D]\" + super.toString() + \" (by: \" + by + \")\";","lastModifiedDate":"2024-09-02","isFullCredit":false},{"lineNumber":20,"author":{"gitId":"TheDinos"},"content":"    }","lastModifiedDate":"2024-09-02","isFullCredit":false},{"lineNumber":21,"author":{"gitId":"TheDinos"},"content":"}","lastModifiedDate":"2024-09-02","isFullCredit":false}],"authorContributionMap":{"TheDinos":21}},{"path":"src/main/java/jeff/task/Event.java","fileType":"java","lines":[{"lineNumber":1,"author":{"gitId":"TheDinos"},"content":"package jeff.task;","lastModifiedDate":"2024-09-10","isFullCredit":false},{"lineNumber":2,"author":{"gitId":"TheDinos"},"content":"","lastModifiedDate":"2024-09-10","isFullCredit":false},{"lineNumber":3,"author":{"gitId":"TheDinos"},"content":"public class Event extends Task{","lastModifiedDate":"2024-09-02","isFullCredit":false},{"lineNumber":4,"author":{"gitId":"TheDinos"},"content":"    protected String from;","lastModifiedDate":"2024-09-02","isFullCredit":false},{"lineNumber":5,"author":{"gitId":"TheDinos"},"content":"    protected String to;","lastModifiedDate":"2024-09-02","isFullCredit":false},{"lineNumber":6,"author":{"gitId":"TheDinos"},"content":"","lastModifiedDate":"2024-09-02","isFullCredit":false},{"lineNumber":7,"author":{"gitId":"TheDinos"},"content":"    public Event(String description, String from, String to) {","lastModifiedDate":"2024-09-02","isFullCredit":false},{"lineNumber":8,"author":{"gitId":"TheDinos"},"content":"        super(description);","lastModifiedDate":"2024-09-02","isFullCredit":false},{"lineNumber":9,"author":{"gitId":"TheDinos"},"content":"        this.from \u003d from;","lastModifiedDate":"2024-09-02","isFullCredit":false},{"lineNumber":10,"author":{"gitId":"TheDinos"},"content":"        this.to \u003d to;","lastModifiedDate":"2024-09-02","isFullCredit":false},{"lineNumber":11,"author":{"gitId":"TheDinos"},"content":"    }","lastModifiedDate":"2024-09-02","isFullCredit":false},{"lineNumber":12,"author":{"gitId":"TheDinos"},"content":"","lastModifiedDate":"2024-09-02","isFullCredit":false},{"lineNumber":13,"author":{"gitId":"TheDinos"},"content":"    @Override","lastModifiedDate":"2024-09-15","isFullCredit":false},{"lineNumber":14,"author":{"gitId":"TheDinos"},"content":"    public String fileContent() {","lastModifiedDate":"2024-09-15","isFullCredit":false},{"lineNumber":15,"author":{"gitId":"TheDinos"},"content":"        return \"E\" + super.fileContent() + \" | \" + from + \" | \" + to;","lastModifiedDate":"2024-09-15","isFullCredit":false},{"lineNumber":16,"author":{"gitId":"TheDinos"},"content":"    }","lastModifiedDate":"2024-09-15","isFullCredit":false},{"lineNumber":17,"author":{"gitId":"TheDinos"},"content":"","lastModifiedDate":"2024-09-15","isFullCredit":false},{"lineNumber":18,"author":{"gitId":"TheDinos"},"content":"    @Override","lastModifiedDate":"2024-09-02","isFullCredit":false},{"lineNumber":19,"author":{"gitId":"TheDinos"},"content":"    public String toString() {","lastModifiedDate":"2024-09-02","isFullCredit":false},{"lineNumber":20,"author":{"gitId":"TheDinos"},"content":"        return \"[E]\" + super.toString() + \" (from: \" + from + \" to: \" + to + \")\";","lastModifiedDate":"2024-09-02","isFullCredit":false},{"lineNumber":21,"author":{"gitId":"TheDinos"},"content":"    }","lastModifiedDate":"2024-09-02","isFullCredit":false},{"lineNumber":22,"author":{"gitId":"TheDinos"},"content":"}","lastModifiedDate":"2024-09-02","isFullCredit":false}],"authorContributionMap":{"TheDinos":22}},{"path":"src/main/java/jeff/task/Task.java","fileType":"java","lines":[{"lineNumber":1,"author":{"gitId":"TheDinos"},"content":"package jeff.task;","lastModifiedDate":"2024-09-10","isFullCredit":false},{"lineNumber":2,"author":{"gitId":"TheDinos"},"content":"","lastModifiedDate":"2024-09-10","isFullCredit":false},{"lineNumber":3,"author":{"gitId":"TheDinos"},"content":"public class Task {","lastModifiedDate":"2024-08-26","isFullCredit":false},{"lineNumber":4,"author":{"gitId":"TheDinos"},"content":"","lastModifiedDate":"2024-09-08","isFullCredit":false},{"lineNumber":5,"author":{"gitId":"TheDinos"},"content":"    protected String description;","lastModifiedDate":"2024-08-26","isFullCredit":false},{"lineNumber":6,"author":{"gitId":"TheDinos"},"content":"    private boolean isDone;","lastModifiedDate":"2024-09-10","isFullCredit":false},{"lineNumber":7,"author":{"gitId":"TheDinos"},"content":"","lastModifiedDate":"2024-08-26","isFullCredit":false},{"lineNumber":8,"author":{"gitId":"TheDinos"},"content":"    Task(String description) { //Constructor","lastModifiedDate":"2024-08-26","isFullCredit":false},{"lineNumber":9,"author":{"gitId":"TheDinos"},"content":"        this.description \u003d description;","lastModifiedDate":"2024-08-26","isFullCredit":false},{"lineNumber":10,"author":{"gitId":"TheDinos"},"content":"        this.isDone \u003d false;","lastModifiedDate":"2024-08-26","isFullCredit":false},{"lineNumber":11,"author":{"gitId":"TheDinos"},"content":"    }","lastModifiedDate":"2024-08-26","isFullCredit":false},{"lineNumber":12,"author":{"gitId":"TheDinos"},"content":"","lastModifiedDate":"2024-08-26","isFullCredit":false},{"lineNumber":13,"author":{"gitId":"TheDinos"},"content":"    public String getStatusIcon() { //Returns X or \" \" depending on completion status","lastModifiedDate":"2024-08-26","isFullCredit":false},{"lineNumber":14,"author":{"gitId":"TheDinos"},"content":"        return (isDone ? \"X\" : \" \"); // mark done task with X","lastModifiedDate":"2024-08-26","isFullCredit":false},{"lineNumber":15,"author":{"gitId":"TheDinos"},"content":"    }","lastModifiedDate":"2024-08-26","isFullCredit":false},{"lineNumber":16,"author":{"gitId":"TheDinos"},"content":"","lastModifiedDate":"2024-08-26","isFullCredit":false},{"lineNumber":17,"author":{"gitId":"TheDinos"},"content":"    public int getStatusNumber(){ //Returns 1 if task is marked as finished","lastModifiedDate":"2024-09-15","isFullCredit":false},{"lineNumber":18,"author":{"gitId":"TheDinos"},"content":"        return (isDone ? 1 : 0);","lastModifiedDate":"2024-09-15","isFullCredit":false},{"lineNumber":19,"author":{"gitId":"TheDinos"},"content":"    }","lastModifiedDate":"2024-09-15","isFullCredit":false},{"lineNumber":20,"author":{"gitId":"TheDinos"},"content":"","lastModifiedDate":"2024-09-15","isFullCredit":false},{"lineNumber":21,"author":{"gitId":"TheDinos"},"content":"    public void setIsDone(boolean isDone) {","lastModifiedDate":"2024-08-26","isFullCredit":false},{"lineNumber":22,"author":{"gitId":"TheDinos"},"content":"        this.isDone \u003d isDone;","lastModifiedDate":"2024-08-26","isFullCredit":false},{"lineNumber":23,"author":{"gitId":"TheDinos"},"content":"    }","lastModifiedDate":"2024-08-26","isFullCredit":false},{"lineNumber":24,"author":{"gitId":"TheDinos"},"content":"","lastModifiedDate":"2024-08-26","isFullCredit":false},{"lineNumber":25,"author":{"gitId":"TheDinos"},"content":"    public String getDescription() {","lastModifiedDate":"2024-08-26","isFullCredit":false},{"lineNumber":26,"author":{"gitId":"TheDinos"},"content":"        return description;","lastModifiedDate":"2024-08-26","isFullCredit":false},{"lineNumber":27,"author":{"gitId":"TheDinos"},"content":"    }","lastModifiedDate":"2024-08-26","isFullCredit":false},{"lineNumber":28,"author":{"gitId":"TheDinos"},"content":"","lastModifiedDate":"2024-08-26","isFullCredit":false},{"lineNumber":29,"author":{"gitId":"TheDinos"},"content":"    public String fileContent(){","lastModifiedDate":"2024-09-15","isFullCredit":false},{"lineNumber":30,"author":{"gitId":"TheDinos"},"content":"        return \" | \" + getStatusNumber() + \" | \" + description;","lastModifiedDate":"2024-09-15","isFullCredit":false},{"lineNumber":31,"author":{"gitId":"TheDinos"},"content":"    }","lastModifiedDate":"2024-09-15","isFullCredit":false},{"lineNumber":32,"author":{"gitId":"TheDinos"},"content":"","lastModifiedDate":"2024-09-15","isFullCredit":false},{"lineNumber":33,"author":{"gitId":"TheDinos"},"content":"    @Override","lastModifiedDate":"2024-09-02","isFullCredit":false},{"lineNumber":34,"author":{"gitId":"TheDinos"},"content":"    public String toString() {","lastModifiedDate":"2024-09-02","isFullCredit":false},{"lineNumber":35,"author":{"gitId":"TheDinos"},"content":"        return  \"[\" + getStatusIcon() + \"] \" + description;","lastModifiedDate":"2024-09-02","isFullCredit":false},{"lineNumber":36,"author":{"gitId":"TheDinos"},"content":"    }","lastModifiedDate":"2024-09-02","isFullCredit":false},{"lineNumber":37,"author":{"gitId":"TheDinos"},"content":"}","lastModifiedDate":"2024-08-26","isFullCredit":false}],"authorContributionMap":{"TheDinos":37}},{"path":"src/main/java/jeff/task/Todo.java","fileType":"java","lines":[{"lineNumber":1,"author":{"gitId":"TheDinos"},"content":"package jeff.task;","lastModifiedDate":"2024-09-10","isFullCredit":false},{"lineNumber":2,"author":{"gitId":"TheDinos"},"content":"","lastModifiedDate":"2024-09-10","isFullCredit":false},{"lineNumber":3,"author":{"gitId":"TheDinos"},"content":"public class Todo extends Task {","lastModifiedDate":"2024-09-02","isFullCredit":false},{"lineNumber":4,"author":{"gitId":"TheDinos"},"content":"","lastModifiedDate":"2024-09-02","isFullCredit":false},{"lineNumber":5,"author":{"gitId":"TheDinos"},"content":"    public Todo(String description) {","lastModifiedDate":"2024-09-02","isFullCredit":false},{"lineNumber":6,"author":{"gitId":"TheDinos"},"content":"        super(description);","lastModifiedDate":"2024-09-02","isFullCredit":false},{"lineNumber":7,"author":{"gitId":"TheDinos"},"content":"    }","lastModifiedDate":"2024-09-02","isFullCredit":false},{"lineNumber":8,"author":{"gitId":"TheDinos"},"content":"","lastModifiedDate":"2024-09-02","isFullCredit":false},{"lineNumber":9,"author":{"gitId":"TheDinos"},"content":"    @Override","lastModifiedDate":"2024-09-15","isFullCredit":false},{"lineNumber":10,"author":{"gitId":"TheDinos"},"content":"    public String fileContent() {","lastModifiedDate":"2024-09-15","isFullCredit":false},{"lineNumber":11,"author":{"gitId":"TheDinos"},"content":"        return \"T\" + super.fileContent();","lastModifiedDate":"2024-09-15","isFullCredit":false},{"lineNumber":12,"author":{"gitId":"TheDinos"},"content":"    }","lastModifiedDate":"2024-09-15","isFullCredit":false},{"lineNumber":13,"author":{"gitId":"TheDinos"},"content":"","lastModifiedDate":"2024-09-15","isFullCredit":false},{"lineNumber":14,"author":{"gitId":"TheDinos"},"content":"    @Override","lastModifiedDate":"2024-09-02","isFullCredit":false},{"lineNumber":15,"author":{"gitId":"TheDinos"},"content":"    public String toString() {","lastModifiedDate":"2024-09-02","isFullCredit":false},{"lineNumber":16,"author":{"gitId":"TheDinos"},"content":"        return \"[T]\" + super.toString();","lastModifiedDate":"2024-09-02","isFullCredit":false},{"lineNumber":17,"author":{"gitId":"TheDinos"},"content":"    }","lastModifiedDate":"2024-09-02","isFullCredit":false},{"lineNumber":18,"author":{"gitId":"TheDinos"},"content":"}","lastModifiedDate":"2024-09-02","isFullCredit":false},{"lineNumber":19,"author":{"gitId":"TheDinos"},"content":"","lastModifiedDate":"2024-09-02","isFullCredit":false}],"authorContributionMap":{"TheDinos":19}},{"path":"text-ui-test/input.txt","fileType":"txt","lines":[{"lineNumber":1,"author":{"gitId":"TheDinos"},"content":"list","lastModifiedDate":"2024-09-02","isFullCredit":false},{"lineNumber":2,"author":{"gitId":"TheDinos"},"content":"todo somestuff 2","lastModifiedDate":"2024-09-02","isFullCredit":false},{"lineNumber":3,"author":{"gitId":"TheDinos"},"content":"list","lastModifiedDate":"2024-09-02","isFullCredit":false},{"lineNumber":4,"author":{"gitId":"TheDinos"},"content":"deadline itsimportant rly /by sunday 2pm","lastModifiedDate":"2024-09-02","isFullCredit":false},{"lineNumber":5,"author":{"gitId":"TheDinos"},"content":"list","lastModifiedDate":"2024-09-02","isFullCredit":false},{"lineNumber":6,"author":{"gitId":"TheDinos"},"content":"event somewhat important 2 /from 2938 monday /to 123 sunday 19","lastModifiedDate":"2024-09-02","isFullCredit":false},{"lineNumber":7,"author":{"gitId":"TheDinos"},"content":"list","lastModifiedDate":"2024-09-02","isFullCredit":false},{"lineNumber":8,"author":{"gitId":"TheDinos"},"content":"mark 1","lastModifiedDate":"2024-09-02","isFullCredit":false},{"lineNumber":9,"author":{"gitId":"TheDinos"},"content":"mark 3","lastModifiedDate":"2024-09-02","isFullCredit":false},{"lineNumber":10,"author":{"gitId":"TheDinos"},"content":"list","lastModifiedDate":"2024-09-02","isFullCredit":false},{"lineNumber":11,"author":{"gitId":"TheDinos"},"content":"unmark 3","lastModifiedDate":"2024-09-02","isFullCredit":false},{"lineNumber":12,"author":{"gitId":"TheDinos"},"content":"list","lastModifiedDate":"2024-09-02","isFullCredit":false},{"lineNumber":13,"author":{"gitId":"TheDinos"},"content":"unmark 1","lastModifiedDate":"2024-09-02","isFullCredit":false},{"lineNumber":14,"author":{"gitId":"TheDinos"},"content":"list","lastModifiedDate":"2024-09-02","isFullCredit":false}],"authorContributionMap":{"TheDinos":14}},{"path":"text-ui-test/runtest.bat","fileType":"bat","lines":[{"lineNumber":1,"author":{"gitId":"-"},"content":"@ECHO OFF","lastModifiedDate":"2020-05-25","isFullCredit":false},{"lineNumber":2,"author":{"gitId":"-"},"content":"","lastModifiedDate":"2020-05-25","isFullCredit":false},{"lineNumber":3,"author":{"gitId":"-"},"content":"REM create bin directory if it doesn\u0027t exist","lastModifiedDate":"2020-05-25","isFullCredit":false},{"lineNumber":4,"author":{"gitId":"-"},"content":"if not exist ..\\bin mkdir ..\\bin","lastModifiedDate":"2020-05-25","isFullCredit":false},{"lineNumber":5,"author":{"gitId":"-"},"content":"","lastModifiedDate":"2020-05-25","isFullCredit":false},{"lineNumber":6,"author":{"gitId":"-"},"content":"REM delete output from previous run","lastModifiedDate":"2020-05-25","isFullCredit":false},{"lineNumber":7,"author":{"gitId":"-"},"content":"if exist ACTUAL.TXT del ACTUAL.TXT","lastModifiedDate":"2020-08-25","isFullCredit":false},{"lineNumber":8,"author":{"gitId":"-"},"content":"","lastModifiedDate":"2020-05-25","isFullCredit":false},{"lineNumber":9,"author":{"gitId":"-"},"content":"REM compile the code into the bin folder","lastModifiedDate":"2020-05-25","isFullCredit":false},{"lineNumber":10,"author":{"gitId":"TheDinos"},"content":"javac  -cp ..\\src\\main\\java -Xlint:none -d ..\\bin ..\\src\\main\\java\\jeff\\*.java","lastModifiedDate":"2024-09-10","isFullCredit":false},{"lineNumber":11,"author":{"gitId":"-"},"content":"IF ERRORLEVEL 1 (","lastModifiedDate":"2020-05-25","isFullCredit":false},{"lineNumber":12,"author":{"gitId":"-"},"content":"    echo ********** BUILD FAILURE **********","lastModifiedDate":"2020-05-25","isFullCredit":false},{"lineNumber":13,"author":{"gitId":"-"},"content":"    exit /b 1","lastModifiedDate":"2020-05-25","isFullCredit":false},{"lineNumber":14,"author":{"gitId":"-"},"content":")","lastModifiedDate":"2020-05-25","isFullCredit":false},{"lineNumber":15,"author":{"gitId":"-"},"content":"REM no error here, errorlevel \u003d\u003d 0","lastModifiedDate":"2020-05-25","isFullCredit":false},{"lineNumber":16,"author":{"gitId":"-"},"content":"","lastModifiedDate":"2020-05-25","isFullCredit":false},{"lineNumber":17,"author":{"gitId":"-"},"content":"REM run the program, feed commands from input.txt file and redirect the output to the ACTUAL.TXT","lastModifiedDate":"2020-05-25","isFullCredit":false},{"lineNumber":18,"author":{"gitId":"TheDinos"},"content":"java -classpath ..\\bin Jeff \u003c input.txt \u003e ACTUAL.TXT","lastModifiedDate":"2024-09-02","isFullCredit":false},{"lineNumber":19,"author":{"gitId":"-"},"content":"","lastModifiedDate":"2020-05-25","isFullCredit":false},{"lineNumber":20,"author":{"gitId":"-"},"content":"REM compare the output to the expected output","lastModifiedDate":"2020-05-25","isFullCredit":false},{"lineNumber":21,"author":{"gitId":"-"},"content":"FC ACTUAL.TXT EXPECTED.TXT","lastModifiedDate":"2020-05-25","isFullCredit":false}],"authorContributionMap":{"TheDinos":2,"-":19}}]
