[{"path":"src/main/java/Deadline.java","fileType":"java","lines":[{"lineNumber":1,"author":{"gitId":"TheDinos"},"content":"public class Deadline extends Task {","lastModifiedDate":"2024-09-02","isFullCredit":false},{"lineNumber":2,"author":{"gitId":"TheDinos"},"content":"","lastModifiedDate":"2024-09-02","isFullCredit":false},{"lineNumber":3,"author":{"gitId":"TheDinos"},"content":"    protected String by;","lastModifiedDate":"2024-09-02","isFullCredit":false},{"lineNumber":4,"author":{"gitId":"TheDinos"},"content":"","lastModifiedDate":"2024-09-02","isFullCredit":false},{"lineNumber":5,"author":{"gitId":"TheDinos"},"content":"    public Deadline(String description, String by) {","lastModifiedDate":"2024-09-02","isFullCredit":false},{"lineNumber":6,"author":{"gitId":"TheDinos"},"content":"        super(description);","lastModifiedDate":"2024-09-02","isFullCredit":false},{"lineNumber":7,"author":{"gitId":"TheDinos"},"content":"        this.by \u003d by;","lastModifiedDate":"2024-09-02","isFullCredit":false},{"lineNumber":8,"author":{"gitId":"TheDinos"},"content":"    }","lastModifiedDate":"2024-09-02","isFullCredit":false},{"lineNumber":9,"author":{"gitId":"TheDinos"},"content":"","lastModifiedDate":"2024-09-02","isFullCredit":false},{"lineNumber":10,"author":{"gitId":"TheDinos"},"content":"    @Override","lastModifiedDate":"2024-09-02","isFullCredit":false},{"lineNumber":11,"author":{"gitId":"TheDinos"},"content":"    public String toString() {","lastModifiedDate":"2024-09-02","isFullCredit":false},{"lineNumber":12,"author":{"gitId":"TheDinos"},"content":"        return \"[D]\" + super.toString() + \" (by: \" + by + \")\";","lastModifiedDate":"2024-09-02","isFullCredit":false},{"lineNumber":13,"author":{"gitId":"TheDinos"},"content":"    }","lastModifiedDate":"2024-09-02","isFullCredit":false},{"lineNumber":14,"author":{"gitId":"TheDinos"},"content":"}","lastModifiedDate":"2024-09-02","isFullCredit":false}],"authorContributionMap":{"TheDinos":14}},{"path":"src/main/java/Event.java","fileType":"java","lines":[{"lineNumber":1,"author":{"gitId":"TheDinos"},"content":"public class Event extends Task{","lastModifiedDate":"2024-09-02","isFullCredit":false},{"lineNumber":2,"author":{"gitId":"TheDinos"},"content":"    protected String from;","lastModifiedDate":"2024-09-02","isFullCredit":false},{"lineNumber":3,"author":{"gitId":"TheDinos"},"content":"    protected String to;","lastModifiedDate":"2024-09-02","isFullCredit":false},{"lineNumber":4,"author":{"gitId":"TheDinos"},"content":"","lastModifiedDate":"2024-09-02","isFullCredit":false},{"lineNumber":5,"author":{"gitId":"TheDinos"},"content":"    public Event(String description, String from, String to) {","lastModifiedDate":"2024-09-02","isFullCredit":false},{"lineNumber":6,"author":{"gitId":"TheDinos"},"content":"        super(description);","lastModifiedDate":"2024-09-02","isFullCredit":false},{"lineNumber":7,"author":{"gitId":"TheDinos"},"content":"        this.from \u003d from;","lastModifiedDate":"2024-09-02","isFullCredit":false},{"lineNumber":8,"author":{"gitId":"TheDinos"},"content":"        this.to \u003d to;","lastModifiedDate":"2024-09-02","isFullCredit":false},{"lineNumber":9,"author":{"gitId":"TheDinos"},"content":"    }","lastModifiedDate":"2024-09-02","isFullCredit":false},{"lineNumber":10,"author":{"gitId":"TheDinos"},"content":"","lastModifiedDate":"2024-09-02","isFullCredit":false},{"lineNumber":11,"author":{"gitId":"TheDinos"},"content":"    @Override","lastModifiedDate":"2024-09-02","isFullCredit":false},{"lineNumber":12,"author":{"gitId":"TheDinos"},"content":"    public String toString() {","lastModifiedDate":"2024-09-02","isFullCredit":false},{"lineNumber":13,"author":{"gitId":"TheDinos"},"content":"        return \"[E]\" + super.toString() + \" (from: \" + from + \" to: \" + to + \")\";","lastModifiedDate":"2024-09-02","isFullCredit":false},{"lineNumber":14,"author":{"gitId":"TheDinos"},"content":"    }","lastModifiedDate":"2024-09-02","isFullCredit":false},{"lineNumber":15,"author":{"gitId":"TheDinos"},"content":"}","lastModifiedDate":"2024-09-02","isFullCredit":false}],"authorContributionMap":{"TheDinos":15}},{"path":"src/main/java/Jeff.java","fileType":"java","lines":[{"lineNumber":1,"author":{"gitId":"TheDinos"},"content":"import java.util.Scanner;","lastModifiedDate":"2024-08-26","isFullCredit":false},{"lineNumber":2,"author":{"gitId":"TheDinos"},"content":"import java.util.Random;","lastModifiedDate":"2024-08-26","isFullCredit":false},{"lineNumber":3,"author":{"gitId":"TheDinos"},"content":"","lastModifiedDate":"2024-08-26","isFullCredit":false},{"lineNumber":4,"author":{"gitId":"TheDinos"},"content":"public class Jeff {","lastModifiedDate":"2024-08-22","isFullCredit":false},{"lineNumber":5,"author":{"gitId":"TheDinos"},"content":"","lastModifiedDate":"2024-08-26","isFullCredit":false},{"lineNumber":6,"author":{"gitId":"TheDinos"},"content":"    //Constants","lastModifiedDate":"2024-09-02","isFullCredit":false},{"lineNumber":7,"author":{"gitId":"TheDinos"},"content":"    public static final String DIVIDER \u003d \"____________________________________________________________\";","lastModifiedDate":"2024-09-02","isFullCredit":false},{"lineNumber":8,"author":{"gitId":"TheDinos"},"content":"    public static final String  introText \u003d \"\"\"","lastModifiedDate":"2024-09-02","isFullCredit":false},{"lineNumber":9,"author":{"gitId":"TheDinos"},"content":"                ____________________________________________________________","lastModifiedDate":"2024-09-02","isFullCredit":false},{"lineNumber":10,"author":{"gitId":"TheDinos"},"content":"                Hello! I\u0027m JEFF!!!","lastModifiedDate":"2024-09-02","isFullCredit":false},{"lineNumber":11,"author":{"gitId":"TheDinos"},"content":"                ","lastModifiedDate":"2024-09-02","isFullCredit":false},{"lineNumber":12,"author":{"gitId":"TheDinos"},"content":"                Here are the type of tasks I can track!!!","lastModifiedDate":"2024-09-02","isFullCredit":false},{"lineNumber":13,"author":{"gitId":"TheDinos"},"content":"                \u0027todo [description]\u0027","lastModifiedDate":"2024-09-02","isFullCredit":false},{"lineNumber":14,"author":{"gitId":"TheDinos"},"content":"                \u0027deadline [description] /by [some date]\u0027","lastModifiedDate":"2024-09-02","isFullCredit":false},{"lineNumber":15,"author":{"gitId":"TheDinos"},"content":"                \u0027event [description] /from [some date] /to [some date]\u0027","lastModifiedDate":"2024-09-02","isFullCredit":false},{"lineNumber":16,"author":{"gitId":"TheDinos"},"content":"                ","lastModifiedDate":"2024-09-02","isFullCredit":false},{"lineNumber":17,"author":{"gitId":"TheDinos"},"content":"                List of commands I support!!!!","lastModifiedDate":"2024-09-02","isFullCredit":false},{"lineNumber":18,"author":{"gitId":"TheDinos"},"content":"                Type \u0027list\u0027 to display everything you\u0027ve said!","lastModifiedDate":"2024-09-02","isFullCredit":false},{"lineNumber":19,"author":{"gitId":"TheDinos"},"content":"                Type \u0027mark\u0027/\u0027unmark\u0027 to change the status of inputted tasks!","lastModifiedDate":"2024-09-02","isFullCredit":false},{"lineNumber":20,"author":{"gitId":"TheDinos"},"content":"                Type \u0027bye\u0027 to exit!","lastModifiedDate":"2024-09-02","isFullCredit":false},{"lineNumber":21,"author":{"gitId":"TheDinos"},"content":"                ","lastModifiedDate":"2024-09-02","isFullCredit":false},{"lineNumber":22,"author":{"gitId":"TheDinos"},"content":"                If you give me nonsense, I will echo whatever you say!","lastModifiedDate":"2024-09-02","isFullCredit":false},{"lineNumber":23,"author":{"gitId":"TheDinos"},"content":"                Buuuuttt with random capitalisation!","lastModifiedDate":"2024-09-02","isFullCredit":false},{"lineNumber":24,"author":{"gitId":"TheDinos"},"content":"                ____________________________________________________________","lastModifiedDate":"2024-09-02","isFullCredit":false},{"lineNumber":25,"author":{"gitId":"TheDinos"},"content":"                \"\"\";","lastModifiedDate":"2024-09-02","isFullCredit":false},{"lineNumber":26,"author":{"gitId":"TheDinos"},"content":"","lastModifiedDate":"2024-09-02","isFullCredit":false},{"lineNumber":27,"author":{"gitId":"TheDinos"},"content":"    public static final String exitText \u003d \"\"\"","lastModifiedDate":"2024-09-02","isFullCredit":false},{"lineNumber":28,"author":{"gitId":"TheDinos"},"content":"                ____________________________________________________________","lastModifiedDate":"2024-09-02","isFullCredit":false},{"lineNumber":29,"author":{"gitId":"TheDinos"},"content":"                Bye. Hope to see you again soon!","lastModifiedDate":"2024-09-02","isFullCredit":false},{"lineNumber":30,"author":{"gitId":"TheDinos"},"content":"                ____________________________________________________________","lastModifiedDate":"2024-09-02","isFullCredit":false},{"lineNumber":31,"author":{"gitId":"TheDinos"},"content":"                \"\"\";","lastModifiedDate":"2024-09-02","isFullCredit":false},{"lineNumber":32,"author":{"gitId":"TheDinos"},"content":"    public static final int TODO_LENGTH \u003d 5;","lastModifiedDate":"2024-09-02","isFullCredit":false},{"lineNumber":33,"author":{"gitId":"TheDinos"},"content":"    public static final int DEADLINE_LENGTH \u003d 9;","lastModifiedDate":"2024-09-02","isFullCredit":false},{"lineNumber":34,"author":{"gitId":"TheDinos"},"content":"    public static final int EVENT_LENGTH \u003d 6;","lastModifiedDate":"2024-09-02","isFullCredit":false},{"lineNumber":35,"author":{"gitId":"TheDinos"},"content":"    public static final int SLASH_BY_LENGTH \u003d 4;","lastModifiedDate":"2024-09-02","isFullCredit":false},{"lineNumber":36,"author":{"gitId":"TheDinos"},"content":"    public static final int SLASH_FROM_LENGTH \u003d 6;","lastModifiedDate":"2024-09-02","isFullCredit":false},{"lineNumber":37,"author":{"gitId":"TheDinos"},"content":"    public static final int SLASH_TO_LENGTH \u003d 4;","lastModifiedDate":"2024-09-02","isFullCredit":false},{"lineNumber":38,"author":{"gitId":"TheDinos"},"content":"","lastModifiedDate":"2024-09-02","isFullCredit":false},{"lineNumber":39,"author":{"gitId":"TheDinos"},"content":"    //Randomly capitalises strings in echo","lastModifiedDate":"2024-09-02","isFullCredit":false},{"lineNumber":40,"author":{"gitId":"TheDinos"},"content":"    private static String randomlyCapitalise(String line){ //Randomly capitalizes a string","lastModifiedDate":"2024-08-26","isFullCredit":false},{"lineNumber":41,"author":{"gitId":"TheDinos"},"content":"        Random randomBool \u003d new Random();","lastModifiedDate":"2024-08-26","isFullCredit":false},{"lineNumber":42,"author":{"gitId":"TheDinos"},"content":"        StringBuilder randomString \u003d new StringBuilder(line.length());","lastModifiedDate":"2024-08-26","isFullCredit":false},{"lineNumber":43,"author":{"gitId":"TheDinos"},"content":"        for(int i \u003d 0; i \u003c line.length(); i++){","lastModifiedDate":"2024-08-26","isFullCredit":false},{"lineNumber":44,"author":{"gitId":"TheDinos"},"content":"            if(randomBool.nextBoolean()) {","lastModifiedDate":"2024-08-26","isFullCredit":false},{"lineNumber":45,"author":{"gitId":"TheDinos"},"content":"                randomString.append(Character.toUpperCase(line.charAt(i)));","lastModifiedDate":"2024-08-26","isFullCredit":false},{"lineNumber":46,"author":{"gitId":"TheDinos"},"content":"            } else {","lastModifiedDate":"2024-08-26","isFullCredit":false},{"lineNumber":47,"author":{"gitId":"TheDinos"},"content":"                randomString.append(Character.toLowerCase(line.charAt(i)));","lastModifiedDate":"2024-08-26","isFullCredit":false},{"lineNumber":48,"author":{"gitId":"TheDinos"},"content":"            }","lastModifiedDate":"2024-08-26","isFullCredit":false},{"lineNumber":49,"author":{"gitId":"TheDinos"},"content":"        }","lastModifiedDate":"2024-08-26","isFullCredit":false},{"lineNumber":50,"author":{"gitId":"TheDinos"},"content":"        return randomString.toString();","lastModifiedDate":"2024-08-26","isFullCredit":false},{"lineNumber":51,"author":{"gitId":"TheDinos"},"content":"    }","lastModifiedDate":"2024-08-26","isFullCredit":false},{"lineNumber":52,"author":{"gitId":"TheDinos"},"content":"","lastModifiedDate":"2024-08-26","isFullCredit":false},{"lineNumber":53,"author":{"gitId":"TheDinos"},"content":"    //Prints out lists of tasks","lastModifiedDate":"2024-09-02","isFullCredit":false},{"lineNumber":54,"author":{"gitId":"TheDinos"},"content":"    public static void printList(){","lastModifiedDate":"2024-09-02","isFullCredit":false},{"lineNumber":55,"author":{"gitId":"TheDinos"},"content":"        for(int i \u003d 1; i \u003c\u003d Task.getCount(); i++){","lastModifiedDate":"2024-08-26","isFullCredit":false},{"lineNumber":56,"author":{"gitId":"TheDinos"},"content":"            System.out.print(System.lineSeparator() + i + \".\" + Task.getList()[i-1]);","lastModifiedDate":"2024-09-02","isFullCredit":false},{"lineNumber":57,"author":{"gitId":"TheDinos"},"content":"        }","lastModifiedDate":"2024-08-26","isFullCredit":false},{"lineNumber":58,"author":{"gitId":"TheDinos"},"content":"    }","lastModifiedDate":"2024-08-26","isFullCredit":false},{"lineNumber":59,"author":{"gitId":"TheDinos"},"content":"","lastModifiedDate":"2024-08-26","isFullCredit":false},{"lineNumber":60,"author":{"gitId":"TheDinos"},"content":"    //Marks task as complete/uncomplete","lastModifiedDate":"2024-09-02","isFullCredit":false},{"lineNumber":61,"author":{"gitId":"TheDinos"},"content":"    public static void markTask(String firstWord, String line){","lastModifiedDate":"2024-09-02","isFullCredit":false},{"lineNumber":62,"author":{"gitId":"TheDinos"},"content":"        int dividerPosition \u003d line.indexOf(\" \");","lastModifiedDate":"2024-08-26","isFullCredit":false},{"lineNumber":63,"author":{"gitId":"TheDinos"},"content":"        int taskNumber \u003d Integer.parseInt(line.substring(dividerPosition + 1, dividerPosition + 2));","lastModifiedDate":"2024-08-26","isFullCredit":false},{"lineNumber":64,"author":{"gitId":"TheDinos"},"content":"        Task t \u003d Task.getList()[taskNumber - 1];","lastModifiedDate":"2024-08-26","isFullCredit":false},{"lineNumber":65,"author":{"gitId":"TheDinos"},"content":"        if(firstWord.equals(\"mark\")) {","lastModifiedDate":"2024-09-02","isFullCredit":false},{"lineNumber":66,"author":{"gitId":"TheDinos"},"content":"            t.isDone \u003d true;","lastModifiedDate":"2024-08-26","isFullCredit":false},{"lineNumber":67,"author":{"gitId":"TheDinos"},"content":"            System.out.print(\"ogei marked task dOnE\" + System.lineSeparator());","lastModifiedDate":"2024-09-02","isFullCredit":false},{"lineNumber":68,"author":{"gitId":"TheDinos"},"content":"        }","lastModifiedDate":"2024-08-26","isFullCredit":false},{"lineNumber":69,"author":{"gitId":"TheDinos"},"content":"        else{","lastModifiedDate":"2024-08-26","isFullCredit":false},{"lineNumber":70,"author":{"gitId":"TheDinos"},"content":"            t.isDone \u003d false;","lastModifiedDate":"2024-08-26","isFullCredit":false},{"lineNumber":71,"author":{"gitId":"TheDinos"},"content":"            System.out.print(\"womp womp task not finished :(\" + System.lineSeparator());","lastModifiedDate":"2024-09-02","isFullCredit":false},{"lineNumber":72,"author":{"gitId":"TheDinos"},"content":"        }","lastModifiedDate":"2024-08-26","isFullCredit":false},{"lineNumber":73,"author":{"gitId":"TheDinos"},"content":"        System.out.print(t);","lastModifiedDate":"2024-09-02","isFullCredit":false},{"lineNumber":74,"author":{"gitId":"TheDinos"},"content":"    }","lastModifiedDate":"2024-08-26","isFullCredit":false},{"lineNumber":75,"author":{"gitId":"TheDinos"},"content":"","lastModifiedDate":"2024-08-26","isFullCredit":false},{"lineNumber":76,"author":{"gitId":"TheDinos"},"content":"    //Prints a randomly capitalised string of whatever the user inputted","lastModifiedDate":"2024-09-02","isFullCredit":false},{"lineNumber":77,"author":{"gitId":"TheDinos"},"content":"    public static void echo(String line){","lastModifiedDate":"2024-09-02","isFullCredit":false},{"lineNumber":78,"author":{"gitId":"TheDinos"},"content":"        String echo \u003d randomlyCapitalise(line);","lastModifiedDate":"2024-09-02","isFullCredit":false},{"lineNumber":79,"author":{"gitId":"TheDinos"},"content":"        System.out.print(\"I echo:\" + System.lineSeparator() + echo);","lastModifiedDate":"2024-09-02","isFullCredit":false},{"lineNumber":80,"author":{"gitId":"TheDinos"},"content":"    }","lastModifiedDate":"2024-09-02","isFullCredit":false},{"lineNumber":81,"author":{"gitId":"TheDinos"},"content":"","lastModifiedDate":"2024-08-26","isFullCredit":false},{"lineNumber":82,"author":{"gitId":"TheDinos"},"content":"    public static void processCommands(String firstWord, String line){","lastModifiedDate":"2024-09-02","isFullCredit":false},{"lineNumber":83,"author":{"gitId":"TheDinos"},"content":"        switch(firstWord){","lastModifiedDate":"2024-09-02","isFullCredit":false},{"lineNumber":84,"author":{"gitId":"TheDinos"},"content":"        case \"list\":","lastModifiedDate":"2024-09-02","isFullCredit":false},{"lineNumber":85,"author":{"gitId":"TheDinos"},"content":"            System.out.print(\"orh hor never finish ur tasks:\");","lastModifiedDate":"2024-09-02","isFullCredit":false},{"lineNumber":86,"author":{"gitId":"TheDinos"},"content":"            printList();","lastModifiedDate":"2024-08-26","isFullCredit":false},{"lineNumber":87,"author":{"gitId":"TheDinos"},"content":"            break;","lastModifiedDate":"2024-09-02","isFullCredit":false},{"lineNumber":88,"author":{"gitId":"TheDinos"},"content":"        case \"mark\":","lastModifiedDate":"2024-09-02","isFullCredit":false},{"lineNumber":89,"author":{"gitId":"TheDinos"},"content":"        case \"unmark\":","lastModifiedDate":"2024-09-02","isFullCredit":false},{"lineNumber":90,"author":{"gitId":"TheDinos"},"content":"            markTask(firstWord, line);","lastModifiedDate":"2024-09-02","isFullCredit":false},{"lineNumber":91,"author":{"gitId":"TheDinos"},"content":"            break;","lastModifiedDate":"2024-09-02","isFullCredit":false},{"lineNumber":92,"author":{"gitId":"TheDinos"},"content":"        }","lastModifiedDate":"2024-08-26","isFullCredit":false},{"lineNumber":93,"author":{"gitId":"TheDinos"},"content":"    }","lastModifiedDate":"2024-08-26","isFullCredit":false},{"lineNumber":94,"author":{"gitId":"TheDinos"},"content":"","lastModifiedDate":"2024-09-02","isFullCredit":false},{"lineNumber":95,"author":{"gitId":"TheDinos"},"content":"    //Instantiates Todo object","lastModifiedDate":"2024-09-02","isFullCredit":false},{"lineNumber":96,"author":{"gitId":"TheDinos"},"content":"    public static Todo processTodo(String line){","lastModifiedDate":"2024-09-02","isFullCredit":false},{"lineNumber":97,"author":{"gitId":"TheDinos"},"content":"        String description \u003d line.substring(TODO_LENGTH);","lastModifiedDate":"2024-09-02","isFullCredit":false},{"lineNumber":98,"author":{"gitId":"TheDinos"},"content":"        return new Todo(description);","lastModifiedDate":"2024-09-02","isFullCredit":false},{"lineNumber":99,"author":{"gitId":"TheDinos"},"content":"    }","lastModifiedDate":"2024-08-26","isFullCredit":false},{"lineNumber":100,"author":{"gitId":"TheDinos"},"content":"","lastModifiedDate":"2024-08-26","isFullCredit":false},{"lineNumber":101,"author":{"gitId":"TheDinos"},"content":"    //Instantiates Deadline object","lastModifiedDate":"2024-09-02","isFullCredit":false},{"lineNumber":102,"author":{"gitId":"TheDinos"},"content":"    public static Deadline processDeadline(String line){","lastModifiedDate":"2024-09-02","isFullCredit":false},{"lineNumber":103,"author":{"gitId":"TheDinos"},"content":"        int byIndex \u003d line.indexOf(\"/by\");","lastModifiedDate":"2024-09-02","isFullCredit":false},{"lineNumber":104,"author":{"gitId":"TheDinos"},"content":"        String by \u003d line.substring(byIndex + SLASH_BY_LENGTH);","lastModifiedDate":"2024-09-02","isFullCredit":false},{"lineNumber":105,"author":{"gitId":"TheDinos"},"content":"        String description \u003d line.substring(DEADLINE_LENGTH, byIndex - 1);","lastModifiedDate":"2024-09-02","isFullCredit":false},{"lineNumber":106,"author":{"gitId":"TheDinos"},"content":"        return new Deadline(description, by);","lastModifiedDate":"2024-09-02","isFullCredit":false},{"lineNumber":107,"author":{"gitId":"TheDinos"},"content":"    }","lastModifiedDate":"2024-08-26","isFullCredit":false},{"lineNumber":108,"author":{"gitId":"TheDinos"},"content":"","lastModifiedDate":"2024-09-02","isFullCredit":false},{"lineNumber":109,"author":{"gitId":"TheDinos"},"content":"    //Instantiates Event object","lastModifiedDate":"2024-09-02","isFullCredit":false},{"lineNumber":110,"author":{"gitId":"TheDinos"},"content":"    public static Event processEvent(String line){","lastModifiedDate":"2024-09-02","isFullCredit":false},{"lineNumber":111,"author":{"gitId":"TheDinos"},"content":"        int fromIndex \u003d line.indexOf(\"/from\");","lastModifiedDate":"2024-09-02","isFullCredit":false},{"lineNumber":112,"author":{"gitId":"TheDinos"},"content":"        int toIndex \u003d line.lastIndexOf(\"/to\");","lastModifiedDate":"2024-09-02","isFullCredit":false},{"lineNumber":113,"author":{"gitId":"TheDinos"},"content":"        String from \u003d line.substring(fromIndex + SLASH_FROM_LENGTH, toIndex - 1);","lastModifiedDate":"2024-09-02","isFullCredit":false},{"lineNumber":114,"author":{"gitId":"TheDinos"},"content":"        String to \u003d line.substring(toIndex + SLASH_TO_LENGTH);","lastModifiedDate":"2024-09-02","isFullCredit":false},{"lineNumber":115,"author":{"gitId":"TheDinos"},"content":"        String description \u003d line.substring(EVENT_LENGTH, fromIndex - 1);","lastModifiedDate":"2024-09-02","isFullCredit":false},{"lineNumber":116,"author":{"gitId":"TheDinos"},"content":"        return new Event(description, from, to);","lastModifiedDate":"2024-09-02","isFullCredit":false},{"lineNumber":117,"author":{"gitId":"TheDinos"},"content":"    }","lastModifiedDate":"2024-08-26","isFullCredit":false},{"lineNumber":118,"author":{"gitId":"TheDinos"},"content":"","lastModifiedDate":"2024-08-26","isFullCredit":false},{"lineNumber":119,"author":{"gitId":"TheDinos"},"content":"    //Creates new objects based on the type of tasks","lastModifiedDate":"2024-09-02","isFullCredit":false},{"lineNumber":120,"author":{"gitId":"TheDinos"},"content":"    public static void processTasks(String firstWord, String line){","lastModifiedDate":"2024-09-02","isFullCredit":false},{"lineNumber":121,"author":{"gitId":"TheDinos"},"content":"        //Header text for task","lastModifiedDate":"2024-09-02","isFullCredit":false},{"lineNumber":122,"author":{"gitId":"TheDinos"},"content":"        System.out.print(\"Haiyaa the following task needs to be done:\" + System.lineSeparator());","lastModifiedDate":"2024-09-02","isFullCredit":false},{"lineNumber":123,"author":{"gitId":"TheDinos"},"content":"","lastModifiedDate":"2024-08-26","isFullCredit":false},{"lineNumber":124,"author":{"gitId":"TheDinos"},"content":"        Task t \u003d null;","lastModifiedDate":"2024-09-02","isFullCredit":false},{"lineNumber":125,"author":{"gitId":"TheDinos"},"content":"        switch(firstWord) {","lastModifiedDate":"2024-09-02","isFullCredit":false},{"lineNumber":126,"author":{"gitId":"TheDinos"},"content":"        case \"todo\":","lastModifiedDate":"2024-09-02","isFullCredit":false},{"lineNumber":127,"author":{"gitId":"TheDinos"},"content":"            t \u003d processTodo(line);","lastModifiedDate":"2024-09-02","isFullCredit":false},{"lineNumber":128,"author":{"gitId":"TheDinos"},"content":"            break;","lastModifiedDate":"2024-09-02","isFullCredit":false},{"lineNumber":129,"author":{"gitId":"TheDinos"},"content":"        case \"deadline\":","lastModifiedDate":"2024-09-02","isFullCredit":false},{"lineNumber":130,"author":{"gitId":"TheDinos"},"content":"            t \u003d processDeadline(line);","lastModifiedDate":"2024-09-02","isFullCredit":false},{"lineNumber":131,"author":{"gitId":"TheDinos"},"content":"            break;","lastModifiedDate":"2024-09-02","isFullCredit":false},{"lineNumber":132,"author":{"gitId":"TheDinos"},"content":"        case \"event\":","lastModifiedDate":"2024-09-02","isFullCredit":false},{"lineNumber":133,"author":{"gitId":"TheDinos"},"content":"            t \u003d processEvent(line);","lastModifiedDate":"2024-09-02","isFullCredit":false},{"lineNumber":134,"author":{"gitId":"TheDinos"},"content":"            break;","lastModifiedDate":"2024-09-02","isFullCredit":false},{"lineNumber":135,"author":{"gitId":"TheDinos"},"content":"        }","lastModifiedDate":"2024-09-02","isFullCredit":false},{"lineNumber":136,"author":{"gitId":"TheDinos"},"content":"        System.out.print(\"  \" + t + System.lineSeparator() +","lastModifiedDate":"2024-09-02","isFullCredit":false},{"lineNumber":137,"author":{"gitId":"TheDinos"},"content":"                \"Now you have \" + Task.getCount() + \" task in ur list\");","lastModifiedDate":"2024-09-02","isFullCredit":false},{"lineNumber":138,"author":{"gitId":"TheDinos"},"content":"    }","lastModifiedDate":"2024-09-02","isFullCredit":false},{"lineNumber":139,"author":{"gitId":"TheDinos"},"content":"","lastModifiedDate":"2024-08-26","isFullCredit":false},{"lineNumber":140,"author":{"gitId":"TheDinos"},"content":"    //Returns the first word of a String","lastModifiedDate":"2024-09-02","isFullCredit":false},{"lineNumber":141,"author":{"gitId":"TheDinos"},"content":"    public static String processLine(String line) {","lastModifiedDate":"2024-09-02","isFullCredit":false},{"lineNumber":142,"author":{"gitId":"TheDinos"},"content":"        int firstSpace \u003d line.indexOf(\" \");","lastModifiedDate":"2024-09-02","isFullCredit":false},{"lineNumber":143,"author":{"gitId":"TheDinos"},"content":"        if (firstSpace !\u003d -1) {","lastModifiedDate":"2024-09-02","isFullCredit":false},{"lineNumber":144,"author":{"gitId":"TheDinos"},"content":"            return line.substring(0, firstSpace);","lastModifiedDate":"2024-09-02","isFullCredit":false},{"lineNumber":145,"author":{"gitId":"TheDinos"},"content":"        } else {","lastModifiedDate":"2024-09-02","isFullCredit":false},{"lineNumber":146,"author":{"gitId":"TheDinos"},"content":"            return line; // In case there\u0027s only one word with no spaces","lastModifiedDate":"2024-09-02","isFullCredit":false},{"lineNumber":147,"author":{"gitId":"TheDinos"},"content":"        }","lastModifiedDate":"2024-09-02","isFullCredit":false},{"lineNumber":148,"author":{"gitId":"TheDinos"},"content":"    }","lastModifiedDate":"2024-09-02","isFullCredit":false},{"lineNumber":149,"author":{"gitId":"TheDinos"},"content":"","lastModifiedDate":"2024-08-26","isFullCredit":false},{"lineNumber":150,"author":{"gitId":"TheDinos"},"content":"    public static void runBot(){","lastModifiedDate":"2024-09-02","isFullCredit":false},{"lineNumber":151,"author":{"gitId":"TheDinos"},"content":"        Scanner in \u003d new Scanner(System.in);","lastModifiedDate":"2024-09-02","isFullCredit":false},{"lineNumber":152,"author":{"gitId":"TheDinos"},"content":"        String line;","lastModifiedDate":"2024-09-02","isFullCredit":false},{"lineNumber":153,"author":{"gitId":"TheDinos"},"content":"        System.out.print(\"You say:\" + System.lineSeparator());","lastModifiedDate":"2024-09-02","isFullCredit":false},{"lineNumber":154,"author":{"gitId":"TheDinos"},"content":"","lastModifiedDate":"2024-09-02","isFullCredit":false},{"lineNumber":155,"author":{"gitId":"TheDinos"},"content":"        //returns it \u0027bye\u0027 is inputted","lastModifiedDate":"2024-09-02","isFullCredit":false},{"lineNumber":156,"author":{"gitId":"TheDinos"},"content":"        while(!(line \u003d in.nextLine()).equals(\"bye\")){","lastModifiedDate":"2024-09-02","isFullCredit":false},{"lineNumber":157,"author":{"gitId":"TheDinos"},"content":"            //Divider that comes after user input","lastModifiedDate":"2024-09-02","isFullCredit":false},{"lineNumber":158,"author":{"gitId":"TheDinos"},"content":"            System.out.print(DIVIDER + System.lineSeparator());","lastModifiedDate":"2024-09-02","isFullCredit":false},{"lineNumber":159,"author":{"gitId":"TheDinos"},"content":"            //Getting first word of user input","lastModifiedDate":"2024-09-02","isFullCredit":false},{"lineNumber":160,"author":{"gitId":"TheDinos"},"content":"            String firstWord \u003d processLine(line);","lastModifiedDate":"2024-09-02","isFullCredit":false},{"lineNumber":161,"author":{"gitId":"TheDinos"},"content":"","lastModifiedDate":"2024-09-02","isFullCredit":false},{"lineNumber":162,"author":{"gitId":"TheDinos"},"content":"            //Carry out different actions based on the first word","lastModifiedDate":"2024-09-02","isFullCredit":false},{"lineNumber":163,"author":{"gitId":"TheDinos"},"content":"            switch(firstWord) {","lastModifiedDate":"2024-09-02","isFullCredit":false},{"lineNumber":164,"author":{"gitId":"TheDinos"},"content":"            case \"todo\":","lastModifiedDate":"2024-09-02","isFullCredit":false},{"lineNumber":165,"author":{"gitId":"TheDinos"},"content":"            case \"deadline\":","lastModifiedDate":"2024-09-02","isFullCredit":false},{"lineNumber":166,"author":{"gitId":"TheDinos"},"content":"            case \"event\":","lastModifiedDate":"2024-09-02","isFullCredit":false},{"lineNumber":167,"author":{"gitId":"TheDinos"},"content":"                processTasks(firstWord, line);","lastModifiedDate":"2024-09-02","isFullCredit":false},{"lineNumber":168,"author":{"gitId":"TheDinos"},"content":"                break;","lastModifiedDate":"2024-09-02","isFullCredit":false},{"lineNumber":169,"author":{"gitId":"TheDinos"},"content":"            case \"list\":","lastModifiedDate":"2024-09-02","isFullCredit":false},{"lineNumber":170,"author":{"gitId":"TheDinos"},"content":"            case \"mark\":","lastModifiedDate":"2024-09-02","isFullCredit":false},{"lineNumber":171,"author":{"gitId":"TheDinos"},"content":"            case \"unmark\":","lastModifiedDate":"2024-09-02","isFullCredit":false},{"lineNumber":172,"author":{"gitId":"TheDinos"},"content":"                processCommands(firstWord, line);","lastModifiedDate":"2024-09-02","isFullCredit":false},{"lineNumber":173,"author":{"gitId":"TheDinos"},"content":"                break;","lastModifiedDate":"2024-09-02","isFullCredit":false},{"lineNumber":174,"author":{"gitId":"TheDinos"},"content":"            default:","lastModifiedDate":"2024-09-02","isFullCredit":false},{"lineNumber":175,"author":{"gitId":"TheDinos"},"content":"                echo(line);","lastModifiedDate":"2024-09-02","isFullCredit":false},{"lineNumber":176,"author":{"gitId":"TheDinos"},"content":"            }","lastModifiedDate":"2024-09-02","isFullCredit":false},{"lineNumber":177,"author":{"gitId":"TheDinos"},"content":"            //Prints divider and header for next user input","lastModifiedDate":"2024-09-02","isFullCredit":false},{"lineNumber":178,"author":{"gitId":"TheDinos"},"content":"            System.out.print(System.lineSeparator() + DIVIDER + System.lineSeparator() +","lastModifiedDate":"2024-09-02","isFullCredit":false},{"lineNumber":179,"author":{"gitId":"TheDinos"},"content":"                    \"You say:\" + System.lineSeparator());","lastModifiedDate":"2024-09-02","isFullCredit":false},{"lineNumber":180,"author":{"gitId":"TheDinos"},"content":"        }","lastModifiedDate":"2024-09-02","isFullCredit":false},{"lineNumber":181,"author":{"gitId":"TheDinos"},"content":"    }","lastModifiedDate":"2024-09-02","isFullCredit":false},{"lineNumber":182,"author":{"gitId":"TheDinos"},"content":"","lastModifiedDate":"2024-09-02","isFullCredit":false},{"lineNumber":183,"author":{"gitId":"TheDinos"},"content":"    //Prints Intro text, runs the chatbot, prints the Exit text","lastModifiedDate":"2024-09-02","isFullCredit":false},{"lineNumber":184,"author":{"gitId":"TheDinos"},"content":"    public static void main(String[] args) {","lastModifiedDate":"2024-09-02","isFullCredit":false},{"lineNumber":185,"author":{"gitId":"TheDinos"},"content":"        System.out.print(introText);","lastModifiedDate":"2024-08-26","isFullCredit":false},{"lineNumber":186,"author":{"gitId":"TheDinos"},"content":"        runBot();","lastModifiedDate":"2024-09-02","isFullCredit":false},{"lineNumber":187,"author":{"gitId":"TheDinos"},"content":"        System.out.println(exitText);","lastModifiedDate":"2024-08-26","isFullCredit":false},{"lineNumber":188,"author":{"gitId":"TheDinos"},"content":"    }","lastModifiedDate":"2024-08-22","isFullCredit":false},{"lineNumber":189,"author":{"gitId":"TheDinos"},"content":"}","lastModifiedDate":"2024-08-22","isFullCredit":false}],"authorContributionMap":{"TheDinos":189}},{"path":"src/main/java/Task.java","fileType":"java","lines":[{"lineNumber":1,"author":{"gitId":"TheDinos"},"content":"public class Task {","lastModifiedDate":"2024-08-26","isFullCredit":false},{"lineNumber":2,"author":{"gitId":"TheDinos"},"content":"    protected String description;","lastModifiedDate":"2024-08-26","isFullCredit":false},{"lineNumber":3,"author":{"gitId":"TheDinos"},"content":"    protected boolean isDone;","lastModifiedDate":"2024-08-26","isFullCredit":false},{"lineNumber":4,"author":{"gitId":"TheDinos"},"content":"    private static int count \u003d 0; //Class level attribute, number of tasks","lastModifiedDate":"2024-08-26","isFullCredit":false},{"lineNumber":5,"author":{"gitId":"TheDinos"},"content":"    private static Task[] list \u003d new Task[100];","lastModifiedDate":"2024-08-26","isFullCredit":false},{"lineNumber":6,"author":{"gitId":"TheDinos"},"content":"","lastModifiedDate":"2024-08-26","isFullCredit":false},{"lineNumber":7,"author":{"gitId":"TheDinos"},"content":"    Task(String description) { //Constructor","lastModifiedDate":"2024-08-26","isFullCredit":false},{"lineNumber":8,"author":{"gitId":"TheDinos"},"content":"        this.description \u003d description;","lastModifiedDate":"2024-08-26","isFullCredit":false},{"lineNumber":9,"author":{"gitId":"TheDinos"},"content":"        this.isDone \u003d false;","lastModifiedDate":"2024-08-26","isFullCredit":false},{"lineNumber":10,"author":{"gitId":"TheDinos"},"content":"        list[count] \u003d this;","lastModifiedDate":"2024-08-26","isFullCredit":false},{"lineNumber":11,"author":{"gitId":"TheDinos"},"content":"        count++;","lastModifiedDate":"2024-08-26","isFullCredit":false},{"lineNumber":12,"author":{"gitId":"TheDinos"},"content":"    }","lastModifiedDate":"2024-08-26","isFullCredit":false},{"lineNumber":13,"author":{"gitId":"TheDinos"},"content":"","lastModifiedDate":"2024-08-26","isFullCredit":false},{"lineNumber":14,"author":{"gitId":"TheDinos"},"content":"    public String getStatusIcon() { //Returns X or \" \" depending on completion status","lastModifiedDate":"2024-08-26","isFullCredit":false},{"lineNumber":15,"author":{"gitId":"TheDinos"},"content":"        return (isDone ? \"X\" : \" \"); // mark done task with X","lastModifiedDate":"2024-08-26","isFullCredit":false},{"lineNumber":16,"author":{"gitId":"TheDinos"},"content":"    }","lastModifiedDate":"2024-08-26","isFullCredit":false},{"lineNumber":17,"author":{"gitId":"TheDinos"},"content":"","lastModifiedDate":"2024-08-26","isFullCredit":false},{"lineNumber":18,"author":{"gitId":"TheDinos"},"content":"    public void setIsDone(boolean isDone) {","lastModifiedDate":"2024-08-26","isFullCredit":false},{"lineNumber":19,"author":{"gitId":"TheDinos"},"content":"        this.isDone \u003d isDone;","lastModifiedDate":"2024-08-26","isFullCredit":false},{"lineNumber":20,"author":{"gitId":"TheDinos"},"content":"    }","lastModifiedDate":"2024-08-26","isFullCredit":false},{"lineNumber":21,"author":{"gitId":"TheDinos"},"content":"","lastModifiedDate":"2024-08-26","isFullCredit":false},{"lineNumber":22,"author":{"gitId":"TheDinos"},"content":"    public String getDescription() {","lastModifiedDate":"2024-08-26","isFullCredit":false},{"lineNumber":23,"author":{"gitId":"TheDinos"},"content":"        return description;","lastModifiedDate":"2024-08-26","isFullCredit":false},{"lineNumber":24,"author":{"gitId":"TheDinos"},"content":"    }","lastModifiedDate":"2024-08-26","isFullCredit":false},{"lineNumber":25,"author":{"gitId":"TheDinos"},"content":"","lastModifiedDate":"2024-08-26","isFullCredit":false},{"lineNumber":26,"author":{"gitId":"TheDinos"},"content":"    public static int getCount() { //Class level method","lastModifiedDate":"2024-08-26","isFullCredit":false},{"lineNumber":27,"author":{"gitId":"TheDinos"},"content":"        return count;","lastModifiedDate":"2024-08-26","isFullCredit":false},{"lineNumber":28,"author":{"gitId":"TheDinos"},"content":"    }","lastModifiedDate":"2024-08-26","isFullCredit":false},{"lineNumber":29,"author":{"gitId":"TheDinos"},"content":"","lastModifiedDate":"2024-08-26","isFullCredit":false},{"lineNumber":30,"author":{"gitId":"TheDinos"},"content":"    public static Task[] getList() {","lastModifiedDate":"2024-08-26","isFullCredit":false},{"lineNumber":31,"author":{"gitId":"TheDinos"},"content":"        return list;","lastModifiedDate":"2024-08-26","isFullCredit":false},{"lineNumber":32,"author":{"gitId":"TheDinos"},"content":"    }","lastModifiedDate":"2024-08-26","isFullCredit":false},{"lineNumber":33,"author":{"gitId":"TheDinos"},"content":"","lastModifiedDate":"2024-09-02","isFullCredit":false},{"lineNumber":34,"author":{"gitId":"TheDinos"},"content":"    @Override","lastModifiedDate":"2024-09-02","isFullCredit":false},{"lineNumber":35,"author":{"gitId":"TheDinos"},"content":"    public String toString() {","lastModifiedDate":"2024-09-02","isFullCredit":false},{"lineNumber":36,"author":{"gitId":"TheDinos"},"content":"        return  \"[\" + getStatusIcon() + \"] \" + description;","lastModifiedDate":"2024-09-02","isFullCredit":false},{"lineNumber":37,"author":{"gitId":"TheDinos"},"content":"    }","lastModifiedDate":"2024-09-02","isFullCredit":false},{"lineNumber":38,"author":{"gitId":"TheDinos"},"content":"}","lastModifiedDate":"2024-08-26","isFullCredit":false}],"authorContributionMap":{"TheDinos":38}},{"path":"src/main/java/Todo.java","fileType":"java","lines":[{"lineNumber":1,"author":{"gitId":"TheDinos"},"content":"public class Todo extends Task {","lastModifiedDate":"2024-09-02","isFullCredit":false},{"lineNumber":2,"author":{"gitId":"TheDinos"},"content":"","lastModifiedDate":"2024-09-02","isFullCredit":false},{"lineNumber":3,"author":{"gitId":"TheDinos"},"content":"    public Todo(String description) {","lastModifiedDate":"2024-09-02","isFullCredit":false},{"lineNumber":4,"author":{"gitId":"TheDinos"},"content":"        super(description);","lastModifiedDate":"2024-09-02","isFullCredit":false},{"lineNumber":5,"author":{"gitId":"TheDinos"},"content":"    }","lastModifiedDate":"2024-09-02","isFullCredit":false},{"lineNumber":6,"author":{"gitId":"TheDinos"},"content":"","lastModifiedDate":"2024-09-02","isFullCredit":false},{"lineNumber":7,"author":{"gitId":"TheDinos"},"content":"    @Override","lastModifiedDate":"2024-09-02","isFullCredit":false},{"lineNumber":8,"author":{"gitId":"TheDinos"},"content":"    public String toString() {","lastModifiedDate":"2024-09-02","isFullCredit":false},{"lineNumber":9,"author":{"gitId":"TheDinos"},"content":"        return \"[T]\" + super.toString();","lastModifiedDate":"2024-09-02","isFullCredit":false},{"lineNumber":10,"author":{"gitId":"TheDinos"},"content":"    }","lastModifiedDate":"2024-09-02","isFullCredit":false},{"lineNumber":11,"author":{"gitId":"TheDinos"},"content":"}","lastModifiedDate":"2024-09-02","isFullCredit":false},{"lineNumber":12,"author":{"gitId":"TheDinos"},"content":"","lastModifiedDate":"2024-09-02","isFullCredit":false}],"authorContributionMap":{"TheDinos":12}},{"path":"text-ui-test/input.txt","fileType":"txt","lines":[{"lineNumber":1,"author":{"gitId":"TheDinos"},"content":"list","lastModifiedDate":"2024-09-02","isFullCredit":false},{"lineNumber":2,"author":{"gitId":"TheDinos"},"content":"todo somestuff 2","lastModifiedDate":"2024-09-02","isFullCredit":false},{"lineNumber":3,"author":{"gitId":"TheDinos"},"content":"list","lastModifiedDate":"2024-09-02","isFullCredit":false},{"lineNumber":4,"author":{"gitId":"TheDinos"},"content":"deadline itsimportant rly /by sunday 2pm","lastModifiedDate":"2024-09-02","isFullCredit":false},{"lineNumber":5,"author":{"gitId":"TheDinos"},"content":"list","lastModifiedDate":"2024-09-02","isFullCredit":false},{"lineNumber":6,"author":{"gitId":"TheDinos"},"content":"event somewhat important 2 /from 2938 monday /to 123 sunday 19","lastModifiedDate":"2024-09-02","isFullCredit":false},{"lineNumber":7,"author":{"gitId":"TheDinos"},"content":"list","lastModifiedDate":"2024-09-02","isFullCredit":false},{"lineNumber":8,"author":{"gitId":"TheDinos"},"content":"mark 1","lastModifiedDate":"2024-09-02","isFullCredit":false},{"lineNumber":9,"author":{"gitId":"TheDinos"},"content":"mark 3","lastModifiedDate":"2024-09-02","isFullCredit":false},{"lineNumber":10,"author":{"gitId":"TheDinos"},"content":"list","lastModifiedDate":"2024-09-02","isFullCredit":false},{"lineNumber":11,"author":{"gitId":"TheDinos"},"content":"unmark 3","lastModifiedDate":"2024-09-02","isFullCredit":false},{"lineNumber":12,"author":{"gitId":"TheDinos"},"content":"list","lastModifiedDate":"2024-09-02","isFullCredit":false},{"lineNumber":13,"author":{"gitId":"TheDinos"},"content":"unmark 1","lastModifiedDate":"2024-09-02","isFullCredit":false},{"lineNumber":14,"author":{"gitId":"TheDinos"},"content":"list","lastModifiedDate":"2024-09-02","isFullCredit":false}],"authorContributionMap":{"TheDinos":14}},{"path":"text-ui-test/runtest.bat","fileType":"bat","lines":[{"lineNumber":1,"author":{"gitId":"-"},"content":"@ECHO OFF","lastModifiedDate":"2020-05-25","isFullCredit":false},{"lineNumber":2,"author":{"gitId":"-"},"content":"","lastModifiedDate":"2020-05-25","isFullCredit":false},{"lineNumber":3,"author":{"gitId":"-"},"content":"REM create bin directory if it doesn\u0027t exist","lastModifiedDate":"2020-05-25","isFullCredit":false},{"lineNumber":4,"author":{"gitId":"-"},"content":"if not exist ..\\bin mkdir ..\\bin","lastModifiedDate":"2020-05-25","isFullCredit":false},{"lineNumber":5,"author":{"gitId":"-"},"content":"","lastModifiedDate":"2020-05-25","isFullCredit":false},{"lineNumber":6,"author":{"gitId":"-"},"content":"REM delete output from previous run","lastModifiedDate":"2020-05-25","isFullCredit":false},{"lineNumber":7,"author":{"gitId":"-"},"content":"if exist ACTUAL.TXT del ACTUAL.TXT","lastModifiedDate":"2020-08-25","isFullCredit":false},{"lineNumber":8,"author":{"gitId":"-"},"content":"","lastModifiedDate":"2020-05-25","isFullCredit":false},{"lineNumber":9,"author":{"gitId":"-"},"content":"REM compile the code into the bin folder","lastModifiedDate":"2020-05-25","isFullCredit":false},{"lineNumber":10,"author":{"gitId":"-"},"content":"javac  -cp ..\\src\\main\\java -Xlint:none -d ..\\bin ..\\src\\main\\java\\*.java","lastModifiedDate":"2020-08-25","isFullCredit":false},{"lineNumber":11,"author":{"gitId":"-"},"content":"IF ERRORLEVEL 1 (","lastModifiedDate":"2020-05-25","isFullCredit":false},{"lineNumber":12,"author":{"gitId":"-"},"content":"    echo ********** BUILD FAILURE **********","lastModifiedDate":"2020-05-25","isFullCredit":false},{"lineNumber":13,"author":{"gitId":"-"},"content":"    exit /b 1","lastModifiedDate":"2020-05-25","isFullCredit":false},{"lineNumber":14,"author":{"gitId":"-"},"content":")","lastModifiedDate":"2020-05-25","isFullCredit":false},{"lineNumber":15,"author":{"gitId":"-"},"content":"REM no error here, errorlevel \u003d\u003d 0","lastModifiedDate":"2020-05-25","isFullCredit":false},{"lineNumber":16,"author":{"gitId":"-"},"content":"","lastModifiedDate":"2020-05-25","isFullCredit":false},{"lineNumber":17,"author":{"gitId":"-"},"content":"REM run the program, feed commands from input.txt file and redirect the output to the ACTUAL.TXT","lastModifiedDate":"2020-05-25","isFullCredit":false},{"lineNumber":18,"author":{"gitId":"TheDinos"},"content":"java -classpath ..\\bin Jeff \u003c input.txt \u003e ACTUAL.TXT","lastModifiedDate":"2024-09-02","isFullCredit":false},{"lineNumber":19,"author":{"gitId":"-"},"content":"","lastModifiedDate":"2020-05-25","isFullCredit":false},{"lineNumber":20,"author":{"gitId":"-"},"content":"REM compare the output to the expected output","lastModifiedDate":"2020-05-25","isFullCredit":false},{"lineNumber":21,"author":{"gitId":"-"},"content":"FC ACTUAL.TXT EXPECTED.TXT","lastModifiedDate":"2020-05-25","isFullCredit":false}],"authorContributionMap":{"TheDinos":1,"-":20}}]
