{"authorDailyContributionsMap":{"TheDinos":[{"date":"2024-08-22","commitResults":[{"hash":"c75c0b0bab2908125fdd87f25a9f765cd0d8b3f9","isMergeCommit":false,"messageTitle":"Greets user and exits","messageBody":"","fileTypesAndContributionMap":{"java":{"insertions":12,"deletions":10}}},{"hash":"2240f843666b3f4c26b5391c34a114790bb3d4f9","isMergeCommit":false,"messageTitle":"Greets user and exits","messageBody":"","tags":["Level-0"],"fileTypesAndContributionMap":{"java":{"insertions":8,"deletions":6}}}]},{"date":"2024-08-26","commitResults":[{"hash":"b4f7a48b48c51b4a41906d7dc69ec7777e932c31","isMergeCommit":false,"messageTitle":"Echoes users commands","messageBody":"Random capitalisation of commands\nExits when bye is inputted\n","tags":["Level-1"],"fileTypesAndContributionMap":{"java":{"insertions":42,"deletions":4}}},{"hash":"56a30ab3dbae5676dbfd1742d6310c5a806762ff","isMergeCommit":false,"messageTitle":"Stores text","messageBody":"Displays them when requested\n","tags":["Level-2"],"fileTypesAndContributionMap":{"java":{"insertions":29,"deletions":8}}},{"hash":"12518febf2caab1ab9e77bd963b1c7a088bb122d","isMergeCommit":false,"messageTitle":"Task Class","messageBody":"Mark tasks\n","tags":["Level-3"],"fileTypesAndContributionMap":{"java":{"insertions":69,"deletions":18}}},{"hash":"6bbaec66b89d40f9ab15c0e454d6597b1e9dcd35","isMergeCommit":false,"messageTitle":"Adhered to coding standard","messageBody":"","tags":["A-CodingStandard"],"fileTypesAndContributionMap":{"java":{"insertions":2,"deletions":2}}}]},{"date":"2024-09-02","commitResults":[{"hash":"bdcb9c429f8072c12ebd6aa53b87d5d2a18b16a4","isMergeCommit":false,"messageTitle":"Added Todo subclass","messageBody":"Superclass is Task\n","fileTypesAndContributionMap":{"java":{"insertions":12,"deletions":0}}},{"hash":"c189aaa25f27822be71a23c3e4ff373185fef68c","isMergeCommit":false,"messageTitle":"Added Event subclass","messageBody":"Task is superclass\n","fileTypesAndContributionMap":{"java":{"insertions":15,"deletions":0}}},{"hash":"fe0f1ce26abe8578476d2eaa2eb0266ce1f228ee","isMergeCommit":false,"messageTitle":"Added Deadline subclass","messageBody":"Task is superclass\n","fileTypesAndContributionMap":{"java":{"insertions":14,"deletions":0}}},{"hash":"e0b86328f93b6d522acadc74440d5d7922ac0446","isMergeCommit":false,"messageTitle":"Overrode toString method","messageBody":"","fileTypesAndContributionMap":{"java":{"insertions":5,"deletions":0}}},{"hash":"1d4b8f25e1a1a3ea46be53297bd80ac4ae089a41","isMergeCommit":false,"messageTitle":"Added support for tracking 3 types of tasks","messageBody":"Refactored code\n","tags":["Level-4"],"fileTypesAndContributionMap":{"java":{"insertions":136,"deletions":45}}},{"hash":"35540dcf700417f0668ed8c3dbc8cfa3d9258aaf","isMergeCommit":false,"messageTitle":"Updated name of main class","messageBody":"","fileTypesAndContributionMap":{"bat":{"insertions":1,"deletions":1}}},{"hash":"41c48f6029afdae7652c6acefe508be6aaf82fb6","isMergeCommit":false,"messageTitle":"Provided valid inputs and outputs for unit testing","messageBody":"","tags":["A-TextUiTesting"],"fileTypesAndContributionMap":{"txt":{"insertions":14,"deletions":0}}},{"hash":"8d0b9a6ba52ea72d372a8daed90755bf7ce7cec6","isMergeCommit":false,"messageTitle":"Refactored and commented code","messageBody":"","tags":["A-CodeQuality"],"fileTypesAndContributionMap":{"java":{"insertions":10,"deletions":3}}}]},{"date":"2024-09-08","commitResults":[{"hash":"1c90e03abf5250ef6b07c880898b0df88cbc358d","isMergeCommit":false,"messageTitle":"Rectified coding violations","messageBody":"From PRs\n","fileTypesAndContributionMap":{"java":{"insertions":5,"deletions":1}}}]},{"date":"2024-09-09","commitResults":[{"hash":"357a0d1244f822598ad23619ca3643b5178137e5","isMergeCommit":false,"messageTitle":"Added Exception Handling for commands","messageBody":"Removed echo function\nAdded Custom Exceptions\nRefactored Code\n","fileTypesAndContributionMap":{"java":{"insertions":164,"deletions":65}}},{"hash":"9132d6f3fe50577bc5439c79edbe66eebcb0604a","isMergeCommit":false,"messageTitle":"Revert \"Added Exception Handling for commands\"","messageBody":"This reverts commit 357a0d1244f822598ad23619ca3643b5178137e5.\n","fileTypesAndContributionMap":{"java":{"insertions":65,"deletions":164}}},{"hash":"bef442ca3a179367bebfde1871d64ccebc308639","isMergeCommit":true,"messageTitle":"Merge branch \u0027branch-Level-5\u0027","messageBody":"","fileTypesAndContributionMap":{}},{"hash":"e24cb97bf46952e4c0c4a6cd757c4df2840a395d","isMergeCommit":false,"messageTitle":"Revert \"Merge branch \u0027branch-Level-5\u0027\"","messageBody":"This reverts commit bef442ca3a179367bebfde1871d64ccebc308639, reversing\nchanges made to 357a0d1244f822598ad23619ca3643b5178137e5.\n","fileTypesAndContributionMap":{"java":{"insertions":164,"deletions":65}}},{"hash":"86190ed3821a8e616233a0c945f47ebda53d8cdd","isMergeCommit":true,"messageTitle":"Merge branch \u0027master\u0027 into branch-Level-5","messageBody":"","fileTypesAndContributionMap":{}}]},{"date":"2024-09-10","commitResults":[{"hash":"ef58e493df719da4271b83051b1f6b490a5da21d","isMergeCommit":false,"messageTitle":"Put class files in packages","messageBody":"","fileTypesAndContributionMap":{"java":{"insertions":22,"deletions":1},"bat":{"insertions":1,"deletions":1}}},{"hash":"109466444eb3a8ee1824a1cf05939f30418dde37","isMergeCommit":true,"messageTitle":"Merge branch \u0027branch-A-Packages\u0027","messageBody":"","tags":["A-Packages"],"fileTypesAndContributionMap":{}},{"hash":"01d7196495f97cdb409011ea583ed00a2a816391","isMergeCommit":false,"messageTitle":"Refactored code","messageBody":"","tags":["A-Exceptions"],"fileTypesAndContributionMap":{"java":{"insertions":3,"deletions":3}}}]},{"date":"2024-09-15","commitResults":[{"hash":"a09e0bbea023c4aa941b9459c574acaec32daf38","isMergeCommit":false,"messageTitle":"Used Java Collections to store list of tasks","messageBody":"","fileTypesAndContributionMap":{"java":{"insertions":21,"deletions":28}}},{"hash":"2b47d88c967148ced821272a7fb1b6dec71ca811","isMergeCommit":false,"messageTitle":"Add support for deleting a task in the taskList","messageBody":"","fileTypesAndContributionMap":{"java":{"insertions":24,"deletions":1}}},{"hash":"378fb05e6c1effaccf5079f9b57d7fbe045893ec","isMergeCommit":false,"messageTitle":"Save and write tasks to hard disk","messageBody":"","fileTypesAndContributionMap":{"txt":{"insertions":4,"deletions":0},"java":{"insertions":114,"deletions":3}}},{"hash":"7866627a1839e6f95b4a950a7edba06a51202225","isMergeCommit":true,"messageTitle":"Merge branch \u0027branch-Level-6\u0027","messageBody":"","tags":["Level-6","A-Collections"],"fileTypesAndContributionMap":{}},{"hash":"e4595be4e5b5a62a2903b15bbf171110b0c382e4","isMergeCommit":true,"messageTitle":"Merge branch \u0027branch-Level-7\u0027","messageBody":"","tags":["Level-7"],"fileTypesAndContributionMap":{}}]},{"date":"2024-09-18","commitResults":[{"hash":"55e1d56172dc65cafb1c3eef677fdd265fd5db20","isMergeCommit":false,"messageTitle":"Abstracted functions, handled exceptions and fixed bugs","messageBody":"","tags":["A-Jar"],"fileTypesAndContributionMap":{"txt":{"insertions":3,"deletions":4},"java":{"insertions":104,"deletions":46}}},{"hash":"26b4a567db90d12d467b0c511d4de9621eedc970","isMergeCommit":false,"messageTitle":"Rectified code to follow coding conventions","messageBody":"","fileTypesAndContributionMap":{"txt":{"insertions":0,"deletions":1},"java":{"insertions":47,"deletions":44}}}]}]},"authorFileTypeContributionMap":{"TheDinos":{"java":581,"md":0,"fxml":0,"sh":0,"bat":2,"gradle":0,"txt":16}},"authorContributionVariance":{"TheDinos":17399.172},"authorDisplayNameMap":{"TheDinos":"CS2113-W13-2 MARC..HENG"}}
