[{"path":"src/main/java/Deadline.java","fileType":"java","lines":[{"lineNumber":1,"author":{"gitId":"Ridiculouswifi"},"content":"import freedom.exceptions.DescriptionEmpty;","lastModifiedDate":"2024-09-11","isFullCredit":false},{"lineNumber":2,"author":{"gitId":"Ridiculouswifi"},"content":"import freedom.exceptions.TimeEmpty;","lastModifiedDate":"2024-09-11","isFullCredit":false},{"lineNumber":3,"author":{"gitId":"Ridiculouswifi"},"content":"","lastModifiedDate":"2024-09-11","isFullCredit":false},{"lineNumber":4,"author":{"gitId":"Ridiculouswifi"},"content":"public class Deadline extends Task{","lastModifiedDate":"2024-09-01","isFullCredit":false},{"lineNumber":5,"author":{"gitId":"Ridiculouswifi"},"content":"    protected String doneBy;","lastModifiedDate":"2024-09-01","isFullCredit":false},{"lineNumber":6,"author":{"gitId":"Ridiculouswifi"},"content":"","lastModifiedDate":"2024-09-01","isFullCredit":false},{"lineNumber":7,"author":{"gitId":"Ridiculouswifi"},"content":"    public Deadline(String description) throws Exception {","lastModifiedDate":"2024-09-11","isFullCredit":false},{"lineNumber":8,"author":{"gitId":"Ridiculouswifi"},"content":"        super(description);","lastModifiedDate":"2024-09-01","isFullCredit":false},{"lineNumber":9,"author":{"gitId":"Ridiculouswifi"},"content":"        final int DESCRIPTION_INDEX \u003d 0;","lastModifiedDate":"2024-09-11","isFullCredit":false},{"lineNumber":10,"author":{"gitId":"Ridiculouswifi"},"content":"        final int DONE_BY_INDEX \u003d 1;","lastModifiedDate":"2024-09-11","isFullCredit":false},{"lineNumber":11,"author":{"gitId":"Ridiculouswifi"},"content":"","lastModifiedDate":"2024-09-11","isFullCredit":false},{"lineNumber":12,"author":{"gitId":"Ridiculouswifi"},"content":"        String[] components \u003d description.split(\"/by\");","lastModifiedDate":"2024-09-11","isFullCredit":false},{"lineNumber":13,"author":{"gitId":"Ridiculouswifi"},"content":"        updateDescription(components[DESCRIPTION_INDEX].trim());","lastModifiedDate":"2024-09-11","isFullCredit":false},{"lineNumber":14,"author":{"gitId":"Ridiculouswifi"},"content":"        try {","lastModifiedDate":"2024-09-11","isFullCredit":false},{"lineNumber":15,"author":{"gitId":"Ridiculouswifi"},"content":"            if (getDescription().isEmpty()) {","lastModifiedDate":"2024-09-11","isFullCredit":false},{"lineNumber":16,"author":{"gitId":"Ridiculouswifi"},"content":"                throw new DescriptionEmpty();","lastModifiedDate":"2024-09-11","isFullCredit":false},{"lineNumber":17,"author":{"gitId":"Ridiculouswifi"},"content":"            }","lastModifiedDate":"2024-09-11","isFullCredit":false},{"lineNumber":18,"author":{"gitId":"Ridiculouswifi"},"content":"            setDoneBy(components[DONE_BY_INDEX].trim());","lastModifiedDate":"2024-09-11","isFullCredit":false},{"lineNumber":19,"author":{"gitId":"Ridiculouswifi"},"content":"            if (getDoneBy().isEmpty()) {","lastModifiedDate":"2024-09-11","isFullCredit":false},{"lineNumber":20,"author":{"gitId":"Ridiculouswifi"},"content":"                throw new TimeEmpty();","lastModifiedDate":"2024-09-11","isFullCredit":false},{"lineNumber":21,"author":{"gitId":"Ridiculouswifi"},"content":"            }","lastModifiedDate":"2024-09-11","isFullCredit":false},{"lineNumber":22,"author":{"gitId":"Ridiculouswifi"},"content":"        } catch (DescriptionEmpty e) {","lastModifiedDate":"2024-09-11","isFullCredit":false},{"lineNumber":23,"author":{"gitId":"Ridiculouswifi"},"content":"            printEmptyDescriptionError();","lastModifiedDate":"2024-09-11","isFullCredit":false},{"lineNumber":24,"author":{"gitId":"Ridiculouswifi"},"content":"            throw new Exception(\"Description is empty\");","lastModifiedDate":"2024-09-11","isFullCredit":false},{"lineNumber":25,"author":{"gitId":"Ridiculouswifi"},"content":"        } catch (TimeEmpty | ArrayIndexOutOfBoundsException e) {","lastModifiedDate":"2024-09-11","isFullCredit":false},{"lineNumber":26,"author":{"gitId":"Ridiculouswifi"},"content":"            System.out.print(LOGO);","lastModifiedDate":"2024-09-11","isFullCredit":false},{"lineNumber":27,"author":{"gitId":"Ridiculouswifi"},"content":"            System.out.print(\"\"\"","lastModifiedDate":"2024-09-11","isFullCredit":false},{"lineNumber":28,"author":{"gitId":"Ridiculouswifi"},"content":"                    \\tYou need to set a date/time!","lastModifiedDate":"2024-09-11","isFullCredit":false},{"lineNumber":29,"author":{"gitId":"Ridiculouswifi"},"content":"                    \\tRemember:","lastModifiedDate":"2024-09-11","isFullCredit":false},{"lineNumber":30,"author":{"gitId":"Ridiculouswifi"},"content":"                    \\t  Use /by before the date/time","lastModifiedDate":"2024-09-11","isFullCredit":false},{"lineNumber":31,"author":{"gitId":"Ridiculouswifi"},"content":"                    \\t  Include a date/time","lastModifiedDate":"2024-09-11","isFullCredit":false},{"lineNumber":32,"author":{"gitId":"Ridiculouswifi"},"content":"                    \"\"\");","lastModifiedDate":"2024-09-11","isFullCredit":false},{"lineNumber":33,"author":{"gitId":"Ridiculouswifi"},"content":"            System.out.println(LOGO);","lastModifiedDate":"2024-09-11","isFullCredit":false},{"lineNumber":34,"author":{"gitId":"Ridiculouswifi"},"content":"            throw new Exception(\"No deadline given\");","lastModifiedDate":"2024-09-11","isFullCredit":false},{"lineNumber":35,"author":{"gitId":"Ridiculouswifi"},"content":"        }","lastModifiedDate":"2024-09-11","isFullCredit":false},{"lineNumber":36,"author":{"gitId":"Ridiculouswifi"},"content":"    }","lastModifiedDate":"2024-09-02","isFullCredit":false},{"lineNumber":37,"author":{"gitId":"Ridiculouswifi"},"content":"","lastModifiedDate":"2024-09-02","isFullCredit":false},{"lineNumber":38,"author":{"gitId":"Ridiculouswifi"},"content":"    public void setDoneBy(String doneBy) {","lastModifiedDate":"2024-09-02","isFullCredit":false},{"lineNumber":39,"author":{"gitId":"Ridiculouswifi"},"content":"        this.doneBy \u003d doneBy;","lastModifiedDate":"2024-09-02","isFullCredit":false},{"lineNumber":40,"author":{"gitId":"Ridiculouswifi"},"content":"    }","lastModifiedDate":"2024-09-02","isFullCredit":false},{"lineNumber":41,"author":{"gitId":"Ridiculouswifi"},"content":"","lastModifiedDate":"2024-09-02","isFullCredit":false},{"lineNumber":42,"author":{"gitId":"Ridiculouswifi"},"content":"    public String getDoneBy() {","lastModifiedDate":"2024-09-02","isFullCredit":false},{"lineNumber":43,"author":{"gitId":"Ridiculouswifi"},"content":"        return doneBy;","lastModifiedDate":"2024-09-02","isFullCredit":false},{"lineNumber":44,"author":{"gitId":"Ridiculouswifi"},"content":"    }","lastModifiedDate":"2024-09-02","isFullCredit":false},{"lineNumber":45,"author":{"gitId":"Ridiculouswifi"},"content":"","lastModifiedDate":"2024-09-02","isFullCredit":false},{"lineNumber":46,"author":{"gitId":"Ridiculouswifi"},"content":"    public String printLine() {","lastModifiedDate":"2024-09-02","isFullCredit":false},{"lineNumber":47,"author":{"gitId":"Ridiculouswifi"},"content":"        return \"[D]\" + super.printLine() + \" (by: \" + doneBy + \")\";","lastModifiedDate":"2024-09-02","isFullCredit":false},{"lineNumber":48,"author":{"gitId":"Ridiculouswifi"},"content":"    }","lastModifiedDate":"2024-09-01","isFullCredit":false},{"lineNumber":49,"author":{"gitId":"Ridiculouswifi"},"content":"}","lastModifiedDate":"2024-09-01","isFullCredit":false}],"authorContributionMap":{"Ridiculouswifi":49}},{"path":"src/main/java/Event.java","fileType":"java","lines":[{"lineNumber":1,"author":{"gitId":"Ridiculouswifi"},"content":"import freedom.exceptions.DescriptionEmpty;","lastModifiedDate":"2024-09-12","isFullCredit":false},{"lineNumber":2,"author":{"gitId":"Ridiculouswifi"},"content":"import freedom.exceptions.TimeEmpty;","lastModifiedDate":"2024-09-12","isFullCredit":false},{"lineNumber":3,"author":{"gitId":"Ridiculouswifi"},"content":"","lastModifiedDate":"2024-09-12","isFullCredit":false},{"lineNumber":4,"author":{"gitId":"Ridiculouswifi"},"content":"public class Event extends Task{","lastModifiedDate":"2024-09-02","isFullCredit":false},{"lineNumber":5,"author":{"gitId":"Ridiculouswifi"},"content":"    protected String from;","lastModifiedDate":"2024-09-02","isFullCredit":false},{"lineNumber":6,"author":{"gitId":"Ridiculouswifi"},"content":"    protected String to;","lastModifiedDate":"2024-09-02","isFullCredit":false},{"lineNumber":7,"author":{"gitId":"Ridiculouswifi"},"content":"","lastModifiedDate":"2024-09-02","isFullCredit":false},{"lineNumber":8,"author":{"gitId":"Ridiculouswifi"},"content":"    public Event(String description) throws Exception {","lastModifiedDate":"2024-09-12","isFullCredit":false},{"lineNumber":9,"author":{"gitId":"Ridiculouswifi"},"content":"        super(description);","lastModifiedDate":"2024-09-02","isFullCredit":false},{"lineNumber":10,"author":{"gitId":"Ridiculouswifi"},"content":"        final int DESCRIPTION_INDEX \u003d 0;","lastModifiedDate":"2024-09-12","isFullCredit":false},{"lineNumber":11,"author":{"gitId":"Ridiculouswifi"},"content":"        final int FROM_INDEX \u003d 1;","lastModifiedDate":"2024-09-11","isFullCredit":false},{"lineNumber":12,"author":{"gitId":"Ridiculouswifi"},"content":"        final int TO_INDEX \u003d 2;","lastModifiedDate":"2024-09-11","isFullCredit":false},{"lineNumber":13,"author":{"gitId":"Ridiculouswifi"},"content":"","lastModifiedDate":"2024-09-11","isFullCredit":false},{"lineNumber":14,"author":{"gitId":"Ridiculouswifi"},"content":"        String[] components \u003d description.split(\"/from|/to\");","lastModifiedDate":"2024-09-12","isFullCredit":false},{"lineNumber":15,"author":{"gitId":"Ridiculouswifi"},"content":"        updateDescription(components[DESCRIPTION_INDEX].trim());","lastModifiedDate":"2024-09-12","isFullCredit":false},{"lineNumber":16,"author":{"gitId":"Ridiculouswifi"},"content":"        try {","lastModifiedDate":"2024-09-12","isFullCredit":false},{"lineNumber":17,"author":{"gitId":"Ridiculouswifi"},"content":"            if (getDescription().isEmpty()) {","lastModifiedDate":"2024-09-12","isFullCredit":false},{"lineNumber":18,"author":{"gitId":"Ridiculouswifi"},"content":"                throw new DescriptionEmpty();","lastModifiedDate":"2024-09-12","isFullCredit":false},{"lineNumber":19,"author":{"gitId":"Ridiculouswifi"},"content":"            }","lastModifiedDate":"2024-09-12","isFullCredit":false},{"lineNumber":20,"author":{"gitId":"Ridiculouswifi"},"content":"            setFrom(components[FROM_INDEX].trim());","lastModifiedDate":"2024-09-12","isFullCredit":false},{"lineNumber":21,"author":{"gitId":"Ridiculouswifi"},"content":"            setTo(components[TO_INDEX].trim());","lastModifiedDate":"2024-09-12","isFullCredit":false},{"lineNumber":22,"author":{"gitId":"Ridiculouswifi"},"content":"            if (getFrom().isEmpty() || getTo().isEmpty()) {","lastModifiedDate":"2024-09-12","isFullCredit":false},{"lineNumber":23,"author":{"gitId":"Ridiculouswifi"},"content":"                throw new TimeEmpty();","lastModifiedDate":"2024-09-12","isFullCredit":false},{"lineNumber":24,"author":{"gitId":"Ridiculouswifi"},"content":"            }","lastModifiedDate":"2024-09-12","isFullCredit":false},{"lineNumber":25,"author":{"gitId":"Ridiculouswifi"},"content":"        } catch (DescriptionEmpty e) {","lastModifiedDate":"2024-09-12","isFullCredit":false},{"lineNumber":26,"author":{"gitId":"Ridiculouswifi"},"content":"            printEmptyDescriptionError();","lastModifiedDate":"2024-09-12","isFullCredit":false},{"lineNumber":27,"author":{"gitId":"Ridiculouswifi"},"content":"            throw new Exception(\"Description is empty\");","lastModifiedDate":"2024-09-12","isFullCredit":false},{"lineNumber":28,"author":{"gitId":"Ridiculouswifi"},"content":"        } catch (TimeEmpty | ArrayIndexOutOfBoundsException e) {","lastModifiedDate":"2024-09-12","isFullCredit":false},{"lineNumber":29,"author":{"gitId":"Ridiculouswifi"},"content":"            System.out.print(LOGO);","lastModifiedDate":"2024-09-12","isFullCredit":false},{"lineNumber":30,"author":{"gitId":"Ridiculouswifi"},"content":"            System.out.print(\"\"\"","lastModifiedDate":"2024-09-12","isFullCredit":false},{"lineNumber":31,"author":{"gitId":"Ridiculouswifi"},"content":"                    \\tYou need to set a duration!","lastModifiedDate":"2024-09-12","isFullCredit":false},{"lineNumber":32,"author":{"gitId":"Ridiculouswifi"},"content":"                    \\tRemember:","lastModifiedDate":"2024-09-12","isFullCredit":false},{"lineNumber":33,"author":{"gitId":"Ridiculouswifi"},"content":"                    \\t  Use /from and /to before the date/time","lastModifiedDate":"2024-09-12","isFullCredit":false},{"lineNumber":34,"author":{"gitId":"Ridiculouswifi"},"content":"                    \\t  Include a date/time span","lastModifiedDate":"2024-09-12","isFullCredit":false},{"lineNumber":35,"author":{"gitId":"Ridiculouswifi"},"content":"                    \"\"\");","lastModifiedDate":"2024-09-12","isFullCredit":false},{"lineNumber":36,"author":{"gitId":"Ridiculouswifi"},"content":"            System.out.println(LOGO);","lastModifiedDate":"2024-09-12","isFullCredit":false},{"lineNumber":37,"author":{"gitId":"Ridiculouswifi"},"content":"            throw new Exception(\"No from/to time given\");","lastModifiedDate":"2024-09-12","isFullCredit":false},{"lineNumber":38,"author":{"gitId":"Ridiculouswifi"},"content":"        }","lastModifiedDate":"2024-09-12","isFullCredit":false},{"lineNumber":39,"author":{"gitId":"Ridiculouswifi"},"content":"    }","lastModifiedDate":"2024-09-02","isFullCredit":false},{"lineNumber":40,"author":{"gitId":"Ridiculouswifi"},"content":"","lastModifiedDate":"2024-09-02","isFullCredit":false},{"lineNumber":41,"author":{"gitId":"Ridiculouswifi"},"content":"    public void setFrom(String from) {","lastModifiedDate":"2024-09-02","isFullCredit":false},{"lineNumber":42,"author":{"gitId":"Ridiculouswifi"},"content":"        this.from \u003d from;","lastModifiedDate":"2024-09-02","isFullCredit":false},{"lineNumber":43,"author":{"gitId":"Ridiculouswifi"},"content":"    }","lastModifiedDate":"2024-09-02","isFullCredit":false},{"lineNumber":44,"author":{"gitId":"Ridiculouswifi"},"content":"","lastModifiedDate":"2024-09-02","isFullCredit":false},{"lineNumber":45,"author":{"gitId":"Ridiculouswifi"},"content":"    public String getFrom() {","lastModifiedDate":"2024-09-02","isFullCredit":false},{"lineNumber":46,"author":{"gitId":"Ridiculouswifi"},"content":"        return from;","lastModifiedDate":"2024-09-02","isFullCredit":false},{"lineNumber":47,"author":{"gitId":"Ridiculouswifi"},"content":"    }","lastModifiedDate":"2024-09-02","isFullCredit":false},{"lineNumber":48,"author":{"gitId":"Ridiculouswifi"},"content":"","lastModifiedDate":"2024-09-02","isFullCredit":false},{"lineNumber":49,"author":{"gitId":"Ridiculouswifi"},"content":"    public void setTo(String to) {","lastModifiedDate":"2024-09-02","isFullCredit":false},{"lineNumber":50,"author":{"gitId":"Ridiculouswifi"},"content":"        this.to \u003d to;","lastModifiedDate":"2024-09-02","isFullCredit":false},{"lineNumber":51,"author":{"gitId":"Ridiculouswifi"},"content":"    }","lastModifiedDate":"2024-09-02","isFullCredit":false},{"lineNumber":52,"author":{"gitId":"Ridiculouswifi"},"content":"","lastModifiedDate":"2024-09-02","isFullCredit":false},{"lineNumber":53,"author":{"gitId":"Ridiculouswifi"},"content":"    public String getTo() {","lastModifiedDate":"2024-09-02","isFullCredit":false},{"lineNumber":54,"author":{"gitId":"Ridiculouswifi"},"content":"        return to;","lastModifiedDate":"2024-09-02","isFullCredit":false},{"lineNumber":55,"author":{"gitId":"Ridiculouswifi"},"content":"    }","lastModifiedDate":"2024-09-02","isFullCredit":false},{"lineNumber":56,"author":{"gitId":"Ridiculouswifi"},"content":"","lastModifiedDate":"2024-09-02","isFullCredit":false},{"lineNumber":57,"author":{"gitId":"Ridiculouswifi"},"content":"    public String printLine() {","lastModifiedDate":"2024-09-02","isFullCredit":false},{"lineNumber":58,"author":{"gitId":"Ridiculouswifi"},"content":"        return \"[E]\" + super.printLine() + \" (from: \" + from + \" to: \" + to + \")\";","lastModifiedDate":"2024-09-02","isFullCredit":false},{"lineNumber":59,"author":{"gitId":"Ridiculouswifi"},"content":"    }","lastModifiedDate":"2024-09-02","isFullCredit":false},{"lineNumber":60,"author":{"gitId":"Ridiculouswifi"},"content":"}","lastModifiedDate":"2024-09-02","isFullCredit":false}],"authorContributionMap":{"Ridiculouswifi":60}},{"path":"src/main/java/Freedom.java","fileType":"java","lines":[{"lineNumber":1,"author":{"gitId":"Ridiculouswifi"},"content":"import java.util.Scanner;","lastModifiedDate":"2024-08-29","isFullCredit":false},{"lineNumber":2,"author":{"gitId":"Ridiculouswifi"},"content":"import freedom.exceptions.InvalidCommand;","lastModifiedDate":"2024-09-11","isFullCredit":false},{"lineNumber":3,"author":{"gitId":"Ridiculouswifi"},"content":"","lastModifiedDate":"2024-08-29","isFullCredit":false},{"lineNumber":4,"author":{"gitId":"Ridiculouswifi"},"content":"public class Freedom {","lastModifiedDate":"2024-08-28","isFullCredit":false},{"lineNumber":5,"author":{"gitId":"Ridiculouswifi"},"content":"    protected static Task[] storage \u003d new Task[100];","lastModifiedDate":"2024-09-02","isFullCredit":false},{"lineNumber":6,"author":{"gitId":"Ridiculouswifi"},"content":"    static int lastIndex \u003d 0;","lastModifiedDate":"2024-09-02","isFullCredit":false},{"lineNumber":7,"author":{"gitId":"Ridiculouswifi"},"content":"","lastModifiedDate":"2024-09-02","isFullCredit":false},{"lineNumber":8,"author":{"gitId":"Ridiculouswifi"},"content":"    static final String LOGO \u003d \"\\t________________________________________\\n\";","lastModifiedDate":"2024-09-11","isFullCredit":false},{"lineNumber":9,"author":{"gitId":"Ridiculouswifi"},"content":"","lastModifiedDate":"2024-09-11","isFullCredit":false},{"lineNumber":10,"author":{"gitId":"Ridiculouswifi"},"content":"    public static void main(String[] args) {","lastModifiedDate":"2024-08-28","isFullCredit":false},{"lineNumber":11,"author":{"gitId":"Ridiculouswifi"},"content":"        final String START_MESSAGE \u003d \"\"\"","lastModifiedDate":"2024-09-11","isFullCredit":false},{"lineNumber":12,"author":{"gitId":"Ridiculouswifi"},"content":"                \\tHello! I\u0027m Freedom","lastModifiedDate":"2024-08-29","isFullCredit":false},{"lineNumber":13,"author":{"gitId":"Ridiculouswifi"},"content":"                \\tWhat can I do for you?","lastModifiedDate":"2024-08-29","isFullCredit":false},{"lineNumber":14,"author":{"gitId":"Ridiculouswifi"},"content":"                \"\"\";","lastModifiedDate":"2024-08-28","isFullCredit":false},{"lineNumber":15,"author":{"gitId":"Ridiculouswifi"},"content":"        final String CLOSING_MESSAGE \u003d \"\\tBye. Hope to see you again soon!\\n\";","lastModifiedDate":"2024-09-11","isFullCredit":false},{"lineNumber":16,"author":{"gitId":"Ridiculouswifi"},"content":"","lastModifiedDate":"2024-08-29","isFullCredit":false},{"lineNumber":17,"author":{"gitId":"Ridiculouswifi"},"content":"        System.out.println(LOGO + START_MESSAGE + LOGO);","lastModifiedDate":"2024-09-11","isFullCredit":false},{"lineNumber":18,"author":{"gitId":"Ridiculouswifi"},"content":"        Scanner in \u003d new Scanner(System.in);","lastModifiedDate":"2024-08-29","isFullCredit":false},{"lineNumber":19,"author":{"gitId":"Ridiculouswifi"},"content":"","lastModifiedDate":"2024-09-11","isFullCredit":false},{"lineNumber":20,"author":{"gitId":"Ridiculouswifi"},"content":"        // Super loop for getting inputs","lastModifiedDate":"2024-09-11","isFullCredit":false},{"lineNumber":21,"author":{"gitId":"Ridiculouswifi"},"content":"        while (in.hasNextLine()) {","lastModifiedDate":"2024-09-09","isFullCredit":false},{"lineNumber":22,"author":{"gitId":"Ridiculouswifi"},"content":"            String line \u003d in.nextLine();","lastModifiedDate":"2024-08-29","isFullCredit":false},{"lineNumber":23,"author":{"gitId":"Ridiculouswifi"},"content":"","lastModifiedDate":"2024-08-29","isFullCredit":false},{"lineNumber":24,"author":{"gitId":"Ridiculouswifi"},"content":"            if (line.equals(\"bye\")) {","lastModifiedDate":"2024-08-29","isFullCredit":false},{"lineNumber":25,"author":{"gitId":"Ridiculouswifi"},"content":"                break;","lastModifiedDate":"2024-08-29","isFullCredit":false},{"lineNumber":26,"author":{"gitId":"Ridiculouswifi"},"content":"            }","lastModifiedDate":"2024-08-29","isFullCredit":false},{"lineNumber":27,"author":{"gitId":"Ridiculouswifi"},"content":"            handleInput(line);","lastModifiedDate":"2024-09-11","isFullCredit":false},{"lineNumber":28,"author":{"gitId":"Ridiculouswifi"},"content":"        }","lastModifiedDate":"2024-08-29","isFullCredit":false},{"lineNumber":29,"author":{"gitId":"Ridiculouswifi"},"content":"","lastModifiedDate":"2024-08-29","isFullCredit":false},{"lineNumber":30,"author":{"gitId":"Ridiculouswifi"},"content":"        System.out.println(LOGO + CLOSING_MESSAGE + LOGO);","lastModifiedDate":"2024-09-11","isFullCredit":false},{"lineNumber":31,"author":{"gitId":"Ridiculouswifi"},"content":"    }","lastModifiedDate":"2024-08-28","isFullCredit":false},{"lineNumber":32,"author":{"gitId":"Ridiculouswifi"},"content":"","lastModifiedDate":"2024-08-29","isFullCredit":false},{"lineNumber":33,"author":{"gitId":"Ridiculouswifi"},"content":"    public static void handleInput(String input) {","lastModifiedDate":"2024-09-11","isFullCredit":false},{"lineNumber":34,"author":{"gitId":"Ridiculouswifi"},"content":"        final int COMMAND_INDEX \u003d 0;","lastModifiedDate":"2024-09-11","isFullCredit":false},{"lineNumber":35,"author":{"gitId":"Ridiculouswifi"},"content":"        String[] words \u003d input.split(\" \");","lastModifiedDate":"2024-09-02","isFullCredit":false},{"lineNumber":36,"author":{"gitId":"Ridiculouswifi"},"content":"        String description;","lastModifiedDate":"2024-09-02","isFullCredit":false},{"lineNumber":37,"author":{"gitId":"Ridiculouswifi"},"content":"","lastModifiedDate":"2024-09-02","isFullCredit":false},{"lineNumber":38,"author":{"gitId":"Ridiculouswifi"},"content":"        try {","lastModifiedDate":"2024-09-11","isFullCredit":false},{"lineNumber":39,"author":{"gitId":"Ridiculouswifi"},"content":"            switch (words[COMMAND_INDEX]) {","lastModifiedDate":"2024-09-11","isFullCredit":false},{"lineNumber":40,"author":{"gitId":"Ridiculouswifi"},"content":"                case \"list\":","lastModifiedDate":"2024-09-11","isFullCredit":false},{"lineNumber":41,"author":{"gitId":"Ridiculouswifi"},"content":"                    printList();","lastModifiedDate":"2024-09-02","isFullCredit":false},{"lineNumber":42,"author":{"gitId":"Ridiculouswifi"},"content":"                    return;","lastModifiedDate":"2024-09-11","isFullCredit":false},{"lineNumber":43,"author":{"gitId":"Ridiculouswifi"},"content":"                case \"mark\":","lastModifiedDate":"2024-09-11","isFullCredit":false},{"lineNumber":44,"author":{"gitId":"Ridiculouswifi"},"content":"                    markTask(words, true);","lastModifiedDate":"2024-09-11","isFullCredit":false},{"lineNumber":45,"author":{"gitId":"Ridiculouswifi"},"content":"                    return;","lastModifiedDate":"2024-09-11","isFullCredit":false},{"lineNumber":46,"author":{"gitId":"Ridiculouswifi"},"content":"                case \"unmark\":","lastModifiedDate":"2024-09-11","isFullCredit":false},{"lineNumber":47,"author":{"gitId":"Ridiculouswifi"},"content":"                    markTask(words, false);","lastModifiedDate":"2024-09-11","isFullCredit":false},{"lineNumber":48,"author":{"gitId":"Ridiculouswifi"},"content":"                    return;","lastModifiedDate":"2024-09-11","isFullCredit":false},{"lineNumber":49,"author":{"gitId":"Ridiculouswifi"},"content":"                case \"todo\":","lastModifiedDate":"2024-09-11","isFullCredit":false},{"lineNumber":50,"author":{"gitId":"Ridiculouswifi"},"content":"                    description \u003d input.replaceFirst(\"todo\", \"\");","lastModifiedDate":"2024-09-02","isFullCredit":false},{"lineNumber":51,"author":{"gitId":"Ridiculouswifi"},"content":"                    storage[lastIndex] \u003d new ToDo(description);","lastModifiedDate":"2024-09-02","isFullCredit":false},{"lineNumber":52,"author":{"gitId":"Ridiculouswifi"},"content":"                    break;","lastModifiedDate":"2024-09-11","isFullCredit":false},{"lineNumber":53,"author":{"gitId":"Ridiculouswifi"},"content":"                case \"deadline\":","lastModifiedDate":"2024-09-11","isFullCredit":false},{"lineNumber":54,"author":{"gitId":"Ridiculouswifi"},"content":"                    description \u003d input.replaceFirst(\"deadline\", \"\");","lastModifiedDate":"2024-09-02","isFullCredit":false},{"lineNumber":55,"author":{"gitId":"Ridiculouswifi"},"content":"                    storage[lastIndex] \u003d new Deadline(description);","lastModifiedDate":"2024-09-11","isFullCredit":false},{"lineNumber":56,"author":{"gitId":"Ridiculouswifi"},"content":"                    break;","lastModifiedDate":"2024-09-11","isFullCredit":false},{"lineNumber":57,"author":{"gitId":"Ridiculouswifi"},"content":"                case \"event\":","lastModifiedDate":"2024-09-11","isFullCredit":false},{"lineNumber":58,"author":{"gitId":"Ridiculouswifi"},"content":"                    description \u003d input.replaceFirst(\"event\", \"\");","lastModifiedDate":"2024-09-02","isFullCredit":false},{"lineNumber":59,"author":{"gitId":"Ridiculouswifi"},"content":"                    storage[lastIndex] \u003d new Event(description);","lastModifiedDate":"2024-09-11","isFullCredit":false},{"lineNumber":60,"author":{"gitId":"Ridiculouswifi"},"content":"                    break;","lastModifiedDate":"2024-09-11","isFullCredit":false},{"lineNumber":61,"author":{"gitId":"Ridiculouswifi"},"content":"                default:","lastModifiedDate":"2024-09-11","isFullCredit":false},{"lineNumber":62,"author":{"gitId":"Ridiculouswifi"},"content":"                    throw new InvalidCommand();","lastModifiedDate":"2024-09-11","isFullCredit":false},{"lineNumber":63,"author":{"gitId":"Ridiculouswifi"},"content":"","lastModifiedDate":"2024-09-11","isFullCredit":false},{"lineNumber":64,"author":{"gitId":"Ridiculouswifi"},"content":"            }","lastModifiedDate":"2024-09-11","isFullCredit":false},{"lineNumber":65,"author":{"gitId":"Ridiculouswifi"},"content":"            System.out.println(LOGO + \"\\tGot it. I\u0027ve added this task: \");","lastModifiedDate":"2024-09-11","isFullCredit":false},{"lineNumber":66,"author":{"gitId":"Ridiculouswifi"},"content":"            System.out.println(\"\\t  \" + storage[lastIndex].printLine());","lastModifiedDate":"2024-09-02","isFullCredit":false},{"lineNumber":67,"author":{"gitId":"Ridiculouswifi"},"content":"            ","lastModifiedDate":"2024-09-12","isFullCredit":false},{"lineNumber":68,"author":{"gitId":"Ridiculouswifi"},"content":"            lastIndex++;","lastModifiedDate":"2024-09-11","isFullCredit":false},{"lineNumber":69,"author":{"gitId":"Ridiculouswifi"},"content":"","lastModifiedDate":"2024-09-12","isFullCredit":false},{"lineNumber":70,"author":{"gitId":"Ridiculouswifi"},"content":"            System.out.println(\"\\tNow you have \" + (lastIndex) + \" tasks in the list.\\n\" + LOGO);","lastModifiedDate":"2024-09-12","isFullCredit":false},{"lineNumber":71,"author":{"gitId":"Ridiculouswifi"},"content":"        } catch (InvalidCommand e) {","lastModifiedDate":"2024-09-11","isFullCredit":false},{"lineNumber":72,"author":{"gitId":"Ridiculouswifi"},"content":"            System.out.println(LOGO + \"\\tSorry! I do not understand your command\");","lastModifiedDate":"2024-09-11","isFullCredit":false},{"lineNumber":73,"author":{"gitId":"Ridiculouswifi"},"content":"            System.out.println(LOGO);","lastModifiedDate":"2024-09-11","isFullCredit":false},{"lineNumber":74,"author":{"gitId":"Ridiculouswifi"},"content":"        } catch (Exception e) {","lastModifiedDate":"2024-09-11","isFullCredit":false},{"lineNumber":75,"author":{"gitId":"Ridiculouswifi"},"content":"            System.out.print(\"\");","lastModifiedDate":"2024-09-12","isFullCredit":false},{"lineNumber":76,"author":{"gitId":"Ridiculouswifi"},"content":"        }","lastModifiedDate":"2024-09-11","isFullCredit":false},{"lineNumber":77,"author":{"gitId":"Ridiculouswifi"},"content":"    }","lastModifiedDate":"2024-08-29","isFullCredit":false},{"lineNumber":78,"author":{"gitId":"Ridiculouswifi"},"content":"","lastModifiedDate":"2024-08-29","isFullCredit":false},{"lineNumber":79,"author":{"gitId":"Ridiculouswifi"},"content":"    public static void printList() {","lastModifiedDate":"2024-09-02","isFullCredit":false},{"lineNumber":80,"author":{"gitId":"Ridiculouswifi"},"content":"        int counter \u003d 1;","lastModifiedDate":"2024-09-11","isFullCredit":false},{"lineNumber":81,"author":{"gitId":"Ridiculouswifi"},"content":"        System.out.print(LOGO + \"\\tHere are the tasks in your list:\\n\");","lastModifiedDate":"2024-09-11","isFullCredit":false},{"lineNumber":82,"author":{"gitId":"Ridiculouswifi"},"content":"        for (int i \u003d 0; i \u003c lastIndex; i++) {","lastModifiedDate":"2024-08-30","isFullCredit":false},{"lineNumber":83,"author":{"gitId":"Ridiculouswifi"},"content":"            System.out.println(\"\\t\" + counter + \".\" + storage[i].printLine());","lastModifiedDate":"2024-09-11","isFullCredit":false},{"lineNumber":84,"author":{"gitId":"Ridiculouswifi"},"content":"            counter++;","lastModifiedDate":"2024-08-29","isFullCredit":false},{"lineNumber":85,"author":{"gitId":"Ridiculouswifi"},"content":"        }","lastModifiedDate":"2024-08-29","isFullCredit":false},{"lineNumber":86,"author":{"gitId":"Ridiculouswifi"},"content":"        System.out.println(LOGO);","lastModifiedDate":"2024-09-11","isFullCredit":false},{"lineNumber":87,"author":{"gitId":"Ridiculouswifi"},"content":"    }","lastModifiedDate":"2024-09-11","isFullCredit":false},{"lineNumber":88,"author":{"gitId":"Ridiculouswifi"},"content":"","lastModifiedDate":"2024-09-11","isFullCredit":false},{"lineNumber":89,"author":{"gitId":"Ridiculouswifi"},"content":"    public static void markTask(String[] words, boolean isDone) {","lastModifiedDate":"2024-09-11","isFullCredit":false},{"lineNumber":90,"author":{"gitId":"Ridiculouswifi"},"content":"        final int TASK_INDEX \u003d 1;","lastModifiedDate":"2024-09-11","isFullCredit":false},{"lineNumber":91,"author":{"gitId":"Ridiculouswifi"},"content":"        int listNumber \u003d Integer.parseInt(words[TASK_INDEX]);","lastModifiedDate":"2024-09-11","isFullCredit":false},{"lineNumber":92,"author":{"gitId":"Ridiculouswifi"},"content":"        final int taskIndexInStorage \u003d listNumber - 1;","lastModifiedDate":"2024-09-12","isFullCredit":false},{"lineNumber":93,"author":{"gitId":"Ridiculouswifi"},"content":"        String message;","lastModifiedDate":"2024-09-11","isFullCredit":false},{"lineNumber":94,"author":{"gitId":"Ridiculouswifi"},"content":"","lastModifiedDate":"2024-09-11","isFullCredit":false},{"lineNumber":95,"author":{"gitId":"Ridiculouswifi"},"content":"        try {","lastModifiedDate":"2024-09-12","isFullCredit":false},{"lineNumber":96,"author":{"gitId":"Ridiculouswifi"},"content":"            if (taskIndexInStorage \u003e\u003d lastIndex) {","lastModifiedDate":"2024-09-12","isFullCredit":false},{"lineNumber":97,"author":{"gitId":"Ridiculouswifi"},"content":"                throw new ArrayIndexOutOfBoundsException();","lastModifiedDate":"2024-09-12","isFullCredit":false},{"lineNumber":98,"author":{"gitId":"Ridiculouswifi"},"content":"            }","lastModifiedDate":"2024-09-12","isFullCredit":false},{"lineNumber":99,"author":{"gitId":"Ridiculouswifi"},"content":"            if (isDone) {","lastModifiedDate":"2024-09-11","isFullCredit":false},{"lineNumber":100,"author":{"gitId":"Ridiculouswifi"},"content":"                storage[taskIndexInStorage].markDone();","lastModifiedDate":"2024-09-12","isFullCredit":false},{"lineNumber":101,"author":{"gitId":"Ridiculouswifi"},"content":"                message \u003d \"\\tNice! I\u0027ve marked this task as done:\";","lastModifiedDate":"2024-09-11","isFullCredit":false},{"lineNumber":102,"author":{"gitId":"Ridiculouswifi"},"content":"            } else {","lastModifiedDate":"2024-09-11","isFullCredit":false},{"lineNumber":103,"author":{"gitId":"Ridiculouswifi"},"content":"                storage[taskIndexInStorage].markUndone();","lastModifiedDate":"2024-09-12","isFullCredit":false},{"lineNumber":104,"author":{"gitId":"Ridiculouswifi"},"content":"                message \u003d \"\\tOk, I\u0027ve marked this task as not done yet:\";","lastModifiedDate":"2024-09-11","isFullCredit":false},{"lineNumber":105,"author":{"gitId":"Ridiculouswifi"},"content":"            }","lastModifiedDate":"2024-08-30","isFullCredit":false},{"lineNumber":106,"author":{"gitId":"Ridiculouswifi"},"content":"            System.out.println(LOGO + message);","lastModifiedDate":"2024-09-11","isFullCredit":false},{"lineNumber":107,"author":{"gitId":"Ridiculouswifi"},"content":"            System.out.println(\"\\t  \" + storage[taskIndexInStorage].printLine());","lastModifiedDate":"2024-09-12","isFullCredit":false},{"lineNumber":108,"author":{"gitId":"Ridiculouswifi"},"content":"            System.out.println(LOGO);","lastModifiedDate":"2024-09-11","isFullCredit":false},{"lineNumber":109,"author":{"gitId":"Ridiculouswifi"},"content":"        } catch (ArrayIndexOutOfBoundsException e) {","lastModifiedDate":"2024-09-12","isFullCredit":false},{"lineNumber":110,"author":{"gitId":"Ridiculouswifi"},"content":"            System.out.print(LOGO);","lastModifiedDate":"2024-09-12","isFullCredit":false},{"lineNumber":111,"author":{"gitId":"Ridiculouswifi"},"content":"            System.out.print(\"\"\"","lastModifiedDate":"2024-09-12","isFullCredit":false},{"lineNumber":112,"author":{"gitId":"Ridiculouswifi"},"content":"                    \\tWe don\u0027t have that many tasks??","lastModifiedDate":"2024-09-12","isFullCredit":false},{"lineNumber":113,"author":{"gitId":"Ridiculouswifi"},"content":"                    \\tYou can use list to check","lastModifiedDate":"2024-09-12","isFullCredit":false},{"lineNumber":114,"author":{"gitId":"Ridiculouswifi"},"content":"                    \"\"\");","lastModifiedDate":"2024-09-12","isFullCredit":false},{"lineNumber":115,"author":{"gitId":"Ridiculouswifi"},"content":"            System.out.println(LOGO);","lastModifiedDate":"2024-09-12","isFullCredit":false},{"lineNumber":116,"author":{"gitId":"Ridiculouswifi"},"content":"        } catch (Exception e) {","lastModifiedDate":"2024-09-12","isFullCredit":false},{"lineNumber":117,"author":{"gitId":"Ridiculouswifi"},"content":"            System.out.print(\"\");","lastModifiedDate":"2024-09-12","isFullCredit":false},{"lineNumber":118,"author":{"gitId":"Ridiculouswifi"},"content":"        }","lastModifiedDate":"2024-09-12","isFullCredit":false},{"lineNumber":119,"author":{"gitId":"Ridiculouswifi"},"content":"    }","lastModifiedDate":"2024-08-29","isFullCredit":false},{"lineNumber":120,"author":{"gitId":"Ridiculouswifi"},"content":"}","lastModifiedDate":"2024-08-28","isFullCredit":false}],"authorContributionMap":{"Ridiculouswifi":120}},{"path":"src/main/java/Task.java","fileType":"java","lines":[{"lineNumber":1,"author":{"gitId":"Ridiculouswifi"},"content":"public class Task {","lastModifiedDate":"2024-08-30","isFullCredit":false},{"lineNumber":2,"author":{"gitId":"Ridiculouswifi"},"content":"    protected String description;","lastModifiedDate":"2024-08-30","isFullCredit":false},{"lineNumber":3,"author":{"gitId":"Ridiculouswifi"},"content":"    protected boolean isDone;","lastModifiedDate":"2024-08-30","isFullCredit":false},{"lineNumber":4,"author":{"gitId":"Ridiculouswifi"},"content":"    protected static final String LOGO \u003d \"\\t________________________________________\\n\";","lastModifiedDate":"2024-09-11","isFullCredit":false},{"lineNumber":5,"author":{"gitId":"Ridiculouswifi"},"content":"","lastModifiedDate":"2024-08-30","isFullCredit":false},{"lineNumber":6,"author":{"gitId":"Ridiculouswifi"},"content":"    public Task(String description) {","lastModifiedDate":"2024-08-30","isFullCredit":false},{"lineNumber":7,"author":{"gitId":"Ridiculouswifi"},"content":"        this.description \u003d description;","lastModifiedDate":"2024-08-30","isFullCredit":false},{"lineNumber":8,"author":{"gitId":"Ridiculouswifi"},"content":"        this.isDone \u003d false;","lastModifiedDate":"2024-08-30","isFullCredit":false},{"lineNumber":9,"author":{"gitId":"Ridiculouswifi"},"content":"    }","lastModifiedDate":"2024-08-30","isFullCredit":false},{"lineNumber":10,"author":{"gitId":"Ridiculouswifi"},"content":"","lastModifiedDate":"2024-08-30","isFullCredit":false},{"lineNumber":11,"author":{"gitId":"Ridiculouswifi"},"content":"    public void markDone() throws Exception {","lastModifiedDate":"2024-09-12","isFullCredit":false},{"lineNumber":12,"author":{"gitId":"Ridiculouswifi"},"content":"        try {","lastModifiedDate":"2024-09-12","isFullCredit":false},{"lineNumber":13,"author":{"gitId":"Ridiculouswifi"},"content":"            if (isDone) {","lastModifiedDate":"2024-09-12","isFullCredit":false},{"lineNumber":14,"author":{"gitId":"Ridiculouswifi"},"content":"                throw new Exception();","lastModifiedDate":"2024-09-12","isFullCredit":false},{"lineNumber":15,"author":{"gitId":"Ridiculouswifi"},"content":"            }","lastModifiedDate":"2024-09-12","isFullCredit":false},{"lineNumber":16,"author":{"gitId":"Ridiculouswifi"},"content":"            this.isDone \u003d true;","lastModifiedDate":"2024-08-30","isFullCredit":false},{"lineNumber":17,"author":{"gitId":"Ridiculouswifi"},"content":"        } catch (Exception e) {","lastModifiedDate":"2024-09-12","isFullCredit":false},{"lineNumber":18,"author":{"gitId":"Ridiculouswifi"},"content":"            System.out.print(LOGO);","lastModifiedDate":"2024-09-12","isFullCredit":false},{"lineNumber":19,"author":{"gitId":"Ridiculouswifi"},"content":"            System.out.println(\"\\tAlready done :) Time for other things\");","lastModifiedDate":"2024-09-12","isFullCredit":false},{"lineNumber":20,"author":{"gitId":"Ridiculouswifi"},"content":"            System.out.println(LOGO);","lastModifiedDate":"2024-09-12","isFullCredit":false},{"lineNumber":21,"author":{"gitId":"Ridiculouswifi"},"content":"            throw new Exception();","lastModifiedDate":"2024-09-12","isFullCredit":false},{"lineNumber":22,"author":{"gitId":"Ridiculouswifi"},"content":"        }","lastModifiedDate":"2024-09-12","isFullCredit":false},{"lineNumber":23,"author":{"gitId":"Ridiculouswifi"},"content":"    }","lastModifiedDate":"2024-08-30","isFullCredit":false},{"lineNumber":24,"author":{"gitId":"Ridiculouswifi"},"content":"","lastModifiedDate":"2024-08-30","isFullCredit":false},{"lineNumber":25,"author":{"gitId":"Ridiculouswifi"},"content":"    public void markUndone() throws Exception {","lastModifiedDate":"2024-09-12","isFullCredit":false},{"lineNumber":26,"author":{"gitId":"Ridiculouswifi"},"content":"        try {","lastModifiedDate":"2024-09-12","isFullCredit":false},{"lineNumber":27,"author":{"gitId":"Ridiculouswifi"},"content":"            if (!isDone) {","lastModifiedDate":"2024-09-12","isFullCredit":false},{"lineNumber":28,"author":{"gitId":"Ridiculouswifi"},"content":"                throw new Exception();","lastModifiedDate":"2024-09-12","isFullCredit":false},{"lineNumber":29,"author":{"gitId":"Ridiculouswifi"},"content":"            }","lastModifiedDate":"2024-09-12","isFullCredit":false},{"lineNumber":30,"author":{"gitId":"Ridiculouswifi"},"content":"            this.isDone \u003d false;","lastModifiedDate":"2024-08-30","isFullCredit":false},{"lineNumber":31,"author":{"gitId":"Ridiculouswifi"},"content":"        } catch (Exception e) {","lastModifiedDate":"2024-09-12","isFullCredit":false},{"lineNumber":32,"author":{"gitId":"Ridiculouswifi"},"content":"            System.out.print(LOGO);","lastModifiedDate":"2024-09-12","isFullCredit":false},{"lineNumber":33,"author":{"gitId":"Ridiculouswifi"},"content":"            System.out.println(\"\\tYou have not done it yet? \u003e:(\");","lastModifiedDate":"2024-09-12","isFullCredit":false},{"lineNumber":34,"author":{"gitId":"Ridiculouswifi"},"content":"            System.out.println(LOGO);","lastModifiedDate":"2024-09-12","isFullCredit":false},{"lineNumber":35,"author":{"gitId":"Ridiculouswifi"},"content":"            throw new Exception();","lastModifiedDate":"2024-09-12","isFullCredit":false},{"lineNumber":36,"author":{"gitId":"Ridiculouswifi"},"content":"        }","lastModifiedDate":"2024-09-12","isFullCredit":false},{"lineNumber":37,"author":{"gitId":"Ridiculouswifi"},"content":"    }","lastModifiedDate":"2024-08-30","isFullCredit":false},{"lineNumber":38,"author":{"gitId":"Ridiculouswifi"},"content":"","lastModifiedDate":"2024-08-30","isFullCredit":false},{"lineNumber":39,"author":{"gitId":"Ridiculouswifi"},"content":"    public String getStatusIcon() {","lastModifiedDate":"2024-08-30","isFullCredit":false},{"lineNumber":40,"author":{"gitId":"Ridiculouswifi"},"content":"        return isDone ? \"X\" : \" \";","lastModifiedDate":"2024-08-30","isFullCredit":false},{"lineNumber":41,"author":{"gitId":"Ridiculouswifi"},"content":"    }","lastModifiedDate":"2024-08-30","isFullCredit":false},{"lineNumber":42,"author":{"gitId":"Ridiculouswifi"},"content":"","lastModifiedDate":"2024-08-30","isFullCredit":false},{"lineNumber":43,"author":{"gitId":"Ridiculouswifi"},"content":"    public void updateDescription(String newDescription) {","lastModifiedDate":"2024-09-11","isFullCredit":false},{"lineNumber":44,"author":{"gitId":"Ridiculouswifi"},"content":"        this.description \u003d newDescription;","lastModifiedDate":"2024-09-11","isFullCredit":false},{"lineNumber":45,"author":{"gitId":"Ridiculouswifi"},"content":"    }","lastModifiedDate":"2024-09-11","isFullCredit":false},{"lineNumber":46,"author":{"gitId":"Ridiculouswifi"},"content":"","lastModifiedDate":"2024-09-11","isFullCredit":false},{"lineNumber":47,"author":{"gitId":"Ridiculouswifi"},"content":"    public String getDescription() {","lastModifiedDate":"2024-08-30","isFullCredit":false},{"lineNumber":48,"author":{"gitId":"Ridiculouswifi"},"content":"        return description;","lastModifiedDate":"2024-08-30","isFullCredit":false},{"lineNumber":49,"author":{"gitId":"Ridiculouswifi"},"content":"    }","lastModifiedDate":"2024-08-30","isFullCredit":false},{"lineNumber":50,"author":{"gitId":"Ridiculouswifi"},"content":"","lastModifiedDate":"2024-09-01","isFullCredit":false},{"lineNumber":51,"author":{"gitId":"Ridiculouswifi"},"content":"    public String printLine() {","lastModifiedDate":"2024-09-01","isFullCredit":false},{"lineNumber":52,"author":{"gitId":"Ridiculouswifi"},"content":"        return \"[\" + getStatusIcon() + \"] \" + getDescription();","lastModifiedDate":"2024-09-01","isFullCredit":false},{"lineNumber":53,"author":{"gitId":"Ridiculouswifi"},"content":"    }","lastModifiedDate":"2024-09-01","isFullCredit":false},{"lineNumber":54,"author":{"gitId":"Ridiculouswifi"},"content":"","lastModifiedDate":"2024-09-11","isFullCredit":false},{"lineNumber":55,"author":{"gitId":"Ridiculouswifi"},"content":"    public void printEmptyDescriptionError() {","lastModifiedDate":"2024-09-11","isFullCredit":false},{"lineNumber":56,"author":{"gitId":"Ridiculouswifi"},"content":"        System.out.print(LOGO);","lastModifiedDate":"2024-09-11","isFullCredit":false},{"lineNumber":57,"author":{"gitId":"Ridiculouswifi"},"content":"        System.out.println(\"\\tDescription cannot be empty!!\");","lastModifiedDate":"2024-09-11","isFullCredit":false},{"lineNumber":58,"author":{"gitId":"Ridiculouswifi"},"content":"        System.out.println(LOGO);","lastModifiedDate":"2024-09-11","isFullCredit":false},{"lineNumber":59,"author":{"gitId":"Ridiculouswifi"},"content":"    }","lastModifiedDate":"2024-09-11","isFullCredit":false},{"lineNumber":60,"author":{"gitId":"Ridiculouswifi"},"content":"}","lastModifiedDate":"2024-08-30","isFullCredit":false}],"authorContributionMap":{"Ridiculouswifi":60}},{"path":"src/main/java/ToDo.java","fileType":"java","lines":[{"lineNumber":1,"author":{"gitId":"Ridiculouswifi"},"content":"import freedom.exceptions.DescriptionEmpty;","lastModifiedDate":"2024-09-11","isFullCredit":false},{"lineNumber":2,"author":{"gitId":"Ridiculouswifi"},"content":"","lastModifiedDate":"2024-09-11","isFullCredit":false},{"lineNumber":3,"author":{"gitId":"Ridiculouswifi"},"content":"public class ToDo extends Task {","lastModifiedDate":"2024-09-02","isFullCredit":false},{"lineNumber":4,"author":{"gitId":"Ridiculouswifi"},"content":"    public ToDo(String description) throws Exception {","lastModifiedDate":"2024-09-11","isFullCredit":false},{"lineNumber":5,"author":{"gitId":"Ridiculouswifi"},"content":"        super(description.trim());","lastModifiedDate":"2024-09-11","isFullCredit":false},{"lineNumber":6,"author":{"gitId":"Ridiculouswifi"},"content":"        try {","lastModifiedDate":"2024-09-11","isFullCredit":false},{"lineNumber":7,"author":{"gitId":"Ridiculouswifi"},"content":"            if (getDescription().isEmpty()) {","lastModifiedDate":"2024-09-11","isFullCredit":false},{"lineNumber":8,"author":{"gitId":"Ridiculouswifi"},"content":"                throw new DescriptionEmpty();","lastModifiedDate":"2024-09-11","isFullCredit":false},{"lineNumber":9,"author":{"gitId":"Ridiculouswifi"},"content":"            }","lastModifiedDate":"2024-09-11","isFullCredit":false},{"lineNumber":10,"author":{"gitId":"Ridiculouswifi"},"content":"        } catch (DescriptionEmpty e) {","lastModifiedDate":"2024-09-11","isFullCredit":false},{"lineNumber":11,"author":{"gitId":"Ridiculouswifi"},"content":"            printEmptyDescriptionError();","lastModifiedDate":"2024-09-11","isFullCredit":false},{"lineNumber":12,"author":{"gitId":"Ridiculouswifi"},"content":"            throw new Exception(\"Description is empty\");","lastModifiedDate":"2024-09-11","isFullCredit":false},{"lineNumber":13,"author":{"gitId":"Ridiculouswifi"},"content":"        }","lastModifiedDate":"2024-09-11","isFullCredit":false},{"lineNumber":14,"author":{"gitId":"Ridiculouswifi"},"content":"    }","lastModifiedDate":"2024-09-02","isFullCredit":false},{"lineNumber":15,"author":{"gitId":"Ridiculouswifi"},"content":"","lastModifiedDate":"2024-09-02","isFullCredit":false},{"lineNumber":16,"author":{"gitId":"Ridiculouswifi"},"content":"    public String printLine() {","lastModifiedDate":"2024-09-02","isFullCredit":false},{"lineNumber":17,"author":{"gitId":"Ridiculouswifi"},"content":"        return \"[T]\" + super.printLine();","lastModifiedDate":"2024-09-02","isFullCredit":false},{"lineNumber":18,"author":{"gitId":"Ridiculouswifi"},"content":"    }","lastModifiedDate":"2024-09-02","isFullCredit":false},{"lineNumber":19,"author":{"gitId":"Ridiculouswifi"},"content":"}","lastModifiedDate":"2024-09-02","isFullCredit":false}],"authorContributionMap":{"Ridiculouswifi":19}},{"path":"src/main/java/freedom/exceptions/DescriptionEmpty.java","fileType":"java","lines":[{"lineNumber":1,"author":{"gitId":"Ridiculouswifi"},"content":"package freedom.exceptions;","lastModifiedDate":"2024-09-11","isFullCredit":false},{"lineNumber":2,"author":{"gitId":"Ridiculouswifi"},"content":"","lastModifiedDate":"2024-09-11","isFullCredit":false},{"lineNumber":3,"author":{"gitId":"Ridiculouswifi"},"content":"public class DescriptionEmpty extends Exception {","lastModifiedDate":"2024-09-11","isFullCredit":false},{"lineNumber":4,"author":{"gitId":"Ridiculouswifi"},"content":"}","lastModifiedDate":"2024-09-11","isFullCredit":false}],"authorContributionMap":{"Ridiculouswifi":4}},{"path":"src/main/java/freedom/exceptions/InvalidCommand.java","fileType":"java","lines":[{"lineNumber":1,"author":{"gitId":"Ridiculouswifi"},"content":"package freedom.exceptions;","lastModifiedDate":"2024-09-11","isFullCredit":false},{"lineNumber":2,"author":{"gitId":"Ridiculouswifi"},"content":"","lastModifiedDate":"2024-09-11","isFullCredit":false},{"lineNumber":3,"author":{"gitId":"Ridiculouswifi"},"content":"public class InvalidCommand extends Exception {","lastModifiedDate":"2024-09-11","isFullCredit":false},{"lineNumber":4,"author":{"gitId":"Ridiculouswifi"},"content":"}","lastModifiedDate":"2024-09-11","isFullCredit":false}],"authorContributionMap":{"Ridiculouswifi":4}},{"path":"src/main/java/freedom/exceptions/TimeEmpty.java","fileType":"java","lines":[{"lineNumber":1,"author":{"gitId":"Ridiculouswifi"},"content":"package freedom.exceptions;","lastModifiedDate":"2024-09-11","isFullCredit":false},{"lineNumber":2,"author":{"gitId":"Ridiculouswifi"},"content":"","lastModifiedDate":"2024-09-11","isFullCredit":false},{"lineNumber":3,"author":{"gitId":"Ridiculouswifi"},"content":"public class TimeEmpty extends Exception {","lastModifiedDate":"2024-09-11","isFullCredit":false},{"lineNumber":4,"author":{"gitId":"Ridiculouswifi"},"content":"}","lastModifiedDate":"2024-09-11","isFullCredit":false}],"authorContributionMap":{"Ridiculouswifi":4}},{"path":"text-ui-test/input.txt","fileType":"txt","lines":[{"lineNumber":1,"author":{"gitId":"Ridiculouswifi"},"content":"deadline assignment /by 10 sep","lastModifiedDate":"2024-09-08","isFullCredit":false},{"lineNumber":2,"author":{"gitId":"Ridiculouswifi"},"content":"bye","lastModifiedDate":"2024-09-09","isFullCredit":false}],"authorContributionMap":{"Ridiculouswifi":2}},{"path":"text-ui-test/runtest.bat","fileType":"bat","lines":[{"lineNumber":1,"author":{"gitId":"-"},"content":"@ECHO OFF","lastModifiedDate":"2020-05-25","isFullCredit":false},{"lineNumber":2,"author":{"gitId":"-"},"content":"","lastModifiedDate":"2020-05-25","isFullCredit":false},{"lineNumber":3,"author":{"gitId":"-"},"content":"REM create bin directory if it doesn\u0027t exist","lastModifiedDate":"2020-05-25","isFullCredit":false},{"lineNumber":4,"author":{"gitId":"-"},"content":"if not exist ..\\bin mkdir ..\\bin","lastModifiedDate":"2020-05-25","isFullCredit":false},{"lineNumber":5,"author":{"gitId":"-"},"content":"","lastModifiedDate":"2020-05-25","isFullCredit":false},{"lineNumber":6,"author":{"gitId":"-"},"content":"REM delete output from previous run","lastModifiedDate":"2020-05-25","isFullCredit":false},{"lineNumber":7,"author":{"gitId":"Ridiculouswifi"},"content":"del ACTUAL.TXT","lastModifiedDate":"2024-09-09","isFullCredit":false},{"lineNumber":8,"author":{"gitId":"-"},"content":"","lastModifiedDate":"2020-05-25","isFullCredit":false},{"lineNumber":9,"author":{"gitId":"-"},"content":"REM compile the code into the bin folder","lastModifiedDate":"2020-05-25","isFullCredit":false},{"lineNumber":10,"author":{"gitId":"-"},"content":"javac  -cp ..\\src\\main\\java -Xlint:none -d ..\\bin ..\\src\\main\\java\\*.java","lastModifiedDate":"2020-08-25","isFullCredit":false},{"lineNumber":11,"author":{"gitId":"-"},"content":"IF ERRORLEVEL 1 (","lastModifiedDate":"2020-05-25","isFullCredit":false},{"lineNumber":12,"author":{"gitId":"-"},"content":"    echo ********** BUILD FAILURE **********","lastModifiedDate":"2020-05-25","isFullCredit":false},{"lineNumber":13,"author":{"gitId":"-"},"content":"    exit /b 1","lastModifiedDate":"2020-05-25","isFullCredit":false},{"lineNumber":14,"author":{"gitId":"-"},"content":")","lastModifiedDate":"2020-05-25","isFullCredit":false},{"lineNumber":15,"author":{"gitId":"-"},"content":"REM no error here, errorlevel \u003d\u003d 0","lastModifiedDate":"2020-05-25","isFullCredit":false},{"lineNumber":16,"author":{"gitId":"-"},"content":"","lastModifiedDate":"2020-05-25","isFullCredit":false},{"lineNumber":17,"author":{"gitId":"-"},"content":"REM run the program, feed commands from input.txt file and redirect the output to the ACTUAL.TXT","lastModifiedDate":"2020-05-25","isFullCredit":false},{"lineNumber":18,"author":{"gitId":"Ridiculouswifi"},"content":"java -classpath ..\\bin Freedom \u003c input.txt \u003e ACTUAL.TXT","lastModifiedDate":"2024-09-08","isFullCredit":false},{"lineNumber":19,"author":{"gitId":"-"},"content":"","lastModifiedDate":"2020-05-25","isFullCredit":false},{"lineNumber":20,"author":{"gitId":"-"},"content":"REM compare the output to the expected output","lastModifiedDate":"2020-05-25","isFullCredit":false},{"lineNumber":21,"author":{"gitId":"-"},"content":"FC ACTUAL.TXT EXPECTED.TXT","lastModifiedDate":"2020-05-25","isFullCredit":false}],"authorContributionMap":{"Ridiculouswifi":2,"-":19}}]
