{"authorDailyContributionsMap":{"Ridiculouswifi":[{"date":"2024-08-28","commitResults":[{"hash":"0194f78e4f1b2b42d8a5cea12feb7967d0cd0ca8","isMergeCommit":false,"messageTitle":"Level-0","messageBody":"","tags":["Level-0"],"fileTypesAndContributionMap":{"java":{"insertions":11,"deletions":10}}}]},{"date":"2024-08-29","commitResults":[{"hash":"f3b3fff1dc5dfd1ef56d03b20f00a7dcad199b77","isMergeCommit":false,"messageTitle":"Level-1: Added the Echo Feature","messageBody":"","tags":["Level-1"],"fileTypesAndContributionMap":{"java":{"insertions":21,"deletions":5}}},{"hash":"ec9adf7cd2d6ce9e9d311c7ff0422906c34141f1","isMergeCommit":false,"messageTitle":"Level-2: Added add and list feature","messageBody":"","tags":["Level-2"],"fileTypesAndContributionMap":{"java":{"insertions":29,"deletions":3}}}]},{"date":"2024-08-30","commitResults":[{"hash":"bdc57983f01fe6d9568827c742fea472757d36cb","isMergeCommit":false,"messageTitle":"Level-3: Added marking and unmarking tasks feature","messageBody":"","tags":["Level-3"],"fileTypesAndContributionMap":{"java":{"insertions":61,"deletions":12}}},{"hash":"ef74f989eb3f6108ee2667531078ea8edc352472","isMergeCommit":false,"messageTitle":"A-CodingStandard: Minor edits to code for readability","messageBody":"","tags":["A-CodingStandard"],"fileTypesAndContributionMap":{"java":{"insertions":2,"deletions":3}}}]},{"date":"2024-08-31","commitResults":[{"hash":"a728aee3c7b9222380fb2d747ec68940134e9543","isMergeCommit":false,"messageTitle":"Level-3: Minor edits to code for marking and unmarking","messageBody":"","fileTypesAndContributionMap":{"java":{"insertions":11,"deletions":13}}}]},{"date":"2024-09-01","commitResults":[{"hash":"03e60e062dbd4be6136a680597278a0f51920e08","isMergeCommit":false,"messageTitle":"Started on Deadline class and created function to print task","messageBody":"","fileTypesAndContributionMap":{"java":{"insertions":16,"deletions":3}}}]},{"date":"2024-09-02","commitResults":[{"hash":"e3186b359da4b13c08104b1f9941fc34786f644c","isMergeCommit":false,"messageTitle":"Level-4: Added subclasses, deadline, event and todo","messageBody":"","tags":["Level-4"],"fileTypesAndContributionMap":{"java":{"insertions":82,"deletions":10}}}]},{"date":"2024-09-08","commitResults":[{"hash":"dee5651c480dbccda3f091a678e0e19e10642cc6","isMergeCommit":false,"messageTitle":"Attempted to automate test, still has errors","messageBody":"","fileTypesAndContributionMap":{"txt":{"insertions":1,"deletions":0},"bat":{"insertions":1,"deletions":1}}}]},{"date":"2024-09-09","commitResults":[{"hash":"c923bfcc79b54c5b3ff1c5578f0629d65d6c55d8","isMergeCommit":false,"messageTitle":"Automated tests error handled","messageBody":"","tags":["A-TextUiTesting"],"fileTypesAndContributionMap":{"txt":{"insertions":2,"deletions":1},"java":{"insertions":2,"deletions":2},"bat":{"insertions":1,"deletions":1}}}]},{"date":"2024-09-11","commitResults":[{"hash":"648ec47e376ca262ccd2f1164ebc130efe740e5d","isMergeCommit":false,"messageTitle":"Slight changes suggested by reviewers","messageBody":"","fileTypesAndContributionMap":{"java":{"insertions":65,"deletions":59}}},{"hash":"799051a7263306f19d46b32c50c596f9c376717c","isMergeCommit":false,"messageTitle":"Code edited to fit coding standards, functionality remains","messageBody":"","tags":["A-CodeQuality"],"fileTypesAndContributionMap":{"java":{"insertions":14,"deletions":12}}},{"hash":"a64501e5b2ff20376098aeaf9076bf990a5cfcc3","isMergeCommit":false,"messageTitle":"Added exceptions for main loop and deadline tasks","messageBody":"","fileTypesAndContributionMap":{"java":{"insertions":90,"deletions":33}}},{"hash":"28eee777ed0977567f5d2bc98a8ec8d8a6181565","isMergeCommit":false,"messageTitle":"Added exceptions for todo class","messageBody":"","fileTypesAndContributionMap":{"java":{"insertions":15,"deletions":6}}}]},{"date":"2024-09-12","commitResults":[{"hash":"b09641e11b715ceccf8b1c964fa62c7e8ff171cf","isMergeCommit":false,"messageTitle":"Added exceptions for event class","messageBody":"","fileTypesAndContributionMap":{"java":{"insertions":31,"deletions":5}}},{"hash":"ae39c728252299f1dc308c3ad2c5d428ae941fcb","isMergeCommit":false,"messageTitle":"Added exceptions for mark and unmark functions","messageBody":"","fileTypesAndContributionMap":{"java":{"insertions":49,"deletions":16}}},{"hash":"ec5d5c09aaf68f8f3bdea9c9c0954a1a21b17b00","isMergeCommit":false,"messageTitle":"Minor edits to remove magic numbers","messageBody":"","fileTypesAndContributionMap":{"java":{"insertions":8,"deletions":5}}},{"hash":"afafa8b0c310c901ceba1949627395124213a6ef","isMergeCommit":true,"messageTitle":"Merge branch \u0027branch-Level-5\u0027","messageBody":"","tags":["Level-5"],"fileTypesAndContributionMap":{}}]},{"date":"2024-09-15","commitResults":[{"hash":"76cd6c0e7938b24f8437e5c8857eae1108b96a98","isMergeCommit":false,"messageTitle":"Task and Subclasses are in a tasks package","messageBody":"","fileTypesAndContributionMap":{"java":{"insertions":12,"deletions":0}}},{"hash":"5895412a41bb0ddc83d0b56a6261b2431e444089","isMergeCommit":true,"messageTitle":"Merge branch \u0027branch-A-Packages\u0027","messageBody":"","tags":["A-Packages"],"fileTypesAndContributionMap":{}},{"hash":"4a1f6c38b06c00c8c96b37fe8b091e340bc6b2f8","isMergeCommit":false,"messageTitle":"Changed task storage to ArrayList","messageBody":"","fileTypesAndContributionMap":{"java":{"insertions":15,"deletions":10}}},{"hash":"cb55a66cd24a4b2a74a28b7bda25c824ff00b4aa","isMergeCommit":false,"messageTitle":"Added a delete function","messageBody":"","fileTypesAndContributionMap":{"java":{"insertions":23,"deletions":13}}}]},{"date":"2024-09-17","commitResults":[{"hash":"afc7c9db776ba3c9d144cba1e2b91e5ecafa9526","isMergeCommit":false,"messageTitle":"Data is able to be loaded to chatbot, except marking and unmarking","messageBody":"","fileTypesAndContributionMap":{"txt":{"insertions":3,"deletions":0},"java":{"insertions":66,"deletions":6}}},{"hash":"04567db5f3cd0462d2a1bc927a1f4f69ccbd38c0","isMergeCommit":false,"messageTitle":"Able to load chatbot with status marking","messageBody":"","fileTypesAndContributionMap":{"txt":{"insertions":1,"deletions":1},"java":{"insertions":27,"deletions":9}}}]},{"date":"2024-09-18","commitResults":[{"hash":"9b8ccad3e4e16613207079a62c2854beb50a3880","isMergeCommit":false,"messageTitle":"Able to add tasks to data text file when creating new tasks","messageBody":"","fileTypesAndContributionMap":{"java":{"insertions":44,"deletions":4}}},{"hash":"880a90d19b6d66ca5ac7f76ae29b5cfe8e518cab","isMergeCommit":false,"messageTitle":"Data file updates whenever chatbot is terminated","messageBody":"","fileTypesAndContributionMap":{"txt":{"insertions":6,"deletions":3},"java":{"insertions":36,"deletions":17}}},{"hash":"ea63a3450fd4a57e1f24b35ba77dd0fd1d1e590f","isMergeCommit":false,"messageTitle":"Minor edits to the format of data file","messageBody":"","fileTypesAndContributionMap":{"txt":{"insertions":6,"deletions":6},"java":{"insertions":3,"deletions":2}}},{"hash":"60f837ebdd9e70428e1d9dc69dbf2841467bac15","isMergeCommit":false,"messageTitle":"Able to handle situations where data file does not exist","messageBody":"","fileTypesAndContributionMap":{"txt":{"insertions":3,"deletions":6},"java":{"insertions":28,"deletions":0}}},{"hash":"c202391a2677685d36f3a8ec3c799f49627026a5","isMergeCommit":true,"messageTitle":"Merge branch \u0027branch-Level-6\u0027","messageBody":"","tags":["Level-6"],"fileTypesAndContributionMap":{}},{"hash":"9033905786a22e43a56758154f54f63c0002b957","isMergeCommit":true,"messageTitle":"Merge branch \u0027branch-Level-7\u0027","messageBody":"","tags":["Level-7","A-Jar"],"fileTypesAndContributionMap":{}}]},{"date":"2024-10-01","commitResults":[{"hash":"571e856aefe311741cf1b06d29f0833e0e1952ba","isMergeCommit":false,"messageTitle":"Streamlined saveData function","messageBody":"","fileTypesAndContributionMap":{"txt":{"insertions":2,"deletions":0},"java":{"insertions":17,"deletions":28}}},{"hash":"078b5ab9a1e330bb81026c54427906e421f87475","isMergeCommit":false,"messageTitle":"Chatbot saves data after every action","messageBody":"","fileTypesAndContributionMap":{"txt":{"insertions":2,"deletions":0},"java":{"insertions":4,"deletions":1}}},{"hash":"1b893812942c2ea84728734e6f2509fc6c9d74af","isMergeCommit":true,"messageTitle":"Merge branch \u0027branch-Level-7\u0027","messageBody":"","tags":["Level-7-Update"],"fileTypesAndContributionMap":{}}]},{"date":"2024-10-02","commitResults":[{"hash":"11eb69768b4a2b55236a75fc3d2b8a74c0c510b7","isMergeCommit":false,"messageTitle":"Added TaskList class","messageBody":"","fileTypesAndContributionMap":{"java":{"insertions":148,"deletions":89}}},{"hash":"72aaaa0f3e912ebbd40b4c4bde44c2877b5373d7","isMergeCommit":false,"messageTitle":"Added Storage class","messageBody":"","fileTypesAndContributionMap":{"txt":{"insertions":3,"deletions":7},"java":{"insertions":142,"deletions":102}}},{"hash":"dfdca820af637a5829c8d6ae09f4a45a5ecd32de","isMergeCommit":false,"messageTitle":"Added Ui classes","messageBody":"","fileTypesAndContributionMap":{"java":{"insertions":220,"deletions":99}}},{"hash":"2d0339af086ce12bac7b58a3f7e3db3901d7ae4a","isMergeCommit":false,"messageTitle":"Added Parser class","messageBody":"","fileTypesAndContributionMap":{"txt":{"insertions":6,"deletions":2},"java":{"insertions":84,"deletions":62}}},{"hash":"0cf229cf3dd93e7eda16755afa97ca1972d0d4d7","isMergeCommit":true,"messageTitle":"Merge branch \u0027branch-A-MoreOOP\u0027","messageBody":"","tags":["A-MoreOOP"],"fileTypesAndContributionMap":{}},{"hash":"88bcfe1631cad4e7aae0bf895d20fac1fd9c19e4","isMergeCommit":false,"messageTitle":"Changed to date parsing for Deadline class","messageBody":"","fileTypesAndContributionMap":{"txt":{"insertions":4,"deletions":4},"java":{"insertions":73,"deletions":9}}},{"hash":"c81387672a1c5fda55d6956ad12b7fb5ed8432f8","isMergeCommit":false,"messageTitle":"Changed to date parsing for Event class","messageBody":"","fileTypesAndContributionMap":{"txt":{"insertions":1,"deletions":0},"java":{"insertions":19,"deletions":7}}},{"hash":"ebcb2d9d0def7021ae8234f7cae44c2eb7163dea","isMergeCommit":false,"messageTitle":"Added find function to filter tasks","messageBody":"","fileTypesAndContributionMap":{"txt":{"insertions":1,"deletions":1},"java":{"insertions":24,"deletions":4}}},{"hash":"f0cd2300b9325ebe5151e2495224ca7907ff1bcf","isMergeCommit":true,"messageTitle":"Merge pull request #1 from Ridiculouswifi/branch-Level-8","messageBody":"Merge branch-Level-8","tags":["Level-8"],"fileTypesAndContributionMap":{}},{"hash":"c847863e8d38ada416ea705768062c63b528be8a","isMergeCommit":true,"messageTitle":"Merging master to Level-9","messageBody":"","fileTypesAndContributionMap":{}},{"hash":"c5d4e132bcc6b8033d9e9da4ff510bb37754936b","isMergeCommit":true,"messageTitle":"Merge pull request #2 from Ridiculouswifi/branch-Level-9","messageBody":"Merge branch-Level-9","tags":["Level-9"],"fileTypesAndContributionMap":{}}]}]},"authorFileTypeContributionMap":{"Ridiculouswifi":{"java":843,"md":0,"fxml":0,"sh":0,"bat":2,"gradle":0,"txt":10}},"authorContributionVariance":{"Ridiculouswifi":27035.822},"authorDisplayNameMap":{"Ridiculouswifi":"CS2113-T10-1 TAN .. HUI"}}
