[{"path":"docs/README.md","fileType":"md","lines":[{"lineNumber":1,"author":{"gitId":"angelinawong1210"},"content":"# AnBot User Guide","lastModifiedDate":"2024-09-01","isFullCredit":false},{"lineNumber":2,"author":{"gitId":"-"},"content":"","lastModifiedDate":"2019-07-29","isFullCredit":false},{"lineNumber":3,"author":{"gitId":"-"},"content":"// Update the title above to match the actual product name","lastModifiedDate":"2024-01-07","isFullCredit":false},{"lineNumber":4,"author":{"gitId":"-"},"content":"","lastModifiedDate":"2019-07-29","isFullCredit":false},{"lineNumber":5,"author":{"gitId":"-"},"content":"// Product screenshot goes here","lastModifiedDate":"2024-01-07","isFullCredit":false},{"lineNumber":6,"author":{"gitId":"-"},"content":"","lastModifiedDate":"2021-07-17","isFullCredit":false},{"lineNumber":7,"author":{"gitId":"-"},"content":"// Product intro goes here","lastModifiedDate":"2024-01-07","isFullCredit":false},{"lineNumber":8,"author":{"gitId":"-"},"content":"","lastModifiedDate":"2021-07-17","isFullCredit":false},{"lineNumber":9,"author":{"gitId":"-"},"content":"## Adding deadlines","lastModifiedDate":"2024-01-07","isFullCredit":false},{"lineNumber":10,"author":{"gitId":"-"},"content":"","lastModifiedDate":"2021-07-17","isFullCredit":false},{"lineNumber":11,"author":{"gitId":"-"},"content":"// Describe the action and its outcome.","lastModifiedDate":"2024-01-07","isFullCredit":false},{"lineNumber":12,"author":{"gitId":"-"},"content":"","lastModifiedDate":"2019-07-29","isFullCredit":false},{"lineNumber":13,"author":{"gitId":"-"},"content":"// Give examples of usage","lastModifiedDate":"2024-01-07","isFullCredit":false},{"lineNumber":14,"author":{"gitId":"-"},"content":"","lastModifiedDate":"2019-07-29","isFullCredit":false},{"lineNumber":15,"author":{"gitId":"-"},"content":"Example: `keyword (optional arguments)`","lastModifiedDate":"2024-01-07","isFullCredit":false},{"lineNumber":16,"author":{"gitId":"-"},"content":"","lastModifiedDate":"2019-07-29","isFullCredit":false},{"lineNumber":17,"author":{"gitId":"-"},"content":"// A description of the expected outcome goes here","lastModifiedDate":"2024-01-07","isFullCredit":false},{"lineNumber":18,"author":{"gitId":"-"},"content":"","lastModifiedDate":"2019-07-29","isFullCredit":false},{"lineNumber":19,"author":{"gitId":"-"},"content":"```","lastModifiedDate":"2024-01-07","isFullCredit":false},{"lineNumber":20,"author":{"gitId":"-"},"content":"expected output","lastModifiedDate":"2024-01-07","isFullCredit":false},{"lineNumber":21,"author":{"gitId":"-"},"content":"```","lastModifiedDate":"2024-01-07","isFullCredit":false},{"lineNumber":22,"author":{"gitId":"-"},"content":"","lastModifiedDate":"2019-07-29","isFullCredit":false},{"lineNumber":23,"author":{"gitId":"-"},"content":"## Feature ABC","lastModifiedDate":"2024-01-07","isFullCredit":false},{"lineNumber":24,"author":{"gitId":"-"},"content":"","lastModifiedDate":"2019-07-29","isFullCredit":false},{"lineNumber":25,"author":{"gitId":"-"},"content":"// Feature details","lastModifiedDate":"2024-01-07","isFullCredit":false},{"lineNumber":26,"author":{"gitId":"-"},"content":"","lastModifiedDate":"2019-07-29","isFullCredit":false},{"lineNumber":27,"author":{"gitId":"-"},"content":"","lastModifiedDate":"2021-07-17","isFullCredit":false},{"lineNumber":28,"author":{"gitId":"-"},"content":"## Feature XYZ","lastModifiedDate":"2024-01-07","isFullCredit":false},{"lineNumber":29,"author":{"gitId":"-"},"content":"","lastModifiedDate":"2024-01-07","isFullCredit":false},{"lineNumber":30,"author":{"gitId":"-"},"content":"// Feature details","lastModifiedDate":"2024-01-07","isFullCredit":false}],"authorContributionMap":{"angelinawong1210":1,"-":29}},{"path":"src/main/java/AddList.java","fileType":"java","lines":[{"lineNumber":1,"author":{"gitId":"angelinawong1210"},"content":"import java.util.ArrayList; ","lastModifiedDate":"2024-09-05","isFullCredit":false},{"lineNumber":2,"author":{"gitId":"angelinawong1210"},"content":"","lastModifiedDate":"2024-09-05","isFullCredit":false},{"lineNumber":3,"author":{"gitId":"angelinawong1210"},"content":"public class AddList {","lastModifiedDate":"2024-09-04","isFullCredit":false},{"lineNumber":4,"author":{"gitId":"angelinawong1210"},"content":"","lastModifiedDate":"2024-09-04","isFullCredit":false},{"lineNumber":5,"author":{"gitId":"angelinawong1210"},"content":"    private ArrayList\u003cTask\u003e tasks; ","lastModifiedDate":"2024-09-19","isFullCredit":false},{"lineNumber":6,"author":{"gitId":"angelinawong1210"},"content":"    protected static final String SEPARATOR \u003d \"\\t ___________________________\"; ","lastModifiedDate":"2024-09-05","isFullCredit":false},{"lineNumber":7,"author":{"gitId":"angelinawong1210"},"content":"","lastModifiedDate":"2024-09-05","isFullCredit":false},{"lineNumber":8,"author":{"gitId":"angelinawong1210"},"content":"    public AddList() {","lastModifiedDate":"2024-09-05","isFullCredit":false},{"lineNumber":9,"author":{"gitId":"angelinawong1210"},"content":"        this.tasks \u003d new ArrayList\u003c\u003e(); ","lastModifiedDate":"2024-09-05","isFullCredit":false},{"lineNumber":10,"author":{"gitId":"angelinawong1210"},"content":"    }","lastModifiedDate":"2024-09-05","isFullCredit":false},{"lineNumber":11,"author":{"gitId":"angelinawong1210"},"content":"    ","lastModifiedDate":"2024-09-04","isFullCredit":false},{"lineNumber":12,"author":{"gitId":"angelinawong1210"},"content":"    public void addTodo(String description) {","lastModifiedDate":"2024-09-05","isFullCredit":false},{"lineNumber":13,"author":{"gitId":"angelinawong1210"},"content":"        Todo t \u003d new Todo(description); ","lastModifiedDate":"2024-09-05","isFullCredit":false},{"lineNumber":14,"author":{"gitId":"angelinawong1210"},"content":"        tasks.add(t);","lastModifiedDate":"2024-09-05","isFullCredit":false},{"lineNumber":15,"author":{"gitId":"angelinawong1210"},"content":"        System.out.println(SEPARATOR); ","lastModifiedDate":"2024-09-04","isFullCredit":false},{"lineNumber":16,"author":{"gitId":"angelinawong1210"},"content":"        System.out.println(\"\\t Got it. I\u0027ve added this task:\"); ","lastModifiedDate":"2024-09-05","isFullCredit":false},{"lineNumber":17,"author":{"gitId":"angelinawong1210"},"content":"        System.out.println(\"\\t \\t\" + t); ","lastModifiedDate":"2024-09-05","isFullCredit":false},{"lineNumber":18,"author":{"gitId":"angelinawong1210"},"content":"        System.out.println(\"Now you have \" + tasks.size() + \" tasks in the list.\"); ","lastModifiedDate":"2024-09-05","isFullCredit":false},{"lineNumber":19,"author":{"gitId":"angelinawong1210"},"content":"    }","lastModifiedDate":"2024-09-05","isFullCredit":false},{"lineNumber":20,"author":{"gitId":"angelinawong1210"},"content":"","lastModifiedDate":"2024-09-05","isFullCredit":false},{"lineNumber":21,"author":{"gitId":"angelinawong1210"},"content":"    public void addDeadline(String description, String by) {","lastModifiedDate":"2024-09-05","isFullCredit":false},{"lineNumber":22,"author":{"gitId":"angelinawong1210"},"content":"        Deadline t \u003d new Deadline(description, by); ","lastModifiedDate":"2024-09-05","isFullCredit":false},{"lineNumber":23,"author":{"gitId":"angelinawong1210"},"content":"        tasks.add(t);","lastModifiedDate":"2024-09-05","isFullCredit":false},{"lineNumber":24,"author":{"gitId":"angelinawong1210"},"content":"        System.out.println(SEPARATOR); ","lastModifiedDate":"2024-09-04","isFullCredit":false},{"lineNumber":25,"author":{"gitId":"angelinawong1210"},"content":"        System.out.println(\"\\t Got it. I\u0027ve added this task:\"); ","lastModifiedDate":"2024-09-05","isFullCredit":false},{"lineNumber":26,"author":{"gitId":"angelinawong1210"},"content":"        System.out.println(\"\\t \\t\" + t); ","lastModifiedDate":"2024-09-05","isFullCredit":false},{"lineNumber":27,"author":{"gitId":"angelinawong1210"},"content":"        System.out.println(\"Now you have \" + tasks.size() + \" tasks in the list.\"); ","lastModifiedDate":"2024-09-05","isFullCredit":false},{"lineNumber":28,"author":{"gitId":"angelinawong1210"},"content":"    }","lastModifiedDate":"2024-09-04","isFullCredit":false},{"lineNumber":29,"author":{"gitId":"angelinawong1210"},"content":"","lastModifiedDate":"2024-09-05","isFullCredit":false},{"lineNumber":30,"author":{"gitId":"angelinawong1210"},"content":"    public void addEvent(String description, String from, String to) {","lastModifiedDate":"2024-09-05","isFullCredit":false},{"lineNumber":31,"author":{"gitId":"angelinawong1210"},"content":"        Event t \u003d new Event(description, from, to); ","lastModifiedDate":"2024-09-05","isFullCredit":false},{"lineNumber":32,"author":{"gitId":"angelinawong1210"},"content":"        tasks.add(t);","lastModifiedDate":"2024-09-05","isFullCredit":false},{"lineNumber":33,"author":{"gitId":"angelinawong1210"},"content":"        System.out.println(SEPARATOR); ","lastModifiedDate":"2024-09-05","isFullCredit":false},{"lineNumber":34,"author":{"gitId":"angelinawong1210"},"content":"        System.out.println(\"\\t Got it. I\u0027ve added this task:\"); ","lastModifiedDate":"2024-09-05","isFullCredit":false},{"lineNumber":35,"author":{"gitId":"angelinawong1210"},"content":"        System.out.println(\"\\t \\t\" + t); ","lastModifiedDate":"2024-09-05","isFullCredit":false},{"lineNumber":36,"author":{"gitId":"angelinawong1210"},"content":"        System.out.println(\"Now you have \" + tasks.size() + \" tasks in the list.\"); ","lastModifiedDate":"2024-09-05","isFullCredit":false},{"lineNumber":37,"author":{"gitId":"angelinawong1210"},"content":"    }","lastModifiedDate":"2024-09-04","isFullCredit":false},{"lineNumber":38,"author":{"gitId":"angelinawong1210"},"content":"","lastModifiedDate":"2024-09-04","isFullCredit":false},{"lineNumber":39,"author":{"gitId":"angelinawong1210"},"content":"    public void displayEntries() {","lastModifiedDate":"2024-09-04","isFullCredit":false},{"lineNumber":40,"author":{"gitId":"angelinawong1210"},"content":"        System.out.println(SEPARATOR); ","lastModifiedDate":"2024-09-04","isFullCredit":false},{"lineNumber":41,"author":{"gitId":"angelinawong1210"},"content":"        if (tasks.size() \u003d\u003d 0) {","lastModifiedDate":"2024-09-05","isFullCredit":false},{"lineNumber":42,"author":{"gitId":"angelinawong1210"},"content":"            System.out.println(\"\\t No entries available. \"); ","lastModifiedDate":"2024-09-04","isFullCredit":false},{"lineNumber":43,"author":{"gitId":"angelinawong1210"},"content":"        } else {","lastModifiedDate":"2024-09-04","isFullCredit":false},{"lineNumber":44,"author":{"gitId":"angelinawong1210"},"content":"            System.out.println(\"\\t Here are the tasks in your list: \"); ","lastModifiedDate":"2024-09-05","isFullCredit":false},{"lineNumber":45,"author":{"gitId":"angelinawong1210"},"content":"            for (int i \u003d 0; i \u003c tasks.size(); i++) {","lastModifiedDate":"2024-09-05","isFullCredit":false},{"lineNumber":46,"author":{"gitId":"angelinawong1210"},"content":"                System.out.println(\"\\t\" + String.valueOf(i+1) + \". \" + tasks.get(i)); ","lastModifiedDate":"2024-09-05","isFullCredit":false},{"lineNumber":47,"author":{"gitId":"angelinawong1210"},"content":"            }","lastModifiedDate":"2024-09-04","isFullCredit":false},{"lineNumber":48,"author":{"gitId":"angelinawong1210"},"content":"        }","lastModifiedDate":"2024-09-04","isFullCredit":false},{"lineNumber":49,"author":{"gitId":"angelinawong1210"},"content":"    }","lastModifiedDate":"2024-09-04","isFullCredit":false},{"lineNumber":50,"author":{"gitId":"angelinawong1210"},"content":"","lastModifiedDate":"2024-09-04","isFullCredit":false},{"lineNumber":51,"author":{"gitId":"angelinawong1210"},"content":"    public void markAsDone(int i) {","lastModifiedDate":"2024-09-04","isFullCredit":false},{"lineNumber":52,"author":{"gitId":"angelinawong1210"},"content":"        if (i \u003e\u003d 1 \u0026\u0026 i \u003c\u003d tasks.size()) {","lastModifiedDate":"2024-09-05","isFullCredit":false},{"lineNumber":53,"author":{"gitId":"angelinawong1210"},"content":"            tasks.get(i-1).markDone(); ","lastModifiedDate":"2024-09-05","isFullCredit":false},{"lineNumber":54,"author":{"gitId":"angelinawong1210"},"content":"            System.out.println(SEPARATOR); ","lastModifiedDate":"2024-09-04","isFullCredit":false},{"lineNumber":55,"author":{"gitId":"angelinawong1210"},"content":"            System.out.println(\"\\t Nice! I\u0027ve marked this task as done: \"); ","lastModifiedDate":"2024-09-04","isFullCredit":false},{"lineNumber":56,"author":{"gitId":"angelinawong1210"},"content":"            System.out.println(\"\\t\" + tasks.get(i-1)); ","lastModifiedDate":"2024-09-05","isFullCredit":false},{"lineNumber":57,"author":{"gitId":"angelinawong1210"},"content":"            System.out.println(SEPARATOR); ","lastModifiedDate":"2024-09-04","isFullCredit":false},{"lineNumber":58,"author":{"gitId":"angelinawong1210"},"content":"        } else {","lastModifiedDate":"2024-09-05","isFullCredit":false},{"lineNumber":59,"author":{"gitId":"angelinawong1210"},"content":"            System.out.println(\"Invalid entry number!\"); ","lastModifiedDate":"2024-09-05","isFullCredit":false},{"lineNumber":60,"author":{"gitId":"angelinawong1210"},"content":"        }","lastModifiedDate":"2024-09-04","isFullCredit":false},{"lineNumber":61,"author":{"gitId":"angelinawong1210"},"content":"    }","lastModifiedDate":"2024-09-04","isFullCredit":false},{"lineNumber":62,"author":{"gitId":"angelinawong1210"},"content":"","lastModifiedDate":"2024-09-04","isFullCredit":false},{"lineNumber":63,"author":{"gitId":"angelinawong1210"},"content":"    public void unmarkAsDone(int i) {","lastModifiedDate":"2024-09-04","isFullCredit":false},{"lineNumber":64,"author":{"gitId":"angelinawong1210"},"content":"        if (i \u003e\u003d 1 \u0026\u0026 i \u003c\u003d tasks.size()) {","lastModifiedDate":"2024-09-05","isFullCredit":false},{"lineNumber":65,"author":{"gitId":"angelinawong1210"},"content":"            tasks.get(i-1).unmarkDone(); ","lastModifiedDate":"2024-09-05","isFullCredit":false},{"lineNumber":66,"author":{"gitId":"angelinawong1210"},"content":"            System.out.println(SEPARATOR); ","lastModifiedDate":"2024-09-04","isFullCredit":false},{"lineNumber":67,"author":{"gitId":"angelinawong1210"},"content":"            System.out.println(\"\\t OK, I\u0027ve marked this task as not done yet: \"); ","lastModifiedDate":"2024-09-04","isFullCredit":false},{"lineNumber":68,"author":{"gitId":"angelinawong1210"},"content":"            System.out.println(\"\\t\" + tasks.get(i-1)); ","lastModifiedDate":"2024-09-05","isFullCredit":false},{"lineNumber":69,"author":{"gitId":"angelinawong1210"},"content":"            System.out.println(SEPARATOR); ","lastModifiedDate":"2024-09-04","isFullCredit":false},{"lineNumber":70,"author":{"gitId":"angelinawong1210"},"content":"        } else {","lastModifiedDate":"2024-09-05","isFullCredit":false},{"lineNumber":71,"author":{"gitId":"angelinawong1210"},"content":"            System.out.println(\"Invalid entry number!\"); ","lastModifiedDate":"2024-09-05","isFullCredit":false},{"lineNumber":72,"author":{"gitId":"angelinawong1210"},"content":"        }","lastModifiedDate":"2024-09-04","isFullCredit":false},{"lineNumber":73,"author":{"gitId":"angelinawong1210"},"content":"    }","lastModifiedDate":"2024-09-04","isFullCredit":false},{"lineNumber":74,"author":{"gitId":"angelinawong1210"},"content":"","lastModifiedDate":"2024-09-05","isFullCredit":false},{"lineNumber":75,"author":{"gitId":"angelinawong1210"},"content":"    public void delete(int i) {","lastModifiedDate":"2024-09-19","isFullCredit":false},{"lineNumber":76,"author":{"gitId":"angelinawong1210"},"content":"        if (i \u003e\u003d 1 \u0026\u0026 i \u003c\u003d tasks.size()) {","lastModifiedDate":"2024-09-19","isFullCredit":false},{"lineNumber":77,"author":{"gitId":"angelinawong1210"},"content":"            System.out.println(SEPARATOR); ","lastModifiedDate":"2024-09-19","isFullCredit":false},{"lineNumber":78,"author":{"gitId":"angelinawong1210"},"content":"            System.out.println(\"\\t Noted. I\u0027ve removed this task: \"); ","lastModifiedDate":"2024-09-19","isFullCredit":false},{"lineNumber":79,"author":{"gitId":"angelinawong1210"},"content":"            System.out.println(\"\\t\" + tasks.get(i-1)); ","lastModifiedDate":"2024-09-19","isFullCredit":false},{"lineNumber":80,"author":{"gitId":"angelinawong1210"},"content":"            tasks.remove(i-1); ","lastModifiedDate":"2024-09-19","isFullCredit":false},{"lineNumber":81,"author":{"gitId":"angelinawong1210"},"content":"            System.out.println(\"\\t Now you have \" + tasks.size() +\" tasks in the list. \"); ","lastModifiedDate":"2024-09-19","isFullCredit":false},{"lineNumber":82,"author":{"gitId":"angelinawong1210"},"content":"            System.out.println(SEPARATOR); ","lastModifiedDate":"2024-09-19","isFullCredit":false},{"lineNumber":83,"author":{"gitId":"angelinawong1210"},"content":"","lastModifiedDate":"2024-09-19","isFullCredit":false},{"lineNumber":84,"author":{"gitId":"angelinawong1210"},"content":"        }","lastModifiedDate":"2024-09-19","isFullCredit":false},{"lineNumber":85,"author":{"gitId":"angelinawong1210"},"content":"    }","lastModifiedDate":"2024-09-19","isFullCredit":false},{"lineNumber":86,"author":{"gitId":"angelinawong1210"},"content":"","lastModifiedDate":"2024-09-19","isFullCredit":false},{"lineNumber":87,"author":{"gitId":"angelinawong1210"},"content":"}","lastModifiedDate":"2024-09-04","isFullCredit":false},{"lineNumber":88,"author":{"gitId":"angelinawong1210"},"content":"","lastModifiedDate":"2024-09-05","isFullCredit":false},{"lineNumber":89,"author":{"gitId":"angelinawong1210"},"content":"","lastModifiedDate":"2024-09-05","isFullCredit":false},{"lineNumber":90,"author":{"gitId":"angelinawong1210"},"content":"","lastModifiedDate":"2024-09-05","isFullCredit":false},{"lineNumber":91,"author":{"gitId":"angelinawong1210"},"content":"","lastModifiedDate":"2024-09-05","isFullCredit":false}],"authorContributionMap":{"angelinawong1210":91}},{"path":"src/main/java/AnBot.java","fileType":"java","lines":[{"lineNumber":1,"author":{"gitId":"angelinawong1210"},"content":"import java.util.Scanner;","lastModifiedDate":"2024-09-03","isFullCredit":false},{"lineNumber":2,"author":{"gitId":"angelinawong1210"},"content":"","lastModifiedDate":"2024-09-03","isFullCredit":false},{"lineNumber":3,"author":{"gitId":"angelinawong1210"},"content":"public class AnBot {","lastModifiedDate":"2024-09-01","isFullCredit":false},{"lineNumber":4,"author":{"gitId":"angelinawong1210"},"content":"","lastModifiedDate":"2024-09-03","isFullCredit":false},{"lineNumber":5,"author":{"gitId":"angelinawong1210"},"content":"    private static final String WELCOME_MESSAGE \u003d \"\\t Hello! Welcome to \"; ","lastModifiedDate":"2024-09-03","isFullCredit":false},{"lineNumber":6,"author":{"gitId":"angelinawong1210"},"content":"    private static final String ASKING_MESSAGE  \u003d \"\\t What can I do for you? \"; ","lastModifiedDate":"2024-09-03","isFullCredit":false},{"lineNumber":7,"author":{"gitId":"angelinawong1210"},"content":"    private static final String EXIT_MESSAGE \u003d \"\\t Bye. Hope to see you again soon!\"; ","lastModifiedDate":"2024-09-03","isFullCredit":false},{"lineNumber":8,"author":{"gitId":"angelinawong1210"},"content":"    private static final String SEPARATOR \u003d \"\\t ___________________________\"; ","lastModifiedDate":"2024-09-03","isFullCredit":false},{"lineNumber":9,"author":{"gitId":"-"},"content":"    public static void main(String[] args) {","lastModifiedDate":"2019-07-29","isFullCredit":false},{"lineNumber":10,"author":{"gitId":"angelinawong1210"},"content":"        String logo \u003d \"AnBot\";","lastModifiedDate":"2024-09-02","isFullCredit":false},{"lineNumber":11,"author":{"gitId":"angelinawong1210"},"content":"","lastModifiedDate":"2024-09-02","isFullCredit":false},{"lineNumber":12,"author":{"gitId":"angelinawong1210"},"content":"        // Print the welcome messages","lastModifiedDate":"2024-09-03","isFullCredit":false},{"lineNumber":13,"author":{"gitId":"angelinawong1210"},"content":"        System.out.println(SEPARATOR);","lastModifiedDate":"2024-09-03","isFullCredit":false},{"lineNumber":14,"author":{"gitId":"angelinawong1210"},"content":"        System.out.println(WELCOME_MESSAGE + logo);","lastModifiedDate":"2024-09-03","isFullCredit":false},{"lineNumber":15,"author":{"gitId":"angelinawong1210"},"content":"        System.out.println(ASKING_MESSAGE);","lastModifiedDate":"2024-09-03","isFullCredit":false},{"lineNumber":16,"author":{"gitId":"angelinawong1210"},"content":"        System.out.println(SEPARATOR);","lastModifiedDate":"2024-09-03","isFullCredit":false},{"lineNumber":17,"author":{"gitId":"angelinawong1210"},"content":"","lastModifiedDate":"2024-09-03","isFullCredit":false},{"lineNumber":18,"author":{"gitId":"angelinawong1210"},"content":"        // Read user input","lastModifiedDate":"2024-09-03","isFullCredit":false},{"lineNumber":19,"author":{"gitId":"angelinawong1210"},"content":"        String input;","lastModifiedDate":"2024-09-03","isFullCredit":false},{"lineNumber":20,"author":{"gitId":"angelinawong1210"},"content":"        Scanner in \u003d new Scanner(System.in); ","lastModifiedDate":"2024-09-03","isFullCredit":false},{"lineNumber":21,"author":{"gitId":"angelinawong1210"},"content":"        AddList addList \u003d new AddList(); ","lastModifiedDate":"2024-09-04","isFullCredit":false},{"lineNumber":22,"author":{"gitId":"angelinawong1210"},"content":"","lastModifiedDate":"2024-09-04","isFullCredit":false},{"lineNumber":23,"author":{"gitId":"angelinawong1210"},"content":"        while (true) {","lastModifiedDate":"2024-09-03","isFullCredit":false},{"lineNumber":24,"author":{"gitId":"angelinawong1210"},"content":"            try {","lastModifiedDate":"2024-09-13","isFullCredit":false},{"lineNumber":25,"author":{"gitId":"angelinawong1210"},"content":"                input \u003d in.nextLine().trim();","lastModifiedDate":"2024-09-05","isFullCredit":false},{"lineNumber":26,"author":{"gitId":"angelinawong1210"},"content":"","lastModifiedDate":"2024-09-03","isFullCredit":false},{"lineNumber":27,"author":{"gitId":"angelinawong1210"},"content":"                if (input.equals(\"bye\")) {","lastModifiedDate":"2024-09-03","isFullCredit":false},{"lineNumber":28,"author":{"gitId":"angelinawong1210"},"content":"                    System.out.println(SEPARATOR);","lastModifiedDate":"2024-09-03","isFullCredit":false},{"lineNumber":29,"author":{"gitId":"angelinawong1210"},"content":"                    System.out.println(EXIT_MESSAGE); ","lastModifiedDate":"2024-09-03","isFullCredit":false},{"lineNumber":30,"author":{"gitId":"angelinawong1210"},"content":"                    System.out.println(SEPARATOR);","lastModifiedDate":"2024-09-03","isFullCredit":false},{"lineNumber":31,"author":{"gitId":"angelinawong1210"},"content":"                    break; ","lastModifiedDate":"2024-09-03","isFullCredit":false},{"lineNumber":32,"author":{"gitId":"angelinawong1210"},"content":"                } else if (input.equals(\"list\")) {","lastModifiedDate":"2024-09-04","isFullCredit":false},{"lineNumber":33,"author":{"gitId":"angelinawong1210"},"content":"                    addList.displayEntries(); ","lastModifiedDate":"2024-09-04","isFullCredit":false},{"lineNumber":34,"author":{"gitId":"angelinawong1210"},"content":"                } else if (input.startsWith(\"todo \")) {","lastModifiedDate":"2024-09-05","isFullCredit":false},{"lineNumber":35,"author":{"gitId":"angelinawong1210"},"content":"                    String description \u003d input.substring(5).trim(); ","lastModifiedDate":"2024-09-05","isFullCredit":false},{"lineNumber":36,"author":{"gitId":"angelinawong1210"},"content":"                    addList.addTodo(description); ","lastModifiedDate":"2024-09-05","isFullCredit":false},{"lineNumber":37,"author":{"gitId":"angelinawong1210"},"content":"                } else if (input.startsWith(\"deadline \")) {","lastModifiedDate":"2024-09-05","isFullCredit":false},{"lineNumber":38,"author":{"gitId":"angelinawong1210"},"content":"                    try {","lastModifiedDate":"2024-09-12","isFullCredit":false},{"lineNumber":39,"author":{"gitId":"angelinawong1210"},"content":"                        String[] parts \u003d input.substring(9).split(\" /by \"); ","lastModifiedDate":"2024-09-05","isFullCredit":false},{"lineNumber":40,"author":{"gitId":"angelinawong1210"},"content":"                        if (parts.length !\u003d 2) {","lastModifiedDate":"2024-09-12","isFullCredit":false},{"lineNumber":41,"author":{"gitId":"angelinawong1210"},"content":"                            throw new IllegalArgumentException(\"Input format is incorrect.\");","lastModifiedDate":"2024-09-12","isFullCredit":false},{"lineNumber":42,"author":{"gitId":"angelinawong1210"},"content":"                        }","lastModifiedDate":"2024-09-12","isFullCredit":false},{"lineNumber":43,"author":{"gitId":"angelinawong1210"},"content":"                        addList.addDeadline(parts[0].trim(), parts[1].trim());","lastModifiedDate":"2024-09-05","isFullCredit":false},{"lineNumber":44,"author":{"gitId":"angelinawong1210"},"content":"                    } catch (IllegalArgumentException e) {","lastModifiedDate":"2024-09-12","isFullCredit":false},{"lineNumber":45,"author":{"gitId":"angelinawong1210"},"content":"                        System.out.println(\"Error: \" + e.getMessage());","lastModifiedDate":"2024-09-12","isFullCredit":false},{"lineNumber":46,"author":{"gitId":"angelinawong1210"},"content":"                    } ","lastModifiedDate":"2024-09-12","isFullCredit":false},{"lineNumber":47,"author":{"gitId":"angelinawong1210"},"content":"                } else if (input.startsWith(\"event \")) {","lastModifiedDate":"2024-09-12","isFullCredit":false},{"lineNumber":48,"author":{"gitId":"angelinawong1210"},"content":"                    try {","lastModifiedDate":"2024-09-12","isFullCredit":false},{"lineNumber":49,"author":{"gitId":"angelinawong1210"},"content":"                        String[] parts \u003d input.substring(6).split(\" /from | /to \");","lastModifiedDate":"2024-09-12","isFullCredit":false},{"lineNumber":50,"author":{"gitId":"angelinawong1210"},"content":"                        if (parts.length !\u003d 3) {","lastModifiedDate":"2024-09-12","isFullCredit":false},{"lineNumber":51,"author":{"gitId":"angelinawong1210"},"content":"                            throw new IllegalArgumentException(\"Input format is incorrect.\");","lastModifiedDate":"2024-09-12","isFullCredit":false},{"lineNumber":52,"author":{"gitId":"angelinawong1210"},"content":"                        }","lastModifiedDate":"2024-09-12","isFullCredit":false},{"lineNumber":53,"author":{"gitId":"angelinawong1210"},"content":"                        addList.addEvent(parts[0].trim(), parts[1].trim(), parts[2].trim());","lastModifiedDate":"2024-09-12","isFullCredit":false},{"lineNumber":54,"author":{"gitId":"angelinawong1210"},"content":"                    } catch (IllegalArgumentException e) {","lastModifiedDate":"2024-09-12","isFullCredit":false},{"lineNumber":55,"author":{"gitId":"angelinawong1210"},"content":"                        System.out.println(\"Error: \" + e.getMessage());","lastModifiedDate":"2024-09-12","isFullCredit":false},{"lineNumber":56,"author":{"gitId":"angelinawong1210"},"content":"                    } ","lastModifiedDate":"2024-09-12","isFullCredit":false},{"lineNumber":57,"author":{"gitId":"angelinawong1210"},"content":"                } else if (input.startsWith(\"mark \")) {","lastModifiedDate":"2024-09-04","isFullCredit":false},{"lineNumber":58,"author":{"gitId":"angelinawong1210"},"content":"                    String inputNumber \u003d input.substring(5).trim(); ","lastModifiedDate":"2024-09-04","isFullCredit":false},{"lineNumber":59,"author":{"gitId":"angelinawong1210"},"content":"                    try {","lastModifiedDate":"2024-09-12","isFullCredit":false},{"lineNumber":60,"author":{"gitId":"angelinawong1210"},"content":"                        int number \u003d Integer.parseInt(inputNumber); ","lastModifiedDate":"2024-09-04","isFullCredit":false},{"lineNumber":61,"author":{"gitId":"angelinawong1210"},"content":"                        addList.markAsDone(number); ","lastModifiedDate":"2024-09-04","isFullCredit":false},{"lineNumber":62,"author":{"gitId":"angelinawong1210"},"content":"                    } catch (NumberFormatException e) {","lastModifiedDate":"2024-09-12","isFullCredit":false},{"lineNumber":63,"author":{"gitId":"angelinawong1210"},"content":"                        System.out.println(\"ERROR: The task index is not correct!\");","lastModifiedDate":"2024-09-12","isFullCredit":false},{"lineNumber":64,"author":{"gitId":"angelinawong1210"},"content":"                    }","lastModifiedDate":"2024-09-12","isFullCredit":false},{"lineNumber":65,"author":{"gitId":"angelinawong1210"},"content":"                } else if (input.startsWith(\"unmark \")) {","lastModifiedDate":"2024-09-04","isFullCredit":false},{"lineNumber":66,"author":{"gitId":"angelinawong1210"},"content":"                    String inputNumber \u003d input.substring(7).trim(); ","lastModifiedDate":"2024-09-04","isFullCredit":false},{"lineNumber":67,"author":{"gitId":"angelinawong1210"},"content":"                    try { ","lastModifiedDate":"2024-09-12","isFullCredit":false},{"lineNumber":68,"author":{"gitId":"angelinawong1210"},"content":"                        int number \u003d Integer.parseInt(inputNumber); ","lastModifiedDate":"2024-09-04","isFullCredit":false},{"lineNumber":69,"author":{"gitId":"angelinawong1210"},"content":"                        addList.unmarkAsDone(number); ","lastModifiedDate":"2024-09-04","isFullCredit":false},{"lineNumber":70,"author":{"gitId":"angelinawong1210"},"content":"                    } catch (NumberFormatException e) {","lastModifiedDate":"2024-09-12","isFullCredit":false},{"lineNumber":71,"author":{"gitId":"angelinawong1210"},"content":"                        System.out.println(\"ERROR: The task index is not correct!\");","lastModifiedDate":"2024-09-12","isFullCredit":false},{"lineNumber":72,"author":{"gitId":"angelinawong1210"},"content":"                    }","lastModifiedDate":"2024-09-12","isFullCredit":false},{"lineNumber":73,"author":{"gitId":"angelinawong1210"},"content":"                } else if (input.startsWith(\"delete \")) {","lastModifiedDate":"2024-09-19","isFullCredit":false},{"lineNumber":74,"author":{"gitId":"angelinawong1210"},"content":"                    String inputNumber \u003d input.substring(7).trim(); ","lastModifiedDate":"2024-09-19","isFullCredit":false},{"lineNumber":75,"author":{"gitId":"angelinawong1210"},"content":"                    try {","lastModifiedDate":"2024-09-19","isFullCredit":false},{"lineNumber":76,"author":{"gitId":"angelinawong1210"},"content":"                        int number \u003d Integer.parseInt(inputNumber); ","lastModifiedDate":"2024-09-19","isFullCredit":false},{"lineNumber":77,"author":{"gitId":"angelinawong1210"},"content":"                        addList.delete(number);","lastModifiedDate":"2024-09-19","isFullCredit":false},{"lineNumber":78,"author":{"gitId":"angelinawong1210"},"content":"                    } catch (NumberFormatException e) {","lastModifiedDate":"2024-09-19","isFullCredit":false},{"lineNumber":79,"author":{"gitId":"angelinawong1210"},"content":"                        System.out.println(\"ERROR: The task index is not correct!\");","lastModifiedDate":"2024-09-19","isFullCredit":false},{"lineNumber":80,"author":{"gitId":"angelinawong1210"},"content":"                    }","lastModifiedDate":"2024-09-19","isFullCredit":false},{"lineNumber":81,"author":{"gitId":"angelinawong1210"},"content":"                } else {","lastModifiedDate":"2024-09-04","isFullCredit":false},{"lineNumber":82,"author":{"gitId":"angelinawong1210"},"content":"                    throw new AnBotException(\"Error command. Please enter another input.\"); ","lastModifiedDate":"2024-09-13","isFullCredit":false},{"lineNumber":83,"author":{"gitId":"angelinawong1210"},"content":"                }","lastModifiedDate":"2024-09-13","isFullCredit":false},{"lineNumber":84,"author":{"gitId":"angelinawong1210"},"content":"            } catch(AnBotException e) {","lastModifiedDate":"2024-09-13","isFullCredit":false},{"lineNumber":85,"author":{"gitId":"angelinawong1210"},"content":"                System.out.println(e.getMessage());","lastModifiedDate":"2024-09-13","isFullCredit":false},{"lineNumber":86,"author":{"gitId":"angelinawong1210"},"content":"            }","lastModifiedDate":"2024-09-03","isFullCredit":false},{"lineNumber":87,"author":{"gitId":"angelinawong1210"},"content":"        } ","lastModifiedDate":"2024-09-03","isFullCredit":false},{"lineNumber":88,"author":{"gitId":"-"},"content":"    } ","lastModifiedDate":"2019-07-29","isFullCredit":false},{"lineNumber":89,"author":{"gitId":"-"},"content":"}","lastModifiedDate":"2019-07-29","isFullCredit":false}],"authorContributionMap":{"angelinawong1210":86,"-":3}},{"path":"src/main/java/AnBotException.java","fileType":"java","lines":[{"lineNumber":1,"author":{"gitId":"angelinawong1210"},"content":"public class AnBotException extends Exception {","lastModifiedDate":"2024-09-13","isFullCredit":false},{"lineNumber":2,"author":{"gitId":"angelinawong1210"},"content":"    public AnBotException(String message) {","lastModifiedDate":"2024-09-13","isFullCredit":false},{"lineNumber":3,"author":{"gitId":"angelinawong1210"},"content":"        super(message); ","lastModifiedDate":"2024-09-13","isFullCredit":false},{"lineNumber":4,"author":{"gitId":"angelinawong1210"},"content":"    } ","lastModifiedDate":"2024-09-13","isFullCredit":false},{"lineNumber":5,"author":{"gitId":"angelinawong1210"},"content":"}","lastModifiedDate":"2024-09-13","isFullCredit":false}],"authorContributionMap":{"angelinawong1210":5}},{"path":"src/main/java/Deadline.java","fileType":"java","lines":[{"lineNumber":1,"author":{"gitId":"angelinawong1210"},"content":"public class Deadline extends Task {","lastModifiedDate":"2024-09-05","isFullCredit":false},{"lineNumber":2,"author":{"gitId":"angelinawong1210"},"content":"","lastModifiedDate":"2024-09-05","isFullCredit":false},{"lineNumber":3,"author":{"gitId":"angelinawong1210"},"content":"    protected String by; ","lastModifiedDate":"2024-09-05","isFullCredit":false},{"lineNumber":4,"author":{"gitId":"angelinawong1210"},"content":"","lastModifiedDate":"2024-09-05","isFullCredit":false},{"lineNumber":5,"author":{"gitId":"angelinawong1210"},"content":"    public Deadline(String description, String by) {","lastModifiedDate":"2024-09-05","isFullCredit":false},{"lineNumber":6,"author":{"gitId":"angelinawong1210"},"content":"        super(description); ","lastModifiedDate":"2024-09-05","isFullCredit":false},{"lineNumber":7,"author":{"gitId":"angelinawong1210"},"content":"        this.by \u003d by; ","lastModifiedDate":"2024-09-05","isFullCredit":false},{"lineNumber":8,"author":{"gitId":"angelinawong1210"},"content":"    }","lastModifiedDate":"2024-09-05","isFullCredit":false},{"lineNumber":9,"author":{"gitId":"angelinawong1210"},"content":"","lastModifiedDate":"2024-09-05","isFullCredit":false},{"lineNumber":10,"author":{"gitId":"angelinawong1210"},"content":"    @Override ","lastModifiedDate":"2024-09-05","isFullCredit":false},{"lineNumber":11,"author":{"gitId":"angelinawong1210"},"content":"    public String toString() {","lastModifiedDate":"2024-09-05","isFullCredit":false},{"lineNumber":12,"author":{"gitId":"angelinawong1210"},"content":"        return \"[D]\" + super.toString() + \" (by: \" + by + \")\";","lastModifiedDate":"2024-09-05","isFullCredit":false},{"lineNumber":13,"author":{"gitId":"angelinawong1210"},"content":"    }","lastModifiedDate":"2024-09-05","isFullCredit":false},{"lineNumber":14,"author":{"gitId":"angelinawong1210"},"content":"}","lastModifiedDate":"2024-09-05","isFullCredit":false}],"authorContributionMap":{"angelinawong1210":14}},{"path":"src/main/java/Event.java","fileType":"java","lines":[{"lineNumber":1,"author":{"gitId":"angelinawong1210"},"content":"public class Event extends Task {","lastModifiedDate":"2024-09-05","isFullCredit":false},{"lineNumber":2,"author":{"gitId":"angelinawong1210"},"content":"","lastModifiedDate":"2024-09-05","isFullCredit":false},{"lineNumber":3,"author":{"gitId":"angelinawong1210"},"content":"    protected String from; ","lastModifiedDate":"2024-09-05","isFullCredit":false},{"lineNumber":4,"author":{"gitId":"angelinawong1210"},"content":"    protected String to; ","lastModifiedDate":"2024-09-05","isFullCredit":false},{"lineNumber":5,"author":{"gitId":"angelinawong1210"},"content":"","lastModifiedDate":"2024-09-05","isFullCredit":false},{"lineNumber":6,"author":{"gitId":"angelinawong1210"},"content":"    public Event(String description, String from, String to) {","lastModifiedDate":"2024-09-05","isFullCredit":false},{"lineNumber":7,"author":{"gitId":"angelinawong1210"},"content":"        super(description); ","lastModifiedDate":"2024-09-05","isFullCredit":false},{"lineNumber":8,"author":{"gitId":"angelinawong1210"},"content":"        this.from \u003d from; ","lastModifiedDate":"2024-09-05","isFullCredit":false},{"lineNumber":9,"author":{"gitId":"angelinawong1210"},"content":"        this.to \u003d to; ","lastModifiedDate":"2024-09-05","isFullCredit":false},{"lineNumber":10,"author":{"gitId":"angelinawong1210"},"content":"    }","lastModifiedDate":"2024-09-05","isFullCredit":false},{"lineNumber":11,"author":{"gitId":"angelinawong1210"},"content":"","lastModifiedDate":"2024-09-05","isFullCredit":false},{"lineNumber":12,"author":{"gitId":"angelinawong1210"},"content":"    @Override ","lastModifiedDate":"2024-09-05","isFullCredit":false},{"lineNumber":13,"author":{"gitId":"angelinawong1210"},"content":"    public String toString() {","lastModifiedDate":"2024-09-05","isFullCredit":false},{"lineNumber":14,"author":{"gitId":"angelinawong1210"},"content":"        return \"[E]\" + super.toString() + \"(from: \" + from + \" to \" + to + \")\"; ","lastModifiedDate":"2024-09-05","isFullCredit":false},{"lineNumber":15,"author":{"gitId":"angelinawong1210"},"content":"    }","lastModifiedDate":"2024-09-05","isFullCredit":false},{"lineNumber":16,"author":{"gitId":"angelinawong1210"},"content":"}","lastModifiedDate":"2024-09-05","isFullCredit":false}],"authorContributionMap":{"angelinawong1210":16}},{"path":"src/main/java/Task.java","fileType":"java","lines":[{"lineNumber":1,"author":{"gitId":"angelinawong1210"},"content":"public class Task {","lastModifiedDate":"2024-09-05","isFullCredit":false},{"lineNumber":2,"author":{"gitId":"angelinawong1210"},"content":"    ","lastModifiedDate":"2024-09-05","isFullCredit":false},{"lineNumber":3,"author":{"gitId":"angelinawong1210"},"content":"    protected String description; ","lastModifiedDate":"2024-09-05","isFullCredit":false},{"lineNumber":4,"author":{"gitId":"angelinawong1210"},"content":"    protected boolean isDone; ","lastModifiedDate":"2024-09-05","isFullCredit":false},{"lineNumber":5,"author":{"gitId":"angelinawong1210"},"content":"","lastModifiedDate":"2024-09-05","isFullCredit":false},{"lineNumber":6,"author":{"gitId":"angelinawong1210"},"content":"    public Task (String description) {","lastModifiedDate":"2024-09-05","isFullCredit":false},{"lineNumber":7,"author":{"gitId":"angelinawong1210"},"content":"        this.description \u003d description; ","lastModifiedDate":"2024-09-05","isFullCredit":false},{"lineNumber":8,"author":{"gitId":"angelinawong1210"},"content":"        this.isDone \u003d false; ","lastModifiedDate":"2024-09-05","isFullCredit":false},{"lineNumber":9,"author":{"gitId":"angelinawong1210"},"content":"    }","lastModifiedDate":"2024-09-05","isFullCredit":false},{"lineNumber":10,"author":{"gitId":"angelinawong1210"},"content":"","lastModifiedDate":"2024-09-05","isFullCredit":false},{"lineNumber":11,"author":{"gitId":"angelinawong1210"},"content":"    public void markDone() {","lastModifiedDate":"2024-09-05","isFullCredit":false},{"lineNumber":12,"author":{"gitId":"angelinawong1210"},"content":"        this.isDone \u003d true; ","lastModifiedDate":"2024-09-05","isFullCredit":false},{"lineNumber":13,"author":{"gitId":"angelinawong1210"},"content":"    }","lastModifiedDate":"2024-09-05","isFullCredit":false},{"lineNumber":14,"author":{"gitId":"angelinawong1210"},"content":"","lastModifiedDate":"2024-09-05","isFullCredit":false},{"lineNumber":15,"author":{"gitId":"angelinawong1210"},"content":"    public void unmarkDone() {","lastModifiedDate":"2024-09-05","isFullCredit":false},{"lineNumber":16,"author":{"gitId":"angelinawong1210"},"content":"        this.isDone \u003d false; ","lastModifiedDate":"2024-09-05","isFullCredit":false},{"lineNumber":17,"author":{"gitId":"angelinawong1210"},"content":"    }","lastModifiedDate":"2024-09-05","isFullCredit":false},{"lineNumber":18,"author":{"gitId":"angelinawong1210"},"content":"","lastModifiedDate":"2024-09-05","isFullCredit":false},{"lineNumber":19,"author":{"gitId":"angelinawong1210"},"content":"    public String isDone() {","lastModifiedDate":"2024-09-05","isFullCredit":false},{"lineNumber":20,"author":{"gitId":"angelinawong1210"},"content":"        if (isDone) {","lastModifiedDate":"2024-09-05","isFullCredit":false},{"lineNumber":21,"author":{"gitId":"angelinawong1210"},"content":"            return \"[X]\"; ","lastModifiedDate":"2024-09-05","isFullCredit":false},{"lineNumber":22,"author":{"gitId":"angelinawong1210"},"content":"        } else {","lastModifiedDate":"2024-09-05","isFullCredit":false},{"lineNumber":23,"author":{"gitId":"angelinawong1210"},"content":"            return \"[ ]\"; ","lastModifiedDate":"2024-09-05","isFullCredit":false},{"lineNumber":24,"author":{"gitId":"angelinawong1210"},"content":"        }","lastModifiedDate":"2024-09-05","isFullCredit":false},{"lineNumber":25,"author":{"gitId":"angelinawong1210"},"content":"    }","lastModifiedDate":"2024-09-05","isFullCredit":false},{"lineNumber":26,"author":{"gitId":"angelinawong1210"},"content":"","lastModifiedDate":"2024-09-05","isFullCredit":false},{"lineNumber":27,"author":{"gitId":"angelinawong1210"},"content":"    @Override ","lastModifiedDate":"2024-09-05","isFullCredit":false},{"lineNumber":28,"author":{"gitId":"angelinawong1210"},"content":"    public String toString() { ","lastModifiedDate":"2024-09-05","isFullCredit":false},{"lineNumber":29,"author":{"gitId":"angelinawong1210"},"content":"        return isDone() + \" \" + description; ","lastModifiedDate":"2024-09-05","isFullCredit":false},{"lineNumber":30,"author":{"gitId":"angelinawong1210"},"content":"    }","lastModifiedDate":"2024-09-05","isFullCredit":false},{"lineNumber":31,"author":{"gitId":"angelinawong1210"},"content":"}","lastModifiedDate":"2024-09-05","isFullCredit":false}],"authorContributionMap":{"angelinawong1210":31}},{"path":"src/main/java/Todo.java","fileType":"java","lines":[{"lineNumber":1,"author":{"gitId":"angelinawong1210"},"content":"public class Todo extends Task {","lastModifiedDate":"2024-09-05","isFullCredit":false},{"lineNumber":2,"author":{"gitId":"angelinawong1210"},"content":"","lastModifiedDate":"2024-09-05","isFullCredit":false},{"lineNumber":3,"author":{"gitId":"angelinawong1210"},"content":"    public Todo(String description) {","lastModifiedDate":"2024-09-05","isFullCredit":false},{"lineNumber":4,"author":{"gitId":"angelinawong1210"},"content":"        super(description); ","lastModifiedDate":"2024-09-05","isFullCredit":false},{"lineNumber":5,"author":{"gitId":"angelinawong1210"},"content":"    }","lastModifiedDate":"2024-09-05","isFullCredit":false},{"lineNumber":6,"author":{"gitId":"angelinawong1210"},"content":"","lastModifiedDate":"2024-09-05","isFullCredit":false},{"lineNumber":7,"author":{"gitId":"angelinawong1210"},"content":"    @Override","lastModifiedDate":"2024-09-05","isFullCredit":false},{"lineNumber":8,"author":{"gitId":"angelinawong1210"},"content":"    public String toString() {","lastModifiedDate":"2024-09-05","isFullCredit":false},{"lineNumber":9,"author":{"gitId":"angelinawong1210"},"content":"        return \"[T]\" + super.toString(); ","lastModifiedDate":"2024-09-05","isFullCredit":false},{"lineNumber":10,"author":{"gitId":"angelinawong1210"},"content":"    } ","lastModifiedDate":"2024-09-05","isFullCredit":false},{"lineNumber":11,"author":{"gitId":"angelinawong1210"},"content":"}","lastModifiedDate":"2024-09-05","isFullCredit":false}],"authorContributionMap":{"angelinawong1210":11}}]
