{"authorDailyContributionsMap":{"angelinawong1210":[{"date":"2024-09-01","commitResults":[{"hash":"4f61d11fcfd9cba4ae98124903b2ccc31f2acc56","isMergeCommit":false,"messageTitle":"Update README.md","messageBody":"","fileTypesAndContributionMap":{"md":{"insertions":2,"deletions":2}}},{"hash":"540c33f05563a4246c2f84a6a895ec3bae5ebcc0","isMergeCommit":false,"messageTitle":"Update and rename Duke.java to AnBot.java","messageBody":"","fileTypesAndContributionMap":{"java":{"insertions":1,"deletions":1}}}]}]},"authorFileTypeContributionMap":{"angelinawong1210":{"java":1,"md":1,"fxml":0,"sh":0,"bat":0,"gradle":0,"txt":0}},"authorContributionVariance":{"angelinawong1210":1.9930797},"authorDisplayNameMap":{"angelinawong1210":"CS2113-T11-2 NGUY..NGOC"}}
