{"authorDailyContributionsMap":{"angelinawong1210":[{"date":"2024-09-01","commitResults":[{"hash":"4f61d11fcfd9cba4ae98124903b2ccc31f2acc56","isMergeCommit":false,"messageTitle":"Update README.md","messageBody":"","fileTypesAndContributionMap":{"md":{"insertions":2,"deletions":2}}},{"hash":"540c33f05563a4246c2f84a6a895ec3bae5ebcc0","isMergeCommit":false,"messageTitle":"Update and rename Duke.java to AnBot.java","messageBody":"","fileTypesAndContributionMap":{"java":{"insertions":1,"deletions":1}}}]},{"date":"2024-09-02","commitResults":[{"hash":"3b8dd2a3f85cbb45849c41cd6605610b4456d6f6","isMergeCommit":false,"messageTitle":"Update AnBot.java","messageBody":"","tags":["Level-0"],"fileTypesAndContributionMap":{"java":{"insertions":7,"deletions":6}}}]},{"date":"2024-09-03","commitResults":[{"hash":"285897852cc8f8cb586aff3edb34e8f2b3f1d148","isMergeCommit":false,"messageTitle":"Update AnBot.java","messageBody":"","tags":["Level-1"],"fileTypesAndContributionMap":{"java":{"insertions":33,"deletions":5}}}]},{"date":"2024-09-04","commitResults":[{"hash":"be9af3db70cd5c4cd7b1f94c733e8019d91dba94","isMergeCommit":false,"messageTitle":"Create the Add List function","messageBody":"","tags":["Level-2"],"fileTypesAndContributionMap":{"java":{"insertions":37,"deletions":6}}},{"hash":"d77868fa6fecf639c01e68c8ef967e86b1b98221","isMergeCommit":false,"messageTitle":"Create the Mark as Done function","messageBody":"","tags":["Level-3"],"fileTypesAndContributionMap":{"java":{"insertions":39,"deletions":2}}},{"hash":"0f66a981d49c979a2df115b147d07fbfc6794d72","isMergeCommit":false,"messageTitle":"Update the AddList.java to comply with the coding standard","messageBody":"","tags":["A-CodingStandard"],"fileTypesAndContributionMap":{"java":{"insertions":3,"deletions":5}}}]},{"date":"2024-09-05","commitResults":[{"hash":"9e985527df4a5b20f3e4809bb6009ab1273655ea","isMergeCommit":false,"messageTitle":"Add three types of tasks","messageBody":"","tags":["Level-4"],"fileTypesAndContributionMap":{"java":{"insertions":136,"deletions":34}}},{"hash":"16e4fb45cadccf724055d1837aec1cebc4d3f2d6","isMergeCommit":false,"messageTitle":"Update AddList.java","messageBody":"","tags":["A-CodeQuality"],"fileTypesAndContributionMap":{"java":{"insertions":1,"deletions":1}}}]},{"date":"2024-09-12","commitResults":[{"hash":"bb1b00440fb4553e46374fb352fe1593e497b560","isMergeCommit":false,"messageTitle":"Update AnBot.java","messageBody":"","tags":["Level-5"],"fileTypesAndContributionMap":{"java":{"insertions":32,"deletions":10}}}]},{"date":"2024-09-13","commitResults":[{"hash":"99dde1c0f147f9628036a2d17345b26d7efd0b00","isMergeCommit":false,"messageTitle":"Update Exceptions","messageBody":"","tags":["A-Exceptions"],"fileTypesAndContributionMap":{"java":{"insertions":57,"deletions":48}}}]}]},"authorFileTypeContributionMap":{"angelinawong1210":{"java":235,"md":1,"fxml":0,"sh":0,"bat":0,"gradle":0,"txt":0}},"authorContributionVariance":{"angelinawong1210":1549.4294},"authorDisplayNameMap":{"angelinawong1210":"CS2113-T11-2 NGUY..NGOC"}}
