[{"path":"src/main/java/Cubone.java","fileType":"java","lines":[{"lineNumber":1,"author":{"gitId":"tsoudibi"},"content":"import java.util.Scanner;","lastModifiedDate":"2024-08-28","isFullCredit":false},{"lineNumber":2,"author":{"gitId":"tsoudibi"},"content":"import java.util.ArrayList;","lastModifiedDate":"2024-08-28","isFullCredit":false},{"lineNumber":3,"author":{"gitId":"tsoudibi"},"content":"public class Cubone {","lastModifiedDate":"2024-08-28","isFullCredit":false},{"lineNumber":4,"author":{"gitId":"tsoudibi"},"content":"    public static void main(String[] args) {","lastModifiedDate":"2024-08-28","isFullCredit":false},{"lineNumber":5,"author":{"gitId":"tsoudibi"},"content":"        String logo \u003d   ","lastModifiedDate":"2024-08-28","isFullCredit":false},{"lineNumber":6,"author":{"gitId":"tsoudibi"},"content":"            \"   ______      __                       \\n\"+","lastModifiedDate":"2024-08-28","isFullCredit":false},{"lineNumber":7,"author":{"gitId":"tsoudibi"},"content":"            \"  / ____/_  __/ /_  ____  ____  ___     \\n\"+","lastModifiedDate":"2024-08-28","isFullCredit":false},{"lineNumber":8,"author":{"gitId":"tsoudibi"},"content":"            \" / /   / / / / __ \\\\/ __ \\\\/ __ \\\\/ _ \\\\\\n\"+","lastModifiedDate":"2024-08-28","isFullCredit":false},{"lineNumber":9,"author":{"gitId":"tsoudibi"},"content":"            \"/ /___/ /_/ / /_/ / /_/ / / / /  __/    \\n\"+","lastModifiedDate":"2024-08-28","isFullCredit":false},{"lineNumber":10,"author":{"gitId":"tsoudibi"},"content":"            \"\\\\____/\\\\__,_/_.___/\\\\____/_/ /_/\\\\___/ \\n\";","lastModifiedDate":"2024-08-28","isFullCredit":false},{"lineNumber":11,"author":{"gitId":"tsoudibi"},"content":"        String chat_prefix \u003d \"\\n(Cubone) \";","lastModifiedDate":"2024-08-28","isFullCredit":false},{"lineNumber":12,"author":{"gitId":"tsoudibi"},"content":"        String chat_bar \u003d \"---------------------------------\";","lastModifiedDate":"2024-08-28","isFullCredit":false},{"lineNumber":13,"author":{"gitId":"tsoudibi"},"content":"        System.out.println(\"Hello from\\n\" + logo);","lastModifiedDate":"2024-08-28","isFullCredit":false},{"lineNumber":14,"author":{"gitId":"tsoudibi"},"content":"        System.out.println(\"Hello! I\u0027m Cubone\\nWhat can I do for you?\\n\" + chat_bar);","lastModifiedDate":"2024-08-28","isFullCredit":false},{"lineNumber":15,"author":{"gitId":"tsoudibi"},"content":"","lastModifiedDate":"2024-08-28","isFullCredit":false},{"lineNumber":16,"author":{"gitId":"tsoudibi"},"content":"        // list to store user input","lastModifiedDate":"2024-08-28","isFullCredit":false},{"lineNumber":17,"author":{"gitId":"tsoudibi"},"content":"        ArrayList\u003cTask\u003e inputed_tasks \u003d new ArrayList\u003cTask\u003e();","lastModifiedDate":"2024-08-28","isFullCredit":false},{"lineNumber":18,"author":{"gitId":"tsoudibi"},"content":"","lastModifiedDate":"2024-08-28","isFullCredit":false},{"lineNumber":19,"author":{"gitId":"tsoudibi"},"content":"        // loop for user input","lastModifiedDate":"2024-08-28","isFullCredit":false},{"lineNumber":20,"author":{"gitId":"tsoudibi"},"content":"        while (true) {","lastModifiedDate":"2024-08-28","isFullCredit":false},{"lineNumber":21,"author":{"gitId":"tsoudibi"},"content":"            Scanner sc \u003d new Scanner(System.in);","lastModifiedDate":"2024-08-28","isFullCredit":false},{"lineNumber":22,"author":{"gitId":"tsoudibi"},"content":"            String input \u003d sc.nextLine();","lastModifiedDate":"2024-08-28","isFullCredit":false},{"lineNumber":23,"author":{"gitId":"tsoudibi"},"content":"            if (input.equals(\"bye\")) {","lastModifiedDate":"2024-08-28","isFullCredit":false},{"lineNumber":24,"author":{"gitId":"tsoudibi"},"content":"                // exit loop","lastModifiedDate":"2024-08-28","isFullCredit":false},{"lineNumber":25,"author":{"gitId":"tsoudibi"},"content":"                System.out.println(chat_bar + chat_prefix + \"Bye. Hope to see you again soon!\\n\" + chat_bar);","lastModifiedDate":"2024-08-28","isFullCredit":false},{"lineNumber":26,"author":{"gitId":"tsoudibi"},"content":"                break;","lastModifiedDate":"2024-08-28","isFullCredit":false},{"lineNumber":27,"author":{"gitId":"tsoudibi"},"content":"            } else if (input.equals(\"list\")) {","lastModifiedDate":"2024-08-28","isFullCredit":false},{"lineNumber":28,"author":{"gitId":"tsoudibi"},"content":"                // print all user inputs","lastModifiedDate":"2024-08-28","isFullCredit":false},{"lineNumber":29,"author":{"gitId":"tsoudibi"},"content":"                System.out.println(chat_bar + chat_prefix + \"Here are the tasks in your list:\");","lastModifiedDate":"2024-08-28","isFullCredit":false},{"lineNumber":30,"author":{"gitId":"tsoudibi"},"content":"                for (int i \u003d 0; i \u003c inputed_tasks.size(); i++) {","lastModifiedDate":"2024-08-28","isFullCredit":false},{"lineNumber":31,"author":{"gitId":"tsoudibi"},"content":"                    System.out.println((i + 1) + \". \" + inputed_tasks.get(i).toString());","lastModifiedDate":"2024-08-28","isFullCredit":false},{"lineNumber":32,"author":{"gitId":"tsoudibi"},"content":"                }","lastModifiedDate":"2024-08-28","isFullCredit":false},{"lineNumber":33,"author":{"gitId":"tsoudibi"},"content":"                System.out.println(chat_bar);","lastModifiedDate":"2024-08-28","isFullCredit":false},{"lineNumber":34,"author":{"gitId":"tsoudibi"},"content":"            } else if(input.contains(\"mark\") \u0026\u0026 !input.contains(\"unmark\")){","lastModifiedDate":"2024-08-28","isFullCredit":false},{"lineNumber":35,"author":{"gitId":"tsoudibi"},"content":"                // mark task as done","lastModifiedDate":"2024-08-28","isFullCredit":false},{"lineNumber":36,"author":{"gitId":"tsoudibi"},"content":"                String[] split \u003d input.split(\" \");","lastModifiedDate":"2024-08-28","isFullCredit":false},{"lineNumber":37,"author":{"gitId":"tsoudibi"},"content":"                int index \u003d Integer.parseInt(split[1]);","lastModifiedDate":"2024-08-28","isFullCredit":false},{"lineNumber":38,"author":{"gitId":"tsoudibi"},"content":"                inputed_tasks.get(index-1).markAsDone();","lastModifiedDate":"2024-08-28","isFullCredit":false},{"lineNumber":39,"author":{"gitId":"tsoudibi"},"content":"                System.out.println(chat_bar + chat_prefix + \"Nice! I\u0027ve marked this task as done:\\n\" + inputed_tasks.get(index-1).toString() + \"\\n\" + chat_bar);","lastModifiedDate":"2024-08-28","isFullCredit":false},{"lineNumber":40,"author":{"gitId":"tsoudibi"},"content":"            } else if(input.contains(\"unmark\")){","lastModifiedDate":"2024-08-28","isFullCredit":false},{"lineNumber":41,"author":{"gitId":"tsoudibi"},"content":"                // mark task as undone","lastModifiedDate":"2024-08-28","isFullCredit":false},{"lineNumber":42,"author":{"gitId":"tsoudibi"},"content":"                String[] split \u003d input.split(\" \");","lastModifiedDate":"2024-08-28","isFullCredit":false},{"lineNumber":43,"author":{"gitId":"tsoudibi"},"content":"                int index \u003d Integer.parseInt(split[1]);","lastModifiedDate":"2024-08-28","isFullCredit":false},{"lineNumber":44,"author":{"gitId":"tsoudibi"},"content":"                inputed_tasks.get(index-1).markAsUndone();","lastModifiedDate":"2024-08-28","isFullCredit":false},{"lineNumber":45,"author":{"gitId":"tsoudibi"},"content":"                System.out.println(chat_bar + chat_prefix + \"OK, I\u0027ve marked this task as not done yet:\\n\" + inputed_tasks.get(index-1).toString() + \"\\n\" + chat_bar);","lastModifiedDate":"2024-08-28","isFullCredit":false},{"lineNumber":46,"author":{"gitId":"tsoudibi"},"content":"            } else {","lastModifiedDate":"2024-08-28","isFullCredit":false},{"lineNumber":47,"author":{"gitId":"tsoudibi"},"content":"                // add user input into list","lastModifiedDate":"2024-08-28","isFullCredit":false},{"lineNumber":48,"author":{"gitId":"tsoudibi"},"content":"                inputed_tasks.add(new Task(input));","lastModifiedDate":"2024-08-28","isFullCredit":false},{"lineNumber":49,"author":{"gitId":"tsoudibi"},"content":"                System.out.println(chat_bar + chat_prefix + \"added: \"+ input + \"\\n\" + chat_bar);","lastModifiedDate":"2024-08-28","isFullCredit":false},{"lineNumber":50,"author":{"gitId":"tsoudibi"},"content":"            }","lastModifiedDate":"2024-08-28","isFullCredit":false},{"lineNumber":51,"author":{"gitId":"tsoudibi"},"content":"        }","lastModifiedDate":"2024-08-28","isFullCredit":false},{"lineNumber":52,"author":{"gitId":"tsoudibi"},"content":"    }","lastModifiedDate":"2024-08-28","isFullCredit":false},{"lineNumber":53,"author":{"gitId":"tsoudibi"},"content":"}","lastModifiedDate":"2024-08-28","isFullCredit":false}],"authorContributionMap":{"tsoudibi":53}},{"path":"src/main/java/Task.java","fileType":"java","lines":[{"lineNumber":1,"author":{"gitId":"tsoudibi"},"content":"public class Task {","lastModifiedDate":"2024-08-28","isFullCredit":false},{"lineNumber":2,"author":{"gitId":"tsoudibi"},"content":"    protected String description;","lastModifiedDate":"2024-08-28","isFullCredit":false},{"lineNumber":3,"author":{"gitId":"tsoudibi"},"content":"    protected boolean isDone;","lastModifiedDate":"2024-08-28","isFullCredit":false},{"lineNumber":4,"author":{"gitId":"tsoudibi"},"content":"","lastModifiedDate":"2024-08-28","isFullCredit":false},{"lineNumber":5,"author":{"gitId":"tsoudibi"},"content":"    public Task(String description) {","lastModifiedDate":"2024-08-28","isFullCredit":false},{"lineNumber":6,"author":{"gitId":"tsoudibi"},"content":"        this.description \u003d description;","lastModifiedDate":"2024-08-28","isFullCredit":false},{"lineNumber":7,"author":{"gitId":"tsoudibi"},"content":"        this.isDone \u003d false;","lastModifiedDate":"2024-08-28","isFullCredit":false},{"lineNumber":8,"author":{"gitId":"tsoudibi"},"content":"    }","lastModifiedDate":"2024-08-28","isFullCredit":false},{"lineNumber":9,"author":{"gitId":"tsoudibi"},"content":"","lastModifiedDate":"2024-08-28","isFullCredit":false},{"lineNumber":10,"author":{"gitId":"tsoudibi"},"content":"    public String getStatusIcon() {","lastModifiedDate":"2024-08-28","isFullCredit":false},{"lineNumber":11,"author":{"gitId":"tsoudibi"},"content":"        return (isDone ? \"X\" : \" \"); // mark done task with X","lastModifiedDate":"2024-08-28","isFullCredit":false},{"lineNumber":12,"author":{"gitId":"tsoudibi"},"content":"    }","lastModifiedDate":"2024-08-28","isFullCredit":false},{"lineNumber":13,"author":{"gitId":"tsoudibi"},"content":"","lastModifiedDate":"2024-08-28","isFullCredit":false},{"lineNumber":14,"author":{"gitId":"tsoudibi"},"content":"    public void markAsDone() {","lastModifiedDate":"2024-08-28","isFullCredit":false},{"lineNumber":15,"author":{"gitId":"tsoudibi"},"content":"        this.isDone \u003d true;","lastModifiedDate":"2024-08-28","isFullCredit":false},{"lineNumber":16,"author":{"gitId":"tsoudibi"},"content":"    }","lastModifiedDate":"2024-08-28","isFullCredit":false},{"lineNumber":17,"author":{"gitId":"tsoudibi"},"content":"","lastModifiedDate":"2024-08-28","isFullCredit":false},{"lineNumber":18,"author":{"gitId":"tsoudibi"},"content":"    public void markAsUndone() {","lastModifiedDate":"2024-08-28","isFullCredit":false},{"lineNumber":19,"author":{"gitId":"tsoudibi"},"content":"        this.isDone \u003d false;","lastModifiedDate":"2024-08-28","isFullCredit":false},{"lineNumber":20,"author":{"gitId":"tsoudibi"},"content":"    }","lastModifiedDate":"2024-08-28","isFullCredit":false},{"lineNumber":21,"author":{"gitId":"tsoudibi"},"content":"","lastModifiedDate":"2024-08-28","isFullCredit":false},{"lineNumber":22,"author":{"gitId":"tsoudibi"},"content":"    public String getDescription() {","lastModifiedDate":"2024-08-28","isFullCredit":false},{"lineNumber":23,"author":{"gitId":"tsoudibi"},"content":"        return this.description;","lastModifiedDate":"2024-08-28","isFullCredit":false},{"lineNumber":24,"author":{"gitId":"tsoudibi"},"content":"    }","lastModifiedDate":"2024-08-28","isFullCredit":false},{"lineNumber":25,"author":{"gitId":"tsoudibi"},"content":"    ","lastModifiedDate":"2024-08-28","isFullCredit":false},{"lineNumber":26,"author":{"gitId":"tsoudibi"},"content":"    public String toString() {","lastModifiedDate":"2024-08-28","isFullCredit":false},{"lineNumber":27,"author":{"gitId":"tsoudibi"},"content":"        return \"[\" + this.getStatusIcon() + \"] \" + this.description;","lastModifiedDate":"2024-08-28","isFullCredit":false},{"lineNumber":28,"author":{"gitId":"tsoudibi"},"content":"    }","lastModifiedDate":"2024-08-28","isFullCredit":false},{"lineNumber":29,"author":{"gitId":"tsoudibi"},"content":"}","lastModifiedDate":"2024-08-28","isFullCredit":false}],"authorContributionMap":{"tsoudibi":29}}]
