{"authorDailyContributionsMap":{"ehz0ah":[{"date":"2024-08-20","commitResults":[{"hash":"c61449874688e8d9bbfd0b9153e2d4e0bd4c389f","isMergeCommit":false,"messageTitle":"Refactor: Rename to Esme and move to new package","messageBody":"","fileTypesAndContributionMap":{"java":{"insertions":30,"deletions":10}}}]}]},"authorFileTypeContributionMap":{"ehz0ah":{"java":30,"md":0,"fxml":0,"sh":0,"bat":0,"gradle":0,"txt":0}},"authorContributionVariance":{"ehz0ah":256.0},"authorDisplayNameMap":{"ehz0ah":"LEE .. ZHE"}}
