{"authorDailyContributionsMap":{"ehz0ah":[{"date":"2024-08-20","commitResults":[{"hash":"c61449874688e8d9bbfd0b9153e2d4e0bd4c389f","isMergeCommit":false,"messageTitle":"Refactor: Rename to Esme and move to new package","messageBody":"","tags":["Level-0"],"fileTypesAndContributionMap":{"java":{"insertions":30,"deletions":10}}}]},{"date":"2024-08-25","commitResults":[{"hash":"a299844d1f3c9ef8340672ef4ceec564881de95d","isMergeCommit":false,"messageTitle":"Add echo feature","messageBody":"","tags":["Level-1"],"fileTypesAndContributionMap":{"java":{"insertions":39,"deletions":9}}},{"hash":"6cbe0f64fe6b3a87efeb8a71d865f41aea53a3d3","isMergeCommit":false,"messageTitle":"Add task tracking feature","messageBody":"","tags":["Level-2"],"fileTypesAndContributionMap":{"java":{"insertions":70,"deletions":3}}}]},{"date":"2024-08-28","commitResults":[{"hash":"3030d28d22eb3dd1e7cd838d5294f515f040cea5","isMergeCommit":false,"messageTitle":"Add feature to mark and unmark tasks","messageBody":"","tags":["Level-3"],"fileTypesAndContributionMap":{"java":{"insertions":75,"deletions":5}}},{"hash":"28fd00e355a5e953010a5110f6338b3d09f64ac1","isMergeCommit":false,"messageTitle":"Add javadoc comments","messageBody":"","tags":["A-CodingStandard"],"fileTypesAndContributionMap":{"java":{"insertions":114,"deletions":44}}}]},{"date":"2024-08-31","commitResults":[{"hash":"adf1e68b20ca4ebb34b7d12325c1904ed0d3d2cb","isMergeCommit":false,"messageTitle":"Add todo task type","messageBody":"","fileTypesAndContributionMap":{"java":{"insertions":64,"deletions":23}}},{"hash":"61b93daac2ace0d2811b2d9c3cab6530d2bf1576","isMergeCommit":false,"messageTitle":"Add deadline task type","messageBody":"","fileTypesAndContributionMap":{"java":{"insertions":15,"deletions":0}}},{"hash":"c7678f1627a1dd639978914d8b5cc31da993367b","isMergeCommit":false,"messageTitle":"Add event task type","messageBody":"","fileTypesAndContributionMap":{"java":{"insertions":17,"deletions":0}}},{"hash":"aa78267f03396331c336a67c6d00090a7b940d2b","isMergeCommit":false,"messageTitle":"Add task type as an enum","messageBody":"","tags":["Level-4"],"fileTypesAndContributionMap":{"java":{"insertions":5,"deletions":0}}},{"hash":"61083cf926d3be7ab72eb9bd645403ef834650f6","isMergeCommit":false,"messageTitle":"Add automated text ui testing","messageBody":"","tags":["A-TextUiTesting"],"fileTypesAndContributionMap":{"txt":{"insertions":10,"deletions":0},"java":{"insertions":72,"deletions":24},"bat":{"insertions":2,"deletions":2},"md":{"insertions":1,"deletions":1}}}]},{"date":"2024-09-01","commitResults":[{"hash":"24e89978c536de61164fb7412935c2f9fea11a31","isMergeCommit":false,"messageTitle":"Refactor nested code and update ui","messageBody":"","tags":["A-CodeQuality"],"fileTypesAndContributionMap":{"java":{"insertions":42,"deletions":50},"bat":{"insertions":1,"deletions":1}}}]},{"date":"2024-09-07","commitResults":[{"hash":"c3c7ce2084c7056a1aec17f775d28091adc0c9ed","isMergeCommit":false,"messageTitle":"Improve code quality based on review feedback","messageBody":"","tags":["Level-5"],"fileTypesAndContributionMap":{"java":{"insertions":13,"deletions":9}}}]},{"date":"2024-09-08","commitResults":[{"hash":"341c4722a20c5f44ca1d6eb93da5547fa9a9c095","isMergeCommit":false,"messageTitle":"Refactor: Encapsulate exceptions into a class","messageBody":"","tags":["A-Exceptions"],"fileTypesAndContributionMap":{"java":{"insertions":59,"deletions":30}}},{"hash":"4ed69e1e5c165b1d1e3468e028093ce7f21404c2","isMergeCommit":true,"messageTitle":"Merge branch \u0027branch-Level-5\u0027","messageBody":"Merge branch \u0027branch-Level-5\u0027 into master\n","fileTypesAndContributionMap":{}}]},{"date":"2024-09-09","commitResults":[{"hash":"c78ece0b7d9eff65659c26a8e78d582d908c9472","isMergeCommit":false,"messageTitle":"Refactor: Encapsulate commands into a package","messageBody":"","fileTypesAndContributionMap":{"java":{"insertions":145,"deletions":27}}}]},{"date":"2024-09-10","commitResults":[{"hash":"9e208cd05297cdb1ecc4b8fbc05591af93726cfe","isMergeCommit":false,"messageTitle":"Add new exceptions for handling task status","messageBody":"","tags":["A-Packages"],"fileTypesAndContributionMap":{"java":{"insertions":18,"deletions":4}}},{"hash":"e569ae80e711d767aa167b48d728a3cf635db5ca","isMergeCommit":true,"messageTitle":"Merge branch \u0027branch-A-Packages\u0027 into master","messageBody":"Add new command package and extra exception handling\n","fileTypesAndContributionMap":{}}]},{"date":"2024-09-12","commitResults":[{"hash":"44baf4860ba54bd20b3e251b6063e55d3c3c981c","isMergeCommit":false,"messageTitle":"Refactor ui into a package","messageBody":"","fileTypesAndContributionMap":{"java":{"insertions":10,"deletions":10}}}]},{"date":"2024-09-13","commitResults":[{"hash":"08a6132a59c9fc8b47c3b0c5b6c1021e27a88a60","isMergeCommit":false,"messageTitle":"Add delete task feature","messageBody":"","fileTypesAndContributionMap":{"java":{"insertions":58,"deletions":5}}},{"hash":"8a019abac7b6f013e4169da7809d496f10ef9430","isMergeCommit":false,"messageTitle":"Improve ui for task deletion","messageBody":"","tags":["Level-6"],"fileTypesAndContributionMap":{"java":{"insertions":13,"deletions":8}}},{"hash":"aec3206089bcd13c4b79e7322bce33831e023e7f","isMergeCommit":false,"messageTitle":"Add storage functionality to task class","messageBody":"","tags":["A-Collections"],"fileTypesAndContributionMap":{"java":{"insertions":82,"deletions":2}}}]},{"date":"2024-09-14","commitResults":[{"hash":"2f1e2ecd4450bbbc40e2212d3c76abe11f608251","isMergeCommit":false,"messageTitle":"Add storage capability to store task","messageBody":"","tags":["Level-7"],"fileTypesAndContributionMap":{"txt":{"insertions":1,"deletions":0},"java":{"insertions":130,"deletions":7}}},{"hash":"951d7ebb0e32c1f3312aa16632b65f14dba464df","isMergeCommit":true,"messageTitle":"Merge branch \u0027branch-Level-6\u0027 into master","messageBody":"","fileTypesAndContributionMap":{}},{"hash":"5d363c8eb1673b27eaafb3ee9373a3a38646422c","isMergeCommit":true,"messageTitle":"Resolve merge conflicts in Ui.java","messageBody":"","fileTypesAndContributionMap":{}}]},{"date":"2024-09-15","commitResults":[{"hash":"0c93f61bf6b37851c7f7fc53139b5657a075dd85","isMergeCommit":false,"messageTitle":"Refactor code for better readability and quality","messageBody":"","fileTypesAndContributionMap":{"java":{"insertions":39,"deletions":27}}},{"hash":"dab521f371662983a7de2969cb45894b42dce300","isMergeCommit":false,"messageTitle":"Refactor delete command into action command","messageBody":"","fileTypesAndContributionMap":{"java":{"insertions":6,"deletions":21}}},{"hash":"6c7b34b5ad15ded7b5848f6f3132762bdade9211","isMergeCommit":false,"messageTitle":"Fix: Handle non-numeric input for action command","messageBody":"","fileTypesAndContributionMap":{"java":{"insertions":18,"deletions":3}}},{"hash":"0e3471f0147465eb493d185951469a02db3d01cb","isMergeCommit":false,"messageTitle":"Handle storage creation failure","messageBody":"","fileTypesAndContributionMap":{"txt":{"insertions":0,"deletions":1},"java":{"insertions":19,"deletions":10}}},{"hash":"ec43db932925f80ba60120c5fc732ccacd10efa5","isMergeCommit":false,"messageTitle":"Change command class to abstract class","messageBody":"","fileTypesAndContributionMap":{"java":{"insertions":2,"deletions":2}}}]},{"date":"2024-09-16","commitResults":[{"hash":"c038b351b70859f46ab3764622d4ede5d5de63d3","isMergeCommit":false,"messageTitle":"Add help command to list available commands","messageBody":"","fileTypesAndContributionMap":{"java":{"insertions":39,"deletions":5}}}]},{"date":"2024-09-20","commitResults":[{"hash":"d5b679a412dc8c1077f1eea187a1e23c4dcb5976","isMergeCommit":false,"messageTitle":"Add javadoc comments for ChatBot.java","messageBody":"","tags":["A-MoreOOP"],"fileTypesAndContributionMap":{"java":{"insertions":21,"deletions":1}}},{"hash":"d760fd8a183c92fc8a35999bc00574e1516fa500","isMergeCommit":false,"messageTitle":"Convert date from String to LocalDate","messageBody":"","fileTypesAndContributionMap":{"txt":{"insertions":2,"deletions":0},"java":{"insertions":53,"deletions":15}}},{"hash":"fb7f4ea959d518587de94e0bef9500a4d317a346","isMergeCommit":false,"messageTitle":"Add command to list tasks by specified year and month","messageBody":"","tags":["Level-8"],"fileTypesAndContributionMap":{"txt":{"insertions":0,"deletions":2},"java":{"insertions":83,"deletions":41}}},{"hash":"c29e7c3744844bf08cfd58b595c3033631320fb5","isMergeCommit":false,"messageTitle":"Add find command to search tasks by description","messageBody":"","tags":["Level-9"],"fileTypesAndContributionMap":{"txt":{"insertions":3,"deletions":0},"java":{"insertions":51,"deletions":29}}},{"hash":"4b5a80b7571fa45406b9411c999c48b97fa5404c","isMergeCommit":false,"messageTitle":"Add javadoc comments","messageBody":"","tags":["A-JavaDoc"],"fileTypesAndContributionMap":{"java":{"insertions":479,"deletions":60}}},{"hash":"669fd7564dd35e2779375823c6f9d263f438d8fd","isMergeCommit":true,"messageTitle":"Merge pull request #1 from ehz0ah/branch-Level-8","messageBody":"Add new features for users to key in date format and search for tasks based on specific month and year","fileTypesAndContributionMap":{}},{"hash":"fa0dbb2c209eca0c3b8d22a0e257d04296deab33","isMergeCommit":true,"messageTitle":"Resolve merge conflict","messageBody":"","fileTypesAndContributionMap":{}},{"hash":"237259246867e7bfa16738b25d2f2a04fee9633d","isMergeCommit":true,"messageTitle":"Merge pull request #2 from ehz0ah/branch-Level-9","messageBody":"Add find command to search tasks by description/keywords","fileTypesAndContributionMap":{}},{"hash":"7c17642c31c46dc805329afc20da5f9f30aa746b","isMergeCommit":true,"messageTitle":"Resolve merge conflicts","messageBody":"","fileTypesAndContributionMap":{}},{"hash":"c45c2b61d5f3c7887bd7addad59ec75d0ef3c445","isMergeCommit":true,"messageTitle":"Merge pull request #3 from ehz0ah/branch-A-JavaDoc","messageBody":"Add javadoc comments","fileTypesAndContributionMap":{}},{"hash":"80d501d92dea8bf928b944bbaabbdba48eac92f7","isMergeCommit":false,"messageTitle":"Update automated UI testing","messageBody":"","fileTypesAndContributionMap":{"txt":{"insertions":10,"deletions":5},"bat":{"insertions":1,"deletions":1}}}]},{"date":"2024-09-21","commitResults":[{"hash":"4fe107f32fab024c7c684e7c09c56c0863e1b027","isMergeCommit":false,"messageTitle":"Update README.md to fit user guide","messageBody":"","tags":["A-UserGuide"],"fileTypesAndContributionMap":{"txt":{"insertions":9,"deletions":12},"java":{"insertions":0,"deletions":1},"md":{"insertions":238,"deletions":14}}}]},{"date":"2024-09-27","commitResults":[{"hash":"a0cf3aa95c2d2d6830bac729c5c332094e90eb05","isMergeCommit":false,"messageTitle":"Ran and fix checkstyle issues","messageBody":"","fileTypesAndContributionMap":{"java":{"insertions":62,"deletions":71}}},{"hash":"44aff8644a79dcdd96e086782c0d61d4f4389698","isMergeCommit":false,"messageTitle":"Fix bug in todo task","messageBody":"","fileTypesAndContributionMap":{"java":{"insertions":4,"deletions":1}}},{"hash":"4170b537c167bdc5f27acb7f43e092bd2d52ef98","isMergeCommit":true,"messageTitle":"Merge branch remote \u0027master\u0027 to local \u0027master\u0027","messageBody":"","fileTypesAndContributionMap":{}}]},{"date":"2024-10-09","commitResults":[{"hash":"c5256523b431cebf892a621d697d6b823557989a","isMergeCommit":false,"messageTitle":"Add more javadoc comments \u0026 improve code quality","messageBody":"","tags":["A-Release"],"fileTypesAndContributionMap":{"txt":{"insertions":3,"deletions":1},"java":{"insertions":104,"deletions":29},"md":{"insertions":2,"deletions":2}}}]}]},"authorFileTypeContributionMap":{"ehz0ah":{"java":1484,"md":238,"fxml":0,"sh":0,"bat":2,"gradle":0,"txt":17}},"authorContributionVariance":{"ehz0ah":17024.195},"authorDisplayNameMap":{"ehz0ah":"CS2113-W12-2 LEE .. ZHE"}}
