[{"path":"Logs - Level 5 git commiting.txt","fileType":"txt","lines":[{"lineNumber":1,"author":{"gitId":"tayjerom"},"content":"Windows PowerShell","lastModifiedDate":"2024-09-09","isFullCredit":false},{"lineNumber":2,"author":{"gitId":"tayjerom"},"content":"Copyright (C) Microsoft Corporation. All rights reserved.","lastModifiedDate":"2024-09-09","isFullCredit":false},{"lineNumber":3,"author":{"gitId":"tayjerom"},"content":"","lastModifiedDate":"2024-09-09","isFullCredit":false},{"lineNumber":4,"author":{"gitId":"tayjerom"},"content":"Install the latest PowerShell for new features and improvements! https://aka.ms/PSWindows","lastModifiedDate":"2024-09-09","isFullCredit":false},{"lineNumber":5,"author":{"gitId":"tayjerom"},"content":"","lastModifiedDate":"2024-09-09","isFullCredit":false},{"lineNumber":6,"author":{"gitId":"tayjerom"},"content":"PS C:\\Users\\Jerome\u003e cd C:\\Users\\Jerome\\Desktop\\CS2113\\ip","lastModifiedDate":"2024-09-09","isFullCredit":false},{"lineNumber":7,"author":{"gitId":"tayjerom"},"content":"PS C:\\Users\\Jerome\\Desktop\\CS2113\\ip\u003e git checkout -b branch-level-5","lastModifiedDate":"2024-09-09","isFullCredit":false},{"lineNumber":8,"author":{"gitId":"tayjerom"},"content":"Switched to a new branch \u0027branch-level-5\u0027","lastModifiedDate":"2024-09-09","isFullCredit":false},{"lineNumber":9,"author":{"gitId":"tayjerom"},"content":"PS C:\\Users\\Jerome\\Desktop\\CS2113\\ip\u003e git add .","lastModifiedDate":"2024-09-09","isFullCredit":false},{"lineNumber":10,"author":{"gitId":"tayjerom"},"content":"PS C:\\Users\\Jerome\\Desktop\\CS2113\\ip\u003e git commit -m \"Implement Level-5: Handle Errors\"","lastModifiedDate":"2024-09-09","isFullCredit":false},{"lineNumber":11,"author":{"gitId":"tayjerom"},"content":"[branch-level-5 deeff59] Implement Level-5: Handle Errors","lastModifiedDate":"2024-09-09","isFullCredit":false},{"lineNumber":12,"author":{"gitId":"tayjerom"},"content":" 1 file changed, 24 insertions(+), 1 deletion(-)","lastModifiedDate":"2024-09-09","isFullCredit":false},{"lineNumber":13,"author":{"gitId":"tayjerom"},"content":"PS C:\\Users\\Jerome\\Desktop\\CS2113\\ip\u003e git checkout master","lastModifiedDate":"2024-09-09","isFullCredit":false},{"lineNumber":14,"author":{"gitId":"tayjerom"},"content":"Switched to branch \u0027master\u0027","lastModifiedDate":"2024-09-09","isFullCredit":false},{"lineNumber":15,"author":{"gitId":"tayjerom"},"content":"Your branch is up to date with \u0027origin/master\u0027.","lastModifiedDate":"2024-09-09","isFullCredit":false},{"lineNumber":16,"author":{"gitId":"tayjerom"},"content":"PS C:\\Users\\Jerome\\Desktop\\CS2113\\ip\u003e git merge --no-ff branch-Level-5","lastModifiedDate":"2024-09-09","isFullCredit":false},{"lineNumber":17,"author":{"gitId":"tayjerom"},"content":"Merge made by the \u0027ort\u0027 strategy.","lastModifiedDate":"2024-09-09","isFullCredit":false},{"lineNumber":18,"author":{"gitId":"tayjerom"},"content":" src/main/java/JerChatBot.java | 25 ++++++++++++++++++++++++-","lastModifiedDate":"2024-09-09","isFullCredit":false},{"lineNumber":19,"author":{"gitId":"tayjerom"},"content":" 1 file changed, 24 insertions(+), 1 deletion(-)","lastModifiedDate":"2024-09-09","isFullCredit":false},{"lineNumber":20,"author":{"gitId":"tayjerom"},"content":"PS C:\\Users\\Jerome\\Desktop\\CS2113\\ip\u003e git tag Level-5","lastModifiedDate":"2024-09-09","isFullCredit":false},{"lineNumber":21,"author":{"gitId":"tayjerom"},"content":"PS C:\\Users\\Jerome\\Desktop\\CS2113\\ip\u003e git push origin master","lastModifiedDate":"2024-09-09","isFullCredit":false},{"lineNumber":22,"author":{"gitId":"tayjerom"},"content":"Enumerating objects: 12, done.","lastModifiedDate":"2024-09-09","isFullCredit":false},{"lineNumber":23,"author":{"gitId":"tayjerom"},"content":"Counting objects: 100% (12/12), done.","lastModifiedDate":"2024-09-09","isFullCredit":false},{"lineNumber":24,"author":{"gitId":"tayjerom"},"content":"Delta compression using up to 16 threads","lastModifiedDate":"2024-09-09","isFullCredit":false},{"lineNumber":25,"author":{"gitId":"tayjerom"},"content":"Compressing objects: 100% (5/5), done.","lastModifiedDate":"2024-09-09","isFullCredit":false},{"lineNumber":26,"author":{"gitId":"tayjerom"},"content":"Writing objects: 100% (7/7), 822 bytes | 205.00 KiB/s, done.","lastModifiedDate":"2024-09-09","isFullCredit":false},{"lineNumber":27,"author":{"gitId":"tayjerom"},"content":"Total 7 (delta 4), reused 0 (delta 0), pack-reused 0 (from 0)","lastModifiedDate":"2024-09-09","isFullCredit":false},{"lineNumber":28,"author":{"gitId":"tayjerom"},"content":"remote: Resolving deltas: 100% (4/4), completed with 3 local objects.","lastModifiedDate":"2024-09-09","isFullCredit":false},{"lineNumber":29,"author":{"gitId":"tayjerom"},"content":"To https://github.com/tayjerom/ip","lastModifiedDate":"2024-09-09","isFullCredit":false},{"lineNumber":30,"author":{"gitId":"tayjerom"},"content":"   b2037d9..218c120  master -\u003e master","lastModifiedDate":"2024-09-09","isFullCredit":false},{"lineNumber":31,"author":{"gitId":"tayjerom"},"content":"PS C:\\Users\\Jerome\\Desktop\\CS2113\\ip\u003e git push origin branch-Level-5","lastModifiedDate":"2024-09-09","isFullCredit":false},{"lineNumber":32,"author":{"gitId":"tayjerom"},"content":"fatal: branch-Level-5 cannot be resolved to branch","lastModifiedDate":"2024-09-09","isFullCredit":false},{"lineNumber":33,"author":{"gitId":"tayjerom"},"content":"PS C:\\Users\\Jerome\\Desktop\\CS2113\\ip\u003e git push origin --tags","lastModifiedDate":"2024-09-09","isFullCredit":false},{"lineNumber":34,"author":{"gitId":"tayjerom"},"content":"Total 0 (delta 0), reused 0 (delta 0), pack-reused 0 (from 0)","lastModifiedDate":"2024-09-09","isFullCredit":false},{"lineNumber":35,"author":{"gitId":"tayjerom"},"content":"To https://github.com/tayjerom/ip","lastModifiedDate":"2024-09-09","isFullCredit":false},{"lineNumber":36,"author":{"gitId":"tayjerom"},"content":" * [new tag]         Level-5 -\u003e Level-5","lastModifiedDate":"2024-09-09","isFullCredit":false},{"lineNumber":37,"author":{"gitId":"tayjerom"},"content":"PS C:\\Users\\Jerome\\Desktop\\CS2113\\ip\u003e","lastModifiedDate":"2024-09-09","isFullCredit":false},{"lineNumber":38,"author":{"gitId":"tayjerom"},"content":"PS C:\\Users\\Jerome\\Desktop\\CS2113\\ip\u003e git checkout -b branch-A-Exceptions","lastModifiedDate":"2024-09-09","isFullCredit":false},{"lineNumber":39,"author":{"gitId":"tayjerom"},"content":"Switched to a new branch \u0027branch-A-Exceptions\u0027","lastModifiedDate":"2024-09-09","isFullCredit":false},{"lineNumber":40,"author":{"gitId":"tayjerom"},"content":"PS C:\\Users\\Jerome\\Desktop\\CS2113\\ip\u003e git add .","lastModifiedDate":"2024-09-09","isFullCredit":false},{"lineNumber":41,"author":{"gitId":"tayjerom"},"content":"PS C:\\Users\\Jerome\\Desktop\\CS2113\\ip\u003e git commit -m \"Implement A-Exceptions: handle errors with custom exceptions\"","lastModifiedDate":"2024-09-09","isFullCredit":false},{"lineNumber":42,"author":{"gitId":"tayjerom"},"content":"[branch-A-Exceptions 3a36eb4] Implement A-Exceptions: handle errors with custom exceptions","lastModifiedDate":"2024-09-09","isFullCredit":false},{"lineNumber":43,"author":{"gitId":"tayjerom"},"content":" 5 files changed, 73 insertions(+), 71 deletions(-)","lastModifiedDate":"2024-09-09","isFullCredit":false},{"lineNumber":44,"author":{"gitId":"tayjerom"},"content":" create mode 100644 src/main/java/exceptions/EmptyDescriptionException.java","lastModifiedDate":"2024-09-09","isFullCredit":false},{"lineNumber":45,"author":{"gitId":"tayjerom"},"content":" create mode 100644 src/main/java/exceptions/InvalidTaskNumberException.java","lastModifiedDate":"2024-09-09","isFullCredit":false},{"lineNumber":46,"author":{"gitId":"tayjerom"},"content":" create mode 100644 src/main/java/exceptions/TaskListFullException.java","lastModifiedDate":"2024-09-09","isFullCredit":false},{"lineNumber":47,"author":{"gitId":"tayjerom"},"content":" create mode 100644 src/main/java/exceptions/UnknownCommandException.java","lastModifiedDate":"2024-09-09","isFullCredit":false},{"lineNumber":48,"author":{"gitId":"tayjerom"},"content":"PS C:\\Users\\Jerome\\Desktop\\CS2113\\ip\u003e git checkout master","lastModifiedDate":"2024-09-09","isFullCredit":false},{"lineNumber":49,"author":{"gitId":"tayjerom"},"content":"Switched to branch \u0027master\u0027","lastModifiedDate":"2024-09-09","isFullCredit":false},{"lineNumber":50,"author":{"gitId":"tayjerom"},"content":"Your branch is up to date with \u0027origin/master\u0027.","lastModifiedDate":"2024-09-09","isFullCredit":false},{"lineNumber":51,"author":{"gitId":"tayjerom"},"content":"PS C:\\Users\\Jerome\\Desktop\\CS2113\\ip\u003e git merge --no-ff branch-A-Exceptions","lastModifiedDate":"2024-09-09","isFullCredit":false},{"lineNumber":52,"author":{"gitId":"tayjerom"},"content":"Merge made by the \u0027ort\u0027 strategy.","lastModifiedDate":"2024-09-09","isFullCredit":false},{"lineNumber":53,"author":{"gitId":"tayjerom"},"content":" src/main/java/JerChatBot.java                      | 116 ++++++++-------------","lastModifiedDate":"2024-09-09","isFullCredit":false},{"lineNumber":54,"author":{"gitId":"tayjerom"},"content":" .../java/exceptions/EmptyDescriptionException.java |   7 ++","lastModifiedDate":"2024-09-09","isFullCredit":false},{"lineNumber":55,"author":{"gitId":"tayjerom"},"content":" .../exceptions/InvalidTaskNumberException.java     |   7 ++","lastModifiedDate":"2024-09-09","isFullCredit":false},{"lineNumber":56,"author":{"gitId":"tayjerom"},"content":" .../java/exceptions/TaskListFullException.java     |   7 ++","lastModifiedDate":"2024-09-09","isFullCredit":false},{"lineNumber":57,"author":{"gitId":"tayjerom"},"content":" .../java/exceptions/UnknownCommandException.java   |   7 ++","lastModifiedDate":"2024-09-09","isFullCredit":false},{"lineNumber":58,"author":{"gitId":"tayjerom"},"content":" 5 files changed, 73 insertions(+), 71 deletions(-)","lastModifiedDate":"2024-09-09","isFullCredit":false},{"lineNumber":59,"author":{"gitId":"tayjerom"},"content":" create mode 100644 src/main/java/exceptions/EmptyDescriptionException.java","lastModifiedDate":"2024-09-09","isFullCredit":false},{"lineNumber":60,"author":{"gitId":"tayjerom"},"content":" create mode 100644 src/main/java/exceptions/InvalidTaskNumberException.java","lastModifiedDate":"2024-09-09","isFullCredit":false},{"lineNumber":61,"author":{"gitId":"tayjerom"},"content":" create mode 100644 src/main/java/exceptions/TaskListFullException.java","lastModifiedDate":"2024-09-09","isFullCredit":false},{"lineNumber":62,"author":{"gitId":"tayjerom"},"content":" create mode 100644 src/main/java/exceptions/UnknownCommandException.java","lastModifiedDate":"2024-09-09","isFullCredit":false},{"lineNumber":63,"author":{"gitId":"tayjerom"},"content":"PS C:\\Users\\Jerome\\Desktop\\CS2113\\ip\u003e git tag A-Exceptions","lastModifiedDate":"2024-09-09","isFullCredit":false},{"lineNumber":64,"author":{"gitId":"tayjerom"},"content":"PS C:\\Users\\Jerome\\Desktop\\CS2113\\ip\u003e git push origin master","lastModifiedDate":"2024-09-09","isFullCredit":false},{"lineNumber":65,"author":{"gitId":"tayjerom"},"content":"Enumerating objects: 17, done.","lastModifiedDate":"2024-09-09","isFullCredit":false},{"lineNumber":66,"author":{"gitId":"tayjerom"},"content":"Counting objects: 100% (17/17), done.","lastModifiedDate":"2024-09-09","isFullCredit":false},{"lineNumber":67,"author":{"gitId":"tayjerom"},"content":"Delta compression using up to 16 threads","lastModifiedDate":"2024-09-09","isFullCredit":false},{"lineNumber":68,"author":{"gitId":"tayjerom"},"content":"Compressing objects: 100% (10/10), done.","lastModifiedDate":"2024-09-09","isFullCredit":false},{"lineNumber":69,"author":{"gitId":"tayjerom"},"content":"Writing objects: 100% (12/12), 1.47 KiB | 503.00 KiB/s, done.","lastModifiedDate":"2024-09-09","isFullCredit":false},{"lineNumber":70,"author":{"gitId":"tayjerom"},"content":"Total 12 (delta 7), reused 0 (delta 0), pack-reused 0 (from 0)","lastModifiedDate":"2024-09-09","isFullCredit":false},{"lineNumber":71,"author":{"gitId":"tayjerom"},"content":"remote: Resolving deltas: 100% (7/7), completed with 3 local objects.","lastModifiedDate":"2024-09-09","isFullCredit":false},{"lineNumber":72,"author":{"gitId":"tayjerom"},"content":"To https://github.com/tayjerom/ip","lastModifiedDate":"2024-09-09","isFullCredit":false},{"lineNumber":73,"author":{"gitId":"tayjerom"},"content":"   218c120..21ae23a  master -\u003e master","lastModifiedDate":"2024-09-09","isFullCredit":false},{"lineNumber":74,"author":{"gitId":"tayjerom"},"content":"PS C:\\Users\\Jerome\\Desktop\\CS2113\\ip\u003e git push origin branch-A-Exceptions","lastModifiedDate":"2024-09-09","isFullCredit":false},{"lineNumber":75,"author":{"gitId":"tayjerom"},"content":"Total 0 (delta 0), reused 0 (delta 0), pack-reused 0 (from 0)","lastModifiedDate":"2024-09-09","isFullCredit":false},{"lineNumber":76,"author":{"gitId":"tayjerom"},"content":"remote:","lastModifiedDate":"2024-09-09","isFullCredit":false},{"lineNumber":77,"author":{"gitId":"tayjerom"},"content":"remote: Create a pull request for \u0027branch-A-Exceptions\u0027 on GitHub by visiting:","lastModifiedDate":"2024-09-09","isFullCredit":false},{"lineNumber":78,"author":{"gitId":"tayjerom"},"content":"remote:      https://github.com/tayjerom/ip/pull/new/branch-A-Exceptions","lastModifiedDate":"2024-09-09","isFullCredit":false},{"lineNumber":79,"author":{"gitId":"tayjerom"},"content":"remote:","lastModifiedDate":"2024-09-09","isFullCredit":false},{"lineNumber":80,"author":{"gitId":"tayjerom"},"content":"To https://github.com/tayjerom/ip","lastModifiedDate":"2024-09-09","isFullCredit":false},{"lineNumber":81,"author":{"gitId":"tayjerom"},"content":" * [new branch]      branch-A-Exceptions -\u003e branch-A-Exceptions","lastModifiedDate":"2024-09-09","isFullCredit":false},{"lineNumber":82,"author":{"gitId":"tayjerom"},"content":"PS C:\\Users\\Jerome\\Desktop\\CS2113\\ip\u003e git push origin --tags","lastModifiedDate":"2024-09-09","isFullCredit":false},{"lineNumber":83,"author":{"gitId":"tayjerom"},"content":"Total 0 (delta 0), reused 0 (delta 0), pack-reused 0 (from 0)","lastModifiedDate":"2024-09-09","isFullCredit":false},{"lineNumber":84,"author":{"gitId":"tayjerom"},"content":"To https://github.com/tayjerom/ip","lastModifiedDate":"2024-09-09","isFullCredit":false},{"lineNumber":85,"author":{"gitId":"tayjerom"},"content":" * [new tag]         A-Exceptions -\u003e A-Exceptions","lastModifiedDate":"2024-09-09","isFullCredit":false},{"lineNumber":86,"author":{"gitId":"tayjerom"},"content":"PS C:\\Users\\Jerome\\Desktop\\CS2113\\ip\u003e","lastModifiedDate":"2024-09-09","isFullCredit":false}],"authorContributionMap":{"tayjerom":86}},{"path":"data/data.txt","fileType":"txt","lines":[{"lineNumber":1,"author":{"gitId":"tayjerom"},"content":"T | 0 | task1","lastModifiedDate":"2024-09-13","isFullCredit":false},{"lineNumber":2,"author":{"gitId":"tayjerom"},"content":"E | 0 | task3 | 9am to 10pm","lastModifiedDate":"2024-09-13","isFullCredit":false}],"authorContributionMap":{"tayjerom":2}},{"path":"src/main/java/JerChatBot.java","fileType":"java","lines":[{"lineNumber":1,"author":{"gitId":"tayjerom"},"content":"import datahandling.FileHandling;","lastModifiedDate":"2024-09-13","isFullCredit":false},{"lineNumber":2,"author":{"gitId":"tayjerom"},"content":"import java.util.ArrayList;","lastModifiedDate":"2024-09-13","isFullCredit":false},{"lineNumber":3,"author":{"gitId":"tayjerom"},"content":"import java.util.List;","lastModifiedDate":"2024-09-13","isFullCredit":false},{"lineNumber":4,"author":{"gitId":"tayjerom"},"content":"import java.util.Scanner;","lastModifiedDate":"2024-08-26","isFullCredit":false},{"lineNumber":5,"author":{"gitId":"tayjerom"},"content":"import java.io.File;","lastModifiedDate":"2024-09-13","isFullCredit":false},{"lineNumber":6,"author":{"gitId":"tayjerom"},"content":"import java.io.FileWriter;","lastModifiedDate":"2024-09-13","isFullCredit":false},{"lineNumber":7,"author":{"gitId":"tayjerom"},"content":"import java.io.IOException;","lastModifiedDate":"2024-09-13","isFullCredit":false},{"lineNumber":8,"author":{"gitId":"tayjerom"},"content":"import java.nio.file.Files;","lastModifiedDate":"2024-09-13","isFullCredit":false},{"lineNumber":9,"author":{"gitId":"tayjerom"},"content":"import java.nio.file.Paths;","lastModifiedDate":"2024-09-13","isFullCredit":false},{"lineNumber":10,"author":{"gitId":"tayjerom"},"content":"import exception.EmptyDescriptionException;","lastModifiedDate":"2024-09-09","isFullCredit":false},{"lineNumber":11,"author":{"gitId":"tayjerom"},"content":"import exception.UnknownCommandException;","lastModifiedDate":"2024-09-09","isFullCredit":false},{"lineNumber":12,"author":{"gitId":"tayjerom"},"content":"import exception.InvalidTaskNumberException;","lastModifiedDate":"2024-09-09","isFullCredit":false},{"lineNumber":13,"author":{"gitId":"tayjerom"},"content":"import exception.TaskListFullException;","lastModifiedDate":"2024-09-09","isFullCredit":false},{"lineNumber":14,"author":{"gitId":"tayjerom"},"content":"import task.Task;","lastModifiedDate":"2024-09-09","isFullCredit":false},{"lineNumber":15,"author":{"gitId":"tayjerom"},"content":"import task.Event;","lastModifiedDate":"2024-09-09","isFullCredit":false},{"lineNumber":16,"author":{"gitId":"tayjerom"},"content":"import task.Deadline;","lastModifiedDate":"2024-09-09","isFullCredit":false},{"lineNumber":17,"author":{"gitId":"tayjerom"},"content":"import task.ToDo;","lastModifiedDate":"2024-09-09","isFullCredit":false},{"lineNumber":18,"author":{"gitId":"tayjerom"},"content":"import task.UserManual;","lastModifiedDate":"2024-09-13","isFullCredit":false},{"lineNumber":19,"author":{"gitId":"tayjerom"},"content":"","lastModifiedDate":"2024-08-19","isFullCredit":false},{"lineNumber":20,"author":{"gitId":"tayjerom"},"content":"public class JerChatBot {","lastModifiedDate":"2024-08-19","isFullCredit":false},{"lineNumber":21,"author":{"gitId":"tayjerom"},"content":"    private static final String FILE_PATH \u003d \"./data/data.txt\";","lastModifiedDate":"2024-09-13","isFullCredit":false},{"lineNumber":22,"author":{"gitId":"tayjerom"},"content":"    private static final ArrayList\u003cTask\u003e tasks \u003d new ArrayList\u003c\u003e();","lastModifiedDate":"2024-09-13","isFullCredit":false},{"lineNumber":23,"author":{"gitId":"tayjerom"},"content":"    private static final FileHandling datahandling \u003d new FileHandling(FILE_PATH);","lastModifiedDate":"2024-09-13","isFullCredit":false},{"lineNumber":24,"author":{"gitId":"tayjerom"},"content":"","lastModifiedDate":"2024-09-04","isFullCredit":false},{"lineNumber":25,"author":{"gitId":"tayjerom"},"content":"    private static final String TODO \u003d \"todo\";","lastModifiedDate":"2024-09-06","isFullCredit":false},{"lineNumber":26,"author":{"gitId":"tayjerom"},"content":"    private static final String DEADLINE \u003d \"deadline\";","lastModifiedDate":"2024-09-06","isFullCredit":false},{"lineNumber":27,"author":{"gitId":"tayjerom"},"content":"    private static final String EVENT \u003d \"event\";","lastModifiedDate":"2024-09-06","isFullCredit":false},{"lineNumber":28,"author":{"gitId":"tayjerom"},"content":"","lastModifiedDate":"2024-09-06","isFullCredit":false},{"lineNumber":29,"author":{"gitId":"tayjerom"},"content":"    public static void main(String[] args) {","lastModifiedDate":"2024-08-19","isFullCredit":false},{"lineNumber":30,"author":{"gitId":"tayjerom"},"content":"        tasks.addAll(datahandling.loadTasksFromFile());","lastModifiedDate":"2024-09-13","isFullCredit":false},{"lineNumber":31,"author":{"gitId":"tayjerom"},"content":"        Scanner scanner \u003d new Scanner(System.in);","lastModifiedDate":"2024-08-26","isFullCredit":false},{"lineNumber":32,"author":{"gitId":"tayjerom"},"content":"        printWelcomeMessage();","lastModifiedDate":"2024-09-04","isFullCredit":false},{"lineNumber":33,"author":{"gitId":"tayjerom"},"content":"        UserManual.printUserManual();","lastModifiedDate":"2024-09-13","isFullCredit":false},{"lineNumber":34,"author":{"gitId":"tayjerom"},"content":"","lastModifiedDate":"2024-08-26","isFullCredit":false},{"lineNumber":35,"author":{"gitId":"tayjerom"},"content":"        while (true) {","lastModifiedDate":"2024-08-26","isFullCredit":false},{"lineNumber":36,"author":{"gitId":"tayjerom"},"content":"            String input \u003d scanner.nextLine().trim();","lastModifiedDate":"2024-08-26","isFullCredit":false},{"lineNumber":37,"author":{"gitId":"tayjerom"},"content":"","lastModifiedDate":"2024-08-26","isFullCredit":false},{"lineNumber":38,"author":{"gitId":"tayjerom"},"content":"            if (input.isEmpty()) {","lastModifiedDate":"2024-08-26","isFullCredit":false},{"lineNumber":39,"author":{"gitId":"tayjerom"},"content":"                printEmptyInputMessage();","lastModifiedDate":"2024-09-04","isFullCredit":false},{"lineNumber":40,"author":{"gitId":"tayjerom"},"content":"                continue;","lastModifiedDate":"2024-08-26","isFullCredit":false},{"lineNumber":41,"author":{"gitId":"tayjerom"},"content":"            }","lastModifiedDate":"2024-08-26","isFullCredit":false},{"lineNumber":42,"author":{"gitId":"tayjerom"},"content":"","lastModifiedDate":"2024-08-26","isFullCredit":false},{"lineNumber":43,"author":{"gitId":"tayjerom"},"content":"            String[] commands \u003d input.split(\" \", 2);","lastModifiedDate":"2024-08-26","isFullCredit":false},{"lineNumber":44,"author":{"gitId":"tayjerom"},"content":"            String command \u003d commands[0];","lastModifiedDate":"2024-09-04","isFullCredit":false},{"lineNumber":45,"author":{"gitId":"tayjerom"},"content":"","lastModifiedDate":"2024-08-26","isFullCredit":false},{"lineNumber":46,"author":{"gitId":"tayjerom"},"content":"            try {","lastModifiedDate":"2024-09-09","isFullCredit":false},{"lineNumber":47,"author":{"gitId":"tayjerom"},"content":"                switch (command) {","lastModifiedDate":"2024-09-04","isFullCredit":false},{"lineNumber":48,"author":{"gitId":"tayjerom"},"content":"                case \"bye\":","lastModifiedDate":"2024-09-04","isFullCredit":false},{"lineNumber":49,"author":{"gitId":"tayjerom"},"content":"                    printExitMessage();","lastModifiedDate":"2024-09-04","isFullCredit":false},{"lineNumber":50,"author":{"gitId":"tayjerom"},"content":"                    return; // exits the main method and ends the program","lastModifiedDate":"2024-09-04","isFullCredit":false},{"lineNumber":51,"author":{"gitId":"tayjerom"},"content":"                case \"list\":","lastModifiedDate":"2024-09-04","isFullCredit":false},{"lineNumber":52,"author":{"gitId":"tayjerom"},"content":"                    printTaskList();","lastModifiedDate":"2024-09-04","isFullCredit":false},{"lineNumber":53,"author":{"gitId":"tayjerom"},"content":"                    break;","lastModifiedDate":"2024-09-04","isFullCredit":false},{"lineNumber":54,"author":{"gitId":"tayjerom"},"content":"                case \"mark\":","lastModifiedDate":"2024-09-04","isFullCredit":false},{"lineNumber":55,"author":{"gitId":"tayjerom"},"content":"                    handleMarkCommand(commands);","lastModifiedDate":"2024-09-04","isFullCredit":false},{"lineNumber":56,"author":{"gitId":"tayjerom"},"content":"                    break;","lastModifiedDate":"2024-09-04","isFullCredit":false},{"lineNumber":57,"author":{"gitId":"tayjerom"},"content":"                case \"unmark\":","lastModifiedDate":"2024-09-04","isFullCredit":false},{"lineNumber":58,"author":{"gitId":"tayjerom"},"content":"                    handleUnmarkCommand(commands);","lastModifiedDate":"2024-09-04","isFullCredit":false},{"lineNumber":59,"author":{"gitId":"tayjerom"},"content":"                    break;","lastModifiedDate":"2024-09-04","isFullCredit":false},{"lineNumber":60,"author":{"gitId":"tayjerom"},"content":"                case \"delete\":","lastModifiedDate":"2024-09-13","isFullCredit":false},{"lineNumber":61,"author":{"gitId":"tayjerom"},"content":"                    handleDeleteCommand(commands);","lastModifiedDate":"2024-09-13","isFullCredit":false},{"lineNumber":62,"author":{"gitId":"tayjerom"},"content":"                    break;","lastModifiedDate":"2024-09-13","isFullCredit":false},{"lineNumber":63,"author":{"gitId":"tayjerom"},"content":"                case TODO:","lastModifiedDate":"2024-09-09","isFullCredit":false},{"lineNumber":64,"author":{"gitId":"tayjerom"},"content":"                case DEADLINE:","lastModifiedDate":"2024-09-09","isFullCredit":false},{"lineNumber":65,"author":{"gitId":"tayjerom"},"content":"                case EVENT:","lastModifiedDate":"2024-09-09","isFullCredit":false},{"lineNumber":66,"author":{"gitId":"tayjerom"},"content":"                    addTask(input);","lastModifiedDate":"2024-09-04","isFullCredit":false},{"lineNumber":67,"author":{"gitId":"tayjerom"},"content":"                    break;","lastModifiedDate":"2024-09-04","isFullCredit":false},{"lineNumber":68,"author":{"gitId":"tayjerom"},"content":"                default:","lastModifiedDate":"2024-09-09","isFullCredit":false},{"lineNumber":69,"author":{"gitId":"tayjerom"},"content":"                    throw new UnknownCommandException(\" Sorry, could not understand the command given.\");","lastModifiedDate":"2024-09-09","isFullCredit":false},{"lineNumber":70,"author":{"gitId":"tayjerom"},"content":"                }","lastModifiedDate":"2024-09-09","isFullCredit":false},{"lineNumber":71,"author":{"gitId":"tayjerom"},"content":"            } catch (EmptyDescriptionException | UnknownCommandException | InvalidTaskNumberException | TaskListFullException e) {","lastModifiedDate":"2024-09-09","isFullCredit":false},{"lineNumber":72,"author":{"gitId":"tayjerom"},"content":"                System.out.println(\"~~~~~~~~~~~~~~~~~~~~~~~~~~~~~~~~~~~~~~~~~\");","lastModifiedDate":"2024-09-09","isFullCredit":false},{"lineNumber":73,"author":{"gitId":"tayjerom"},"content":"                System.out.println(\" \" + e.getMessage());","lastModifiedDate":"2024-09-09","isFullCredit":false},{"lineNumber":74,"author":{"gitId":"tayjerom"},"content":"                System.out.println(\"~~~~~~~~~~~~~~~~~~~~~~~~~~~~~~~~~~~~~~~~~\");","lastModifiedDate":"2024-09-09","isFullCredit":false},{"lineNumber":75,"author":{"gitId":"tayjerom"},"content":"            }","lastModifiedDate":"2024-09-04","isFullCredit":false},{"lineNumber":76,"author":{"gitId":"tayjerom"},"content":"        }","lastModifiedDate":"2024-09-04","isFullCredit":false},{"lineNumber":77,"author":{"gitId":"tayjerom"},"content":"    }","lastModifiedDate":"2024-09-04","isFullCredit":false},{"lineNumber":78,"author":{"gitId":"tayjerom"},"content":"","lastModifiedDate":"2024-09-04","isFullCredit":false},{"lineNumber":79,"author":{"gitId":"tayjerom"},"content":"    private static void printWelcomeMessage() {","lastModifiedDate":"2024-09-04","isFullCredit":false},{"lineNumber":80,"author":{"gitId":"tayjerom"},"content":"        System.out.println(\"~~~~~~~~~~~~~~~~~~~~~~~~~~~~~~~~~~~~~~~~~~~~~~~~~~~~~~~~~\");","lastModifiedDate":"2024-09-04","isFullCredit":false},{"lineNumber":81,"author":{"gitId":"tayjerom"},"content":"        System.out.println(\"           Welcome to Jer Chat Bot!                       \");","lastModifiedDate":"2024-09-04","isFullCredit":false},{"lineNumber":82,"author":{"gitId":"tayjerom"},"content":"        System.out.println(\"           What can I do for you today?                   \");","lastModifiedDate":"2024-09-04","isFullCredit":false},{"lineNumber":83,"author":{"gitId":"tayjerom"},"content":"        System.out.println(\"~~~~~~~~~~~~~~~~~~~~~~~~~~~~~~~~~~~~~~~~~~~~~~~~~~~~~~~~~\");","lastModifiedDate":"2024-09-04","isFullCredit":false},{"lineNumber":84,"author":{"gitId":"tayjerom"},"content":"    }","lastModifiedDate":"2024-09-04","isFullCredit":false},{"lineNumber":85,"author":{"gitId":"tayjerom"},"content":"","lastModifiedDate":"2024-09-04","isFullCredit":false},{"lineNumber":86,"author":{"gitId":"tayjerom"},"content":"    private static void printEmptyInputMessage() {","lastModifiedDate":"2024-09-04","isFullCredit":false},{"lineNumber":87,"author":{"gitId":"tayjerom"},"content":"        System.out.println(\"~~~~~~~~~~~~~~~~~~~~~~~~~~~~~~~~~~~~~~~~~\");","lastModifiedDate":"2024-09-04","isFullCredit":false},{"lineNumber":88,"author":{"gitId":"tayjerom"},"content":"        System.out.println(\" Please tell me what to do next\");","lastModifiedDate":"2024-09-04","isFullCredit":false},{"lineNumber":89,"author":{"gitId":"tayjerom"},"content":"        System.out.println(\"~~~~~~~~~~~~~~~~~~~~~~~~~~~~~~~~~~~~~~~~~\");","lastModifiedDate":"2024-09-04","isFullCredit":false},{"lineNumber":90,"author":{"gitId":"tayjerom"},"content":"    }","lastModifiedDate":"2024-09-04","isFullCredit":false},{"lineNumber":91,"author":{"gitId":"tayjerom"},"content":"","lastModifiedDate":"2024-09-04","isFullCredit":false},{"lineNumber":92,"author":{"gitId":"tayjerom"},"content":"    private static void printExitMessage() {","lastModifiedDate":"2024-09-04","isFullCredit":false},{"lineNumber":93,"author":{"gitId":"tayjerom"},"content":"        System.out.println(\"~~~~~~~~~~~~~~~~~~~~~~~~~~~~~~~~~~~~~~~~~\");","lastModifiedDate":"2024-08-26","isFullCredit":false},{"lineNumber":94,"author":{"gitId":"tayjerom"},"content":"        System.out.println(\" End of Program\");","lastModifiedDate":"2024-08-26","isFullCredit":false},{"lineNumber":95,"author":{"gitId":"tayjerom"},"content":"        System.out.println(\"~~~~~~~~~~~~~~~~~~~~~~~~~~~~~~~~~~~~~~~~~\");","lastModifiedDate":"2024-08-26","isFullCredit":false},{"lineNumber":96,"author":{"gitId":"tayjerom"},"content":"    }","lastModifiedDate":"2024-09-04","isFullCredit":false},{"lineNumber":97,"author":{"gitId":"tayjerom"},"content":"","lastModifiedDate":"2024-09-04","isFullCredit":false},{"lineNumber":98,"author":{"gitId":"tayjerom"},"content":"    private static void printTaskList() {","lastModifiedDate":"2024-09-04","isFullCredit":false},{"lineNumber":99,"author":{"gitId":"tayjerom"},"content":"        System.out.println(\"~~~~~~~~~~~~~~~~~~~~~~~~~~~~~~~~~~~~~~~~~\");","lastModifiedDate":"2024-08-26","isFullCredit":false},{"lineNumber":100,"author":{"gitId":"tayjerom"},"content":"        System.out.println(\" Current Task List:\");","lastModifiedDate":"2024-08-26","isFullCredit":false},{"lineNumber":101,"author":{"gitId":"tayjerom"},"content":"        if (tasks.isEmpty()) {","lastModifiedDate":"2024-09-13","isFullCredit":false},{"lineNumber":102,"author":{"gitId":"tayjerom"},"content":"            System.out.println(\" No tasks in your list currently.\");","lastModifiedDate":"2024-08-26","isFullCredit":false},{"lineNumber":103,"author":{"gitId":"tayjerom"},"content":"        } else {","lastModifiedDate":"2024-08-26","isFullCredit":false},{"lineNumber":104,"author":{"gitId":"tayjerom"},"content":"            for (int i \u003d 0; i \u003c tasks.size(); i++) {","lastModifiedDate":"2024-09-13","isFullCredit":false},{"lineNumber":105,"author":{"gitId":"tayjerom"},"content":"                System.out.println((i + 1) + \". \" + tasks.get(i));","lastModifiedDate":"2024-09-13","isFullCredit":false},{"lineNumber":106,"author":{"gitId":"tayjerom"},"content":"            }","lastModifiedDate":"2024-08-26","isFullCredit":false},{"lineNumber":107,"author":{"gitId":"tayjerom"},"content":"        }","lastModifiedDate":"2024-08-26","isFullCredit":false},{"lineNumber":108,"author":{"gitId":"tayjerom"},"content":"        System.out.println(\"~~~~~~~~~~~~~~~~~~~~~~~~~~~~~~~~~~~~~~~~~\");","lastModifiedDate":"2024-08-26","isFullCredit":false},{"lineNumber":109,"author":{"gitId":"tayjerom"},"content":"    }","lastModifiedDate":"2024-09-04","isFullCredit":false},{"lineNumber":110,"author":{"gitId":"tayjerom"},"content":"","lastModifiedDate":"2024-09-04","isFullCredit":false},{"lineNumber":111,"author":{"gitId":"tayjerom"},"content":"    private static void handleMarkCommand(String[] commands) throws InvalidTaskNumberException {","lastModifiedDate":"2024-09-09","isFullCredit":false},{"lineNumber":112,"author":{"gitId":"tayjerom"},"content":"        if (commands.length \u003c 2) {","lastModifiedDate":"2024-09-04","isFullCredit":false},{"lineNumber":113,"author":{"gitId":"tayjerom"},"content":"            throw new InvalidTaskNumberException(\"Invalid command or task number. Please try again.\");","lastModifiedDate":"2024-09-09","isFullCredit":false},{"lineNumber":114,"author":{"gitId":"tayjerom"},"content":"        }","lastModifiedDate":"2024-09-04","isFullCredit":false},{"lineNumber":115,"author":{"gitId":"tayjerom"},"content":"","lastModifiedDate":"2024-09-04","isFullCredit":false},{"lineNumber":116,"author":{"gitId":"tayjerom"},"content":"        int taskIndex \u003d parseTaskIndex(commands[1]);","lastModifiedDate":"2024-09-06","isFullCredit":false},{"lineNumber":117,"author":{"gitId":"tayjerom"},"content":"        if (!isValidTaskIndex(taskIndex)) {","lastModifiedDate":"2024-09-06","isFullCredit":false},{"lineNumber":118,"author":{"gitId":"tayjerom"},"content":"            throw new InvalidTaskNumberException(\"Invalid command or task number. Please try again.\");","lastModifiedDate":"2024-09-09","isFullCredit":false},{"lineNumber":119,"author":{"gitId":"tayjerom"},"content":"        }","lastModifiedDate":"2024-09-06","isFullCredit":false},{"lineNumber":120,"author":{"gitId":"tayjerom"},"content":"","lastModifiedDate":"2024-09-06","isFullCredit":false},{"lineNumber":121,"author":{"gitId":"tayjerom"},"content":"        tasks.get(taskIndex).markAsDone();","lastModifiedDate":"2024-09-13","isFullCredit":false},{"lineNumber":122,"author":{"gitId":"tayjerom"},"content":"        printTaskMarkedAsDoneMessage(taskIndex);","lastModifiedDate":"2024-09-06","isFullCredit":false},{"lineNumber":123,"author":{"gitId":"tayjerom"},"content":"        saveTasksToFile();","lastModifiedDate":"2024-09-13","isFullCredit":false},{"lineNumber":124,"author":{"gitId":"tayjerom"},"content":"    }","lastModifiedDate":"2024-09-06","isFullCredit":false},{"lineNumber":125,"author":{"gitId":"tayjerom"},"content":"","lastModifiedDate":"2024-09-06","isFullCredit":false},{"lineNumber":126,"author":{"gitId":"tayjerom"},"content":"    private static int parseTaskIndex(String command) {","lastModifiedDate":"2024-09-06","isFullCredit":false},{"lineNumber":127,"author":{"gitId":"tayjerom"},"content":"        try {","lastModifiedDate":"2024-09-06","isFullCredit":false},{"lineNumber":128,"author":{"gitId":"tayjerom"},"content":"            return Integer.parseInt(command) - 1;","lastModifiedDate":"2024-09-06","isFullCredit":false},{"lineNumber":129,"author":{"gitId":"tayjerom"},"content":"        } catch (NumberFormatException e) {","lastModifiedDate":"2024-09-06","isFullCredit":false},{"lineNumber":130,"author":{"gitId":"tayjerom"},"content":"            return -1; // Return an invalid index if parsing fails","lastModifiedDate":"2024-09-06","isFullCredit":false},{"lineNumber":131,"author":{"gitId":"tayjerom"},"content":"        }","lastModifiedDate":"2024-09-06","isFullCredit":false},{"lineNumber":132,"author":{"gitId":"tayjerom"},"content":"    }","lastModifiedDate":"2024-09-06","isFullCredit":false},{"lineNumber":133,"author":{"gitId":"tayjerom"},"content":"","lastModifiedDate":"2024-09-06","isFullCredit":false},{"lineNumber":134,"author":{"gitId":"tayjerom"},"content":"    private static void printTaskMarkedAsDoneMessage(int taskIndex) {","lastModifiedDate":"2024-09-06","isFullCredit":false},{"lineNumber":135,"author":{"gitId":"tayjerom"},"content":"        System.out.println(\"~~~~~~~~~~~~~~~~~~~~~~~~~~~~~~~~~~~~~~~~~\");","lastModifiedDate":"2024-08-26","isFullCredit":false},{"lineNumber":136,"author":{"gitId":"tayjerom"},"content":"        System.out.println(\" Marked this task as done:\");","lastModifiedDate":"2024-08-26","isFullCredit":false},{"lineNumber":137,"author":{"gitId":"tayjerom"},"content":"        System.out.println(\" \" + tasks.get(taskIndex));","lastModifiedDate":"2024-09-13","isFullCredit":false},{"lineNumber":138,"author":{"gitId":"tayjerom"},"content":"        System.out.println(\"~~~~~~~~~~~~~~~~~~~~~~~~~~~~~~~~~~~~~~~~~\");","lastModifiedDate":"2024-08-26","isFullCredit":false},{"lineNumber":139,"author":{"gitId":"tayjerom"},"content":"    }","lastModifiedDate":"2024-09-04","isFullCredit":false},{"lineNumber":140,"author":{"gitId":"tayjerom"},"content":"","lastModifiedDate":"2024-09-04","isFullCredit":false},{"lineNumber":141,"author":{"gitId":"tayjerom"},"content":"    private static void handleUnmarkCommand(String[] commands) throws InvalidTaskNumberException{","lastModifiedDate":"2024-09-09","isFullCredit":false},{"lineNumber":142,"author":{"gitId":"tayjerom"},"content":"        if (commands.length \u003c 2) {","lastModifiedDate":"2024-09-04","isFullCredit":false},{"lineNumber":143,"author":{"gitId":"tayjerom"},"content":"            throw new InvalidTaskNumberException(\"Invalid command or task number. Please try again.\");","lastModifiedDate":"2024-09-09","isFullCredit":false},{"lineNumber":144,"author":{"gitId":"tayjerom"},"content":"        }","lastModifiedDate":"2024-09-09","isFullCredit":false},{"lineNumber":145,"author":{"gitId":"tayjerom"},"content":"","lastModifiedDate":"2024-09-09","isFullCredit":false},{"lineNumber":146,"author":{"gitId":"tayjerom"},"content":"        int taskIndex \u003d parseTaskIndex(commands[1]);","lastModifiedDate":"2024-09-09","isFullCredit":false},{"lineNumber":147,"author":{"gitId":"tayjerom"},"content":"        if (!isValidTaskIndex(taskIndex)) {","lastModifiedDate":"2024-09-09","isFullCredit":false},{"lineNumber":148,"author":{"gitId":"tayjerom"},"content":"            throw new InvalidTaskNumberException(\"Invalid command or task number. Please try again.\");","lastModifiedDate":"2024-09-09","isFullCredit":false},{"lineNumber":149,"author":{"gitId":"tayjerom"},"content":"        }","lastModifiedDate":"2024-08-26","isFullCredit":false},{"lineNumber":150,"author":{"gitId":"tayjerom"},"content":"","lastModifiedDate":"2024-09-04","isFullCredit":false},{"lineNumber":151,"author":{"gitId":"tayjerom"},"content":"        tasks.get(taskIndex).removeAsDone();","lastModifiedDate":"2024-09-13","isFullCredit":false},{"lineNumber":152,"author":{"gitId":"tayjerom"},"content":"        System.out.println(\"~~~~~~~~~~~~~~~~~~~~~~~~~~~~~~~~~~~~~~~~~\");","lastModifiedDate":"2024-08-26","isFullCredit":false},{"lineNumber":153,"author":{"gitId":"tayjerom"},"content":"        System.out.println(\" Marked this task as not done:\");","lastModifiedDate":"2024-08-26","isFullCredit":false},{"lineNumber":154,"author":{"gitId":"tayjerom"},"content":"        System.out.println(\" \" + tasks.get(taskIndex));","lastModifiedDate":"2024-09-13","isFullCredit":false},{"lineNumber":155,"author":{"gitId":"tayjerom"},"content":"        System.out.println(\"~~~~~~~~~~~~~~~~~~~~~~~~~~~~~~~~~~~~~~~~~\");","lastModifiedDate":"2024-08-26","isFullCredit":false},{"lineNumber":156,"author":{"gitId":"tayjerom"},"content":"        saveTasksToFile();","lastModifiedDate":"2024-09-13","isFullCredit":false},{"lineNumber":157,"author":{"gitId":"tayjerom"},"content":"    }","lastModifiedDate":"2024-09-04","isFullCredit":false},{"lineNumber":158,"author":{"gitId":"tayjerom"},"content":"","lastModifiedDate":"2024-09-04","isFullCredit":false},{"lineNumber":159,"author":{"gitId":"tayjerom"},"content":"    private static void addTask(String taskDescription) throws EmptyDescriptionException, TaskListFullException, UnknownCommandException  {","lastModifiedDate":"2024-09-09","isFullCredit":false},{"lineNumber":160,"author":{"gitId":"tayjerom"},"content":"        String[] parts \u003d taskDescription.split(\" \", 2);","lastModifiedDate":"2024-09-05","isFullCredit":false},{"lineNumber":161,"author":{"gitId":"tayjerom"},"content":"        String categoryOfTask \u003d parts[0];","lastModifiedDate":"2024-09-05","isFullCredit":false},{"lineNumber":162,"author":{"gitId":"tayjerom"},"content":"        String taskDetails \u003d parts.length \u003e 1 ? parts[1] : \"\";","lastModifiedDate":"2024-09-05","isFullCredit":false},{"lineNumber":163,"author":{"gitId":"tayjerom"},"content":"","lastModifiedDate":"2024-09-05","isFullCredit":false},{"lineNumber":164,"author":{"gitId":"tayjerom"},"content":"        if (taskDetails.isEmpty()) {","lastModifiedDate":"2024-09-09","isFullCredit":false},{"lineNumber":165,"author":{"gitId":"tayjerom"},"content":"            throw new EmptyDescriptionException(\"The description of a \" + categoryOfTask + \" cannot be empty.\");","lastModifiedDate":"2024-09-09","isFullCredit":false},{"lineNumber":166,"author":{"gitId":"tayjerom"},"content":"        }","lastModifiedDate":"2024-09-09","isFullCredit":false},{"lineNumber":167,"author":{"gitId":"tayjerom"},"content":"","lastModifiedDate":"2024-09-09","isFullCredit":false},{"lineNumber":168,"author":{"gitId":"tayjerom"},"content":"        Task newTask \u003d createTask(categoryOfTask, taskDetails);","lastModifiedDate":"2024-09-06","isFullCredit":false},{"lineNumber":169,"author":{"gitId":"tayjerom"},"content":"        if (newTask \u003d\u003d null) {","lastModifiedDate":"2024-09-06","isFullCredit":false},{"lineNumber":170,"author":{"gitId":"tayjerom"},"content":"            throw new UnknownCommandException(\"Invalid command or task type.\");","lastModifiedDate":"2024-09-09","isFullCredit":false},{"lineNumber":171,"author":{"gitId":"tayjerom"},"content":"        }","lastModifiedDate":"2024-09-06","isFullCredit":false},{"lineNumber":172,"author":{"gitId":"tayjerom"},"content":"","lastModifiedDate":"2024-09-06","isFullCredit":false},{"lineNumber":173,"author":{"gitId":"tayjerom"},"content":"        tasks.add(newTask);","lastModifiedDate":"2024-09-13","isFullCredit":false},{"lineNumber":174,"author":{"gitId":"tayjerom"},"content":"        printTaskAddedMessage(newTask);","lastModifiedDate":"2024-09-06","isFullCredit":false},{"lineNumber":175,"author":{"gitId":"tayjerom"},"content":"        saveTasksToFile();","lastModifiedDate":"2024-09-13","isFullCredit":false},{"lineNumber":176,"author":{"gitId":"tayjerom"},"content":"    }","lastModifiedDate":"2024-09-06","isFullCredit":false},{"lineNumber":177,"author":{"gitId":"tayjerom"},"content":"","lastModifiedDate":"2024-09-06","isFullCredit":false},{"lineNumber":178,"author":{"gitId":"tayjerom"},"content":"    private static Task createTask(String categoryOfTask, String taskDetails) {","lastModifiedDate":"2024-09-06","isFullCredit":false},{"lineNumber":179,"author":{"gitId":"tayjerom"},"content":"        switch (categoryOfTask) {","lastModifiedDate":"2024-09-05","isFullCredit":false},{"lineNumber":180,"author":{"gitId":"tayjerom"},"content":"        case TODO:","lastModifiedDate":"2024-09-06","isFullCredit":false},{"lineNumber":181,"author":{"gitId":"tayjerom"},"content":"            return new ToDo(taskDetails);","lastModifiedDate":"2024-09-06","isFullCredit":false},{"lineNumber":182,"author":{"gitId":"tayjerom"},"content":"        case DEADLINE:","lastModifiedDate":"2024-09-06","isFullCredit":false},{"lineNumber":183,"author":{"gitId":"tayjerom"},"content":"            return createDeadlineTask(taskDetails);","lastModifiedDate":"2024-09-06","isFullCredit":false},{"lineNumber":184,"author":{"gitId":"tayjerom"},"content":"        case EVENT:","lastModifiedDate":"2024-09-06","isFullCredit":false},{"lineNumber":185,"author":{"gitId":"tayjerom"},"content":"            return createEventTask(taskDetails);","lastModifiedDate":"2024-09-06","isFullCredit":false},{"lineNumber":186,"author":{"gitId":"tayjerom"},"content":"        default:","lastModifiedDate":"2024-09-06","isFullCredit":false},{"lineNumber":187,"author":{"gitId":"tayjerom"},"content":"            return null;","lastModifiedDate":"2024-09-06","isFullCredit":false},{"lineNumber":188,"author":{"gitId":"tayjerom"},"content":"        }","lastModifiedDate":"2024-09-06","isFullCredit":false},{"lineNumber":189,"author":{"gitId":"tayjerom"},"content":"    }","lastModifiedDate":"2024-09-06","isFullCredit":false},{"lineNumber":190,"author":{"gitId":"tayjerom"},"content":"","lastModifiedDate":"2024-09-05","isFullCredit":false},{"lineNumber":191,"author":{"gitId":"tayjerom"},"content":"    private static Task createDeadlineTask(String taskDetails) {","lastModifiedDate":"2024-09-06","isFullCredit":false},{"lineNumber":192,"author":{"gitId":"tayjerom"},"content":"        String[] deadlineParts \u003d taskDetails.split(\" /by \", 2);","lastModifiedDate":"2024-09-05","isFullCredit":false},{"lineNumber":193,"author":{"gitId":"tayjerom"},"content":"        if (deadlineParts.length \u003c 2) {","lastModifiedDate":"2024-09-05","isFullCredit":false},{"lineNumber":194,"author":{"gitId":"tayjerom"},"content":"            return null;","lastModifiedDate":"2024-09-06","isFullCredit":false},{"lineNumber":195,"author":{"gitId":"tayjerom"},"content":"        }","lastModifiedDate":"2024-09-06","isFullCredit":false},{"lineNumber":196,"author":{"gitId":"tayjerom"},"content":"        return new Deadline(deadlineParts[0], deadlineParts[1]);","lastModifiedDate":"2024-09-06","isFullCredit":false},{"lineNumber":197,"author":{"gitId":"tayjerom"},"content":"    }","lastModifiedDate":"2024-09-05","isFullCredit":false},{"lineNumber":198,"author":{"gitId":"tayjerom"},"content":"","lastModifiedDate":"2024-09-05","isFullCredit":false},{"lineNumber":199,"author":{"gitId":"tayjerom"},"content":"    private static Task createEventTask(String taskDetails) {","lastModifiedDate":"2024-09-06","isFullCredit":false},{"lineNumber":200,"author":{"gitId":"tayjerom"},"content":"        String[] eventParts \u003d taskDetails.split(\" /from | /to \", 3);","lastModifiedDate":"2024-09-05","isFullCredit":false},{"lineNumber":201,"author":{"gitId":"tayjerom"},"content":"        if (eventParts.length \u003c 3) {","lastModifiedDate":"2024-09-05","isFullCredit":false},{"lineNumber":202,"author":{"gitId":"tayjerom"},"content":"            return null;","lastModifiedDate":"2024-09-06","isFullCredit":false},{"lineNumber":203,"author":{"gitId":"tayjerom"},"content":"        }","lastModifiedDate":"2024-09-05","isFullCredit":false},{"lineNumber":204,"author":{"gitId":"tayjerom"},"content":"        return new Event(eventParts[0], eventParts[1], eventParts[2]);","lastModifiedDate":"2024-09-06","isFullCredit":false},{"lineNumber":205,"author":{"gitId":"tayjerom"},"content":"    }","lastModifiedDate":"2024-09-05","isFullCredit":false},{"lineNumber":206,"author":{"gitId":"tayjerom"},"content":"","lastModifiedDate":"2024-09-05","isFullCredit":false},{"lineNumber":207,"author":{"gitId":"tayjerom"},"content":"    private static void printTaskAddedMessage(Task newTask) {","lastModifiedDate":"2024-09-06","isFullCredit":false},{"lineNumber":208,"author":{"gitId":"tayjerom"},"content":"        System.out.println(\"~~~~~~~~~~~~~~~~~~~~~~~~~~~~~~~~~~~~~~~~~\");","lastModifiedDate":"2024-08-26","isFullCredit":false},{"lineNumber":209,"author":{"gitId":"tayjerom"},"content":"        System.out.println(\" added: \" + newTask);","lastModifiedDate":"2024-09-05","isFullCredit":false},{"lineNumber":210,"author":{"gitId":"tayjerom"},"content":"        System.out.println(\" Currently you have: \" + tasks.size() + \" tasks in your list\");","lastModifiedDate":"2024-09-13","isFullCredit":false},{"lineNumber":211,"author":{"gitId":"tayjerom"},"content":"        System.out.println(\"~~~~~~~~~~~~~~~~~~~~~~~~~~~~~~~~~~~~~~~~~\");","lastModifiedDate":"2024-08-26","isFullCredit":false},{"lineNumber":212,"author":{"gitId":"tayjerom"},"content":"    }","lastModifiedDate":"2024-09-06","isFullCredit":false},{"lineNumber":213,"author":{"gitId":"tayjerom"},"content":"","lastModifiedDate":"2024-09-06","isFullCredit":false},{"lineNumber":214,"author":{"gitId":"tayjerom"},"content":"    private static void handleDeleteCommand(String[] commands) throws InvalidTaskNumberException {","lastModifiedDate":"2024-09-13","isFullCredit":false},{"lineNumber":215,"author":{"gitId":"tayjerom"},"content":"        if (commands.length \u003c 2) {","lastModifiedDate":"2024-09-13","isFullCredit":false},{"lineNumber":216,"author":{"gitId":"tayjerom"},"content":"            throw new InvalidTaskNumberException(\"Invalid command or task number. Please try again.\");","lastModifiedDate":"2024-09-13","isFullCredit":false},{"lineNumber":217,"author":{"gitId":"tayjerom"},"content":"        }","lastModifiedDate":"2024-09-13","isFullCredit":false},{"lineNumber":218,"author":{"gitId":"tayjerom"},"content":"","lastModifiedDate":"2024-09-13","isFullCredit":false},{"lineNumber":219,"author":{"gitId":"tayjerom"},"content":"        int taskIndex \u003d parseTaskIndex(commands[1]);","lastModifiedDate":"2024-09-13","isFullCredit":false},{"lineNumber":220,"author":{"gitId":"tayjerom"},"content":"        if (!isValidTaskIndex(taskIndex)) {","lastModifiedDate":"2024-09-13","isFullCredit":false},{"lineNumber":221,"author":{"gitId":"tayjerom"},"content":"            throw new InvalidTaskNumberException(\"Invalid command or task number. Please try again.\");","lastModifiedDate":"2024-09-13","isFullCredit":false},{"lineNumber":222,"author":{"gitId":"tayjerom"},"content":"        }","lastModifiedDate":"2024-09-13","isFullCredit":false},{"lineNumber":223,"author":{"gitId":"tayjerom"},"content":"","lastModifiedDate":"2024-09-13","isFullCredit":false},{"lineNumber":224,"author":{"gitId":"tayjerom"},"content":"        Task taskToDelete \u003d tasks.remove(taskIndex);","lastModifiedDate":"2024-09-13","isFullCredit":false},{"lineNumber":225,"author":{"gitId":"tayjerom"},"content":"        printTaskDeletedMessage(taskToDelete);","lastModifiedDate":"2024-09-13","isFullCredit":false},{"lineNumber":226,"author":{"gitId":"tayjerom"},"content":"        saveTasksToFile();","lastModifiedDate":"2024-09-13","isFullCredit":false},{"lineNumber":227,"author":{"gitId":"tayjerom"},"content":"    }","lastModifiedDate":"2024-09-13","isFullCredit":false},{"lineNumber":228,"author":{"gitId":"tayjerom"},"content":"","lastModifiedDate":"2024-09-13","isFullCredit":false},{"lineNumber":229,"author":{"gitId":"tayjerom"},"content":"    private static void printTaskDeletedMessage(Task task) {","lastModifiedDate":"2024-09-13","isFullCredit":false},{"lineNumber":230,"author":{"gitId":"tayjerom"},"content":"        System.out.println(\"~~~~~~~~~~~~~~~~~~~~~~~~~~~~~~~~~~~~~~~~~\");","lastModifiedDate":"2024-09-13","isFullCredit":false},{"lineNumber":231,"author":{"gitId":"tayjerom"},"content":"        System.out.println(\" Removed: \" + task);","lastModifiedDate":"2024-09-13","isFullCredit":false},{"lineNumber":232,"author":{"gitId":"tayjerom"},"content":"        System.out.println(\" Now you have \" + tasks.size() + \" tasks in your list\");","lastModifiedDate":"2024-09-13","isFullCredit":false},{"lineNumber":233,"author":{"gitId":"tayjerom"},"content":"        System.out.println(\"~~~~~~~~~~~~~~~~~~~~~~~~~~~~~~~~~~~~~~~~~\");","lastModifiedDate":"2024-09-13","isFullCredit":false},{"lineNumber":234,"author":{"gitId":"tayjerom"},"content":"    }","lastModifiedDate":"2024-09-13","isFullCredit":false},{"lineNumber":235,"author":{"gitId":"tayjerom"},"content":"","lastModifiedDate":"2024-09-13","isFullCredit":false},{"lineNumber":236,"author":{"gitId":"tayjerom"},"content":"    private static boolean isValidTaskIndex(int index) {","lastModifiedDate":"2024-09-04","isFullCredit":false},{"lineNumber":237,"author":{"gitId":"tayjerom"},"content":"        return index \u003e\u003d 0 \u0026\u0026 index \u003c tasks.size();","lastModifiedDate":"2024-09-13","isFullCredit":false},{"lineNumber":238,"author":{"gitId":"tayjerom"},"content":"    }","lastModifiedDate":"2024-08-19","isFullCredit":false},{"lineNumber":239,"author":{"gitId":"tayjerom"},"content":"","lastModifiedDate":"2024-09-13","isFullCredit":false},{"lineNumber":240,"author":{"gitId":"tayjerom"},"content":"    private static void saveTasksToFile()  {","lastModifiedDate":"2024-09-13","isFullCredit":false},{"lineNumber":241,"author":{"gitId":"tayjerom"},"content":"        datahandling.saveTasksToFile(tasks);","lastModifiedDate":"2024-09-13","isFullCredit":false},{"lineNumber":242,"author":{"gitId":"tayjerom"},"content":"    }","lastModifiedDate":"2024-09-13","isFullCredit":false},{"lineNumber":243,"author":{"gitId":"tayjerom"},"content":"}","lastModifiedDate":"2024-08-19","isFullCredit":false}],"authorContributionMap":{"tayjerom":243}},{"path":"src/main/java/datahandling/FileHandling.java","fileType":"java","lines":[{"lineNumber":1,"author":{"gitId":"tayjerom"},"content":"","lastModifiedDate":"2024-09-13","isFullCredit":false},{"lineNumber":2,"author":{"gitId":"tayjerom"},"content":"package datahandling;","lastModifiedDate":"2024-09-13","isFullCredit":false},{"lineNumber":3,"author":{"gitId":"tayjerom"},"content":"","lastModifiedDate":"2024-09-13","isFullCredit":false},{"lineNumber":4,"author":{"gitId":"tayjerom"},"content":"import task.Task;","lastModifiedDate":"2024-09-13","isFullCredit":false},{"lineNumber":5,"author":{"gitId":"tayjerom"},"content":"import task.Deadline;","lastModifiedDate":"2024-09-13","isFullCredit":false},{"lineNumber":6,"author":{"gitId":"tayjerom"},"content":"import task.Event;","lastModifiedDate":"2024-09-13","isFullCredit":false},{"lineNumber":7,"author":{"gitId":"tayjerom"},"content":"import task.ToDo;","lastModifiedDate":"2024-09-13","isFullCredit":false},{"lineNumber":8,"author":{"gitId":"tayjerom"},"content":"","lastModifiedDate":"2024-09-13","isFullCredit":false},{"lineNumber":9,"author":{"gitId":"tayjerom"},"content":"import java.io.File;","lastModifiedDate":"2024-09-13","isFullCredit":false},{"lineNumber":10,"author":{"gitId":"tayjerom"},"content":"import java.io.FileWriter;","lastModifiedDate":"2024-09-13","isFullCredit":false},{"lineNumber":11,"author":{"gitId":"tayjerom"},"content":"import java.io.IOException;","lastModifiedDate":"2024-09-13","isFullCredit":false},{"lineNumber":12,"author":{"gitId":"tayjerom"},"content":"import java.nio.file.Files;","lastModifiedDate":"2024-09-13","isFullCredit":false},{"lineNumber":13,"author":{"gitId":"tayjerom"},"content":"import java.nio.file.Paths;","lastModifiedDate":"2024-09-13","isFullCredit":false},{"lineNumber":14,"author":{"gitId":"tayjerom"},"content":"import java.util.ArrayList;","lastModifiedDate":"2024-09-13","isFullCredit":false},{"lineNumber":15,"author":{"gitId":"tayjerom"},"content":"import java.util.List;","lastModifiedDate":"2024-09-13","isFullCredit":false},{"lineNumber":16,"author":{"gitId":"tayjerom"},"content":"","lastModifiedDate":"2024-09-13","isFullCredit":false},{"lineNumber":17,"author":{"gitId":"tayjerom"},"content":"public class FileHandling {","lastModifiedDate":"2024-09-13","isFullCredit":false},{"lineNumber":18,"author":{"gitId":"tayjerom"},"content":"","lastModifiedDate":"2024-09-13","isFullCredit":false},{"lineNumber":19,"author":{"gitId":"tayjerom"},"content":"    private final String filePath;","lastModifiedDate":"2024-09-13","isFullCredit":false},{"lineNumber":20,"author":{"gitId":"tayjerom"},"content":"","lastModifiedDate":"2024-09-13","isFullCredit":false},{"lineNumber":21,"author":{"gitId":"tayjerom"},"content":"    public FileHandling(String filePath) {","lastModifiedDate":"2024-09-13","isFullCredit":false},{"lineNumber":22,"author":{"gitId":"tayjerom"},"content":"        this.filePath \u003d filePath;","lastModifiedDate":"2024-09-13","isFullCredit":false},{"lineNumber":23,"author":{"gitId":"tayjerom"},"content":"    }","lastModifiedDate":"2024-09-13","isFullCredit":false},{"lineNumber":24,"author":{"gitId":"tayjerom"},"content":"","lastModifiedDate":"2024-09-13","isFullCredit":false},{"lineNumber":25,"author":{"gitId":"tayjerom"},"content":"    public void saveTasksToFile(List\u003cTask\u003e tasks) {","lastModifiedDate":"2024-09-13","isFullCredit":false},{"lineNumber":26,"author":{"gitId":"tayjerom"},"content":"        try {","lastModifiedDate":"2024-09-13","isFullCredit":false},{"lineNumber":27,"author":{"gitId":"tayjerom"},"content":"            File file \u003d new File(filePath);","lastModifiedDate":"2024-09-13","isFullCredit":false},{"lineNumber":28,"author":{"gitId":"tayjerom"},"content":"            file.getParentFile().mkdirs(); // Ensure parent directories exist","lastModifiedDate":"2024-09-13","isFullCredit":false},{"lineNumber":29,"author":{"gitId":"tayjerom"},"content":"            FileWriter writer \u003d new FileWriter(file);","lastModifiedDate":"2024-09-13","isFullCredit":false},{"lineNumber":30,"author":{"gitId":"tayjerom"},"content":"","lastModifiedDate":"2024-09-13","isFullCredit":false},{"lineNumber":31,"author":{"gitId":"tayjerom"},"content":"            for (Task task : tasks) {","lastModifiedDate":"2024-09-13","isFullCredit":false},{"lineNumber":32,"author":{"gitId":"tayjerom"},"content":"                writer.write(formatTaskForSaving(task) + System.lineSeparator());","lastModifiedDate":"2024-09-13","isFullCredit":false},{"lineNumber":33,"author":{"gitId":"tayjerom"},"content":"            }","lastModifiedDate":"2024-09-13","isFullCredit":false},{"lineNumber":34,"author":{"gitId":"tayjerom"},"content":"            writer.close();","lastModifiedDate":"2024-09-13","isFullCredit":false},{"lineNumber":35,"author":{"gitId":"tayjerom"},"content":"        } catch (IOException e) {","lastModifiedDate":"2024-09-13","isFullCredit":false},{"lineNumber":36,"author":{"gitId":"tayjerom"},"content":"            System.out.println(\"Error occurred while saving tasks to file: \" + e.getMessage());","lastModifiedDate":"2024-09-13","isFullCredit":false},{"lineNumber":37,"author":{"gitId":"tayjerom"},"content":"            e.printStackTrace();","lastModifiedDate":"2024-09-13","isFullCredit":false},{"lineNumber":38,"author":{"gitId":"tayjerom"},"content":"        }","lastModifiedDate":"2024-09-13","isFullCredit":false},{"lineNumber":39,"author":{"gitId":"tayjerom"},"content":"    }","lastModifiedDate":"2024-09-13","isFullCredit":false},{"lineNumber":40,"author":{"gitId":"tayjerom"},"content":"","lastModifiedDate":"2024-09-13","isFullCredit":false},{"lineNumber":41,"author":{"gitId":"tayjerom"},"content":"    public List\u003cTask\u003e loadTasksFromFile() {","lastModifiedDate":"2024-09-13","isFullCredit":false},{"lineNumber":42,"author":{"gitId":"tayjerom"},"content":"        List\u003cTask\u003e tasks \u003d new ArrayList\u003c\u003e();","lastModifiedDate":"2024-09-13","isFullCredit":false},{"lineNumber":43,"author":{"gitId":"tayjerom"},"content":"        File file \u003d new File(filePath);","lastModifiedDate":"2024-09-13","isFullCredit":false},{"lineNumber":44,"author":{"gitId":"tayjerom"},"content":"","lastModifiedDate":"2024-09-13","isFullCredit":false},{"lineNumber":45,"author":{"gitId":"tayjerom"},"content":"        // Ensure the directory exists","lastModifiedDate":"2024-09-13","isFullCredit":false},{"lineNumber":46,"author":{"gitId":"tayjerom"},"content":"        if (!file.getParentFile().exists()) {","lastModifiedDate":"2024-09-13","isFullCredit":false},{"lineNumber":47,"author":{"gitId":"tayjerom"},"content":"            file.getParentFile().mkdirs();","lastModifiedDate":"2024-09-13","isFullCredit":false},{"lineNumber":48,"author":{"gitId":"tayjerom"},"content":"        }","lastModifiedDate":"2024-09-13","isFullCredit":false},{"lineNumber":49,"author":{"gitId":"tayjerom"},"content":"","lastModifiedDate":"2024-09-13","isFullCredit":false},{"lineNumber":50,"author":{"gitId":"tayjerom"},"content":"        // If the file does not exist, create it and return an empty task list","lastModifiedDate":"2024-09-13","isFullCredit":false},{"lineNumber":51,"author":{"gitId":"tayjerom"},"content":"        if (!file.exists()) {","lastModifiedDate":"2024-09-13","isFullCredit":false},{"lineNumber":52,"author":{"gitId":"tayjerom"},"content":"            try {","lastModifiedDate":"2024-09-13","isFullCredit":false},{"lineNumber":53,"author":{"gitId":"tayjerom"},"content":"                file.createNewFile();","lastModifiedDate":"2024-09-13","isFullCredit":false},{"lineNumber":54,"author":{"gitId":"tayjerom"},"content":"                System.out.println(\"No saved tasks found. Starting with an empty list.\");","lastModifiedDate":"2024-09-13","isFullCredit":false},{"lineNumber":55,"author":{"gitId":"tayjerom"},"content":"                return tasks;","lastModifiedDate":"2024-09-13","isFullCredit":false},{"lineNumber":56,"author":{"gitId":"tayjerom"},"content":"            } catch (IOException e) {","lastModifiedDate":"2024-09-13","isFullCredit":false},{"lineNumber":57,"author":{"gitId":"tayjerom"},"content":"                System.out.println(\"Error occurred while creating the data file: \" + e.getMessage());","lastModifiedDate":"2024-09-13","isFullCredit":false},{"lineNumber":58,"author":{"gitId":"tayjerom"},"content":"                e.printStackTrace();","lastModifiedDate":"2024-09-13","isFullCredit":false},{"lineNumber":59,"author":{"gitId":"tayjerom"},"content":"                return tasks;","lastModifiedDate":"2024-09-13","isFullCredit":false},{"lineNumber":60,"author":{"gitId":"tayjerom"},"content":"            }","lastModifiedDate":"2024-09-13","isFullCredit":false},{"lineNumber":61,"author":{"gitId":"tayjerom"},"content":"        }","lastModifiedDate":"2024-09-13","isFullCredit":false},{"lineNumber":62,"author":{"gitId":"tayjerom"},"content":"","lastModifiedDate":"2024-09-13","isFullCredit":false},{"lineNumber":63,"author":{"gitId":"tayjerom"},"content":"        try {","lastModifiedDate":"2024-09-13","isFullCredit":false},{"lineNumber":64,"author":{"gitId":"tayjerom"},"content":"            List\u003cString\u003e lines \u003d Files.readAllLines(Paths.get(filePath));","lastModifiedDate":"2024-09-13","isFullCredit":false},{"lineNumber":65,"author":{"gitId":"tayjerom"},"content":"            for (String line : lines) {","lastModifiedDate":"2024-09-13","isFullCredit":false},{"lineNumber":66,"author":{"gitId":"tayjerom"},"content":"                try {","lastModifiedDate":"2024-09-13","isFullCredit":false},{"lineNumber":67,"author":{"gitId":"tayjerom"},"content":"                    Task task \u003d parseTaskFromFile(line);","lastModifiedDate":"2024-09-13","isFullCredit":false},{"lineNumber":68,"author":{"gitId":"tayjerom"},"content":"                    if (task !\u003d null) {","lastModifiedDate":"2024-09-13","isFullCredit":false},{"lineNumber":69,"author":{"gitId":"tayjerom"},"content":"                        tasks.add(task);","lastModifiedDate":"2024-09-13","isFullCredit":false},{"lineNumber":70,"author":{"gitId":"tayjerom"},"content":"                    }","lastModifiedDate":"2024-09-13","isFullCredit":false},{"lineNumber":71,"author":{"gitId":"tayjerom"},"content":"                } catch (Exception e) {","lastModifiedDate":"2024-09-13","isFullCredit":false},{"lineNumber":72,"author":{"gitId":"tayjerom"},"content":"                    System.out.println(\"Skipping corrupted line: \" + line);","lastModifiedDate":"2024-09-13","isFullCredit":false},{"lineNumber":73,"author":{"gitId":"tayjerom"},"content":"                }","lastModifiedDate":"2024-09-13","isFullCredit":false},{"lineNumber":74,"author":{"gitId":"tayjerom"},"content":"            }","lastModifiedDate":"2024-09-13","isFullCredit":false},{"lineNumber":75,"author":{"gitId":"tayjerom"},"content":"        } catch (IOException e) {","lastModifiedDate":"2024-09-13","isFullCredit":false},{"lineNumber":76,"author":{"gitId":"tayjerom"},"content":"            System.out.println(\"Error occurred while loading tasks from file: \" + e.getMessage());","lastModifiedDate":"2024-09-13","isFullCredit":false},{"lineNumber":77,"author":{"gitId":"tayjerom"},"content":"            e.printStackTrace();","lastModifiedDate":"2024-09-13","isFullCredit":false},{"lineNumber":78,"author":{"gitId":"tayjerom"},"content":"        }","lastModifiedDate":"2024-09-13","isFullCredit":false},{"lineNumber":79,"author":{"gitId":"tayjerom"},"content":"        return tasks;","lastModifiedDate":"2024-09-13","isFullCredit":false},{"lineNumber":80,"author":{"gitId":"tayjerom"},"content":"    }","lastModifiedDate":"2024-09-13","isFullCredit":false},{"lineNumber":81,"author":{"gitId":"tayjerom"},"content":"","lastModifiedDate":"2024-09-13","isFullCredit":false},{"lineNumber":82,"author":{"gitId":"tayjerom"},"content":"    private String formatTaskForSaving(Task task) {","lastModifiedDate":"2024-09-13","isFullCredit":false},{"lineNumber":83,"author":{"gitId":"tayjerom"},"content":"        String type \u003d \"\";","lastModifiedDate":"2024-09-13","isFullCredit":false},{"lineNumber":84,"author":{"gitId":"tayjerom"},"content":"        String status \u003d task.isDone ? \"1\" : \"0\"; // 1 if task is done, 0 otherwise","lastModifiedDate":"2024-09-13","isFullCredit":false},{"lineNumber":85,"author":{"gitId":"tayjerom"},"content":"        String description \u003d task.description;","lastModifiedDate":"2024-09-13","isFullCredit":false},{"lineNumber":86,"author":{"gitId":"tayjerom"},"content":"","lastModifiedDate":"2024-09-13","isFullCredit":false},{"lineNumber":87,"author":{"gitId":"tayjerom"},"content":"        if (task instanceof ToDo) {","lastModifiedDate":"2024-09-13","isFullCredit":false},{"lineNumber":88,"author":{"gitId":"tayjerom"},"content":"            type \u003d \"T\"; // ToDo task type","lastModifiedDate":"2024-09-13","isFullCredit":false},{"lineNumber":89,"author":{"gitId":"tayjerom"},"content":"            return type + \" | \" + status + \" | \" + description;","lastModifiedDate":"2024-09-13","isFullCredit":false},{"lineNumber":90,"author":{"gitId":"tayjerom"},"content":"        } else if (task instanceof Deadline) {","lastModifiedDate":"2024-09-13","isFullCredit":false},{"lineNumber":91,"author":{"gitId":"tayjerom"},"content":"            type \u003d \"D\"; // Deadline task type","lastModifiedDate":"2024-09-13","isFullCredit":false},{"lineNumber":92,"author":{"gitId":"tayjerom"},"content":"            String by \u003d ((Deadline) task).by; // Assuming \u0027by\u0027 is the deadline time or date","lastModifiedDate":"2024-09-13","isFullCredit":false},{"lineNumber":93,"author":{"gitId":"tayjerom"},"content":"            return type + \" | \" + status + \" | \" + description + \" | \" + by;","lastModifiedDate":"2024-09-13","isFullCredit":false},{"lineNumber":94,"author":{"gitId":"tayjerom"},"content":"        } else if (task instanceof Event) {","lastModifiedDate":"2024-09-13","isFullCredit":false},{"lineNumber":95,"author":{"gitId":"tayjerom"},"content":"            type \u003d \"E\"; // Event task type","lastModifiedDate":"2024-09-13","isFullCredit":false},{"lineNumber":96,"author":{"gitId":"tayjerom"},"content":"            String from \u003d ((Event) task).from; // Event start time","lastModifiedDate":"2024-09-13","isFullCredit":false},{"lineNumber":97,"author":{"gitId":"tayjerom"},"content":"            String to \u003d ((Event) task).to; // Event end time","lastModifiedDate":"2024-09-13","isFullCredit":false},{"lineNumber":98,"author":{"gitId":"tayjerom"},"content":"            return type + \" | \" + status + \" | \" + description + \" | \" + from + \" to \" + to;","lastModifiedDate":"2024-09-13","isFullCredit":false},{"lineNumber":99,"author":{"gitId":"tayjerom"},"content":"        }","lastModifiedDate":"2024-09-13","isFullCredit":false},{"lineNumber":100,"author":{"gitId":"tayjerom"},"content":"","lastModifiedDate":"2024-09-13","isFullCredit":false},{"lineNumber":101,"author":{"gitId":"tayjerom"},"content":"        return \"\"; // Default case (shouldn\u0027t reach here if all task types are covered)","lastModifiedDate":"2024-09-13","isFullCredit":false},{"lineNumber":102,"author":{"gitId":"tayjerom"},"content":"    }","lastModifiedDate":"2024-09-13","isFullCredit":false},{"lineNumber":103,"author":{"gitId":"tayjerom"},"content":"","lastModifiedDate":"2024-09-13","isFullCredit":false},{"lineNumber":104,"author":{"gitId":"tayjerom"},"content":"    private Task parseTaskFromFile(String line) {","lastModifiedDate":"2024-09-13","isFullCredit":false},{"lineNumber":105,"author":{"gitId":"tayjerom"},"content":"        String[] parts \u003d line.split(\" \\\\| \");","lastModifiedDate":"2024-09-13","isFullCredit":false},{"lineNumber":106,"author":{"gitId":"tayjerom"},"content":"        if (parts.length \u003c 3) {","lastModifiedDate":"2024-09-13","isFullCredit":false},{"lineNumber":107,"author":{"gitId":"tayjerom"},"content":"            throw new IllegalArgumentException(\"Invalid line format\");","lastModifiedDate":"2024-09-13","isFullCredit":false},{"lineNumber":108,"author":{"gitId":"tayjerom"},"content":"        }","lastModifiedDate":"2024-09-13","isFullCredit":false},{"lineNumber":109,"author":{"gitId":"tayjerom"},"content":"","lastModifiedDate":"2024-09-13","isFullCredit":false},{"lineNumber":110,"author":{"gitId":"tayjerom"},"content":"        String type \u003d parts[0];","lastModifiedDate":"2024-09-13","isFullCredit":false},{"lineNumber":111,"author":{"gitId":"tayjerom"},"content":"        boolean isDone \u003d parts[1].equals(\"1\");","lastModifiedDate":"2024-09-13","isFullCredit":false},{"lineNumber":112,"author":{"gitId":"tayjerom"},"content":"        String description \u003d parts[2];","lastModifiedDate":"2024-09-13","isFullCredit":false},{"lineNumber":113,"author":{"gitId":"tayjerom"},"content":"","lastModifiedDate":"2024-09-13","isFullCredit":false},{"lineNumber":114,"author":{"gitId":"tayjerom"},"content":"        switch (type) {","lastModifiedDate":"2024-09-13","isFullCredit":false},{"lineNumber":115,"author":{"gitId":"tayjerom"},"content":"        case \"T\":","lastModifiedDate":"2024-09-13","isFullCredit":false},{"lineNumber":116,"author":{"gitId":"tayjerom"},"content":"            ToDo todo \u003d new ToDo(description);","lastModifiedDate":"2024-09-13","isFullCredit":false},{"lineNumber":117,"author":{"gitId":"tayjerom"},"content":"            if (isDone) todo.markAsDone();","lastModifiedDate":"2024-09-13","isFullCredit":false},{"lineNumber":118,"author":{"gitId":"tayjerom"},"content":"            return todo;","lastModifiedDate":"2024-09-13","isFullCredit":false},{"lineNumber":119,"author":{"gitId":"tayjerom"},"content":"        case \"D\":","lastModifiedDate":"2024-09-13","isFullCredit":false},{"lineNumber":120,"author":{"gitId":"tayjerom"},"content":"            if (parts.length \u003c 4) throw new IllegalArgumentException(\"Invalid Deadline format\");","lastModifiedDate":"2024-09-13","isFullCredit":false},{"lineNumber":121,"author":{"gitId":"tayjerom"},"content":"            Deadline deadline \u003d new Deadline(description, parts[3]);","lastModifiedDate":"2024-09-13","isFullCredit":false},{"lineNumber":122,"author":{"gitId":"tayjerom"},"content":"            if (isDone) deadline.markAsDone();","lastModifiedDate":"2024-09-13","isFullCredit":false},{"lineNumber":123,"author":{"gitId":"tayjerom"},"content":"            return deadline;","lastModifiedDate":"2024-09-13","isFullCredit":false},{"lineNumber":124,"author":{"gitId":"tayjerom"},"content":"        case \"E\":","lastModifiedDate":"2024-09-13","isFullCredit":false},{"lineNumber":125,"author":{"gitId":"tayjerom"},"content":"            if (parts.length \u003c 5) throw new IllegalArgumentException(\"Invalid Event format\");","lastModifiedDate":"2024-09-13","isFullCredit":false},{"lineNumber":126,"author":{"gitId":"tayjerom"},"content":"            Event event \u003d new Event(description, parts[3], parts[4]);","lastModifiedDate":"2024-09-13","isFullCredit":false},{"lineNumber":127,"author":{"gitId":"tayjerom"},"content":"            if (isDone) event.markAsDone();","lastModifiedDate":"2024-09-13","isFullCredit":false},{"lineNumber":128,"author":{"gitId":"tayjerom"},"content":"            return event;","lastModifiedDate":"2024-09-13","isFullCredit":false},{"lineNumber":129,"author":{"gitId":"tayjerom"},"content":"        default:","lastModifiedDate":"2024-09-13","isFullCredit":false},{"lineNumber":130,"author":{"gitId":"tayjerom"},"content":"            throw new IllegalArgumentException(\"Unknown task type: \" + type);","lastModifiedDate":"2024-09-13","isFullCredit":false},{"lineNumber":131,"author":{"gitId":"tayjerom"},"content":"        }","lastModifiedDate":"2024-09-13","isFullCredit":false},{"lineNumber":132,"author":{"gitId":"tayjerom"},"content":"    }","lastModifiedDate":"2024-09-13","isFullCredit":false},{"lineNumber":133,"author":{"gitId":"tayjerom"},"content":"}","lastModifiedDate":"2024-09-13","isFullCredit":false}],"authorContributionMap":{"tayjerom":133}},{"path":"src/main/java/exception/EmptyDescriptionException.java","fileType":"java","lines":[{"lineNumber":1,"author":{"gitId":"tayjerom"},"content":"package exception;","lastModifiedDate":"2024-09-09","isFullCredit":false},{"lineNumber":2,"author":{"gitId":"tayjerom"},"content":"","lastModifiedDate":"2024-09-09","isFullCredit":false},{"lineNumber":3,"author":{"gitId":"tayjerom"},"content":"public class EmptyDescriptionException extends Exception {","lastModifiedDate":"2024-09-09","isFullCredit":false},{"lineNumber":4,"author":{"gitId":"tayjerom"},"content":"    public EmptyDescriptionException(String message) {","lastModifiedDate":"2024-09-09","isFullCredit":false},{"lineNumber":5,"author":{"gitId":"tayjerom"},"content":"        super(message);","lastModifiedDate":"2024-09-09","isFullCredit":false},{"lineNumber":6,"author":{"gitId":"tayjerom"},"content":"    }","lastModifiedDate":"2024-09-09","isFullCredit":false},{"lineNumber":7,"author":{"gitId":"tayjerom"},"content":"}","lastModifiedDate":"2024-09-09","isFullCredit":false}],"authorContributionMap":{"tayjerom":7}},{"path":"src/main/java/exception/InvalidTaskNumberException.java","fileType":"java","lines":[{"lineNumber":1,"author":{"gitId":"tayjerom"},"content":"package exception;","lastModifiedDate":"2024-09-09","isFullCredit":false},{"lineNumber":2,"author":{"gitId":"tayjerom"},"content":"","lastModifiedDate":"2024-09-09","isFullCredit":false},{"lineNumber":3,"author":{"gitId":"tayjerom"},"content":"public class InvalidTaskNumberException extends Exception {","lastModifiedDate":"2024-09-09","isFullCredit":false},{"lineNumber":4,"author":{"gitId":"tayjerom"},"content":"    public InvalidTaskNumberException(String message) {","lastModifiedDate":"2024-09-09","isFullCredit":false},{"lineNumber":5,"author":{"gitId":"tayjerom"},"content":"        super(message);","lastModifiedDate":"2024-09-09","isFullCredit":false},{"lineNumber":6,"author":{"gitId":"tayjerom"},"content":"    }","lastModifiedDate":"2024-09-09","isFullCredit":false},{"lineNumber":7,"author":{"gitId":"tayjerom"},"content":"}","lastModifiedDate":"2024-09-09","isFullCredit":false}],"authorContributionMap":{"tayjerom":7}},{"path":"src/main/java/exception/TaskListFullException.java","fileType":"java","lines":[{"lineNumber":1,"author":{"gitId":"tayjerom"},"content":"package exception;","lastModifiedDate":"2024-09-09","isFullCredit":false},{"lineNumber":2,"author":{"gitId":"tayjerom"},"content":"","lastModifiedDate":"2024-09-09","isFullCredit":false},{"lineNumber":3,"author":{"gitId":"tayjerom"},"content":"public class TaskListFullException extends Exception {","lastModifiedDate":"2024-09-09","isFullCredit":false},{"lineNumber":4,"author":{"gitId":"tayjerom"},"content":"    public TaskListFullException(String message) {","lastModifiedDate":"2024-09-09","isFullCredit":false},{"lineNumber":5,"author":{"gitId":"tayjerom"},"content":"        super(message);","lastModifiedDate":"2024-09-09","isFullCredit":false},{"lineNumber":6,"author":{"gitId":"tayjerom"},"content":"    }","lastModifiedDate":"2024-09-09","isFullCredit":false},{"lineNumber":7,"author":{"gitId":"tayjerom"},"content":"}","lastModifiedDate":"2024-09-09","isFullCredit":false}],"authorContributionMap":{"tayjerom":7}},{"path":"src/main/java/exception/UnknownCommandException.java","fileType":"java","lines":[{"lineNumber":1,"author":{"gitId":"tayjerom"},"content":"package exception;","lastModifiedDate":"2024-09-09","isFullCredit":false},{"lineNumber":2,"author":{"gitId":"tayjerom"},"content":"","lastModifiedDate":"2024-09-09","isFullCredit":false},{"lineNumber":3,"author":{"gitId":"tayjerom"},"content":"public class UnknownCommandException extends Exception {","lastModifiedDate":"2024-09-09","isFullCredit":false},{"lineNumber":4,"author":{"gitId":"tayjerom"},"content":"    public UnknownCommandException(String message) {","lastModifiedDate":"2024-09-09","isFullCredit":false},{"lineNumber":5,"author":{"gitId":"tayjerom"},"content":"        super(message);","lastModifiedDate":"2024-09-09","isFullCredit":false},{"lineNumber":6,"author":{"gitId":"tayjerom"},"content":"    }","lastModifiedDate":"2024-09-09","isFullCredit":false},{"lineNumber":7,"author":{"gitId":"tayjerom"},"content":"}","lastModifiedDate":"2024-09-09","isFullCredit":false}],"authorContributionMap":{"tayjerom":7}},{"path":"src/main/java/task/Deadline.java","fileType":"java","lines":[{"lineNumber":1,"author":{"gitId":"tayjerom"},"content":"package task;","lastModifiedDate":"2024-09-09","isFullCredit":false},{"lineNumber":2,"author":{"gitId":"tayjerom"},"content":"","lastModifiedDate":"2024-09-09","isFullCredit":false},{"lineNumber":3,"author":{"gitId":"tayjerom"},"content":"public class Deadline extends Task{","lastModifiedDate":"2024-09-05","isFullCredit":false},{"lineNumber":4,"author":{"gitId":"tayjerom"},"content":"    public String by;","lastModifiedDate":"2024-09-13","isFullCredit":false},{"lineNumber":5,"author":{"gitId":"tayjerom"},"content":"","lastModifiedDate":"2024-09-05","isFullCredit":false},{"lineNumber":6,"author":{"gitId":"tayjerom"},"content":"    public Deadline(String description, String by) {","lastModifiedDate":"2024-09-05","isFullCredit":false},{"lineNumber":7,"author":{"gitId":"tayjerom"},"content":"        super(description);","lastModifiedDate":"2024-09-05","isFullCredit":false},{"lineNumber":8,"author":{"gitId":"tayjerom"},"content":"        this.by \u003d by;","lastModifiedDate":"2024-09-05","isFullCredit":false},{"lineNumber":9,"author":{"gitId":"tayjerom"},"content":"    }","lastModifiedDate":"2024-09-05","isFullCredit":false},{"lineNumber":10,"author":{"gitId":"tayjerom"},"content":"","lastModifiedDate":"2024-09-05","isFullCredit":false},{"lineNumber":11,"author":{"gitId":"tayjerom"},"content":"    @Override","lastModifiedDate":"2024-09-05","isFullCredit":false},{"lineNumber":12,"author":{"gitId":"tayjerom"},"content":"    public String toString() {","lastModifiedDate":"2024-09-05","isFullCredit":false},{"lineNumber":13,"author":{"gitId":"tayjerom"},"content":"        return \"[D]\" + super.toString() + \" (by: \" + by + \")\";","lastModifiedDate":"2024-09-05","isFullCredit":false},{"lineNumber":14,"author":{"gitId":"tayjerom"},"content":"    }","lastModifiedDate":"2024-09-05","isFullCredit":false},{"lineNumber":15,"author":{"gitId":"tayjerom"},"content":"}","lastModifiedDate":"2024-09-05","isFullCredit":false}],"authorContributionMap":{"tayjerom":15}},{"path":"src/main/java/task/Event.java","fileType":"java","lines":[{"lineNumber":1,"author":{"gitId":"tayjerom"},"content":"package task;","lastModifiedDate":"2024-09-09","isFullCredit":false},{"lineNumber":2,"author":{"gitId":"tayjerom"},"content":"","lastModifiedDate":"2024-09-09","isFullCredit":false},{"lineNumber":3,"author":{"gitId":"tayjerom"},"content":"public class Event extends Task {","lastModifiedDate":"2024-09-05","isFullCredit":false},{"lineNumber":4,"author":{"gitId":"tayjerom"},"content":"    public String from;","lastModifiedDate":"2024-09-13","isFullCredit":false},{"lineNumber":5,"author":{"gitId":"tayjerom"},"content":"    public String to;","lastModifiedDate":"2024-09-13","isFullCredit":false},{"lineNumber":6,"author":{"gitId":"tayjerom"},"content":"","lastModifiedDate":"2024-09-05","isFullCredit":false},{"lineNumber":7,"author":{"gitId":"tayjerom"},"content":"    public Event(String description, String from, String to) {","lastModifiedDate":"2024-09-05","isFullCredit":false},{"lineNumber":8,"author":{"gitId":"tayjerom"},"content":"        super(description);","lastModifiedDate":"2024-09-05","isFullCredit":false},{"lineNumber":9,"author":{"gitId":"tayjerom"},"content":"        this.from \u003d from;","lastModifiedDate":"2024-09-05","isFullCredit":false},{"lineNumber":10,"author":{"gitId":"tayjerom"},"content":"        this.to \u003d to;","lastModifiedDate":"2024-09-05","isFullCredit":false},{"lineNumber":11,"author":{"gitId":"tayjerom"},"content":"    }","lastModifiedDate":"2024-09-05","isFullCredit":false},{"lineNumber":12,"author":{"gitId":"tayjerom"},"content":"","lastModifiedDate":"2024-09-05","isFullCredit":false},{"lineNumber":13,"author":{"gitId":"tayjerom"},"content":"    @Override","lastModifiedDate":"2024-09-05","isFullCredit":false},{"lineNumber":14,"author":{"gitId":"tayjerom"},"content":"    public String toString() {","lastModifiedDate":"2024-09-05","isFullCredit":false},{"lineNumber":15,"author":{"gitId":"tayjerom"},"content":"        return \"[E]\" + super.toString() + \" (from: \" + from + \", to: \" + to + \")\";","lastModifiedDate":"2024-09-05","isFullCredit":false},{"lineNumber":16,"author":{"gitId":"tayjerom"},"content":"","lastModifiedDate":"2024-09-05","isFullCredit":false},{"lineNumber":17,"author":{"gitId":"tayjerom"},"content":"    }","lastModifiedDate":"2024-09-05","isFullCredit":false},{"lineNumber":18,"author":{"gitId":"tayjerom"},"content":"}","lastModifiedDate":"2024-09-05","isFullCredit":false}],"authorContributionMap":{"tayjerom":18}},{"path":"src/main/java/task/Task.java","fileType":"java","lines":[{"lineNumber":1,"author":{"gitId":"tayjerom"},"content":"package task;","lastModifiedDate":"2024-09-09","isFullCredit":false},{"lineNumber":2,"author":{"gitId":"tayjerom"},"content":"","lastModifiedDate":"2024-09-09","isFullCredit":false},{"lineNumber":3,"author":{"gitId":"tayjerom"},"content":"public class Task {","lastModifiedDate":"2024-08-26","isFullCredit":false},{"lineNumber":4,"author":{"gitId":"tayjerom"},"content":"    public String description;","lastModifiedDate":"2024-09-13","isFullCredit":false},{"lineNumber":5,"author":{"gitId":"tayjerom"},"content":"    public boolean isDone;","lastModifiedDate":"2024-09-13","isFullCredit":false},{"lineNumber":6,"author":{"gitId":"tayjerom"},"content":"","lastModifiedDate":"2024-08-26","isFullCredit":false},{"lineNumber":7,"author":{"gitId":"tayjerom"},"content":"    public Task(String description) {","lastModifiedDate":"2024-08-26","isFullCredit":false},{"lineNumber":8,"author":{"gitId":"tayjerom"},"content":"        this.description \u003d description;","lastModifiedDate":"2024-08-26","isFullCredit":false},{"lineNumber":9,"author":{"gitId":"tayjerom"},"content":"        this.isDone \u003d false;","lastModifiedDate":"2024-08-26","isFullCredit":false},{"lineNumber":10,"author":{"gitId":"tayjerom"},"content":"    }","lastModifiedDate":"2024-08-26","isFullCredit":false},{"lineNumber":11,"author":{"gitId":"tayjerom"},"content":"","lastModifiedDate":"2024-08-26","isFullCredit":false},{"lineNumber":12,"author":{"gitId":"tayjerom"},"content":"    public String getStatusIcon() {","lastModifiedDate":"2024-08-26","isFullCredit":false},{"lineNumber":13,"author":{"gitId":"tayjerom"},"content":"        return (isDone ? \"X\" : \" \"); // mark done task with X","lastModifiedDate":"2024-08-26","isFullCredit":false},{"lineNumber":14,"author":{"gitId":"tayjerom"},"content":"    }","lastModifiedDate":"2024-08-26","isFullCredit":false},{"lineNumber":15,"author":{"gitId":"tayjerom"},"content":"","lastModifiedDate":"2024-08-26","isFullCredit":false},{"lineNumber":16,"author":{"gitId":"tayjerom"},"content":"    public void markAsDone() {","lastModifiedDate":"2024-08-26","isFullCredit":false},{"lineNumber":17,"author":{"gitId":"tayjerom"},"content":"        isDone \u003d true;","lastModifiedDate":"2024-08-26","isFullCredit":false},{"lineNumber":18,"author":{"gitId":"tayjerom"},"content":"    }","lastModifiedDate":"2024-08-26","isFullCredit":false},{"lineNumber":19,"author":{"gitId":"tayjerom"},"content":"","lastModifiedDate":"2024-08-26","isFullCredit":false},{"lineNumber":20,"author":{"gitId":"tayjerom"},"content":"    public void removeAsDone() {","lastModifiedDate":"2024-08-26","isFullCredit":false},{"lineNumber":21,"author":{"gitId":"tayjerom"},"content":"        isDone \u003d false;","lastModifiedDate":"2024-08-26","isFullCredit":false},{"lineNumber":22,"author":{"gitId":"tayjerom"},"content":"    }","lastModifiedDate":"2024-08-26","isFullCredit":false},{"lineNumber":23,"author":{"gitId":"tayjerom"},"content":"","lastModifiedDate":"2024-08-26","isFullCredit":false},{"lineNumber":24,"author":{"gitId":"tayjerom"},"content":"    @Override","lastModifiedDate":"2024-08-26","isFullCredit":false},{"lineNumber":25,"author":{"gitId":"tayjerom"},"content":"    public String toString() {","lastModifiedDate":"2024-08-26","isFullCredit":false},{"lineNumber":26,"author":{"gitId":"tayjerom"},"content":"        return \"[\" + getStatusIcon() + \"] \" + description;","lastModifiedDate":"2024-08-26","isFullCredit":false},{"lineNumber":27,"author":{"gitId":"tayjerom"},"content":"    }","lastModifiedDate":"2024-08-26","isFullCredit":false},{"lineNumber":28,"author":{"gitId":"tayjerom"},"content":"}","lastModifiedDate":"2024-08-26","isFullCredit":false}],"authorContributionMap":{"tayjerom":28}},{"path":"src/main/java/task/ToDo.java","fileType":"java","lines":[{"lineNumber":1,"author":{"gitId":"tayjerom"},"content":"package task;","lastModifiedDate":"2024-09-09","isFullCredit":false},{"lineNumber":2,"author":{"gitId":"tayjerom"},"content":"","lastModifiedDate":"2024-09-09","isFullCredit":false},{"lineNumber":3,"author":{"gitId":"tayjerom"},"content":"public class ToDo extends Task{","lastModifiedDate":"2024-09-05","isFullCredit":false},{"lineNumber":4,"author":{"gitId":"tayjerom"},"content":"","lastModifiedDate":"2024-09-05","isFullCredit":false},{"lineNumber":5,"author":{"gitId":"tayjerom"},"content":"    public ToDo(String description) {","lastModifiedDate":"2024-09-05","isFullCredit":false},{"lineNumber":6,"author":{"gitId":"tayjerom"},"content":"        super(description);","lastModifiedDate":"2024-09-05","isFullCredit":false},{"lineNumber":7,"author":{"gitId":"tayjerom"},"content":"    }","lastModifiedDate":"2024-09-05","isFullCredit":false},{"lineNumber":8,"author":{"gitId":"tayjerom"},"content":"","lastModifiedDate":"2024-09-05","isFullCredit":false},{"lineNumber":9,"author":{"gitId":"tayjerom"},"content":"    @Override","lastModifiedDate":"2024-09-05","isFullCredit":false},{"lineNumber":10,"author":{"gitId":"tayjerom"},"content":"    public String toString() {","lastModifiedDate":"2024-09-05","isFullCredit":false},{"lineNumber":11,"author":{"gitId":"tayjerom"},"content":"        return \"[T]\" + super.toString();","lastModifiedDate":"2024-09-05","isFullCredit":false},{"lineNumber":12,"author":{"gitId":"tayjerom"},"content":"    }","lastModifiedDate":"2024-09-05","isFullCredit":false},{"lineNumber":13,"author":{"gitId":"tayjerom"},"content":"}","lastModifiedDate":"2024-09-05","isFullCredit":false}],"authorContributionMap":{"tayjerom":13}},{"path":"src/main/java/task/UserManual.java","fileType":"java","lines":[{"lineNumber":1,"author":{"gitId":"tayjerom"},"content":"package task;","lastModifiedDate":"2024-09-13","isFullCredit":false},{"lineNumber":2,"author":{"gitId":"tayjerom"},"content":"","lastModifiedDate":"2024-09-13","isFullCredit":false},{"lineNumber":3,"author":{"gitId":"tayjerom"},"content":"public class UserManual {","lastModifiedDate":"2024-09-13","isFullCredit":false},{"lineNumber":4,"author":{"gitId":"tayjerom"},"content":"","lastModifiedDate":"2024-09-13","isFullCredit":false},{"lineNumber":5,"author":{"gitId":"tayjerom"},"content":"    public static void printUserManual() {","lastModifiedDate":"2024-09-13","isFullCredit":false},{"lineNumber":6,"author":{"gitId":"tayjerom"},"content":"        System.out.println(\"~~~~~~~~~~~~~~~~~~~~~~~~~~~~~~~~~~~~~~~~~\");","lastModifiedDate":"2024-09-13","isFullCredit":false},{"lineNumber":7,"author":{"gitId":"tayjerom"},"content":"        System.out.println(\"                USER MANUAL              \");","lastModifiedDate":"2024-09-13","isFullCredit":false},{"lineNumber":8,"author":{"gitId":"tayjerom"},"content":"        System.out.println(\"~~~~~~~~~~~~~~~~~~~~~~~~~~~~~~~~~~~~~~~~~\");","lastModifiedDate":"2024-09-13","isFullCredit":false},{"lineNumber":9,"author":{"gitId":"tayjerom"},"content":"        System.out.println(\"Commands Available\");","lastModifiedDate":"2024-09-13","isFullCredit":false},{"lineNumber":10,"author":{"gitId":"tayjerom"},"content":"        System.out.println(\"1. [todo]: \u0027todo \u003ctasks\u003e\u0027\");","lastModifiedDate":"2024-09-13","isFullCredit":false},{"lineNumber":11,"author":{"gitId":"tayjerom"},"content":"        System.out.println(\"2. [deadline]: \u0027deadline \u003ctasks\u003e /by \u003cdate/time\u003e\");","lastModifiedDate":"2024-09-13","isFullCredit":false},{"lineNumber":12,"author":{"gitId":"tayjerom"},"content":"        System.out.println(\"3. [event]: \u0027event \u003ctasks\u003e /from \u003ctime\u003e /to \u003ctime\u003e\u0027\");","lastModifiedDate":"2024-09-13","isFullCredit":false},{"lineNumber":13,"author":{"gitId":"tayjerom"},"content":"        System.out.println(\"4. [list all tasks]: \u0027list\u0027\");","lastModifiedDate":"2024-09-13","isFullCredit":false},{"lineNumber":14,"author":{"gitId":"tayjerom"},"content":"        System.out.println(\"5. [mark task as done]: \u0027mark \u003ctask number\u003e\u0027\");","lastModifiedDate":"2024-09-13","isFullCredit":false},{"lineNumber":15,"author":{"gitId":"tayjerom"},"content":"        System.out.println(\"6. [unmark a task as not done]: \u0027unmark \u003ctask number\u003e\u0027\");","lastModifiedDate":"2024-09-13","isFullCredit":false},{"lineNumber":16,"author":{"gitId":"tayjerom"},"content":"        System.out.println(\"7. [delete task]: \u0027delete \u003ctask number\u003e\u0027\");","lastModifiedDate":"2024-09-13","isFullCredit":false},{"lineNumber":17,"author":{"gitId":"tayjerom"},"content":"        System.out.println(\"8. [exit program: \u0027bye\u0027\");","lastModifiedDate":"2024-09-13","isFullCredit":false},{"lineNumber":18,"author":{"gitId":"tayjerom"},"content":"        System.out.println(\"~~~~~~~~~~~~~~~~~~~~~~~~~~~~~~~~~~~~~~~~~\");","lastModifiedDate":"2024-09-13","isFullCredit":false},{"lineNumber":19,"author":{"gitId":"tayjerom"},"content":"    }","lastModifiedDate":"2024-09-13","isFullCredit":false},{"lineNumber":20,"author":{"gitId":"tayjerom"},"content":"}","lastModifiedDate":"2024-09-13","isFullCredit":false}],"authorContributionMap":{"tayjerom":20}}]
