[{"path":"README.md","fileType":"md","lines":[{"lineNumber":1,"author":{"gitId":"danusan-s"},"content":"# Miku ChatBot:","lastModifiedDate":"2024-08-16","isFullCredit":false},{"lineNumber":2,"author":{"gitId":"-"},"content":"","lastModifiedDate":"2020-05-25","isFullCredit":false},{"lineNumber":3,"author":{"gitId":"danusan-s"},"content":"A simple command line interface (CLI) Chat bot.","lastModifiedDate":"2024-08-16","isFullCredit":false},{"lineNumber":4,"author":{"gitId":"-"},"content":"","lastModifiedDate":"2020-05-25","isFullCredit":false},{"lineNumber":5,"author":{"gitId":"-"},"content":"```","lastModifiedDate":"2020-05-25","isFullCredit":false},{"lineNumber":6,"author":{"gitId":"-"},"content":"Hello from","lastModifiedDate":"2020-05-25","isFullCredit":false},{"lineNumber":7,"author":{"gitId":"danusan-s"},"content":" __  __   _   _            ","lastModifiedDate":"2024-08-16","isFullCredit":false},{"lineNumber":8,"author":{"gitId":"danusan-s"},"content":"|  \\/  | (_) | |           ","lastModifiedDate":"2024-08-16","isFullCredit":false},{"lineNumber":9,"author":{"gitId":"danusan-s"},"content":"| \\  / |  _  | | __  _   _","lastModifiedDate":"2024-08-16","isFullCredit":false},{"lineNumber":10,"author":{"gitId":"danusan-s"},"content":"| |\\/| | | | | |/ / | | | |","lastModifiedDate":"2024-08-16","isFullCredit":false},{"lineNumber":11,"author":{"gitId":"danusan-s"},"content":"| |  | | | | |   \u003c  | |_| |","lastModifiedDate":"2024-08-16","isFullCredit":false},{"lineNumber":12,"author":{"gitId":"danusan-s"},"content":"|_|  |_| |_| |_|\\_\\  \\__,_|","lastModifiedDate":"2024-08-16","isFullCredit":false},{"lineNumber":13,"author":{"gitId":"-"},"content":"   ```","lastModifiedDate":"2020-05-25","isFullCredit":false}],"authorContributionMap":{"danusan-s":8,"-":5}},{"path":"docs/README.md","fileType":"md","lines":[{"lineNumber":1,"author":{"gitId":"danusan-s"},"content":"# Miku User Guide","lastModifiedDate":"2024-08-16","isFullCredit":false},{"lineNumber":2,"author":{"gitId":"-"},"content":"","lastModifiedDate":"2019-07-29","isFullCredit":false},{"lineNumber":3,"author":{"gitId":"-"},"content":"// Update the title above to match the actual product name","lastModifiedDate":"2024-01-07","isFullCredit":false},{"lineNumber":4,"author":{"gitId":"-"},"content":"","lastModifiedDate":"2019-07-29","isFullCredit":false},{"lineNumber":5,"author":{"gitId":"-"},"content":"// Product screenshot goes here","lastModifiedDate":"2024-01-07","isFullCredit":false},{"lineNumber":6,"author":{"gitId":"-"},"content":"","lastModifiedDate":"2021-07-17","isFullCredit":false},{"lineNumber":7,"author":{"gitId":"-"},"content":"// Product intro goes here","lastModifiedDate":"2024-01-07","isFullCredit":false},{"lineNumber":8,"author":{"gitId":"-"},"content":"","lastModifiedDate":"2021-07-17","isFullCredit":false},{"lineNumber":9,"author":{"gitId":"-"},"content":"## Adding deadlines","lastModifiedDate":"2024-01-07","isFullCredit":false},{"lineNumber":10,"author":{"gitId":"-"},"content":"","lastModifiedDate":"2021-07-17","isFullCredit":false},{"lineNumber":11,"author":{"gitId":"-"},"content":"// Describe the action and its outcome.","lastModifiedDate":"2024-01-07","isFullCredit":false},{"lineNumber":12,"author":{"gitId":"-"},"content":"","lastModifiedDate":"2019-07-29","isFullCredit":false},{"lineNumber":13,"author":{"gitId":"-"},"content":"// Give examples of usage","lastModifiedDate":"2024-01-07","isFullCredit":false},{"lineNumber":14,"author":{"gitId":"-"},"content":"","lastModifiedDate":"2019-07-29","isFullCredit":false},{"lineNumber":15,"author":{"gitId":"-"},"content":"Example: `keyword (optional arguments)`","lastModifiedDate":"2024-01-07","isFullCredit":false},{"lineNumber":16,"author":{"gitId":"-"},"content":"","lastModifiedDate":"2019-07-29","isFullCredit":false},{"lineNumber":17,"author":{"gitId":"-"},"content":"// A description of the expected outcome goes here","lastModifiedDate":"2024-01-07","isFullCredit":false},{"lineNumber":18,"author":{"gitId":"-"},"content":"","lastModifiedDate":"2019-07-29","isFullCredit":false},{"lineNumber":19,"author":{"gitId":"-"},"content":"```","lastModifiedDate":"2024-01-07","isFullCredit":false},{"lineNumber":20,"author":{"gitId":"-"},"content":"expected output","lastModifiedDate":"2024-01-07","isFullCredit":false},{"lineNumber":21,"author":{"gitId":"-"},"content":"```","lastModifiedDate":"2024-01-07","isFullCredit":false},{"lineNumber":22,"author":{"gitId":"-"},"content":"","lastModifiedDate":"2019-07-29","isFullCredit":false},{"lineNumber":23,"author":{"gitId":"-"},"content":"## Feature ABC","lastModifiedDate":"2024-01-07","isFullCredit":false},{"lineNumber":24,"author":{"gitId":"-"},"content":"","lastModifiedDate":"2019-07-29","isFullCredit":false},{"lineNumber":25,"author":{"gitId":"-"},"content":"// Feature details","lastModifiedDate":"2024-01-07","isFullCredit":false},{"lineNumber":26,"author":{"gitId":"-"},"content":"","lastModifiedDate":"2019-07-29","isFullCredit":false},{"lineNumber":27,"author":{"gitId":"-"},"content":"","lastModifiedDate":"2021-07-17","isFullCredit":false},{"lineNumber":28,"author":{"gitId":"-"},"content":"## Feature XYZ","lastModifiedDate":"2024-01-07","isFullCredit":false},{"lineNumber":29,"author":{"gitId":"-"},"content":"","lastModifiedDate":"2024-01-07","isFullCredit":false},{"lineNumber":30,"author":{"gitId":"-"},"content":"// Feature details","lastModifiedDate":"2024-01-07","isFullCredit":false}],"authorContributionMap":{"danusan-s":1,"-":29}},{"path":"src/main/java/Deadline.java","fileType":"java","lines":[{"lineNumber":1,"author":{"gitId":"danusan-s"},"content":"public class Deadline extends Task {","lastModifiedDate":"2024-09-03","isFullCredit":false},{"lineNumber":2,"author":{"gitId":"danusan-s"},"content":"    String dueBy;","lastModifiedDate":"2024-09-03","isFullCredit":false},{"lineNumber":3,"author":{"gitId":"danusan-s"},"content":"","lastModifiedDate":"2024-09-03","isFullCredit":false},{"lineNumber":4,"author":{"gitId":"danusan-s"},"content":"    public Deadline(String taskInfo, String dueBy) {","lastModifiedDate":"2024-09-03","isFullCredit":false},{"lineNumber":5,"author":{"gitId":"danusan-s"},"content":"        super(taskInfo);","lastModifiedDate":"2024-09-03","isFullCredit":false},{"lineNumber":6,"author":{"gitId":"danusan-s"},"content":"        this.dueBy \u003d dueBy;","lastModifiedDate":"2024-09-03","isFullCredit":false},{"lineNumber":7,"author":{"gitId":"danusan-s"},"content":"    }","lastModifiedDate":"2024-09-03","isFullCredit":false},{"lineNumber":8,"author":{"gitId":"danusan-s"},"content":"","lastModifiedDate":"2024-09-03","isFullCredit":false},{"lineNumber":9,"author":{"gitId":"danusan-s"},"content":"    @Override","lastModifiedDate":"2024-09-03","isFullCredit":false},{"lineNumber":10,"author":{"gitId":"danusan-s"},"content":"    public void printTask() {","lastModifiedDate":"2024-09-03","isFullCredit":false},{"lineNumber":11,"author":{"gitId":"danusan-s"},"content":"        System.out.print(\"[D]\");","lastModifiedDate":"2024-09-03","isFullCredit":false},{"lineNumber":12,"author":{"gitId":"danusan-s"},"content":"        super.printTask();","lastModifiedDate":"2024-09-03","isFullCredit":false},{"lineNumber":13,"author":{"gitId":"danusan-s"},"content":"        System.out.println(\"(by: \" + dueBy + \")\");","lastModifiedDate":"2024-09-03","isFullCredit":false},{"lineNumber":14,"author":{"gitId":"danusan-s"},"content":"    }","lastModifiedDate":"2024-09-03","isFullCredit":false},{"lineNumber":15,"author":{"gitId":"danusan-s"},"content":"}","lastModifiedDate":"2024-09-03","isFullCredit":false}],"authorContributionMap":{"danusan-s":15}},{"path":"src/main/java/Event.java","fileType":"java","lines":[{"lineNumber":1,"author":{"gitId":"danusan-s"},"content":"public class Event extends Task {","lastModifiedDate":"2024-09-03","isFullCredit":false},{"lineNumber":2,"author":{"gitId":"danusan-s"},"content":"    private final String from;","lastModifiedDate":"2024-09-11","isFullCredit":false},{"lineNumber":3,"author":{"gitId":"danusan-s"},"content":"    private final String to;","lastModifiedDate":"2024-09-11","isFullCredit":false},{"lineNumber":4,"author":{"gitId":"danusan-s"},"content":"","lastModifiedDate":"2024-09-03","isFullCredit":false},{"lineNumber":5,"author":{"gitId":"danusan-s"},"content":"    public Event(String taskInfo, String from, String to) {","lastModifiedDate":"2024-09-03","isFullCredit":false},{"lineNumber":6,"author":{"gitId":"danusan-s"},"content":"        super(taskInfo);","lastModifiedDate":"2024-09-03","isFullCredit":false},{"lineNumber":7,"author":{"gitId":"danusan-s"},"content":"        this.from \u003d from;","lastModifiedDate":"2024-09-03","isFullCredit":false},{"lineNumber":8,"author":{"gitId":"danusan-s"},"content":"        this.to \u003d to;","lastModifiedDate":"2024-09-03","isFullCredit":false},{"lineNumber":9,"author":{"gitId":"danusan-s"},"content":"    }","lastModifiedDate":"2024-09-03","isFullCredit":false},{"lineNumber":10,"author":{"gitId":"danusan-s"},"content":"","lastModifiedDate":"2024-09-03","isFullCredit":false},{"lineNumber":11,"author":{"gitId":"danusan-s"},"content":"    @Override","lastModifiedDate":"2024-09-03","isFullCredit":false},{"lineNumber":12,"author":{"gitId":"danusan-s"},"content":"    public void printTask() {","lastModifiedDate":"2024-09-03","isFullCredit":false},{"lineNumber":13,"author":{"gitId":"danusan-s"},"content":"        System.out.print(\"[E]\");","lastModifiedDate":"2024-09-03","isFullCredit":false},{"lineNumber":14,"author":{"gitId":"danusan-s"},"content":"        super.printTask();","lastModifiedDate":"2024-09-03","isFullCredit":false},{"lineNumber":15,"author":{"gitId":"danusan-s"},"content":"        System.out.println(\"(from: \" + from + \" to: \" + to + \")\");","lastModifiedDate":"2024-09-03","isFullCredit":false},{"lineNumber":16,"author":{"gitId":"danusan-s"},"content":"    }","lastModifiedDate":"2024-09-03","isFullCredit":false},{"lineNumber":17,"author":{"gitId":"danusan-s"},"content":"}","lastModifiedDate":"2024-09-03","isFullCredit":false}],"authorContributionMap":{"danusan-s":17}},{"path":"src/main/java/Miku.java","fileType":"java","lines":[{"lineNumber":1,"author":{"gitId":"danusan-s"},"content":"import java.util.HashMap;","lastModifiedDate":"2024-09-11","isFullCredit":false},{"lineNumber":2,"author":{"gitId":"danusan-s"},"content":"import java.util.Scanner;","lastModifiedDate":"2024-08-22","isFullCredit":false},{"lineNumber":3,"author":{"gitId":"danusan-s"},"content":"","lastModifiedDate":"2024-08-22","isFullCredit":false},{"lineNumber":4,"author":{"gitId":"danusan-s"},"content":"public class Miku {","lastModifiedDate":"2024-08-16","isFullCredit":false},{"lineNumber":5,"author":{"gitId":"danusan-s"},"content":"    public static void main(String[] args) {","lastModifiedDate":"2024-08-16","isFullCredit":false},{"lineNumber":6,"author":{"gitId":"danusan-s"},"content":"        Scanner inputScanner \u003d new Scanner(System.in);","lastModifiedDate":"2024-09-03","isFullCredit":false},{"lineNumber":7,"author":{"gitId":"danusan-s"},"content":"        TaskList taskList \u003d new TaskList();","lastModifiedDate":"2024-08-22","isFullCredit":false},{"lineNumber":8,"author":{"gitId":"danusan-s"},"content":"","lastModifiedDate":"2024-08-22","isFullCredit":false},{"lineNumber":9,"author":{"gitId":"danusan-s"},"content":"        printGreeting();","lastModifiedDate":"2024-08-22","isFullCredit":false},{"lineNumber":10,"author":{"gitId":"danusan-s"},"content":"","lastModifiedDate":"2024-08-22","isFullCredit":false},{"lineNumber":11,"author":{"gitId":"danusan-s"},"content":"        String line \u003d inputScanner.nextLine();","lastModifiedDate":"2024-09-03","isFullCredit":false},{"lineNumber":12,"author":{"gitId":"danusan-s"},"content":"        printDivider();","lastModifiedDate":"2024-08-22","isFullCredit":false},{"lineNumber":13,"author":{"gitId":"danusan-s"},"content":"","lastModifiedDate":"2024-08-22","isFullCredit":false},{"lineNumber":14,"author":{"gitId":"danusan-s"},"content":"        while (!line.equals(\"bye\")) {","lastModifiedDate":"2024-08-22","isFullCredit":false},{"lineNumber":15,"author":{"gitId":"danusan-s"},"content":"            try {","lastModifiedDate":"2024-09-03","isFullCredit":false},{"lineNumber":16,"author":{"gitId":"danusan-s"},"content":"                handleInput(line, taskList);","lastModifiedDate":"2024-09-03","isFullCredit":false},{"lineNumber":17,"author":{"gitId":"danusan-s"},"content":"            } catch (Exception e) {","lastModifiedDate":"2024-09-11","isFullCredit":false},{"lineNumber":18,"author":{"gitId":"danusan-s"},"content":"                System.out.println(\"Please enter valid commands\");","lastModifiedDate":"2024-09-03","isFullCredit":false},{"lineNumber":19,"author":{"gitId":"danusan-s"},"content":"            }","lastModifiedDate":"2024-08-22","isFullCredit":false},{"lineNumber":20,"author":{"gitId":"danusan-s"},"content":"            printDivider();","lastModifiedDate":"2024-08-22","isFullCredit":false},{"lineNumber":21,"author":{"gitId":"danusan-s"},"content":"            line \u003d inputScanner.nextLine();","lastModifiedDate":"2024-09-03","isFullCredit":false},{"lineNumber":22,"author":{"gitId":"danusan-s"},"content":"            printDivider();","lastModifiedDate":"2024-08-22","isFullCredit":false},{"lineNumber":23,"author":{"gitId":"danusan-s"},"content":"        }","lastModifiedDate":"2024-08-22","isFullCredit":false},{"lineNumber":24,"author":{"gitId":"danusan-s"},"content":"","lastModifiedDate":"2024-08-22","isFullCredit":false},{"lineNumber":25,"author":{"gitId":"danusan-s"},"content":"        printGoodbye();","lastModifiedDate":"2024-09-03","isFullCredit":false},{"lineNumber":26,"author":{"gitId":"danusan-s"},"content":"","lastModifiedDate":"2024-09-03","isFullCredit":false},{"lineNumber":27,"author":{"gitId":"danusan-s"},"content":"        inputScanner.close();","lastModifiedDate":"2024-09-03","isFullCredit":false},{"lineNumber":28,"author":{"gitId":"danusan-s"},"content":"    }","lastModifiedDate":"2024-09-03","isFullCredit":false},{"lineNumber":29,"author":{"gitId":"danusan-s"},"content":"","lastModifiedDate":"2024-09-03","isFullCredit":false},{"lineNumber":30,"author":{"gitId":"danusan-s"},"content":"    private static void printGoodbye() {","lastModifiedDate":"2024-09-03","isFullCredit":false},{"lineNumber":31,"author":{"gitId":"danusan-s"},"content":"        System.out.println(\"Bye, see you later!\");","lastModifiedDate":"2024-08-22","isFullCredit":false},{"lineNumber":32,"author":{"gitId":"danusan-s"},"content":"        printDivider();","lastModifiedDate":"2024-08-22","isFullCredit":false},{"lineNumber":33,"author":{"gitId":"danusan-s"},"content":"    }","lastModifiedDate":"2024-09-03","isFullCredit":false},{"lineNumber":34,"author":{"gitId":"danusan-s"},"content":"","lastModifiedDate":"2024-08-22","isFullCredit":false},{"lineNumber":35,"author":{"gitId":"danusan-s"},"content":"    private static String[] splitCommand(String line) {","lastModifiedDate":"2024-09-03","isFullCredit":false},{"lineNumber":36,"author":{"gitId":"danusan-s"},"content":"        return line.split(\" \", 2);","lastModifiedDate":"2024-09-03","isFullCredit":false},{"lineNumber":37,"author":{"gitId":"danusan-s"},"content":"    }","lastModifiedDate":"2024-09-03","isFullCredit":false},{"lineNumber":38,"author":{"gitId":"danusan-s"},"content":"","lastModifiedDate":"2024-09-03","isFullCredit":false},{"lineNumber":39,"author":{"gitId":"danusan-s"},"content":"    private static HashMap\u003cString,String\u003e parseOptions(String line) {","lastModifiedDate":"2024-09-11","isFullCredit":false},{"lineNumber":40,"author":{"gitId":"danusan-s"},"content":"        String[] parameters \u003d line.split(\"/\");","lastModifiedDate":"2024-09-11","isFullCredit":false},{"lineNumber":41,"author":{"gitId":"danusan-s"},"content":"        HashMap\u003cString,String\u003e options \u003d new HashMap\u003c\u003e();","lastModifiedDate":"2024-09-11","isFullCredit":false},{"lineNumber":42,"author":{"gitId":"danusan-s"},"content":"        for (String parameter : parameters) {","lastModifiedDate":"2024-09-11","isFullCredit":false},{"lineNumber":43,"author":{"gitId":"danusan-s"},"content":"            String[] parts \u003d splitCommand(parameter);","lastModifiedDate":"2024-09-11","isFullCredit":false},{"lineNumber":44,"author":{"gitId":"danusan-s"},"content":"            options.put(parts[0], parts[1]);","lastModifiedDate":"2024-09-11","isFullCredit":false},{"lineNumber":45,"author":{"gitId":"danusan-s"},"content":"        }","lastModifiedDate":"2024-09-11","isFullCredit":false},{"lineNumber":46,"author":{"gitId":"danusan-s"},"content":"        return options;","lastModifiedDate":"2024-09-11","isFullCredit":false},{"lineNumber":47,"author":{"gitId":"danusan-s"},"content":"    }","lastModifiedDate":"2024-09-11","isFullCredit":false},{"lineNumber":48,"author":{"gitId":"danusan-s"},"content":"","lastModifiedDate":"2024-09-11","isFullCredit":false},{"lineNumber":49,"author":{"gitId":"danusan-s"},"content":"    private static boolean doesOptionsMapContainNull(HashMap\u003cString,String\u003e options,String[] requiredOptions) {","lastModifiedDate":"2024-09-11","isFullCredit":false},{"lineNumber":50,"author":{"gitId":"danusan-s"},"content":"        for (String option:requiredOptions){","lastModifiedDate":"2024-09-11","isFullCredit":false},{"lineNumber":51,"author":{"gitId":"danusan-s"},"content":"            if (!options.containsKey(option)){","lastModifiedDate":"2024-09-11","isFullCredit":false},{"lineNumber":52,"author":{"gitId":"danusan-s"},"content":"                return true;","lastModifiedDate":"2024-09-11","isFullCredit":false},{"lineNumber":53,"author":{"gitId":"danusan-s"},"content":"            }","lastModifiedDate":"2024-09-11","isFullCredit":false},{"lineNumber":54,"author":{"gitId":"danusan-s"},"content":"        }","lastModifiedDate":"2024-09-11","isFullCredit":false},{"lineNumber":55,"author":{"gitId":"danusan-s"},"content":"        return false;","lastModifiedDate":"2024-09-11","isFullCredit":false},{"lineNumber":56,"author":{"gitId":"danusan-s"},"content":"    }","lastModifiedDate":"2024-09-11","isFullCredit":false},{"lineNumber":57,"author":{"gitId":"danusan-s"},"content":"","lastModifiedDate":"2024-09-11","isFullCredit":false},{"lineNumber":58,"author":{"gitId":"danusan-s"},"content":"    private static void handleInput(String line, TaskList taskList) {","lastModifiedDate":"2024-09-11","isFullCredit":false},{"lineNumber":59,"author":{"gitId":"danusan-s"},"content":"        if (line.equals(\"list\")) {","lastModifiedDate":"2024-09-03","isFullCredit":false},{"lineNumber":60,"author":{"gitId":"danusan-s"},"content":"            taskList.printTaskList();","lastModifiedDate":"2024-09-03","isFullCredit":false},{"lineNumber":61,"author":{"gitId":"danusan-s"},"content":"            return;","lastModifiedDate":"2024-09-03","isFullCredit":false},{"lineNumber":62,"author":{"gitId":"danusan-s"},"content":"        }","lastModifiedDate":"2024-09-03","isFullCredit":false},{"lineNumber":63,"author":{"gitId":"danusan-s"},"content":"","lastModifiedDate":"2024-09-11","isFullCredit":false},{"lineNumber":64,"author":{"gitId":"danusan-s"},"content":"        // Split the command into one part and the options into another","lastModifiedDate":"2024-09-11","isFullCredit":false},{"lineNumber":65,"author":{"gitId":"danusan-s"},"content":"        String[] parts \u003d splitCommand(line);","lastModifiedDate":"2024-09-03","isFullCredit":false},{"lineNumber":66,"author":{"gitId":"danusan-s"},"content":"","lastModifiedDate":"2024-09-03","isFullCredit":false},{"lineNumber":67,"author":{"gitId":"danusan-s"},"content":"        // Every command other than list takes in at least one option","lastModifiedDate":"2024-09-11","isFullCredit":false},{"lineNumber":68,"author":{"gitId":"danusan-s"},"content":"        if (parts.length \u003c 2) {","lastModifiedDate":"2024-09-03","isFullCredit":false},{"lineNumber":69,"author":{"gitId":"danusan-s"},"content":"            System.out.println(\"Insufficient arguments or Invalid command\");","lastModifiedDate":"2024-09-11","isFullCredit":false},{"lineNumber":70,"author":{"gitId":"danusan-s"},"content":"            return;","lastModifiedDate":"2024-09-03","isFullCredit":false},{"lineNumber":71,"author":{"gitId":"danusan-s"},"content":"        }","lastModifiedDate":"2024-09-03","isFullCredit":false},{"lineNumber":72,"author":{"gitId":"danusan-s"},"content":"","lastModifiedDate":"2024-09-03","isFullCredit":false},{"lineNumber":73,"author":{"gitId":"danusan-s"},"content":"        HashMap\u003cString,String\u003e options \u003d parseOptions(parts[1]);","lastModifiedDate":"2024-09-11","isFullCredit":false},{"lineNumber":74,"author":{"gitId":"danusan-s"},"content":"","lastModifiedDate":"2024-09-03","isFullCredit":false},{"lineNumber":75,"author":{"gitId":"danusan-s"},"content":"        switch (parts[0]) {","lastModifiedDate":"2024-09-03","isFullCredit":false},{"lineNumber":76,"author":{"gitId":"danusan-s"},"content":"        case \"mark\":","lastModifiedDate":"2024-09-03","isFullCredit":false},{"lineNumber":77,"author":{"gitId":"danusan-s"},"content":"            taskList.attemptToMarkTask(parts[1]);","lastModifiedDate":"2024-09-11","isFullCredit":false},{"lineNumber":78,"author":{"gitId":"danusan-s"},"content":"            break;","lastModifiedDate":"2024-09-03","isFullCredit":false},{"lineNumber":79,"author":{"gitId":"danusan-s"},"content":"        case \"unmark\":","lastModifiedDate":"2024-09-03","isFullCredit":false},{"lineNumber":80,"author":{"gitId":"danusan-s"},"content":"            taskList.attemptToUnmarkTask(parts[1]);","lastModifiedDate":"2024-09-11","isFullCredit":false},{"lineNumber":81,"author":{"gitId":"danusan-s"},"content":"            break;","lastModifiedDate":"2024-09-03","isFullCredit":false},{"lineNumber":82,"author":{"gitId":"danusan-s"},"content":"        case \"todo\":","lastModifiedDate":"2024-09-03","isFullCredit":false},{"lineNumber":83,"author":{"gitId":"danusan-s"},"content":"            if (doesOptionsMapContainNull(options,new String[] {\"desc\"})) {","lastModifiedDate":"2024-09-11","isFullCredit":false},{"lineNumber":84,"author":{"gitId":"danusan-s"},"content":"                System.out.println(\"Please provide required options\");","lastModifiedDate":"2024-09-11","isFullCredit":false},{"lineNumber":85,"author":{"gitId":"danusan-s"},"content":"                break;","lastModifiedDate":"2024-09-11","isFullCredit":false},{"lineNumber":86,"author":{"gitId":"danusan-s"},"content":"            }","lastModifiedDate":"2024-09-11","isFullCredit":false},{"lineNumber":87,"author":{"gitId":"danusan-s"},"content":"            taskList.addTask(new Todo(options.get(\"desc\")));","lastModifiedDate":"2024-09-11","isFullCredit":false},{"lineNumber":88,"author":{"gitId":"danusan-s"},"content":"            break;","lastModifiedDate":"2024-09-03","isFullCredit":false},{"lineNumber":89,"author":{"gitId":"danusan-s"},"content":"        case \"deadline\":","lastModifiedDate":"2024-09-03","isFullCredit":false},{"lineNumber":90,"author":{"gitId":"danusan-s"},"content":"            if (doesOptionsMapContainNull(options,new String[] {\"desc\",\"by\"})) {","lastModifiedDate":"2024-09-11","isFullCredit":false},{"lineNumber":91,"author":{"gitId":"danusan-s"},"content":"                System.out.println(\"Please provide required options\");","lastModifiedDate":"2024-09-11","isFullCredit":false},{"lineNumber":92,"author":{"gitId":"danusan-s"},"content":"                break;","lastModifiedDate":"2024-09-11","isFullCredit":false},{"lineNumber":93,"author":{"gitId":"danusan-s"},"content":"            }","lastModifiedDate":"2024-09-11","isFullCredit":false},{"lineNumber":94,"author":{"gitId":"danusan-s"},"content":"            taskList.addTask(new Deadline(options.get(\"desc\"), options.get(\"by\")));","lastModifiedDate":"2024-09-11","isFullCredit":false},{"lineNumber":95,"author":{"gitId":"danusan-s"},"content":"            break;","lastModifiedDate":"2024-09-03","isFullCredit":false},{"lineNumber":96,"author":{"gitId":"danusan-s"},"content":"        case \"event\":","lastModifiedDate":"2024-09-03","isFullCredit":false},{"lineNumber":97,"author":{"gitId":"danusan-s"},"content":"            if (doesOptionsMapContainNull(options,new String[] {\"desc\",\"from\",\"to\"})) {","lastModifiedDate":"2024-09-11","isFullCredit":false},{"lineNumber":98,"author":{"gitId":"danusan-s"},"content":"                System.out.println(\"Please provide required options\");","lastModifiedDate":"2024-09-11","isFullCredit":false},{"lineNumber":99,"author":{"gitId":"danusan-s"},"content":"                break;","lastModifiedDate":"2024-09-11","isFullCredit":false},{"lineNumber":100,"author":{"gitId":"danusan-s"},"content":"            }","lastModifiedDate":"2024-09-11","isFullCredit":false},{"lineNumber":101,"author":{"gitId":"danusan-s"},"content":"            taskList.addTask(new Event(options.get(\"desc\"), options.get(\"from\"), options.get(\"to\")));","lastModifiedDate":"2024-09-11","isFullCredit":false},{"lineNumber":102,"author":{"gitId":"danusan-s"},"content":"            break;","lastModifiedDate":"2024-09-03","isFullCredit":false},{"lineNumber":103,"author":{"gitId":"danusan-s"},"content":"        default:","lastModifiedDate":"2024-09-03","isFullCredit":false},{"lineNumber":104,"author":{"gitId":"danusan-s"},"content":"            System.out.println(\"Invalid command\");","lastModifiedDate":"2024-09-03","isFullCredit":false},{"lineNumber":105,"author":{"gitId":"danusan-s"},"content":"            break;","lastModifiedDate":"2024-09-03","isFullCredit":false},{"lineNumber":106,"author":{"gitId":"danusan-s"},"content":"        }","lastModifiedDate":"2024-09-03","isFullCredit":false},{"lineNumber":107,"author":{"gitId":"danusan-s"},"content":"    }","lastModifiedDate":"2024-08-22","isFullCredit":false},{"lineNumber":108,"author":{"gitId":"danusan-s"},"content":"","lastModifiedDate":"2024-08-22","isFullCredit":false},{"lineNumber":109,"author":{"gitId":"danusan-s"},"content":"    /**","lastModifiedDate":"2024-08-30","isFullCredit":false},{"lineNumber":110,"author":{"gitId":"danusan-s"},"content":"     * Prints a greeting to the user","lastModifiedDate":"2024-08-30","isFullCredit":false},{"lineNumber":111,"author":{"gitId":"danusan-s"},"content":"     */","lastModifiedDate":"2024-08-30","isFullCredit":false},{"lineNumber":112,"author":{"gitId":"danusan-s"},"content":"    public static void printGreeting() {","lastModifiedDate":"2024-08-22","isFullCredit":false},{"lineNumber":113,"author":{"gitId":"danusan-s"},"content":"        String logo \u003d","lastModifiedDate":"2024-08-16","isFullCredit":false},{"lineNumber":114,"author":{"gitId":"danusan-s"},"content":"                \"\"\"","lastModifiedDate":"2024-08-16","isFullCredit":false},{"lineNumber":115,"author":{"gitId":"danusan-s"},"content":"                         __  __   _   _           \\s","lastModifiedDate":"2024-08-16","isFullCredit":false},{"lineNumber":116,"author":{"gitId":"danusan-s"},"content":"                        |  \\\\/  | (_) | |          \\s","lastModifiedDate":"2024-08-16","isFullCredit":false},{"lineNumber":117,"author":{"gitId":"danusan-s"},"content":"                        | \\\\  / |  _  | | __  _   _\\s","lastModifiedDate":"2024-08-16","isFullCredit":false},{"lineNumber":118,"author":{"gitId":"danusan-s"},"content":"                        | |\\\\/| | | | | |/ / | | | |","lastModifiedDate":"2024-08-16","isFullCredit":false},{"lineNumber":119,"author":{"gitId":"danusan-s"},"content":"                        | |  | | | | |   \u003c  | |_| |","lastModifiedDate":"2024-08-16","isFullCredit":false},{"lineNumber":120,"author":{"gitId":"danusan-s"},"content":"                        |_|  |_| |_| |_|\\\\_\\\\  \\\\__,_|","lastModifiedDate":"2024-08-16","isFullCredit":false},{"lineNumber":121,"author":{"gitId":"danusan-s"},"content":"                        \"\"\";","lastModifiedDate":"2024-08-16","isFullCredit":false},{"lineNumber":122,"author":{"gitId":"danusan-s"},"content":"        //Text to Ascii generated through https://patorjk.com/software/taag/","lastModifiedDate":"2024-08-16","isFullCredit":false},{"lineNumber":123,"author":{"gitId":"danusan-s"},"content":"        System.out.println(logo);","lastModifiedDate":"2024-08-16","isFullCredit":false},{"lineNumber":124,"author":{"gitId":"danusan-s"},"content":"","lastModifiedDate":"2024-08-16","isFullCredit":false},{"lineNumber":125,"author":{"gitId":"danusan-s"},"content":"        printDivider();","lastModifiedDate":"2024-08-16","isFullCredit":false},{"lineNumber":126,"author":{"gitId":"danusan-s"},"content":"        System.out.println(\"Hello! I\u0027m Miku\\nWhat can I do for you?\");","lastModifiedDate":"2024-08-16","isFullCredit":false},{"lineNumber":127,"author":{"gitId":"danusan-s"},"content":"        printDivider();","lastModifiedDate":"2024-08-16","isFullCredit":false},{"lineNumber":128,"author":{"gitId":"danusan-s"},"content":"    }","lastModifiedDate":"2024-08-22","isFullCredit":false},{"lineNumber":129,"author":{"gitId":"danusan-s"},"content":"","lastModifiedDate":"2024-08-22","isFullCredit":false},{"lineNumber":130,"author":{"gitId":"danusan-s"},"content":"    /**","lastModifiedDate":"2024-08-30","isFullCredit":false},{"lineNumber":131,"author":{"gitId":"danusan-s"},"content":"     * Prints a line divider consisting of _ characters","lastModifiedDate":"2024-08-30","isFullCredit":false},{"lineNumber":132,"author":{"gitId":"danusan-s"},"content":"     */","lastModifiedDate":"2024-08-30","isFullCredit":false},{"lineNumber":133,"author":{"gitId":"danusan-s"},"content":"    public static void printDivider() {","lastModifiedDate":"2024-08-22","isFullCredit":false},{"lineNumber":134,"author":{"gitId":"danusan-s"},"content":"        System.out.println(\"____________________________________________________________\");","lastModifiedDate":"2024-08-22","isFullCredit":false},{"lineNumber":135,"author":{"gitId":"danusan-s"},"content":"    }","lastModifiedDate":"2024-08-22","isFullCredit":false},{"lineNumber":136,"author":{"gitId":"danusan-s"},"content":"}","lastModifiedDate":"2024-08-16","isFullCredit":false}],"authorContributionMap":{"danusan-s":136}},{"path":"src/main/java/Task.java","fileType":"java","lines":[{"lineNumber":1,"author":{"gitId":"danusan-s"},"content":"public class Task {","lastModifiedDate":"2024-08-30","isFullCredit":false},{"lineNumber":2,"author":{"gitId":"danusan-s"},"content":"    private boolean done;","lastModifiedDate":"2024-08-30","isFullCredit":false},{"lineNumber":3,"author":{"gitId":"danusan-s"},"content":"    private final String taskInfo;","lastModifiedDate":"2024-08-30","isFullCredit":false},{"lineNumber":4,"author":{"gitId":"danusan-s"},"content":"","lastModifiedDate":"2024-08-30","isFullCredit":false},{"lineNumber":5,"author":{"gitId":"danusan-s"},"content":"    public Task(String taskInfo) {","lastModifiedDate":"2024-08-30","isFullCredit":false},{"lineNumber":6,"author":{"gitId":"danusan-s"},"content":"        this.taskInfo \u003d taskInfo;","lastModifiedDate":"2024-08-30","isFullCredit":false},{"lineNumber":7,"author":{"gitId":"danusan-s"},"content":"        done \u003d false;","lastModifiedDate":"2024-08-30","isFullCredit":false},{"lineNumber":8,"author":{"gitId":"danusan-s"},"content":"    }","lastModifiedDate":"2024-08-30","isFullCredit":false},{"lineNumber":9,"author":{"gitId":"danusan-s"},"content":"","lastModifiedDate":"2024-08-30","isFullCredit":false},{"lineNumber":10,"author":{"gitId":"danusan-s"},"content":"    public boolean getStatus() {","lastModifiedDate":"2024-08-30","isFullCredit":false},{"lineNumber":11,"author":{"gitId":"danusan-s"},"content":"        return done;","lastModifiedDate":"2024-08-30","isFullCredit":false},{"lineNumber":12,"author":{"gitId":"danusan-s"},"content":"    }","lastModifiedDate":"2024-08-30","isFullCredit":false},{"lineNumber":13,"author":{"gitId":"danusan-s"},"content":"","lastModifiedDate":"2024-08-30","isFullCredit":false},{"lineNumber":14,"author":{"gitId":"danusan-s"},"content":"    public String getInfo() {","lastModifiedDate":"2024-08-30","isFullCredit":false},{"lineNumber":15,"author":{"gitId":"danusan-s"},"content":"        return taskInfo;","lastModifiedDate":"2024-08-30","isFullCredit":false},{"lineNumber":16,"author":{"gitId":"danusan-s"},"content":"    }","lastModifiedDate":"2024-08-30","isFullCredit":false},{"lineNumber":17,"author":{"gitId":"danusan-s"},"content":"","lastModifiedDate":"2024-08-30","isFullCredit":false},{"lineNumber":18,"author":{"gitId":"danusan-s"},"content":"    public void markAsDone() {","lastModifiedDate":"2024-08-30","isFullCredit":false},{"lineNumber":19,"author":{"gitId":"danusan-s"},"content":"        done \u003d true;","lastModifiedDate":"2024-08-30","isFullCredit":false},{"lineNumber":20,"author":{"gitId":"danusan-s"},"content":"        System.out.println(\"Nice! I\u0027ve marked this task as done:\");","lastModifiedDate":"2024-08-30","isFullCredit":false},{"lineNumber":21,"author":{"gitId":"danusan-s"},"content":"        printTask();","lastModifiedDate":"2024-08-30","isFullCredit":false},{"lineNumber":22,"author":{"gitId":"danusan-s"},"content":"    }","lastModifiedDate":"2024-08-30","isFullCredit":false},{"lineNumber":23,"author":{"gitId":"danusan-s"},"content":"","lastModifiedDate":"2024-08-30","isFullCredit":false},{"lineNumber":24,"author":{"gitId":"danusan-s"},"content":"    public void markAsNotDone() {","lastModifiedDate":"2024-08-30","isFullCredit":false},{"lineNumber":25,"author":{"gitId":"danusan-s"},"content":"        done \u003d false;","lastModifiedDate":"2024-08-30","isFullCredit":false},{"lineNumber":26,"author":{"gitId":"danusan-s"},"content":"        System.out.println(\"OK, I\u0027ve marked this task as not done yet:\");","lastModifiedDate":"2024-08-30","isFullCredit":false},{"lineNumber":27,"author":{"gitId":"danusan-s"},"content":"        printTask();","lastModifiedDate":"2024-08-30","isFullCredit":false},{"lineNumber":28,"author":{"gitId":"danusan-s"},"content":"    }","lastModifiedDate":"2024-08-30","isFullCredit":false},{"lineNumber":29,"author":{"gitId":"danusan-s"},"content":"","lastModifiedDate":"2024-08-30","isFullCredit":false},{"lineNumber":30,"author":{"gitId":"danusan-s"},"content":"    public void printTask() {","lastModifiedDate":"2024-08-30","isFullCredit":false},{"lineNumber":31,"author":{"gitId":"danusan-s"},"content":"        System.out.printf(\"[%s] %s\", done ? \"X\" : \" \", taskInfo);","lastModifiedDate":"2024-09-03","isFullCredit":false},{"lineNumber":32,"author":{"gitId":"danusan-s"},"content":"    }","lastModifiedDate":"2024-08-30","isFullCredit":false},{"lineNumber":33,"author":{"gitId":"danusan-s"},"content":"","lastModifiedDate":"2024-08-30","isFullCredit":false},{"lineNumber":34,"author":{"gitId":"danusan-s"},"content":"}","lastModifiedDate":"2024-08-30","isFullCredit":false}],"authorContributionMap":{"danusan-s":34}},{"path":"src/main/java/TaskList.java","fileType":"java","lines":[{"lineNumber":1,"author":{"gitId":"danusan-s"},"content":"public class TaskList {","lastModifiedDate":"2024-08-30","isFullCredit":false},{"lineNumber":2,"author":{"gitId":"danusan-s"},"content":"    private final Task[] list;","lastModifiedDate":"2024-09-11","isFullCredit":false},{"lineNumber":3,"author":{"gitId":"danusan-s"},"content":"    private int size;","lastModifiedDate":"2024-08-30","isFullCredit":false},{"lineNumber":4,"author":{"gitId":"danusan-s"},"content":"","lastModifiedDate":"2024-08-30","isFullCredit":false},{"lineNumber":5,"author":{"gitId":"danusan-s"},"content":"    public TaskList() {","lastModifiedDate":"2024-08-30","isFullCredit":false},{"lineNumber":6,"author":{"gitId":"danusan-s"},"content":"        list \u003d new Task[100]; // Constraint given that maximum number of tasks is 100","lastModifiedDate":"2024-08-30","isFullCredit":false},{"lineNumber":7,"author":{"gitId":"danusan-s"},"content":"        size \u003d 0;","lastModifiedDate":"2024-08-30","isFullCredit":false},{"lineNumber":8,"author":{"gitId":"danusan-s"},"content":"    }","lastModifiedDate":"2024-08-30","isFullCredit":false},{"lineNumber":9,"author":{"gitId":"danusan-s"},"content":"","lastModifiedDate":"2024-08-30","isFullCredit":false},{"lineNumber":10,"author":{"gitId":"danusan-s"},"content":"    public void addTask(Task newTask) {","lastModifiedDate":"2024-09-03","isFullCredit":false},{"lineNumber":11,"author":{"gitId":"danusan-s"},"content":"        System.out.println(\"I\u0027ve added this to your list: \");","lastModifiedDate":"2024-09-03","isFullCredit":false},{"lineNumber":12,"author":{"gitId":"danusan-s"},"content":"        newTask.printTask();","lastModifiedDate":"2024-09-03","isFullCredit":false},{"lineNumber":13,"author":{"gitId":"danusan-s"},"content":"        list[size] \u003d newTask;","lastModifiedDate":"2024-08-30","isFullCredit":false},{"lineNumber":14,"author":{"gitId":"danusan-s"},"content":"        size++;","lastModifiedDate":"2024-08-30","isFullCredit":false},{"lineNumber":15,"author":{"gitId":"danusan-s"},"content":"    }","lastModifiedDate":"2024-08-30","isFullCredit":false},{"lineNumber":16,"author":{"gitId":"danusan-s"},"content":"","lastModifiedDate":"2024-08-30","isFullCredit":false},{"lineNumber":17,"author":{"gitId":"danusan-s"},"content":"    public void printTaskList() {","lastModifiedDate":"2024-08-30","isFullCredit":false},{"lineNumber":18,"author":{"gitId":"danusan-s"},"content":"        System.out.println(\"Here is your list of tasks:\");","lastModifiedDate":"2024-08-30","isFullCredit":false},{"lineNumber":19,"author":{"gitId":"danusan-s"},"content":"        for (int i \u003d 1; i \u003c\u003d size; i++) {","lastModifiedDate":"2024-08-30","isFullCredit":false},{"lineNumber":20,"author":{"gitId":"danusan-s"},"content":"            System.out.printf(\"%d. \", i);","lastModifiedDate":"2024-08-30","isFullCredit":false},{"lineNumber":21,"author":{"gitId":"danusan-s"},"content":"            list[i - 1].printTask();","lastModifiedDate":"2024-08-30","isFullCredit":false},{"lineNumber":22,"author":{"gitId":"danusan-s"},"content":"        }","lastModifiedDate":"2024-08-30","isFullCredit":false},{"lineNumber":23,"author":{"gitId":"danusan-s"},"content":"    }","lastModifiedDate":"2024-08-30","isFullCredit":false},{"lineNumber":24,"author":{"gitId":"danusan-s"},"content":"","lastModifiedDate":"2024-08-30","isFullCredit":false},{"lineNumber":25,"author":{"gitId":"danusan-s"},"content":"    public void attemptToMarkTask(String listIndex) {","lastModifiedDate":"2024-09-03","isFullCredit":false},{"lineNumber":26,"author":{"gitId":"danusan-s"},"content":"        try {","lastModifiedDate":"2024-08-30","isFullCredit":false},{"lineNumber":27,"author":{"gitId":"danusan-s"},"content":"            int index \u003d Integer.parseInt(listIndex);","lastModifiedDate":"2024-09-03","isFullCredit":false},{"lineNumber":28,"author":{"gitId":"danusan-s"},"content":"            list[index - 1].markAsDone();","lastModifiedDate":"2024-08-30","isFullCredit":false},{"lineNumber":29,"author":{"gitId":"danusan-s"},"content":"        } catch (Exception e) {","lastModifiedDate":"2024-08-30","isFullCredit":false},{"lineNumber":30,"author":{"gitId":"danusan-s"},"content":"            //Treat invalid command as a task","lastModifiedDate":"2024-08-30","isFullCredit":false},{"lineNumber":31,"author":{"gitId":"danusan-s"},"content":"            System.out.println(\"Please use a valid index\");","lastModifiedDate":"2024-09-03","isFullCredit":false},{"lineNumber":32,"author":{"gitId":"danusan-s"},"content":"        }","lastModifiedDate":"2024-08-30","isFullCredit":false},{"lineNumber":33,"author":{"gitId":"danusan-s"},"content":"    }","lastModifiedDate":"2024-08-30","isFullCredit":false},{"lineNumber":34,"author":{"gitId":"danusan-s"},"content":"","lastModifiedDate":"2024-08-30","isFullCredit":false},{"lineNumber":35,"author":{"gitId":"danusan-s"},"content":"    public void attemptToUnmarkTask(String listIndex) {","lastModifiedDate":"2024-09-03","isFullCredit":false},{"lineNumber":36,"author":{"gitId":"danusan-s"},"content":"        try {","lastModifiedDate":"2024-08-30","isFullCredit":false},{"lineNumber":37,"author":{"gitId":"danusan-s"},"content":"            int index \u003d Integer.parseInt(listIndex);","lastModifiedDate":"2024-09-03","isFullCredit":false},{"lineNumber":38,"author":{"gitId":"danusan-s"},"content":"            list[index - 1].markAsNotDone();","lastModifiedDate":"2024-08-30","isFullCredit":false},{"lineNumber":39,"author":{"gitId":"danusan-s"},"content":"        } catch (Exception e) {","lastModifiedDate":"2024-08-30","isFullCredit":false},{"lineNumber":40,"author":{"gitId":"danusan-s"},"content":"            //Treat invalid command as a task","lastModifiedDate":"2024-08-30","isFullCredit":false},{"lineNumber":41,"author":{"gitId":"danusan-s"},"content":"            System.out.println(\"Please use a valid index\");","lastModifiedDate":"2024-09-03","isFullCredit":false},{"lineNumber":42,"author":{"gitId":"danusan-s"},"content":"        }","lastModifiedDate":"2024-08-30","isFullCredit":false},{"lineNumber":43,"author":{"gitId":"danusan-s"},"content":"    }","lastModifiedDate":"2024-08-30","isFullCredit":false},{"lineNumber":44,"author":{"gitId":"danusan-s"},"content":"}","lastModifiedDate":"2024-08-30","isFullCredit":false}],"authorContributionMap":{"danusan-s":44}},{"path":"src/main/java/Todo.java","fileType":"java","lines":[{"lineNumber":1,"author":{"gitId":"danusan-s"},"content":"public class Todo extends Task {","lastModifiedDate":"2024-09-03","isFullCredit":false},{"lineNumber":2,"author":{"gitId":"danusan-s"},"content":"    public Todo(String taskInfo) {","lastModifiedDate":"2024-09-03","isFullCredit":false},{"lineNumber":3,"author":{"gitId":"danusan-s"},"content":"        super(taskInfo);","lastModifiedDate":"2024-09-03","isFullCredit":false},{"lineNumber":4,"author":{"gitId":"danusan-s"},"content":"    }","lastModifiedDate":"2024-09-03","isFullCredit":false},{"lineNumber":5,"author":{"gitId":"danusan-s"},"content":"","lastModifiedDate":"2024-09-03","isFullCredit":false},{"lineNumber":6,"author":{"gitId":"danusan-s"},"content":"    @Override","lastModifiedDate":"2024-09-03","isFullCredit":false},{"lineNumber":7,"author":{"gitId":"danusan-s"},"content":"    public void printTask() {","lastModifiedDate":"2024-09-03","isFullCredit":false},{"lineNumber":8,"author":{"gitId":"danusan-s"},"content":"        System.out.print(\"[T]\");","lastModifiedDate":"2024-09-03","isFullCredit":false},{"lineNumber":9,"author":{"gitId":"danusan-s"},"content":"        super.printTask();","lastModifiedDate":"2024-09-03","isFullCredit":false},{"lineNumber":10,"author":{"gitId":"danusan-s"},"content":"        System.out.println();","lastModifiedDate":"2024-09-03","isFullCredit":false},{"lineNumber":11,"author":{"gitId":"danusan-s"},"content":"    }","lastModifiedDate":"2024-09-03","isFullCredit":false},{"lineNumber":12,"author":{"gitId":"danusan-s"},"content":"}","lastModifiedDate":"2024-09-03","isFullCredit":false}],"authorContributionMap":{"danusan-s":12}},{"path":"text-ui-test/ACTUAL.txt","fileType":"txt","lines":[{"lineNumber":1,"author":{"gitId":"danusan-s"},"content":" __  __   _   _            ","lastModifiedDate":"2024-09-11","isFullCredit":false},{"lineNumber":2,"author":{"gitId":"danusan-s"},"content":"|  \\/  | (_) | |           ","lastModifiedDate":"2024-09-11","isFullCredit":false},{"lineNumber":3,"author":{"gitId":"danusan-s"},"content":"| \\  / |  _  | | __  _   _ ","lastModifiedDate":"2024-09-11","isFullCredit":false},{"lineNumber":4,"author":{"gitId":"danusan-s"},"content":"| |\\/| | | | | |/ / | | | |","lastModifiedDate":"2024-09-11","isFullCredit":false},{"lineNumber":5,"author":{"gitId":"danusan-s"},"content":"| |  | | | | |   \u003c  | |_| |","lastModifiedDate":"2024-09-11","isFullCredit":false},{"lineNumber":6,"author":{"gitId":"danusan-s"},"content":"|_|  |_| |_| |_|\\_\\  \\__,_|","lastModifiedDate":"2024-09-11","isFullCredit":false},{"lineNumber":7,"author":{"gitId":"danusan-s"},"content":"","lastModifiedDate":"2024-09-11","isFullCredit":false},{"lineNumber":8,"author":{"gitId":"danusan-s"},"content":"____________________________________________________________","lastModifiedDate":"2024-09-11","isFullCredit":false},{"lineNumber":9,"author":{"gitId":"danusan-s"},"content":"Hello! I\u0027m Miku","lastModifiedDate":"2024-09-11","isFullCredit":false},{"lineNumber":10,"author":{"gitId":"danusan-s"},"content":"What can I do for you?","lastModifiedDate":"2024-09-11","isFullCredit":false},{"lineNumber":11,"author":{"gitId":"danusan-s"},"content":"____________________________________________________________","lastModifiedDate":"2024-09-11","isFullCredit":false},{"lineNumber":12,"author":{"gitId":"danusan-s"},"content":"____________________________________________________________","lastModifiedDate":"2024-09-11","isFullCredit":false},{"lineNumber":13,"author":{"gitId":"danusan-s"},"content":"Bye, see you later!","lastModifiedDate":"2024-09-11","isFullCredit":false},{"lineNumber":14,"author":{"gitId":"danusan-s"},"content":"____________________________________________________________","lastModifiedDate":"2024-09-11","isFullCredit":false}],"authorContributionMap":{"danusan-s":14}},{"path":"text-ui-test/EXPECTED.txt","fileType":"txt","lines":[{"lineNumber":1,"author":{"gitId":"danusan-s"},"content":" __  __   _   _            ","lastModifiedDate":"2024-09-11","isFullCredit":false},{"lineNumber":2,"author":{"gitId":"danusan-s"},"content":"|  \\/  | (_) | |           ","lastModifiedDate":"2024-09-11","isFullCredit":false},{"lineNumber":3,"author":{"gitId":"danusan-s"},"content":"| \\  / |  _  | | __  _   _ ","lastModifiedDate":"2024-09-11","isFullCredit":false},{"lineNumber":4,"author":{"gitId":"danusan-s"},"content":"| |\\/| | | | | |/ / | | | |","lastModifiedDate":"2024-09-11","isFullCredit":false},{"lineNumber":5,"author":{"gitId":"danusan-s"},"content":"| |  | | | | |   \u003c  | |_| |","lastModifiedDate":"2024-09-11","isFullCredit":false},{"lineNumber":6,"author":{"gitId":"danusan-s"},"content":"|_|  |_| |_| |_|\\_\\  \\__,_|","lastModifiedDate":"2024-09-11","isFullCredit":false},{"lineNumber":7,"author":{"gitId":"danusan-s"},"content":"","lastModifiedDate":"2024-09-11","isFullCredit":false},{"lineNumber":8,"author":{"gitId":"danusan-s"},"content":"____________________________________________________________","lastModifiedDate":"2024-09-11","isFullCredit":false},{"lineNumber":9,"author":{"gitId":"danusan-s"},"content":"Hello! I\u0027m Miku","lastModifiedDate":"2024-09-11","isFullCredit":false},{"lineNumber":10,"author":{"gitId":"danusan-s"},"content":"What can I do for you?","lastModifiedDate":"2024-09-11","isFullCredit":false},{"lineNumber":11,"author":{"gitId":"danusan-s"},"content":"____________________________________________________________","lastModifiedDate":"2024-09-11","isFullCredit":false},{"lineNumber":12,"author":{"gitId":"danusan-s"},"content":"____________________________________________________________","lastModifiedDate":"2024-09-11","isFullCredit":false},{"lineNumber":13,"author":{"gitId":"danusan-s"},"content":"Bye, see you later!","lastModifiedDate":"2024-09-11","isFullCredit":false},{"lineNumber":14,"author":{"gitId":"danusan-s"},"content":"____________________________________________________________","lastModifiedDate":"2024-09-11","isFullCredit":false}],"authorContributionMap":{"danusan-s":14}},{"path":"text-ui-test/input.txt","fileType":"txt","lines":[{"lineNumber":1,"author":{"gitId":"danusan-s"},"content":"bye","lastModifiedDate":"2024-09-11","isFullCredit":false}],"authorContributionMap":{"danusan-s":1}},{"path":"text-ui-test/runtest.sh","fileType":"sh","lines":[{"lineNumber":1,"author":{"gitId":"-"},"content":"#!/usr/bin/env bash","lastModifiedDate":"2024-09-11","isFullCredit":false},{"lineNumber":2,"author":{"gitId":"-"},"content":"","lastModifiedDate":"2024-09-11","isFullCredit":false},{"lineNumber":3,"author":{"gitId":"-"},"content":"# create bin directory if it doesn\u0027t exist","lastModifiedDate":"2024-09-11","isFullCredit":false},{"lineNumber":4,"author":{"gitId":"-"},"content":"if [ ! -d \"../bin\" ]","lastModifiedDate":"2024-09-11","isFullCredit":false},{"lineNumber":5,"author":{"gitId":"-"},"content":"then","lastModifiedDate":"2024-09-11","isFullCredit":false},{"lineNumber":6,"author":{"gitId":"-"},"content":"    mkdir ../bin","lastModifiedDate":"2024-09-11","isFullCredit":false},{"lineNumber":7,"author":{"gitId":"-"},"content":"fi","lastModifiedDate":"2024-09-11","isFullCredit":false},{"lineNumber":8,"author":{"gitId":"-"},"content":"","lastModifiedDate":"2024-09-11","isFullCredit":false},{"lineNumber":9,"author":{"gitId":"-"},"content":"# delete output from previous run","lastModifiedDate":"2024-09-11","isFullCredit":false},{"lineNumber":10,"author":{"gitId":"danusan-s"},"content":"if [ -e \"./ACTUAL.txt\" ]","lastModifiedDate":"2024-09-11","isFullCredit":false},{"lineNumber":11,"author":{"gitId":"-"},"content":"then","lastModifiedDate":"2024-09-11","isFullCredit":false},{"lineNumber":12,"author":{"gitId":"danusan-s"},"content":"    rm ACTUAL.txt","lastModifiedDate":"2024-09-11","isFullCredit":false},{"lineNumber":13,"author":{"gitId":"-"},"content":"fi","lastModifiedDate":"2024-09-11","isFullCredit":false},{"lineNumber":14,"author":{"gitId":"-"},"content":"","lastModifiedDate":"2024-09-11","isFullCredit":false},{"lineNumber":15,"author":{"gitId":"-"},"content":"# compile the code into the bin folder, terminates if error occurred","lastModifiedDate":"2024-09-11","isFullCredit":false},{"lineNumber":16,"author":{"gitId":"-"},"content":"if ! javac -cp ../src/main/java -Xlint:none -d ../bin ../src/main/java/*.java","lastModifiedDate":"2024-09-11","isFullCredit":false},{"lineNumber":17,"author":{"gitId":"-"},"content":"then","lastModifiedDate":"2024-09-11","isFullCredit":false},{"lineNumber":18,"author":{"gitId":"-"},"content":"    echo \"********** BUILD FAILURE **********\"","lastModifiedDate":"2024-09-11","isFullCredit":false},{"lineNumber":19,"author":{"gitId":"-"},"content":"    exit 1","lastModifiedDate":"2024-09-11","isFullCredit":false},{"lineNumber":20,"author":{"gitId":"-"},"content":"fi","lastModifiedDate":"2024-09-11","isFullCredit":false},{"lineNumber":21,"author":{"gitId":"-"},"content":"","lastModifiedDate":"2024-09-11","isFullCredit":false},{"lineNumber":22,"author":{"gitId":"danusan-s"},"content":"# run the program, feed commands from input.txt file and redirect the output to the ACTUAL.txt","lastModifiedDate":"2024-09-11","isFullCredit":false},{"lineNumber":23,"author":{"gitId":"danusan-s"},"content":"java -classpath ../bin Miku \u003c input.txt \u003e ACTUAL.txt","lastModifiedDate":"2024-09-11","isFullCredit":false},{"lineNumber":24,"author":{"gitId":"-"},"content":"","lastModifiedDate":"2024-09-11","isFullCredit":false},{"lineNumber":25,"author":{"gitId":"-"},"content":"# compare the output to the expected output","lastModifiedDate":"2024-09-11","isFullCredit":false},{"lineNumber":26,"author":{"gitId":"danusan-s"},"content":"diff ACTUAL.txt EXPECTED.txt","lastModifiedDate":"2024-09-11","isFullCredit":false},{"lineNumber":27,"author":{"gitId":"-"},"content":"if [ $? -eq 0 ]","lastModifiedDate":"2024-09-11","isFullCredit":false},{"lineNumber":28,"author":{"gitId":"-"},"content":"then","lastModifiedDate":"2024-09-11","isFullCredit":false},{"lineNumber":29,"author":{"gitId":"-"},"content":"    echo \"Test result: PASSED\"","lastModifiedDate":"2024-09-11","isFullCredit":false},{"lineNumber":30,"author":{"gitId":"-"},"content":"    exit 0","lastModifiedDate":"2024-09-11","isFullCredit":false},{"lineNumber":31,"author":{"gitId":"-"},"content":"else","lastModifiedDate":"2024-09-11","isFullCredit":false},{"lineNumber":32,"author":{"gitId":"-"},"content":"    echo \"Test result: FAILED\"","lastModifiedDate":"2024-09-11","isFullCredit":false},{"lineNumber":33,"author":{"gitId":"-"},"content":"    exit 1","lastModifiedDate":"2024-09-11","isFullCredit":false},{"lineNumber":34,"author":{"gitId":"danusan-s"},"content":"fi","lastModifiedDate":"2024-09-11","isFullCredit":false},{"lineNumber":35,"author":{"gitId":"danusan-s"},"content":"","lastModifiedDate":"2024-09-11","isFullCredit":false}],"authorContributionMap":{"danusan-s":7,"-":28}}]
