[{"path":"README.md","fileType":"md","lines":[{"lineNumber":1,"author":{"gitId":"danusan-s"},"content":"# Miku ChatBot:","lastModifiedDate":"2024-08-16","isFullCredit":false},{"lineNumber":2,"author":{"gitId":"-"},"content":"","lastModifiedDate":"2020-05-25","isFullCredit":false},{"lineNumber":3,"author":{"gitId":"danusan-s"},"content":"A simple command line interface (CLI) Chat bot.","lastModifiedDate":"2024-08-16","isFullCredit":false},{"lineNumber":4,"author":{"gitId":"-"},"content":"","lastModifiedDate":"2020-05-25","isFullCredit":false},{"lineNumber":5,"author":{"gitId":"-"},"content":"```","lastModifiedDate":"2020-05-25","isFullCredit":false},{"lineNumber":6,"author":{"gitId":"-"},"content":"Hello from","lastModifiedDate":"2020-05-25","isFullCredit":false},{"lineNumber":7,"author":{"gitId":"danusan-s"},"content":" __  __   _   _            ","lastModifiedDate":"2024-08-16","isFullCredit":false},{"lineNumber":8,"author":{"gitId":"danusan-s"},"content":"|  \\/  | (_) | |           ","lastModifiedDate":"2024-08-16","isFullCredit":false},{"lineNumber":9,"author":{"gitId":"danusan-s"},"content":"| \\  / |  _  | | __  _   _","lastModifiedDate":"2024-08-16","isFullCredit":false},{"lineNumber":10,"author":{"gitId":"danusan-s"},"content":"| |\\/| | | | | |/ / | | | |","lastModifiedDate":"2024-08-16","isFullCredit":false},{"lineNumber":11,"author":{"gitId":"danusan-s"},"content":"| |  | | | | |   \u003c  | |_| |","lastModifiedDate":"2024-08-16","isFullCredit":false},{"lineNumber":12,"author":{"gitId":"danusan-s"},"content":"|_|  |_| |_| |_|\\_\\  \\__,_|","lastModifiedDate":"2024-08-16","isFullCredit":false},{"lineNumber":13,"author":{"gitId":"-"},"content":"   ```","lastModifiedDate":"2020-05-25","isFullCredit":false},{"lineNumber":14,"author":{"gitId":"danusan-s"},"content":"","lastModifiedDate":"2024-10-04","isFullCredit":false},{"lineNumber":15,"author":{"gitId":"danusan-s"},"content":"[Documentation site](https://danusan-s.github.io/ip/)","lastModifiedDate":"2024-10-04","isFullCredit":false}],"authorContributionMap":{"danusan-s":10,"-":5}},{"path":"docs/README.md","fileType":"md","lines":[{"lineNumber":1,"author":{"gitId":"danusan-s"},"content":"# Miku User Guide","lastModifiedDate":"2024-08-16","isFullCredit":false},{"lineNumber":2,"author":{"gitId":"-"},"content":"","lastModifiedDate":"2019-07-29","isFullCredit":false},{"lineNumber":3,"author":{"gitId":"danusan-s"},"content":"![Picture of Miku Greeting](/images/greeting.png)","lastModifiedDate":"2024-10-04","isFullCredit":false},{"lineNumber":4,"author":{"gitId":"-"},"content":"","lastModifiedDate":"2019-07-29","isFullCredit":false},{"lineNumber":5,"author":{"gitId":"danusan-s"},"content":"Miku is a command line chat bot that can be used for managing different types of tasks.","lastModifiedDate":"2024-10-04","isFullCredit":false},{"lineNumber":6,"author":{"gitId":"-"},"content":"","lastModifiedDate":"2021-07-17","isFullCredit":false},{"lineNumber":7,"author":{"gitId":"danusan-s"},"content":"The different types of tasks that Miku can handle are:","lastModifiedDate":"2024-10-04","isFullCredit":false},{"lineNumber":8,"author":{"gitId":"danusan-s"},"content":"1. Todo (A task with no time constraints)","lastModifiedDate":"2024-10-04","isFullCredit":false},{"lineNumber":9,"author":{"gitId":"danusan-s"},"content":"2. Deadline (A task with a due date/time)","lastModifiedDate":"2024-10-04","isFullCredit":false},{"lineNumber":10,"author":{"gitId":"danusan-s"},"content":"3. Event (A task with a start and end time)","lastModifiedDate":"2024-10-04","isFullCredit":false},{"lineNumber":11,"author":{"gitId":"-"},"content":"","lastModifiedDate":"2021-07-17","isFullCredit":false},{"lineNumber":12,"author":{"gitId":"danusan-s"},"content":"Miku is also able to store your data in a text file so that your work is not lost when you close the program.","lastModifiedDate":"2024-10-04","isFullCredit":false},{"lineNumber":13,"author":{"gitId":"-"},"content":"","lastModifiedDate":"2021-07-17","isFullCredit":false},{"lineNumber":14,"author":{"gitId":"danusan-s"},"content":"## Adding a todo task: `todo`","lastModifiedDate":"2024-10-04","isFullCredit":false},{"lineNumber":15,"author":{"gitId":"-"},"content":"","lastModifiedDate":"2019-07-29","isFullCredit":false},{"lineNumber":16,"author":{"gitId":"danusan-s"},"content":"Adds a todo task to the list.","lastModifiedDate":"2024-10-04","isFullCredit":false},{"lineNumber":17,"author":{"gitId":"-"},"content":"","lastModifiedDate":"2019-07-29","isFullCredit":false},{"lineNumber":18,"author":{"gitId":"danusan-s"},"content":"Format: `todo /desc \u003cdescription\u003e`","lastModifiedDate":"2024-10-04","isFullCredit":false},{"lineNumber":19,"author":{"gitId":"-"},"content":"","lastModifiedDate":"2019-07-29","isFullCredit":false},{"lineNumber":20,"author":{"gitId":"danusan-s"},"content":"Examples:","lastModifiedDate":"2024-10-04","isFullCredit":false},{"lineNumber":21,"author":{"gitId":"danusan-s"},"content":"- `todo /desc Go on a run`","lastModifiedDate":"2024-10-04","isFullCredit":false},{"lineNumber":22,"author":{"gitId":"danusan-s"},"content":"- `todo /desc Do the laundry`","lastModifiedDate":"2024-10-04","isFullCredit":false},{"lineNumber":23,"author":{"gitId":"-"},"content":"","lastModifiedDate":"2019-07-29","isFullCredit":false},{"lineNumber":24,"author":{"gitId":"danusan-s"},"content":"If the task was added successfully, Miku will print a message along with a task.","lastModifiedDate":"2024-10-04","isFullCredit":false},{"lineNumber":25,"author":{"gitId":"-"},"content":"","lastModifiedDate":"2019-07-29","isFullCredit":false},{"lineNumber":26,"author":{"gitId":"danusan-s"},"content":"## Adding deadlines: `deadline`","lastModifiedDate":"2024-10-04","isFullCredit":false},{"lineNumber":27,"author":{"gitId":"-"},"content":"","lastModifiedDate":"2019-07-29","isFullCredit":false},{"lineNumber":28,"author":{"gitId":"danusan-s"},"content":"Adds a deadline task to the list.","lastModifiedDate":"2024-10-04","isFullCredit":false},{"lineNumber":29,"author":{"gitId":"-"},"content":"","lastModifiedDate":"2019-07-29","isFullCredit":false},{"lineNumber":30,"author":{"gitId":"danusan-s"},"content":"Format: `deadline /desc \u003cdescription\u003e /by \u003cdueBy\u003e`","lastModifiedDate":"2024-10-04","isFullCredit":false},{"lineNumber":31,"author":{"gitId":"-"},"content":"","lastModifiedDate":"2021-07-17","isFullCredit":false},{"lineNumber":32,"author":{"gitId":"danusan-s"},"content":"Examples:","lastModifiedDate":"2024-10-04","isFullCredit":false},{"lineNumber":33,"author":{"gitId":"danusan-s"},"content":"- `deadline /desc Study for quiz /by Tonight`","lastModifiedDate":"2024-10-04","isFullCredit":false},{"lineNumber":34,"author":{"gitId":"danusan-s"},"content":"- `deadline /desc Submit documents /by Friday`","lastModifiedDate":"2024-10-04","isFullCredit":false},{"lineNumber":35,"author":{"gitId":"-"},"content":"","lastModifiedDate":"2024-01-07","isFullCredit":false},{"lineNumber":36,"author":{"gitId":"danusan-s"},"content":"If the task was added successfully, Miku will print a message along with a task.","lastModifiedDate":"2024-10-04","isFullCredit":false},{"lineNumber":37,"author":{"gitId":"danusan-s"},"content":"","lastModifiedDate":"2024-10-04","isFullCredit":false},{"lineNumber":38,"author":{"gitId":"danusan-s"},"content":"## Adding event: `event`","lastModifiedDate":"2024-10-04","isFullCredit":false},{"lineNumber":39,"author":{"gitId":"danusan-s"},"content":"","lastModifiedDate":"2024-10-04","isFullCredit":false},{"lineNumber":40,"author":{"gitId":"danusan-s"},"content":"Adds an event task to the list.","lastModifiedDate":"2024-10-04","isFullCredit":false},{"lineNumber":41,"author":{"gitId":"danusan-s"},"content":"","lastModifiedDate":"2024-10-04","isFullCredit":false},{"lineNumber":42,"author":{"gitId":"danusan-s"},"content":"Format: `event /desc \u003cdescription\u003e /by \u003cdueBy\u003e`","lastModifiedDate":"2024-10-04","isFullCredit":false},{"lineNumber":43,"author":{"gitId":"danusan-s"},"content":"","lastModifiedDate":"2024-10-04","isFullCredit":false},{"lineNumber":44,"author":{"gitId":"danusan-s"},"content":"Examples:","lastModifiedDate":"2024-10-04","isFullCredit":false},{"lineNumber":45,"author":{"gitId":"danusan-s"},"content":"- `event /desc Networks Lecture /from Monday 3:00pm /to Monday 5:00pm`","lastModifiedDate":"2024-10-04","isFullCredit":false},{"lineNumber":46,"author":{"gitId":"danusan-s"},"content":"- `event /desc Meet up with school friends /from 6:00pm /to 8:00pm`","lastModifiedDate":"2024-10-04","isFullCredit":false},{"lineNumber":47,"author":{"gitId":"danusan-s"},"content":"","lastModifiedDate":"2024-10-04","isFullCredit":false},{"lineNumber":48,"author":{"gitId":"danusan-s"},"content":"If the task was added successfully, Miku will print a message along with a task.","lastModifiedDate":"2024-10-04","isFullCredit":false},{"lineNumber":49,"author":{"gitId":"danusan-s"},"content":"","lastModifiedDate":"2024-10-04","isFullCredit":false},{"lineNumber":50,"author":{"gitId":"danusan-s"},"content":"## Listing the tasks: `list`","lastModifiedDate":"2024-10-04","isFullCredit":false},{"lineNumber":51,"author":{"gitId":"danusan-s"},"content":"","lastModifiedDate":"2024-10-04","isFullCredit":false},{"lineNumber":52,"author":{"gitId":"danusan-s"},"content":"Prints a list of all the tasks.","lastModifiedDate":"2024-10-04","isFullCredit":false},{"lineNumber":53,"author":{"gitId":"danusan-s"},"content":"","lastModifiedDate":"2024-10-04","isFullCredit":false},{"lineNumber":54,"author":{"gitId":"danusan-s"},"content":"Format: `list`","lastModifiedDate":"2024-10-04","isFullCredit":false},{"lineNumber":55,"author":{"gitId":"danusan-s"},"content":"","lastModifiedDate":"2024-10-04","isFullCredit":false},{"lineNumber":56,"author":{"gitId":"danusan-s"},"content":"If there are no tasks, Miku will print a message telling you to add some tasks.","lastModifiedDate":"2024-10-04","isFullCredit":false},{"lineNumber":57,"author":{"gitId":"danusan-s"},"content":"The tasks are printed out along with a serial number on the left which can be used as index for upcoming commands.","lastModifiedDate":"2024-10-04","isFullCredit":false},{"lineNumber":58,"author":{"gitId":"danusan-s"},"content":"","lastModifiedDate":"2024-10-04","isFullCredit":false},{"lineNumber":59,"author":{"gitId":"danusan-s"},"content":"## Finding a task: `find`","lastModifiedDate":"2024-10-04","isFullCredit":false},{"lineNumber":60,"author":{"gitId":"danusan-s"},"content":"","lastModifiedDate":"2024-10-04","isFullCredit":false},{"lineNumber":61,"author":{"gitId":"danusan-s"},"content":"Finds all the tasks containing a search term in their description.","lastModifiedDate":"2024-10-04","isFullCredit":false},{"lineNumber":62,"author":{"gitId":"danusan-s"},"content":"The search term is case insensitive.","lastModifiedDate":"2024-10-04","isFullCredit":false},{"lineNumber":63,"author":{"gitId":"danusan-s"},"content":"","lastModifiedDate":"2024-10-04","isFullCredit":false},{"lineNumber":64,"author":{"gitId":"danusan-s"},"content":"Format: `find \u003csearch_term\u003e`","lastModifiedDate":"2024-10-04","isFullCredit":false},{"lineNumber":65,"author":{"gitId":"danusan-s"},"content":"","lastModifiedDate":"2024-10-04","isFullCredit":false},{"lineNumber":66,"author":{"gitId":"danusan-s"},"content":"Examples:","lastModifiedDate":"2024-10-04","isFullCredit":false},{"lineNumber":67,"author":{"gitId":"danusan-s"},"content":"- `find lecture`","lastModifiedDate":"2024-10-04","isFullCredit":false},{"lineNumber":68,"author":{"gitId":"danusan-s"},"content":"- `find quiz`","lastModifiedDate":"2024-10-04","isFullCredit":false},{"lineNumber":69,"author":{"gitId":"danusan-s"},"content":"","lastModifiedDate":"2024-10-04","isFullCredit":false},{"lineNumber":70,"author":{"gitId":"danusan-s"},"content":"## Marking a task: `mark`","lastModifiedDate":"2024-10-04","isFullCredit":false},{"lineNumber":71,"author":{"gitId":"danusan-s"},"content":"","lastModifiedDate":"2024-10-04","isFullCredit":false},{"lineNumber":72,"author":{"gitId":"danusan-s"},"content":"Marks a task at a specified index (1-based indexing) as done or completed.","lastModifiedDate":"2024-10-04","isFullCredit":false},{"lineNumber":73,"author":{"gitId":"danusan-s"},"content":"","lastModifiedDate":"2024-10-04","isFullCredit":false},{"lineNumber":74,"author":{"gitId":"danusan-s"},"content":"Format: `mark \u003cindex\u003e`","lastModifiedDate":"2024-10-04","isFullCredit":false},{"lineNumber":75,"author":{"gitId":"danusan-s"},"content":"","lastModifiedDate":"2024-10-04","isFullCredit":false},{"lineNumber":76,"author":{"gitId":"danusan-s"},"content":"Examples:","lastModifiedDate":"2024-10-04","isFullCredit":false},{"lineNumber":77,"author":{"gitId":"danusan-s"},"content":"- `mark 1`","lastModifiedDate":"2024-10-04","isFullCredit":false},{"lineNumber":78,"author":{"gitId":"danusan-s"},"content":"- `mark 2`","lastModifiedDate":"2024-10-04","isFullCredit":false},{"lineNumber":79,"author":{"gitId":"danusan-s"},"content":"","lastModifiedDate":"2024-10-04","isFullCredit":false},{"lineNumber":80,"author":{"gitId":"danusan-s"},"content":"If the index is out of bounds, Miku print a message asking you to specify a valid index.","lastModifiedDate":"2024-10-04","isFullCredit":false},{"lineNumber":81,"author":{"gitId":"danusan-s"},"content":"If the index is valid, the task is marked and a message along with the marked task is printed.","lastModifiedDate":"2024-10-04","isFullCredit":false},{"lineNumber":82,"author":{"gitId":"danusan-s"},"content":"","lastModifiedDate":"2024-10-04","isFullCredit":false},{"lineNumber":83,"author":{"gitId":"danusan-s"},"content":"## Unmarking a task: `unmark`","lastModifiedDate":"2024-10-04","isFullCredit":false},{"lineNumber":84,"author":{"gitId":"danusan-s"},"content":"","lastModifiedDate":"2024-10-04","isFullCredit":false},{"lineNumber":85,"author":{"gitId":"danusan-s"},"content":"Unmarks a task at a specified index (1-based indexing).","lastModifiedDate":"2024-10-04","isFullCredit":false},{"lineNumber":86,"author":{"gitId":"danusan-s"},"content":"","lastModifiedDate":"2024-10-04","isFullCredit":false},{"lineNumber":87,"author":{"gitId":"danusan-s"},"content":"Format: `unmark \u003cindex\u003e`","lastModifiedDate":"2024-10-04","isFullCredit":false},{"lineNumber":88,"author":{"gitId":"danusan-s"},"content":"","lastModifiedDate":"2024-10-04","isFullCredit":false},{"lineNumber":89,"author":{"gitId":"danusan-s"},"content":"Examples:","lastModifiedDate":"2024-10-04","isFullCredit":false},{"lineNumber":90,"author":{"gitId":"danusan-s"},"content":"- `unmark 1`","lastModifiedDate":"2024-10-04","isFullCredit":false},{"lineNumber":91,"author":{"gitId":"danusan-s"},"content":"- `unmark 2`","lastModifiedDate":"2024-10-04","isFullCredit":false},{"lineNumber":92,"author":{"gitId":"danusan-s"},"content":"","lastModifiedDate":"2024-10-04","isFullCredit":false},{"lineNumber":93,"author":{"gitId":"danusan-s"},"content":"If the index is out of bounds, Miku print a message asking you to specify a valid index.","lastModifiedDate":"2024-10-04","isFullCredit":false},{"lineNumber":94,"author":{"gitId":"danusan-s"},"content":"If the index is valid, the task is unmarked and a message along with the unmarked task is printed.","lastModifiedDate":"2024-10-04","isFullCredit":false},{"lineNumber":95,"author":{"gitId":"danusan-s"},"content":"","lastModifiedDate":"2024-10-04","isFullCredit":false},{"lineNumber":96,"author":{"gitId":"danusan-s"},"content":"## Deleting a task: `delete`","lastModifiedDate":"2024-10-04","isFullCredit":false},{"lineNumber":97,"author":{"gitId":"danusan-s"},"content":"","lastModifiedDate":"2024-10-04","isFullCredit":false},{"lineNumber":98,"author":{"gitId":"danusan-s"},"content":"Deletes a task at a specified index (1-based indexing).","lastModifiedDate":"2024-10-04","isFullCredit":false},{"lineNumber":99,"author":{"gitId":"danusan-s"},"content":"","lastModifiedDate":"2024-10-04","isFullCredit":false},{"lineNumber":100,"author":{"gitId":"danusan-s"},"content":"Format: `delete \u003cindex\u003e`","lastModifiedDate":"2024-10-04","isFullCredit":false},{"lineNumber":101,"author":{"gitId":"danusan-s"},"content":"","lastModifiedDate":"2024-10-04","isFullCredit":false},{"lineNumber":102,"author":{"gitId":"danusan-s"},"content":"Examples:","lastModifiedDate":"2024-10-04","isFullCredit":false},{"lineNumber":103,"author":{"gitId":"danusan-s"},"content":"- `delete 1`","lastModifiedDate":"2024-10-04","isFullCredit":false},{"lineNumber":104,"author":{"gitId":"danusan-s"},"content":"- `delete 2`","lastModifiedDate":"2024-10-04","isFullCredit":false},{"lineNumber":105,"author":{"gitId":"danusan-s"},"content":"","lastModifiedDate":"2024-10-04","isFullCredit":false},{"lineNumber":106,"author":{"gitId":"danusan-s"},"content":"If the index is out of bounds, Miku print a message asking you to specify a valid index.","lastModifiedDate":"2024-10-04","isFullCredit":false},{"lineNumber":107,"author":{"gitId":"danusan-s"},"content":"If the index is valid, the task is removed and a message along with the removed task is printed.","lastModifiedDate":"2024-10-04","isFullCredit":false}],"authorContributionMap":{"danusan-s":93,"-":14}},{"path":"src/main/java/Deadline.java","fileType":"java","lines":[{"lineNumber":1,"author":{"gitId":"danusan-s"},"content":"public class Deadline extends Task {","lastModifiedDate":"2024-09-03","isFullCredit":false},{"lineNumber":2,"author":{"gitId":"danusan-s"},"content":"    String dueBy;","lastModifiedDate":"2024-09-03","isFullCredit":false},{"lineNumber":3,"author":{"gitId":"danusan-s"},"content":"","lastModifiedDate":"2024-09-03","isFullCredit":false},{"lineNumber":4,"author":{"gitId":"danusan-s"},"content":"    public Deadline(String taskInfo, String dueBy) {","lastModifiedDate":"2024-09-03","isFullCredit":false},{"lineNumber":5,"author":{"gitId":"danusan-s"},"content":"        super(taskInfo);","lastModifiedDate":"2024-09-03","isFullCredit":false},{"lineNumber":6,"author":{"gitId":"danusan-s"},"content":"        this.dueBy \u003d dueBy;","lastModifiedDate":"2024-09-03","isFullCredit":false},{"lineNumber":7,"author":{"gitId":"danusan-s"},"content":"    }","lastModifiedDate":"2024-09-03","isFullCredit":false},{"lineNumber":8,"author":{"gitId":"danusan-s"},"content":"","lastModifiedDate":"2024-09-03","isFullCredit":false},{"lineNumber":9,"author":{"gitId":"danusan-s"},"content":"    @Override","lastModifiedDate":"2024-09-03","isFullCredit":false},{"lineNumber":10,"author":{"gitId":"danusan-s"},"content":"    public void printTask() {","lastModifiedDate":"2024-09-03","isFullCredit":false},{"lineNumber":11,"author":{"gitId":"danusan-s"},"content":"        System.out.print(\"[D]\");","lastModifiedDate":"2024-09-03","isFullCredit":false},{"lineNumber":12,"author":{"gitId":"danusan-s"},"content":"        super.printTask();","lastModifiedDate":"2024-09-03","isFullCredit":false},{"lineNumber":13,"author":{"gitId":"danusan-s"},"content":"        System.out.println(\"(by: \" + dueBy + \")\");","lastModifiedDate":"2024-09-03","isFullCredit":false},{"lineNumber":14,"author":{"gitId":"danusan-s"},"content":"    }","lastModifiedDate":"2024-09-03","isFullCredit":false},{"lineNumber":15,"author":{"gitId":"danusan-s"},"content":"","lastModifiedDate":"2024-10-03","isFullCredit":false},{"lineNumber":16,"author":{"gitId":"danusan-s"},"content":"    @Override","lastModifiedDate":"2024-10-02","isFullCredit":false},{"lineNumber":17,"author":{"gitId":"danusan-s"},"content":"    public String convertToSaveFormat() {","lastModifiedDate":"2024-10-02","isFullCredit":false},{"lineNumber":18,"author":{"gitId":"danusan-s"},"content":"        return \"D | \" + super.convertToSaveFormat() + \" | \" + dueBy;","lastModifiedDate":"2024-10-02","isFullCredit":false},{"lineNumber":19,"author":{"gitId":"danusan-s"},"content":"    }","lastModifiedDate":"2024-10-02","isFullCredit":false},{"lineNumber":20,"author":{"gitId":"danusan-s"},"content":"}","lastModifiedDate":"2024-09-03","isFullCredit":false}],"authorContributionMap":{"danusan-s":20}},{"path":"src/main/java/Event.java","fileType":"java","lines":[{"lineNumber":1,"author":{"gitId":"danusan-s"},"content":"public class Event extends Task {","lastModifiedDate":"2024-09-03","isFullCredit":false},{"lineNumber":2,"author":{"gitId":"danusan-s"},"content":"    private final String from;","lastModifiedDate":"2024-09-11","isFullCredit":false},{"lineNumber":3,"author":{"gitId":"danusan-s"},"content":"    private final String to;","lastModifiedDate":"2024-09-11","isFullCredit":false},{"lineNumber":4,"author":{"gitId":"danusan-s"},"content":"","lastModifiedDate":"2024-09-03","isFullCredit":false},{"lineNumber":5,"author":{"gitId":"danusan-s"},"content":"    public Event(String taskInfo, String from, String to) {","lastModifiedDate":"2024-09-03","isFullCredit":false},{"lineNumber":6,"author":{"gitId":"danusan-s"},"content":"        super(taskInfo);","lastModifiedDate":"2024-09-03","isFullCredit":false},{"lineNumber":7,"author":{"gitId":"danusan-s"},"content":"        this.from \u003d from;","lastModifiedDate":"2024-09-03","isFullCredit":false},{"lineNumber":8,"author":{"gitId":"danusan-s"},"content":"        this.to \u003d to;","lastModifiedDate":"2024-09-03","isFullCredit":false},{"lineNumber":9,"author":{"gitId":"danusan-s"},"content":"    }","lastModifiedDate":"2024-09-03","isFullCredit":false},{"lineNumber":10,"author":{"gitId":"danusan-s"},"content":"","lastModifiedDate":"2024-09-03","isFullCredit":false},{"lineNumber":11,"author":{"gitId":"danusan-s"},"content":"    @Override","lastModifiedDate":"2024-09-03","isFullCredit":false},{"lineNumber":12,"author":{"gitId":"danusan-s"},"content":"    public void printTask() {","lastModifiedDate":"2024-09-03","isFullCredit":false},{"lineNumber":13,"author":{"gitId":"danusan-s"},"content":"        System.out.print(\"[E]\");","lastModifiedDate":"2024-09-03","isFullCredit":false},{"lineNumber":14,"author":{"gitId":"danusan-s"},"content":"        super.printTask();","lastModifiedDate":"2024-09-03","isFullCredit":false},{"lineNumber":15,"author":{"gitId":"danusan-s"},"content":"        System.out.println(\"(from: \" + from + \" to: \" + to + \")\");","lastModifiedDate":"2024-09-03","isFullCredit":false},{"lineNumber":16,"author":{"gitId":"danusan-s"},"content":"    }","lastModifiedDate":"2024-09-03","isFullCredit":false},{"lineNumber":17,"author":{"gitId":"danusan-s"},"content":"","lastModifiedDate":"2024-10-02","isFullCredit":false},{"lineNumber":18,"author":{"gitId":"danusan-s"},"content":"    @Override","lastModifiedDate":"2024-10-02","isFullCredit":false},{"lineNumber":19,"author":{"gitId":"danusan-s"},"content":"    public String convertToSaveFormat() {","lastModifiedDate":"2024-10-02","isFullCredit":false},{"lineNumber":20,"author":{"gitId":"danusan-s"},"content":"        return \"E | \" + super.convertToSaveFormat() + \" | \" + from + \" | \" + to;","lastModifiedDate":"2024-10-02","isFullCredit":false},{"lineNumber":21,"author":{"gitId":"danusan-s"},"content":"    }","lastModifiedDate":"2024-10-02","isFullCredit":false},{"lineNumber":22,"author":{"gitId":"danusan-s"},"content":"}","lastModifiedDate":"2024-09-03","isFullCredit":false}],"authorContributionMap":{"danusan-s":22}},{"path":"src/main/java/InputParser.java","fileType":"java","lines":[{"lineNumber":1,"author":{"gitId":"danusan-s"},"content":"import java.util.Arrays;","lastModifiedDate":"2024-10-03","isFullCredit":false},{"lineNumber":2,"author":{"gitId":"danusan-s"},"content":"import java.util.HashMap;","lastModifiedDate":"2024-10-03","isFullCredit":false},{"lineNumber":3,"author":{"gitId":"danusan-s"},"content":"","lastModifiedDate":"2024-10-03","isFullCredit":false},{"lineNumber":4,"author":{"gitId":"danusan-s"},"content":"public class InputParser {","lastModifiedDate":"2024-10-03","isFullCredit":false},{"lineNumber":5,"author":{"gitId":"danusan-s"},"content":"    private static final String[] TODO_REQUIRED_OPTIONS \u003d {\"desc\"};","lastModifiedDate":"2024-10-03","isFullCredit":false},{"lineNumber":6,"author":{"gitId":"danusan-s"},"content":"    private static final String[] DEADLINE_REQUIRED_OPTIONS \u003d {\"desc\", \"by\"};","lastModifiedDate":"2024-10-03","isFullCredit":false},{"lineNumber":7,"author":{"gitId":"danusan-s"},"content":"    private static final String[] EVENT_REQUIRED_OPTIONS \u003d {\"desc\", \"from\", \"to\"};","lastModifiedDate":"2024-10-03","isFullCredit":false},{"lineNumber":8,"author":{"gitId":"danusan-s"},"content":"","lastModifiedDate":"2024-10-03","isFullCredit":false},{"lineNumber":9,"author":{"gitId":"danusan-s"},"content":"    private String[] splitCommand(String line) {","lastModifiedDate":"2024-10-03","isFullCredit":false},{"lineNumber":10,"author":{"gitId":"danusan-s"},"content":"        return line.split(\" \", 2);","lastModifiedDate":"2024-10-03","isFullCredit":false},{"lineNumber":11,"author":{"gitId":"danusan-s"},"content":"    }","lastModifiedDate":"2024-10-03","isFullCredit":false},{"lineNumber":12,"author":{"gitId":"danusan-s"},"content":"","lastModifiedDate":"2024-10-03","isFullCredit":false},{"lineNumber":13,"author":{"gitId":"danusan-s"},"content":"    private HashMap\u003cString, String\u003e parseOptions(String line) {","lastModifiedDate":"2024-10-03","isFullCredit":false},{"lineNumber":14,"author":{"gitId":"danusan-s"},"content":"        if (!line.contains(\"/\")) {","lastModifiedDate":"2024-10-03","isFullCredit":false},{"lineNumber":15,"author":{"gitId":"danusan-s"},"content":"            return new HashMap\u003c\u003e();","lastModifiedDate":"2024-10-03","isFullCredit":false},{"lineNumber":16,"author":{"gitId":"danusan-s"},"content":"        }","lastModifiedDate":"2024-10-03","isFullCredit":false},{"lineNumber":17,"author":{"gitId":"danusan-s"},"content":"        String[] parameters \u003d line.split(\"/\");","lastModifiedDate":"2024-10-03","isFullCredit":false},{"lineNumber":18,"author":{"gitId":"danusan-s"},"content":"        HashMap\u003cString, String\u003e options \u003d new HashMap\u003c\u003e();","lastModifiedDate":"2024-10-03","isFullCredit":false},{"lineNumber":19,"author":{"gitId":"danusan-s"},"content":"        for (String parameter : parameters) {","lastModifiedDate":"2024-10-03","isFullCredit":false},{"lineNumber":20,"author":{"gitId":"danusan-s"},"content":"            if (parameter.isEmpty()) {","lastModifiedDate":"2024-10-03","isFullCredit":false},{"lineNumber":21,"author":{"gitId":"danusan-s"},"content":"                continue;","lastModifiedDate":"2024-10-03","isFullCredit":false},{"lineNumber":22,"author":{"gitId":"danusan-s"},"content":"            }","lastModifiedDate":"2024-10-03","isFullCredit":false},{"lineNumber":23,"author":{"gitId":"danusan-s"},"content":"            String[] parts \u003d splitCommand(parameter);","lastModifiedDate":"2024-10-03","isFullCredit":false},{"lineNumber":24,"author":{"gitId":"danusan-s"},"content":"            options.put(parts[0], parts[1]);","lastModifiedDate":"2024-10-03","isFullCredit":false},{"lineNumber":25,"author":{"gitId":"danusan-s"},"content":"        }","lastModifiedDate":"2024-10-03","isFullCredit":false},{"lineNumber":26,"author":{"gitId":"danusan-s"},"content":"        return options;","lastModifiedDate":"2024-10-03","isFullCredit":false},{"lineNumber":27,"author":{"gitId":"danusan-s"},"content":"    }","lastModifiedDate":"2024-10-03","isFullCredit":false},{"lineNumber":28,"author":{"gitId":"danusan-s"},"content":"","lastModifiedDate":"2024-10-03","isFullCredit":false},{"lineNumber":29,"author":{"gitId":"danusan-s"},"content":"    private boolean doesOptionsMapContainNull(HashMap\u003cString, String\u003e options, String[] requiredOptions) {","lastModifiedDate":"2024-10-03","isFullCredit":false},{"lineNumber":30,"author":{"gitId":"danusan-s"},"content":"        for (String option : requiredOptions) {","lastModifiedDate":"2024-10-03","isFullCredit":false},{"lineNumber":31,"author":{"gitId":"danusan-s"},"content":"            if (!options.containsKey(option)) {","lastModifiedDate":"2024-10-03","isFullCredit":false},{"lineNumber":32,"author":{"gitId":"danusan-s"},"content":"                return true;","lastModifiedDate":"2024-10-03","isFullCredit":false},{"lineNumber":33,"author":{"gitId":"danusan-s"},"content":"            }","lastModifiedDate":"2024-10-03","isFullCredit":false},{"lineNumber":34,"author":{"gitId":"danusan-s"},"content":"        }","lastModifiedDate":"2024-10-03","isFullCredit":false},{"lineNumber":35,"author":{"gitId":"danusan-s"},"content":"        return false;","lastModifiedDate":"2024-10-03","isFullCredit":false},{"lineNumber":36,"author":{"gitId":"danusan-s"},"content":"    }","lastModifiedDate":"2024-10-03","isFullCredit":false},{"lineNumber":37,"author":{"gitId":"danusan-s"},"content":"","lastModifiedDate":"2024-10-03","isFullCredit":false},{"lineNumber":38,"author":{"gitId":"danusan-s"},"content":"    public void handleInput(String line, TaskList taskList) {","lastModifiedDate":"2024-10-03","isFullCredit":false},{"lineNumber":39,"author":{"gitId":"danusan-s"},"content":"        if (line.equals(\"bye\")) {","lastModifiedDate":"2024-10-03","isFullCredit":false},{"lineNumber":40,"author":{"gitId":"danusan-s"},"content":"            return;","lastModifiedDate":"2024-10-03","isFullCredit":false},{"lineNumber":41,"author":{"gitId":"danusan-s"},"content":"        }","lastModifiedDate":"2024-10-03","isFullCredit":false},{"lineNumber":42,"author":{"gitId":"danusan-s"},"content":"        if (line.equals(\"list\")) {","lastModifiedDate":"2024-10-03","isFullCredit":false},{"lineNumber":43,"author":{"gitId":"danusan-s"},"content":"            taskList.printTaskList();","lastModifiedDate":"2024-10-03","isFullCredit":false},{"lineNumber":44,"author":{"gitId":"danusan-s"},"content":"            return;","lastModifiedDate":"2024-10-03","isFullCredit":false},{"lineNumber":45,"author":{"gitId":"danusan-s"},"content":"        }","lastModifiedDate":"2024-10-03","isFullCredit":false},{"lineNumber":46,"author":{"gitId":"danusan-s"},"content":"","lastModifiedDate":"2024-10-03","isFullCredit":false},{"lineNumber":47,"author":{"gitId":"danusan-s"},"content":"        // Split the command into one part and the options into another","lastModifiedDate":"2024-10-03","isFullCredit":false},{"lineNumber":48,"author":{"gitId":"danusan-s"},"content":"        String[] parts \u003d splitCommand(line);","lastModifiedDate":"2024-10-03","isFullCredit":false},{"lineNumber":49,"author":{"gitId":"danusan-s"},"content":"","lastModifiedDate":"2024-10-03","isFullCredit":false},{"lineNumber":50,"author":{"gitId":"danusan-s"},"content":"        // Every command other than list takes in at least one option","lastModifiedDate":"2024-10-03","isFullCredit":false},{"lineNumber":51,"author":{"gitId":"danusan-s"},"content":"        if (parts.length \u003c 2) {","lastModifiedDate":"2024-10-03","isFullCredit":false},{"lineNumber":52,"author":{"gitId":"danusan-s"},"content":"            System.out.println(\"Insufficient arguments or Invalid command\");","lastModifiedDate":"2024-10-03","isFullCredit":false},{"lineNumber":53,"author":{"gitId":"danusan-s"},"content":"            return;","lastModifiedDate":"2024-10-03","isFullCredit":false},{"lineNumber":54,"author":{"gitId":"danusan-s"},"content":"        }","lastModifiedDate":"2024-10-03","isFullCredit":false},{"lineNumber":55,"author":{"gitId":"danusan-s"},"content":"        HashMap\u003cString, String\u003e options \u003d parseOptions(parts[1]);","lastModifiedDate":"2024-10-03","isFullCredit":false},{"lineNumber":56,"author":{"gitId":"danusan-s"},"content":"","lastModifiedDate":"2024-10-03","isFullCredit":false},{"lineNumber":57,"author":{"gitId":"danusan-s"},"content":"        switch (parts[0]) {","lastModifiedDate":"2024-10-03","isFullCredit":false},{"lineNumber":58,"author":{"gitId":"danusan-s"},"content":"        case \"mark\":","lastModifiedDate":"2024-10-03","isFullCredit":false},{"lineNumber":59,"author":{"gitId":"danusan-s"},"content":"            taskList.attemptToMarkTask(parts[1]);","lastModifiedDate":"2024-10-03","isFullCredit":false},{"lineNumber":60,"author":{"gitId":"danusan-s"},"content":"            break;","lastModifiedDate":"2024-10-03","isFullCredit":false},{"lineNumber":61,"author":{"gitId":"danusan-s"},"content":"        case \"unmark\":","lastModifiedDate":"2024-10-03","isFullCredit":false},{"lineNumber":62,"author":{"gitId":"danusan-s"},"content":"            taskList.attemptToUnmarkTask(parts[1]);","lastModifiedDate":"2024-10-03","isFullCredit":false},{"lineNumber":63,"author":{"gitId":"danusan-s"},"content":"            break;","lastModifiedDate":"2024-10-03","isFullCredit":false},{"lineNumber":64,"author":{"gitId":"danusan-s"},"content":"        case \"delete\":","lastModifiedDate":"2024-10-03","isFullCredit":false},{"lineNumber":65,"author":{"gitId":"danusan-s"},"content":"            taskList.attemptToDelete(parts[1]);","lastModifiedDate":"2024-10-03","isFullCredit":false},{"lineNumber":66,"author":{"gitId":"danusan-s"},"content":"            break;","lastModifiedDate":"2024-10-03","isFullCredit":false},{"lineNumber":67,"author":{"gitId":"danusan-s"},"content":"        case \"find\":","lastModifiedDate":"2024-10-03","isFullCredit":false},{"lineNumber":68,"author":{"gitId":"danusan-s"},"content":"            taskList.searchTasks(parts[1]);","lastModifiedDate":"2024-10-03","isFullCredit":false},{"lineNumber":69,"author":{"gitId":"danusan-s"},"content":"            break;","lastModifiedDate":"2024-10-03","isFullCredit":false},{"lineNumber":70,"author":{"gitId":"danusan-s"},"content":"        case \"todo\":","lastModifiedDate":"2024-10-03","isFullCredit":false},{"lineNumber":71,"author":{"gitId":"danusan-s"},"content":"            if (doesOptionsMapContainNull(options, TODO_REQUIRED_OPTIONS)) {","lastModifiedDate":"2024-10-03","isFullCredit":false},{"lineNumber":72,"author":{"gitId":"danusan-s"},"content":"                System.out.println(\"Please provide required options: \" + Arrays.toString(TODO_REQUIRED_OPTIONS));","lastModifiedDate":"2024-10-03","isFullCredit":false},{"lineNumber":73,"author":{"gitId":"danusan-s"},"content":"                break;","lastModifiedDate":"2024-10-03","isFullCredit":false},{"lineNumber":74,"author":{"gitId":"danusan-s"},"content":"            }","lastModifiedDate":"2024-10-03","isFullCredit":false},{"lineNumber":75,"author":{"gitId":"danusan-s"},"content":"            taskList.addTask(new Todo(options.get(\"desc\")));","lastModifiedDate":"2024-10-03","isFullCredit":false},{"lineNumber":76,"author":{"gitId":"danusan-s"},"content":"            break;","lastModifiedDate":"2024-10-03","isFullCredit":false},{"lineNumber":77,"author":{"gitId":"danusan-s"},"content":"        case \"deadline\":","lastModifiedDate":"2024-10-03","isFullCredit":false},{"lineNumber":78,"author":{"gitId":"danusan-s"},"content":"            if (doesOptionsMapContainNull(options, DEADLINE_REQUIRED_OPTIONS)) {","lastModifiedDate":"2024-10-03","isFullCredit":false},{"lineNumber":79,"author":{"gitId":"danusan-s"},"content":"                System.out.println(\"Please provide required options: \" + Arrays.toString(DEADLINE_REQUIRED_OPTIONS));","lastModifiedDate":"2024-10-03","isFullCredit":false},{"lineNumber":80,"author":{"gitId":"danusan-s"},"content":"                break;","lastModifiedDate":"2024-10-03","isFullCredit":false},{"lineNumber":81,"author":{"gitId":"danusan-s"},"content":"            }","lastModifiedDate":"2024-10-03","isFullCredit":false},{"lineNumber":82,"author":{"gitId":"danusan-s"},"content":"            taskList.addTask(new Deadline(options.get(\"desc\"), options.get(\"by\")));","lastModifiedDate":"2024-10-03","isFullCredit":false},{"lineNumber":83,"author":{"gitId":"danusan-s"},"content":"            break;","lastModifiedDate":"2024-10-03","isFullCredit":false},{"lineNumber":84,"author":{"gitId":"danusan-s"},"content":"        case \"event\":","lastModifiedDate":"2024-10-03","isFullCredit":false},{"lineNumber":85,"author":{"gitId":"danusan-s"},"content":"            if (doesOptionsMapContainNull(options, EVENT_REQUIRED_OPTIONS)) {","lastModifiedDate":"2024-10-03","isFullCredit":false},{"lineNumber":86,"author":{"gitId":"danusan-s"},"content":"                System.out.println(\"Please provide required options: \" + Arrays.toString(EVENT_REQUIRED_OPTIONS));","lastModifiedDate":"2024-10-03","isFullCredit":false},{"lineNumber":87,"author":{"gitId":"danusan-s"},"content":"                break;","lastModifiedDate":"2024-10-03","isFullCredit":false},{"lineNumber":88,"author":{"gitId":"danusan-s"},"content":"            }","lastModifiedDate":"2024-10-03","isFullCredit":false},{"lineNumber":89,"author":{"gitId":"danusan-s"},"content":"            taskList.addTask(new Event(options.get(\"desc\"), options.get(\"from\"), options.get(\"to\")));","lastModifiedDate":"2024-10-03","isFullCredit":false},{"lineNumber":90,"author":{"gitId":"danusan-s"},"content":"            break;","lastModifiedDate":"2024-10-03","isFullCredit":false},{"lineNumber":91,"author":{"gitId":"danusan-s"},"content":"        default:","lastModifiedDate":"2024-10-03","isFullCredit":false},{"lineNumber":92,"author":{"gitId":"danusan-s"},"content":"            System.out.println(\"Invalid command\");","lastModifiedDate":"2024-10-03","isFullCredit":false},{"lineNumber":93,"author":{"gitId":"danusan-s"},"content":"            break;","lastModifiedDate":"2024-10-03","isFullCredit":false},{"lineNumber":94,"author":{"gitId":"danusan-s"},"content":"        }","lastModifiedDate":"2024-10-03","isFullCredit":false},{"lineNumber":95,"author":{"gitId":"danusan-s"},"content":"    }","lastModifiedDate":"2024-10-03","isFullCredit":false},{"lineNumber":96,"author":{"gitId":"danusan-s"},"content":"","lastModifiedDate":"2024-10-03","isFullCredit":false},{"lineNumber":97,"author":{"gitId":"danusan-s"},"content":"}","lastModifiedDate":"2024-10-03","isFullCredit":false}],"authorContributionMap":{"danusan-s":97}},{"path":"src/main/java/Miku.java","fileType":"java","lines":[{"lineNumber":1,"author":{"gitId":"danusan-s"},"content":"import java.io.IOException;","lastModifiedDate":"2024-10-03","isFullCredit":false},{"lineNumber":2,"author":{"gitId":"danusan-s"},"content":"","lastModifiedDate":"2024-08-22","isFullCredit":false},{"lineNumber":3,"author":{"gitId":"danusan-s"},"content":"public class Miku {","lastModifiedDate":"2024-08-16","isFullCredit":false},{"lineNumber":4,"author":{"gitId":"danusan-s"},"content":"","lastModifiedDate":"2024-09-12","isFullCredit":false},{"lineNumber":5,"author":{"gitId":"danusan-s"},"content":"    private static Ui ui;","lastModifiedDate":"2024-10-03","isFullCredit":false},{"lineNumber":6,"author":{"gitId":"danusan-s"},"content":"    private static Storage storage;","lastModifiedDate":"2024-10-03","isFullCredit":false},{"lineNumber":7,"author":{"gitId":"danusan-s"},"content":"    private static TaskList taskList;","lastModifiedDate":"2024-10-03","isFullCredit":false},{"lineNumber":8,"author":{"gitId":"danusan-s"},"content":"    private static final String storageFilePath \u003d \"tasks.txt\";","lastModifiedDate":"2024-10-03","isFullCredit":false},{"lineNumber":9,"author":{"gitId":"danusan-s"},"content":"","lastModifiedDate":"2024-09-12","isFullCredit":false},{"lineNumber":10,"author":{"gitId":"danusan-s"},"content":"","lastModifiedDate":"2024-08-22","isFullCredit":false},{"lineNumber":11,"author":{"gitId":"danusan-s"},"content":"    public static void init(String filePath) {","lastModifiedDate":"2024-10-03","isFullCredit":false},{"lineNumber":12,"author":{"gitId":"danusan-s"},"content":"        ui \u003d new Ui();","lastModifiedDate":"2024-10-03","isFullCredit":false},{"lineNumber":13,"author":{"gitId":"danusan-s"},"content":"        storage \u003d new Storage(filePath);","lastModifiedDate":"2024-10-03","isFullCredit":false},{"lineNumber":14,"author":{"gitId":"danusan-s"},"content":"        try {","lastModifiedDate":"2024-09-03","isFullCredit":false},{"lineNumber":15,"author":{"gitId":"danusan-s"},"content":"            String fileData \u003d storage.loadFile();","lastModifiedDate":"2024-10-03","isFullCredit":false},{"lineNumber":16,"author":{"gitId":"danusan-s"},"content":"            taskList \u003d new TaskList(fileData);","lastModifiedDate":"2024-10-03","isFullCredit":false},{"lineNumber":17,"author":{"gitId":"danusan-s"},"content":"        } catch (Exception e) {","lastModifiedDate":"2024-09-11","isFullCredit":false},{"lineNumber":18,"author":{"gitId":"danusan-s"},"content":"            taskList \u003d new TaskList();","lastModifiedDate":"2024-10-03","isFullCredit":false},{"lineNumber":19,"author":{"gitId":"danusan-s"},"content":"            System.out.println(\"Failed to load tasks.txt\");","lastModifiedDate":"2024-10-02","isFullCredit":false},{"lineNumber":20,"author":{"gitId":"danusan-s"},"content":"        }","lastModifiedDate":"2024-10-02","isFullCredit":false},{"lineNumber":21,"author":{"gitId":"danusan-s"},"content":"    }","lastModifiedDate":"2024-10-02","isFullCredit":false},{"lineNumber":22,"author":{"gitId":"danusan-s"},"content":"","lastModifiedDate":"2024-10-02","isFullCredit":false},{"lineNumber":23,"author":{"gitId":"danusan-s"},"content":"    public static void run() {","lastModifiedDate":"2024-10-03","isFullCredit":false},{"lineNumber":24,"author":{"gitId":"danusan-s"},"content":"        ui.run(taskList);","lastModifiedDate":"2024-10-03","isFullCredit":false},{"lineNumber":25,"author":{"gitId":"danusan-s"},"content":"        try {","lastModifiedDate":"2024-10-02","isFullCredit":false},{"lineNumber":26,"author":{"gitId":"danusan-s"},"content":"            storage.saveFile(taskList);","lastModifiedDate":"2024-10-03","isFullCredit":false},{"lineNumber":27,"author":{"gitId":"danusan-s"},"content":"        } catch (IOException e) {","lastModifiedDate":"2024-10-03","isFullCredit":false},{"lineNumber":28,"author":{"gitId":"danusan-s"},"content":"            System.out.println(\"Error saving file\");","lastModifiedDate":"2024-10-03","isFullCredit":false},{"lineNumber":29,"author":{"gitId":"danusan-s"},"content":"        }","lastModifiedDate":"2024-09-12","isFullCredit":false},{"lineNumber":30,"author":{"gitId":"danusan-s"},"content":"    }","lastModifiedDate":"2024-09-11","isFullCredit":false},{"lineNumber":31,"author":{"gitId":"danusan-s"},"content":"","lastModifiedDate":"2024-09-03","isFullCredit":false},{"lineNumber":32,"author":{"gitId":"danusan-s"},"content":"    public static void main(String[] args) {","lastModifiedDate":"2024-10-03","isFullCredit":false},{"lineNumber":33,"author":{"gitId":"danusan-s"},"content":"        init(storageFilePath);","lastModifiedDate":"2024-10-03","isFullCredit":false},{"lineNumber":34,"author":{"gitId":"danusan-s"},"content":"        run();","lastModifiedDate":"2024-10-03","isFullCredit":false},{"lineNumber":35,"author":{"gitId":"danusan-s"},"content":"    }","lastModifiedDate":"2024-08-22","isFullCredit":false},{"lineNumber":36,"author":{"gitId":"danusan-s"},"content":"","lastModifiedDate":"2024-08-22","isFullCredit":false},{"lineNumber":37,"author":{"gitId":"danusan-s"},"content":"}","lastModifiedDate":"2024-08-16","isFullCredit":false}],"authorContributionMap":{"danusan-s":37}},{"path":"src/main/java/Storage.java","fileType":"java","lines":[{"lineNumber":1,"author":{"gitId":"danusan-s"},"content":"import java.io.File;","lastModifiedDate":"2024-10-03","isFullCredit":false},{"lineNumber":2,"author":{"gitId":"danusan-s"},"content":"import java.io.FileWriter;","lastModifiedDate":"2024-10-03","isFullCredit":false},{"lineNumber":3,"author":{"gitId":"danusan-s"},"content":"import java.io.IOException;","lastModifiedDate":"2024-10-03","isFullCredit":false},{"lineNumber":4,"author":{"gitId":"danusan-s"},"content":"import java.util.Scanner;","lastModifiedDate":"2024-10-03","isFullCredit":false},{"lineNumber":5,"author":{"gitId":"danusan-s"},"content":"","lastModifiedDate":"2024-10-03","isFullCredit":false},{"lineNumber":6,"author":{"gitId":"danusan-s"},"content":"public class Storage {","lastModifiedDate":"2024-10-03","isFullCredit":false},{"lineNumber":7,"author":{"gitId":"danusan-s"},"content":"    private final String filePath;","lastModifiedDate":"2024-10-03","isFullCredit":false},{"lineNumber":8,"author":{"gitId":"danusan-s"},"content":"","lastModifiedDate":"2024-10-03","isFullCredit":false},{"lineNumber":9,"author":{"gitId":"danusan-s"},"content":"    public Storage(String filePath) {","lastModifiedDate":"2024-10-03","isFullCredit":false},{"lineNumber":10,"author":{"gitId":"danusan-s"},"content":"        this.filePath \u003d filePath;","lastModifiedDate":"2024-10-03","isFullCredit":false},{"lineNumber":11,"author":{"gitId":"danusan-s"},"content":"    }","lastModifiedDate":"2024-10-03","isFullCredit":false},{"lineNumber":12,"author":{"gitId":"danusan-s"},"content":"","lastModifiedDate":"2024-10-03","isFullCredit":false},{"lineNumber":13,"author":{"gitId":"danusan-s"},"content":"    public String loadFile() throws IOException {","lastModifiedDate":"2024-10-03","isFullCredit":false},{"lineNumber":14,"author":{"gitId":"danusan-s"},"content":"        File f \u003d new File(filePath);","lastModifiedDate":"2024-10-03","isFullCredit":false},{"lineNumber":15,"author":{"gitId":"danusan-s"},"content":"        Scanner s \u003d new Scanner(f); // create a Scanner using the File as the source","lastModifiedDate":"2024-10-03","isFullCredit":false},{"lineNumber":16,"author":{"gitId":"danusan-s"},"content":"        StringBuilder fileData \u003d new StringBuilder();","lastModifiedDate":"2024-10-03","isFullCredit":false},{"lineNumber":17,"author":{"gitId":"danusan-s"},"content":"        while (s.hasNext()) {","lastModifiedDate":"2024-10-03","isFullCredit":false},{"lineNumber":18,"author":{"gitId":"danusan-s"},"content":"            fileData.append(s.nextLine()).append(System.lineSeparator());","lastModifiedDate":"2024-10-03","isFullCredit":false},{"lineNumber":19,"author":{"gitId":"danusan-s"},"content":"        }","lastModifiedDate":"2024-10-03","isFullCredit":false},{"lineNumber":20,"author":{"gitId":"danusan-s"},"content":"        s.close();","lastModifiedDate":"2024-10-03","isFullCredit":false},{"lineNumber":21,"author":{"gitId":"danusan-s"},"content":"        return fileData.toString();","lastModifiedDate":"2024-10-03","isFullCredit":false},{"lineNumber":22,"author":{"gitId":"danusan-s"},"content":"    }","lastModifiedDate":"2024-10-03","isFullCredit":false},{"lineNumber":23,"author":{"gitId":"danusan-s"},"content":"","lastModifiedDate":"2024-10-03","isFullCredit":false},{"lineNumber":24,"author":{"gitId":"danusan-s"},"content":"    public void saveFile(TaskList taskList) throws IOException {","lastModifiedDate":"2024-10-03","isFullCredit":false},{"lineNumber":25,"author":{"gitId":"danusan-s"},"content":"        FileWriter fw \u003d new FileWriter(filePath, false);","lastModifiedDate":"2024-10-03","isFullCredit":false},{"lineNumber":26,"author":{"gitId":"danusan-s"},"content":"        String fileData \u003d convertToSaveFormat(taskList);","lastModifiedDate":"2024-10-03","isFullCredit":false},{"lineNumber":27,"author":{"gitId":"danusan-s"},"content":"        fw.write(fileData);","lastModifiedDate":"2024-10-03","isFullCredit":false},{"lineNumber":28,"author":{"gitId":"danusan-s"},"content":"        fw.close();","lastModifiedDate":"2024-10-03","isFullCredit":false},{"lineNumber":29,"author":{"gitId":"danusan-s"},"content":"    }","lastModifiedDate":"2024-10-03","isFullCredit":false},{"lineNumber":30,"author":{"gitId":"danusan-s"},"content":"","lastModifiedDate":"2024-10-03","isFullCredit":false},{"lineNumber":31,"author":{"gitId":"danusan-s"},"content":"","lastModifiedDate":"2024-10-03","isFullCredit":false},{"lineNumber":32,"author":{"gitId":"danusan-s"},"content":"    public String convertToSaveFormat(TaskList taskList) throws IOException {","lastModifiedDate":"2024-10-03","isFullCredit":false},{"lineNumber":33,"author":{"gitId":"danusan-s"},"content":"        StringBuilder toWrite \u003d new StringBuilder();","lastModifiedDate":"2024-10-03","isFullCredit":false},{"lineNumber":34,"author":{"gitId":"danusan-s"},"content":"        for (Task task : taskList.getList()) {","lastModifiedDate":"2024-10-03","isFullCredit":false},{"lineNumber":35,"author":{"gitId":"danusan-s"},"content":"            toWrite.append(task.convertToSaveFormat()).append(System.lineSeparator());","lastModifiedDate":"2024-10-03","isFullCredit":false},{"lineNumber":36,"author":{"gitId":"danusan-s"},"content":"        }","lastModifiedDate":"2024-10-03","isFullCredit":false},{"lineNumber":37,"author":{"gitId":"danusan-s"},"content":"        return toWrite.toString();","lastModifiedDate":"2024-10-03","isFullCredit":false},{"lineNumber":38,"author":{"gitId":"danusan-s"},"content":"    }","lastModifiedDate":"2024-10-03","isFullCredit":false},{"lineNumber":39,"author":{"gitId":"danusan-s"},"content":"}","lastModifiedDate":"2024-10-03","isFullCredit":false}],"authorContributionMap":{"danusan-s":39}},{"path":"src/main/java/Task.java","fileType":"java","lines":[{"lineNumber":1,"author":{"gitId":"danusan-s"},"content":"public class Task {","lastModifiedDate":"2024-08-30","isFullCredit":false},{"lineNumber":2,"author":{"gitId":"danusan-s"},"content":"    private boolean done;","lastModifiedDate":"2024-08-30","isFullCredit":false},{"lineNumber":3,"author":{"gitId":"danusan-s"},"content":"    private final String taskInfo;","lastModifiedDate":"2024-08-30","isFullCredit":false},{"lineNumber":4,"author":{"gitId":"danusan-s"},"content":"","lastModifiedDate":"2024-08-30","isFullCredit":false},{"lineNumber":5,"author":{"gitId":"danusan-s"},"content":"    public Task(String taskInfo) {","lastModifiedDate":"2024-08-30","isFullCredit":false},{"lineNumber":6,"author":{"gitId":"danusan-s"},"content":"        this.taskInfo \u003d taskInfo;","lastModifiedDate":"2024-08-30","isFullCredit":false},{"lineNumber":7,"author":{"gitId":"danusan-s"},"content":"        done \u003d false;","lastModifiedDate":"2024-08-30","isFullCredit":false},{"lineNumber":8,"author":{"gitId":"danusan-s"},"content":"    }","lastModifiedDate":"2024-08-30","isFullCredit":false},{"lineNumber":9,"author":{"gitId":"danusan-s"},"content":"","lastModifiedDate":"2024-08-30","isFullCredit":false},{"lineNumber":10,"author":{"gitId":"danusan-s"},"content":"    public boolean getStatus() {","lastModifiedDate":"2024-08-30","isFullCredit":false},{"lineNumber":11,"author":{"gitId":"danusan-s"},"content":"        return done;","lastModifiedDate":"2024-08-30","isFullCredit":false},{"lineNumber":12,"author":{"gitId":"danusan-s"},"content":"    }","lastModifiedDate":"2024-08-30","isFullCredit":false},{"lineNumber":13,"author":{"gitId":"danusan-s"},"content":"","lastModifiedDate":"2024-08-30","isFullCredit":false},{"lineNumber":14,"author":{"gitId":"danusan-s"},"content":"    public String getInfo() {","lastModifiedDate":"2024-08-30","isFullCredit":false},{"lineNumber":15,"author":{"gitId":"danusan-s"},"content":"        return taskInfo;","lastModifiedDate":"2024-08-30","isFullCredit":false},{"lineNumber":16,"author":{"gitId":"danusan-s"},"content":"    }","lastModifiedDate":"2024-08-30","isFullCredit":false},{"lineNumber":17,"author":{"gitId":"danusan-s"},"content":"","lastModifiedDate":"2024-08-30","isFullCredit":false},{"lineNumber":18,"author":{"gitId":"danusan-s"},"content":"    public void markAsDone() {","lastModifiedDate":"2024-08-30","isFullCredit":false},{"lineNumber":19,"author":{"gitId":"danusan-s"},"content":"        done \u003d true;","lastModifiedDate":"2024-08-30","isFullCredit":false},{"lineNumber":20,"author":{"gitId":"danusan-s"},"content":"    }","lastModifiedDate":"2024-08-30","isFullCredit":false},{"lineNumber":21,"author":{"gitId":"danusan-s"},"content":"","lastModifiedDate":"2024-08-30","isFullCredit":false},{"lineNumber":22,"author":{"gitId":"danusan-s"},"content":"    public void markAsNotDone() {","lastModifiedDate":"2024-08-30","isFullCredit":false},{"lineNumber":23,"author":{"gitId":"danusan-s"},"content":"        done \u003d false;","lastModifiedDate":"2024-08-30","isFullCredit":false},{"lineNumber":24,"author":{"gitId":"danusan-s"},"content":"    }","lastModifiedDate":"2024-08-30","isFullCredit":false},{"lineNumber":25,"author":{"gitId":"danusan-s"},"content":"","lastModifiedDate":"2024-08-30","isFullCredit":false},{"lineNumber":26,"author":{"gitId":"danusan-s"},"content":"    public void printTask() {","lastModifiedDate":"2024-08-30","isFullCredit":false},{"lineNumber":27,"author":{"gitId":"danusan-s"},"content":"        System.out.printf(\"[%s] %s\", done ? \"X\" : \" \", taskInfo);","lastModifiedDate":"2024-09-03","isFullCredit":false},{"lineNumber":28,"author":{"gitId":"danusan-s"},"content":"    }","lastModifiedDate":"2024-08-30","isFullCredit":false},{"lineNumber":29,"author":{"gitId":"danusan-s"},"content":"","lastModifiedDate":"2024-08-30","isFullCredit":false},{"lineNumber":30,"author":{"gitId":"danusan-s"},"content":"    public String convertToSaveFormat() {","lastModifiedDate":"2024-10-02","isFullCredit":false},{"lineNumber":31,"author":{"gitId":"danusan-s"},"content":"        return (done ? \"1\" : \"0\") + \" | \" + taskInfo;","lastModifiedDate":"2024-10-03","isFullCredit":false},{"lineNumber":32,"author":{"gitId":"danusan-s"},"content":"","lastModifiedDate":"2024-10-02","isFullCredit":false},{"lineNumber":33,"author":{"gitId":"danusan-s"},"content":"    }","lastModifiedDate":"2024-10-02","isFullCredit":false},{"lineNumber":34,"author":{"gitId":"danusan-s"},"content":"","lastModifiedDate":"2024-10-02","isFullCredit":false},{"lineNumber":35,"author":{"gitId":"danusan-s"},"content":"}","lastModifiedDate":"2024-08-30","isFullCredit":false}],"authorContributionMap":{"danusan-s":35}},{"path":"src/main/java/TaskList.java","fileType":"java","lines":[{"lineNumber":1,"author":{"gitId":"danusan-s"},"content":"import java.util.ArrayList;","lastModifiedDate":"2024-10-02","isFullCredit":false},{"lineNumber":2,"author":{"gitId":"danusan-s"},"content":"","lastModifiedDate":"2024-10-02","isFullCredit":false},{"lineNumber":3,"author":{"gitId":"danusan-s"},"content":"public class TaskList {","lastModifiedDate":"2024-08-30","isFullCredit":false},{"lineNumber":4,"author":{"gitId":"danusan-s"},"content":"    private final ArrayList\u003cTask\u003e list;","lastModifiedDate":"2024-10-02","isFullCredit":false},{"lineNumber":5,"author":{"gitId":"danusan-s"},"content":"","lastModifiedDate":"2024-08-30","isFullCredit":false},{"lineNumber":6,"author":{"gitId":"danusan-s"},"content":"    public TaskList() {","lastModifiedDate":"2024-08-30","isFullCredit":false},{"lineNumber":7,"author":{"gitId":"danusan-s"},"content":"        list \u003d new ArrayList\u003c\u003e();","lastModifiedDate":"2024-10-02","isFullCredit":false},{"lineNumber":8,"author":{"gitId":"danusan-s"},"content":"    }","lastModifiedDate":"2024-10-02","isFullCredit":false},{"lineNumber":9,"author":{"gitId":"danusan-s"},"content":"","lastModifiedDate":"2024-10-02","isFullCredit":false},{"lineNumber":10,"author":{"gitId":"danusan-s"},"content":"    public TaskList(String fileData) {","lastModifiedDate":"2024-10-03","isFullCredit":false},{"lineNumber":11,"author":{"gitId":"danusan-s"},"content":"        list \u003d new ArrayList\u003c\u003e();","lastModifiedDate":"2024-10-03","isFullCredit":false},{"lineNumber":12,"author":{"gitId":"danusan-s"},"content":"        parseFileData(fileData);","lastModifiedDate":"2024-10-03","isFullCredit":false},{"lineNumber":13,"author":{"gitId":"danusan-s"},"content":"    }","lastModifiedDate":"2024-10-03","isFullCredit":false},{"lineNumber":14,"author":{"gitId":"danusan-s"},"content":"","lastModifiedDate":"2024-10-03","isFullCredit":false},{"lineNumber":15,"author":{"gitId":"danusan-s"},"content":"    public void parseFileData(String fileData) {","lastModifiedDate":"2024-10-03","isFullCredit":false},{"lineNumber":16,"author":{"gitId":"danusan-s"},"content":"        String[] lines \u003d fileData.split(System.lineSeparator());","lastModifiedDate":"2024-10-03","isFullCredit":false},{"lineNumber":17,"author":{"gitId":"danusan-s"},"content":"        for (String line : lines) {","lastModifiedDate":"2024-10-03","isFullCredit":false},{"lineNumber":18,"author":{"gitId":"danusan-s"},"content":"            try {","lastModifiedDate":"2024-10-03","isFullCredit":false},{"lineNumber":19,"author":{"gitId":"danusan-s"},"content":"                parseLine(line);","lastModifiedDate":"2024-10-03","isFullCredit":false},{"lineNumber":20,"author":{"gitId":"danusan-s"},"content":"            } catch (IndexOutOfBoundsException e) {","lastModifiedDate":"2024-10-03","isFullCredit":false},{"lineNumber":21,"author":{"gitId":"danusan-s"},"content":"                System.out.println(\"Save file has been tampered with or corrupted\");","lastModifiedDate":"2024-10-03","isFullCredit":false},{"lineNumber":22,"author":{"gitId":"danusan-s"},"content":"            }","lastModifiedDate":"2024-10-03","isFullCredit":false},{"lineNumber":23,"author":{"gitId":"danusan-s"},"content":"        }","lastModifiedDate":"2024-10-02","isFullCredit":false},{"lineNumber":24,"author":{"gitId":"danusan-s"},"content":"    }","lastModifiedDate":"2024-10-02","isFullCredit":false},{"lineNumber":25,"author":{"gitId":"danusan-s"},"content":"","lastModifiedDate":"2024-10-02","isFullCredit":false},{"lineNumber":26,"author":{"gitId":"danusan-s"},"content":"    public void parseLine(String line) throws IndexOutOfBoundsException {","lastModifiedDate":"2024-10-03","isFullCredit":false},{"lineNumber":27,"author":{"gitId":"danusan-s"},"content":"        String[] parts \u003d line.split(\" \\\\| \");","lastModifiedDate":"2024-10-02","isFullCredit":false},{"lineNumber":28,"author":{"gitId":"danusan-s"},"content":"        switch (parts[0]) {","lastModifiedDate":"2024-10-02","isFullCredit":false},{"lineNumber":29,"author":{"gitId":"danusan-s"},"content":"        case \"T\":","lastModifiedDate":"2024-10-02","isFullCredit":false},{"lineNumber":30,"author":{"gitId":"danusan-s"},"content":"            Todo todoTask \u003d new Todo(parts[2]);","lastModifiedDate":"2024-10-03","isFullCredit":false},{"lineNumber":31,"author":{"gitId":"danusan-s"},"content":"            if (parts[1].trim().equals(\"1\")) {","lastModifiedDate":"2024-10-02","isFullCredit":false},{"lineNumber":32,"author":{"gitId":"danusan-s"},"content":"                todoTask.markAsDone();","lastModifiedDate":"2024-10-03","isFullCredit":false},{"lineNumber":33,"author":{"gitId":"danusan-s"},"content":"            }","lastModifiedDate":"2024-10-02","isFullCredit":false},{"lineNumber":34,"author":{"gitId":"danusan-s"},"content":"            list.add(todoTask);","lastModifiedDate":"2024-10-03","isFullCredit":false},{"lineNumber":35,"author":{"gitId":"danusan-s"},"content":"            break;","lastModifiedDate":"2024-10-02","isFullCredit":false},{"lineNumber":36,"author":{"gitId":"danusan-s"},"content":"        case \"D\":","lastModifiedDate":"2024-10-02","isFullCredit":false},{"lineNumber":37,"author":{"gitId":"danusan-s"},"content":"            Deadline deadlineTask \u003d new Deadline(parts[2], parts[3]);","lastModifiedDate":"2024-10-03","isFullCredit":false},{"lineNumber":38,"author":{"gitId":"danusan-s"},"content":"            if (parts[1].trim().equals(\"1\")) {","lastModifiedDate":"2024-10-02","isFullCredit":false},{"lineNumber":39,"author":{"gitId":"danusan-s"},"content":"                deadlineTask.markAsDone();","lastModifiedDate":"2024-10-03","isFullCredit":false},{"lineNumber":40,"author":{"gitId":"danusan-s"},"content":"            }","lastModifiedDate":"2024-10-02","isFullCredit":false},{"lineNumber":41,"author":{"gitId":"danusan-s"},"content":"            list.add(deadlineTask);","lastModifiedDate":"2024-10-03","isFullCredit":false},{"lineNumber":42,"author":{"gitId":"danusan-s"},"content":"            break;","lastModifiedDate":"2024-10-02","isFullCredit":false},{"lineNumber":43,"author":{"gitId":"danusan-s"},"content":"        case \"E\":","lastModifiedDate":"2024-10-02","isFullCredit":false},{"lineNumber":44,"author":{"gitId":"danusan-s"},"content":"            Event eventTask \u003d new Event(parts[2], parts[3], parts[4]);","lastModifiedDate":"2024-10-03","isFullCredit":false},{"lineNumber":45,"author":{"gitId":"danusan-s"},"content":"            if (parts[1].trim().equals(\"1\")) {","lastModifiedDate":"2024-10-02","isFullCredit":false},{"lineNumber":46,"author":{"gitId":"danusan-s"},"content":"                eventTask.markAsDone();","lastModifiedDate":"2024-10-03","isFullCredit":false},{"lineNumber":47,"author":{"gitId":"danusan-s"},"content":"            }","lastModifiedDate":"2024-10-02","isFullCredit":false},{"lineNumber":48,"author":{"gitId":"danusan-s"},"content":"            list.add(eventTask);","lastModifiedDate":"2024-10-03","isFullCredit":false},{"lineNumber":49,"author":{"gitId":"danusan-s"},"content":"            break;","lastModifiedDate":"2024-10-02","isFullCredit":false},{"lineNumber":50,"author":{"gitId":"danusan-s"},"content":"        }","lastModifiedDate":"2024-10-02","isFullCredit":false},{"lineNumber":51,"author":{"gitId":"danusan-s"},"content":"    }","lastModifiedDate":"2024-10-02","isFullCredit":false},{"lineNumber":52,"author":{"gitId":"danusan-s"},"content":"","lastModifiedDate":"2024-10-02","isFullCredit":false},{"lineNumber":53,"author":{"gitId":"danusan-s"},"content":"    public void addTask(Task newTask) {","lastModifiedDate":"2024-10-03","isFullCredit":false},{"lineNumber":54,"author":{"gitId":"danusan-s"},"content":"        System.out.println(\"I\u0027ve added this to your list: \");","lastModifiedDate":"2024-09-03","isFullCredit":false},{"lineNumber":55,"author":{"gitId":"danusan-s"},"content":"        newTask.printTask();","lastModifiedDate":"2024-09-03","isFullCredit":false},{"lineNumber":56,"author":{"gitId":"danusan-s"},"content":"        list.add(newTask);","lastModifiedDate":"2024-10-03","isFullCredit":false},{"lineNumber":57,"author":{"gitId":"danusan-s"},"content":"    }","lastModifiedDate":"2024-08-30","isFullCredit":false},{"lineNumber":58,"author":{"gitId":"danusan-s"},"content":"","lastModifiedDate":"2024-08-30","isFullCredit":false},{"lineNumber":59,"author":{"gitId":"danusan-s"},"content":"    public void printTaskList() {","lastModifiedDate":"2024-08-30","isFullCredit":false},{"lineNumber":60,"author":{"gitId":"danusan-s"},"content":"        if (list.isEmpty()) {","lastModifiedDate":"2024-10-03","isFullCredit":false},{"lineNumber":61,"author":{"gitId":"danusan-s"},"content":"            System.out.println(\"You currently have no tasks\");","lastModifiedDate":"2024-10-03","isFullCredit":false},{"lineNumber":62,"author":{"gitId":"danusan-s"},"content":"            return;","lastModifiedDate":"2024-10-03","isFullCredit":false},{"lineNumber":63,"author":{"gitId":"danusan-s"},"content":"        }","lastModifiedDate":"2024-10-03","isFullCredit":false},{"lineNumber":64,"author":{"gitId":"danusan-s"},"content":"        System.out.println(\"Here is your list of tasks:\");","lastModifiedDate":"2024-08-30","isFullCredit":false},{"lineNumber":65,"author":{"gitId":"danusan-s"},"content":"        for (int i \u003d 1; i \u003c\u003d list.size(); i++) {","lastModifiedDate":"2024-10-02","isFullCredit":false},{"lineNumber":66,"author":{"gitId":"danusan-s"},"content":"            System.out.printf(\"%d. \", i);","lastModifiedDate":"2024-08-30","isFullCredit":false},{"lineNumber":67,"author":{"gitId":"danusan-s"},"content":"            list.get(i - 1).printTask();","lastModifiedDate":"2024-10-02","isFullCredit":false},{"lineNumber":68,"author":{"gitId":"danusan-s"},"content":"        }","lastModifiedDate":"2024-08-30","isFullCredit":false},{"lineNumber":69,"author":{"gitId":"danusan-s"},"content":"    }","lastModifiedDate":"2024-08-30","isFullCredit":false},{"lineNumber":70,"author":{"gitId":"danusan-s"},"content":"","lastModifiedDate":"2024-08-30","isFullCredit":false},{"lineNumber":71,"author":{"gitId":"danusan-s"},"content":"    public void attemptToMarkTask(String listIndex) {","lastModifiedDate":"2024-09-03","isFullCredit":false},{"lineNumber":72,"author":{"gitId":"danusan-s"},"content":"        try {","lastModifiedDate":"2024-08-30","isFullCredit":false},{"lineNumber":73,"author":{"gitId":"danusan-s"},"content":"            int index \u003d Integer.parseInt(listIndex);","lastModifiedDate":"2024-09-03","isFullCredit":false},{"lineNumber":74,"author":{"gitId":"danusan-s"},"content":"            list.get(index - 1).markAsDone();","lastModifiedDate":"2024-10-02","isFullCredit":false},{"lineNumber":75,"author":{"gitId":"danusan-s"},"content":"            System.out.println(\"Nice! I\u0027ve marked this task as done:\");","lastModifiedDate":"2024-10-03","isFullCredit":false},{"lineNumber":76,"author":{"gitId":"danusan-s"},"content":"            list.get(index - 1).printTask();","lastModifiedDate":"2024-10-03","isFullCredit":false},{"lineNumber":77,"author":{"gitId":"danusan-s"},"content":"        } catch (Exception e) {","lastModifiedDate":"2024-08-30","isFullCredit":false},{"lineNumber":78,"author":{"gitId":"danusan-s"},"content":"            //Treat invalid command as a task","lastModifiedDate":"2024-08-30","isFullCredit":false},{"lineNumber":79,"author":{"gitId":"danusan-s"},"content":"            System.out.println(\"Please use a valid index\");","lastModifiedDate":"2024-09-03","isFullCredit":false},{"lineNumber":80,"author":{"gitId":"danusan-s"},"content":"        }","lastModifiedDate":"2024-08-30","isFullCredit":false},{"lineNumber":81,"author":{"gitId":"danusan-s"},"content":"    }","lastModifiedDate":"2024-08-30","isFullCredit":false},{"lineNumber":82,"author":{"gitId":"danusan-s"},"content":"","lastModifiedDate":"2024-08-30","isFullCredit":false},{"lineNumber":83,"author":{"gitId":"danusan-s"},"content":"    public void attemptToUnmarkTask(String listIndex) {","lastModifiedDate":"2024-09-03","isFullCredit":false},{"lineNumber":84,"author":{"gitId":"danusan-s"},"content":"        try {","lastModifiedDate":"2024-08-30","isFullCredit":false},{"lineNumber":85,"author":{"gitId":"danusan-s"},"content":"            int index \u003d Integer.parseInt(listIndex);","lastModifiedDate":"2024-09-03","isFullCredit":false},{"lineNumber":86,"author":{"gitId":"danusan-s"},"content":"            list.get(index - 1).markAsNotDone();","lastModifiedDate":"2024-10-02","isFullCredit":false},{"lineNumber":87,"author":{"gitId":"danusan-s"},"content":"            System.out.println(\"Nice! I\u0027ve marked this task as not done:\");","lastModifiedDate":"2024-10-03","isFullCredit":false},{"lineNumber":88,"author":{"gitId":"danusan-s"},"content":"            list.get(index - 1).printTask();","lastModifiedDate":"2024-10-03","isFullCredit":false},{"lineNumber":89,"author":{"gitId":"danusan-s"},"content":"        } catch (Exception e) {","lastModifiedDate":"2024-10-02","isFullCredit":false},{"lineNumber":90,"author":{"gitId":"danusan-s"},"content":"            //Treat invalid command as a task","lastModifiedDate":"2024-10-02","isFullCredit":false},{"lineNumber":91,"author":{"gitId":"danusan-s"},"content":"            System.out.println(\"Please use a valid index\");","lastModifiedDate":"2024-10-02","isFullCredit":false},{"lineNumber":92,"author":{"gitId":"danusan-s"},"content":"        }","lastModifiedDate":"2024-10-02","isFullCredit":false},{"lineNumber":93,"author":{"gitId":"danusan-s"},"content":"    }","lastModifiedDate":"2024-10-02","isFullCredit":false},{"lineNumber":94,"author":{"gitId":"danusan-s"},"content":"","lastModifiedDate":"2024-10-02","isFullCredit":false},{"lineNumber":95,"author":{"gitId":"danusan-s"},"content":"    public void attemptToDelete(String listIndex) {","lastModifiedDate":"2024-10-02","isFullCredit":false},{"lineNumber":96,"author":{"gitId":"danusan-s"},"content":"        try {","lastModifiedDate":"2024-10-02","isFullCredit":false},{"lineNumber":97,"author":{"gitId":"danusan-s"},"content":"            int index \u003d Integer.parseInt(listIndex);","lastModifiedDate":"2024-10-02","isFullCredit":false},{"lineNumber":98,"author":{"gitId":"danusan-s"},"content":"            Task temp \u003d list.get(index - 1);","lastModifiedDate":"2024-10-03","isFullCredit":false},{"lineNumber":99,"author":{"gitId":"danusan-s"},"content":"            list.remove(index - 1);","lastModifiedDate":"2024-10-02","isFullCredit":false},{"lineNumber":100,"author":{"gitId":"danusan-s"},"content":"            System.out.println(\"Nice! I\u0027ve deleted this task for you:\");","lastModifiedDate":"2024-10-03","isFullCredit":false},{"lineNumber":101,"author":{"gitId":"danusan-s"},"content":"            temp.printTask();","lastModifiedDate":"2024-10-03","isFullCredit":false},{"lineNumber":102,"author":{"gitId":"danusan-s"},"content":"        } catch (Exception e) {","lastModifiedDate":"2024-08-30","isFullCredit":false},{"lineNumber":103,"author":{"gitId":"danusan-s"},"content":"            //Treat invalid command as a task","lastModifiedDate":"2024-08-30","isFullCredit":false},{"lineNumber":104,"author":{"gitId":"danusan-s"},"content":"            System.out.println(\"Please use a valid index\");","lastModifiedDate":"2024-09-03","isFullCredit":false},{"lineNumber":105,"author":{"gitId":"danusan-s"},"content":"        }","lastModifiedDate":"2024-08-30","isFullCredit":false},{"lineNumber":106,"author":{"gitId":"danusan-s"},"content":"    }","lastModifiedDate":"2024-08-30","isFullCredit":false},{"lineNumber":107,"author":{"gitId":"danusan-s"},"content":"","lastModifiedDate":"2024-10-03","isFullCredit":false},{"lineNumber":108,"author":{"gitId":"danusan-s"},"content":"    public void searchTasks(String match) {","lastModifiedDate":"2024-10-03","isFullCredit":false},{"lineNumber":109,"author":{"gitId":"danusan-s"},"content":"        System.out.println(\"The tasks matching your search term are:\");","lastModifiedDate":"2024-10-03","isFullCredit":false},{"lineNumber":110,"author":{"gitId":"danusan-s"},"content":"        int printIndex \u003d 1;","lastModifiedDate":"2024-10-03","isFullCredit":false},{"lineNumber":111,"author":{"gitId":"danusan-s"},"content":"        for (Task task : list) {","lastModifiedDate":"2024-10-03","isFullCredit":false},{"lineNumber":112,"author":{"gitId":"danusan-s"},"content":"            if (task.getInfo().contains(match)) {","lastModifiedDate":"2024-10-03","isFullCredit":false},{"lineNumber":113,"author":{"gitId":"danusan-s"},"content":"                System.out.print(printIndex + \". \");","lastModifiedDate":"2024-10-03","isFullCredit":false},{"lineNumber":114,"author":{"gitId":"danusan-s"},"content":"                printIndex++;","lastModifiedDate":"2024-10-03","isFullCredit":false},{"lineNumber":115,"author":{"gitId":"danusan-s"},"content":"                task.printTask();","lastModifiedDate":"2024-10-03","isFullCredit":false},{"lineNumber":116,"author":{"gitId":"danusan-s"},"content":"            }","lastModifiedDate":"2024-10-03","isFullCredit":false},{"lineNumber":117,"author":{"gitId":"danusan-s"},"content":"        }","lastModifiedDate":"2024-10-03","isFullCredit":false},{"lineNumber":118,"author":{"gitId":"danusan-s"},"content":"    }","lastModifiedDate":"2024-10-03","isFullCredit":false},{"lineNumber":119,"author":{"gitId":"danusan-s"},"content":"","lastModifiedDate":"2024-10-03","isFullCredit":false},{"lineNumber":120,"author":{"gitId":"danusan-s"},"content":"    public ArrayList\u003cTask\u003e getList() {","lastModifiedDate":"2024-10-03","isFullCredit":false},{"lineNumber":121,"author":{"gitId":"danusan-s"},"content":"        return list;","lastModifiedDate":"2024-10-03","isFullCredit":false},{"lineNumber":122,"author":{"gitId":"danusan-s"},"content":"    }","lastModifiedDate":"2024-10-03","isFullCredit":false},{"lineNumber":123,"author":{"gitId":"danusan-s"},"content":"}","lastModifiedDate":"2024-08-30","isFullCredit":false}],"authorContributionMap":{"danusan-s":123}},{"path":"src/main/java/Todo.java","fileType":"java","lines":[{"lineNumber":1,"author":{"gitId":"danusan-s"},"content":"public class Todo extends Task {","lastModifiedDate":"2024-09-03","isFullCredit":false},{"lineNumber":2,"author":{"gitId":"danusan-s"},"content":"    public Todo(String taskInfo) {","lastModifiedDate":"2024-09-03","isFullCredit":false},{"lineNumber":3,"author":{"gitId":"danusan-s"},"content":"        super(taskInfo);","lastModifiedDate":"2024-09-03","isFullCredit":false},{"lineNumber":4,"author":{"gitId":"danusan-s"},"content":"    }","lastModifiedDate":"2024-09-03","isFullCredit":false},{"lineNumber":5,"author":{"gitId":"danusan-s"},"content":"","lastModifiedDate":"2024-09-03","isFullCredit":false},{"lineNumber":6,"author":{"gitId":"danusan-s"},"content":"    @Override","lastModifiedDate":"2024-09-03","isFullCredit":false},{"lineNumber":7,"author":{"gitId":"danusan-s"},"content":"    public void printTask() {","lastModifiedDate":"2024-09-03","isFullCredit":false},{"lineNumber":8,"author":{"gitId":"danusan-s"},"content":"        System.out.print(\"[T]\");","lastModifiedDate":"2024-09-03","isFullCredit":false},{"lineNumber":9,"author":{"gitId":"danusan-s"},"content":"        super.printTask();","lastModifiedDate":"2024-09-03","isFullCredit":false},{"lineNumber":10,"author":{"gitId":"danusan-s"},"content":"        System.out.println();","lastModifiedDate":"2024-09-03","isFullCredit":false},{"lineNumber":11,"author":{"gitId":"danusan-s"},"content":"    }","lastModifiedDate":"2024-09-03","isFullCredit":false},{"lineNumber":12,"author":{"gitId":"danusan-s"},"content":"","lastModifiedDate":"2024-10-02","isFullCredit":false},{"lineNumber":13,"author":{"gitId":"danusan-s"},"content":"    @Override","lastModifiedDate":"2024-10-02","isFullCredit":false},{"lineNumber":14,"author":{"gitId":"danusan-s"},"content":"    public String convertToSaveFormat() {","lastModifiedDate":"2024-10-02","isFullCredit":false},{"lineNumber":15,"author":{"gitId":"danusan-s"},"content":"        return \"T | \" + super.convertToSaveFormat();","lastModifiedDate":"2024-10-02","isFullCredit":false},{"lineNumber":16,"author":{"gitId":"danusan-s"},"content":"    }","lastModifiedDate":"2024-10-02","isFullCredit":false},{"lineNumber":17,"author":{"gitId":"danusan-s"},"content":"}","lastModifiedDate":"2024-09-03","isFullCredit":false}],"authorContributionMap":{"danusan-s":17}},{"path":"src/main/java/Ui.java","fileType":"java","lines":[{"lineNumber":1,"author":{"gitId":"danusan-s"},"content":"import java.util.Scanner;","lastModifiedDate":"2024-10-03","isFullCredit":false},{"lineNumber":2,"author":{"gitId":"danusan-s"},"content":"","lastModifiedDate":"2024-10-03","isFullCredit":false},{"lineNumber":3,"author":{"gitId":"danusan-s"},"content":"public class Ui {","lastModifiedDate":"2024-10-03","isFullCredit":false},{"lineNumber":4,"author":{"gitId":"danusan-s"},"content":"    private static InputParser inputParser;","lastModifiedDate":"2024-10-03","isFullCredit":false},{"lineNumber":5,"author":{"gitId":"danusan-s"},"content":"    private static Scanner inputScanner;","lastModifiedDate":"2024-10-03","isFullCredit":false},{"lineNumber":6,"author":{"gitId":"danusan-s"},"content":"","lastModifiedDate":"2024-10-03","isFullCredit":false},{"lineNumber":7,"author":{"gitId":"danusan-s"},"content":"    public Ui() {","lastModifiedDate":"2024-10-03","isFullCredit":false},{"lineNumber":8,"author":{"gitId":"danusan-s"},"content":"        inputParser \u003d new InputParser();","lastModifiedDate":"2024-10-03","isFullCredit":false},{"lineNumber":9,"author":{"gitId":"danusan-s"},"content":"        inputScanner \u003d new Scanner(System.in);","lastModifiedDate":"2024-10-03","isFullCredit":false},{"lineNumber":10,"author":{"gitId":"danusan-s"},"content":"    }","lastModifiedDate":"2024-10-03","isFullCredit":false},{"lineNumber":11,"author":{"gitId":"danusan-s"},"content":"","lastModifiedDate":"2024-10-03","isFullCredit":false},{"lineNumber":12,"author":{"gitId":"danusan-s"},"content":"    public void run(TaskList taskList) {","lastModifiedDate":"2024-10-03","isFullCredit":false},{"lineNumber":13,"author":{"gitId":"danusan-s"},"content":"        printGreeting();","lastModifiedDate":"2024-10-03","isFullCredit":false},{"lineNumber":14,"author":{"gitId":"danusan-s"},"content":"","lastModifiedDate":"2024-10-03","isFullCredit":false},{"lineNumber":15,"author":{"gitId":"danusan-s"},"content":"        String inputLine;","lastModifiedDate":"2024-10-03","isFullCredit":false},{"lineNumber":16,"author":{"gitId":"danusan-s"},"content":"        do {","lastModifiedDate":"2024-10-03","isFullCredit":false},{"lineNumber":17,"author":{"gitId":"danusan-s"},"content":"            inputLine \u003d inputScanner.nextLine();","lastModifiedDate":"2024-10-03","isFullCredit":false},{"lineNumber":18,"author":{"gitId":"danusan-s"},"content":"            printDivider();","lastModifiedDate":"2024-10-03","isFullCredit":false},{"lineNumber":19,"author":{"gitId":"danusan-s"},"content":"            try {","lastModifiedDate":"2024-10-03","isFullCredit":false},{"lineNumber":20,"author":{"gitId":"danusan-s"},"content":"                inputParser.handleInput(inputLine, taskList);","lastModifiedDate":"2024-10-03","isFullCredit":false},{"lineNumber":21,"author":{"gitId":"danusan-s"},"content":"            } catch (Exception e) {","lastModifiedDate":"2024-10-03","isFullCredit":false},{"lineNumber":22,"author":{"gitId":"danusan-s"},"content":"                System.out.println(\"Please enter valid commands\");","lastModifiedDate":"2024-10-03","isFullCredit":false},{"lineNumber":23,"author":{"gitId":"danusan-s"},"content":"            }","lastModifiedDate":"2024-10-03","isFullCredit":false},{"lineNumber":24,"author":{"gitId":"danusan-s"},"content":"            printDivider();","lastModifiedDate":"2024-10-03","isFullCredit":false},{"lineNumber":25,"author":{"gitId":"danusan-s"},"content":"        } while (!inputLine.equals(\"bye\"));","lastModifiedDate":"2024-10-03","isFullCredit":false},{"lineNumber":26,"author":{"gitId":"danusan-s"},"content":"","lastModifiedDate":"2024-10-03","isFullCredit":false},{"lineNumber":27,"author":{"gitId":"danusan-s"},"content":"        printGoodbye();","lastModifiedDate":"2024-10-03","isFullCredit":false},{"lineNumber":28,"author":{"gitId":"danusan-s"},"content":"        inputScanner.close();","lastModifiedDate":"2024-10-03","isFullCredit":false},{"lineNumber":29,"author":{"gitId":"danusan-s"},"content":"    }","lastModifiedDate":"2024-10-03","isFullCredit":false},{"lineNumber":30,"author":{"gitId":"danusan-s"},"content":"","lastModifiedDate":"2024-10-03","isFullCredit":false},{"lineNumber":31,"author":{"gitId":"danusan-s"},"content":"    /**","lastModifiedDate":"2024-10-03","isFullCredit":false},{"lineNumber":32,"author":{"gitId":"danusan-s"},"content":"     * Prints a greeting to the user","lastModifiedDate":"2024-10-03","isFullCredit":false},{"lineNumber":33,"author":{"gitId":"danusan-s"},"content":"     */","lastModifiedDate":"2024-10-03","isFullCredit":false},{"lineNumber":34,"author":{"gitId":"danusan-s"},"content":"    public static void printGreeting() {","lastModifiedDate":"2024-10-03","isFullCredit":false},{"lineNumber":35,"author":{"gitId":"danusan-s"},"content":"        String logo \u003d","lastModifiedDate":"2024-10-03","isFullCredit":false},{"lineNumber":36,"author":{"gitId":"danusan-s"},"content":"                \"\"\"","lastModifiedDate":"2024-10-03","isFullCredit":false},{"lineNumber":37,"author":{"gitId":"danusan-s"},"content":"                         __  __   _   _           \\s","lastModifiedDate":"2024-10-03","isFullCredit":false},{"lineNumber":38,"author":{"gitId":"danusan-s"},"content":"                        |  \\\\/  | (_) | |          \\s","lastModifiedDate":"2024-10-03","isFullCredit":false},{"lineNumber":39,"author":{"gitId":"danusan-s"},"content":"                        | \\\\  / |  _  | | __  _   _\\s","lastModifiedDate":"2024-10-03","isFullCredit":false},{"lineNumber":40,"author":{"gitId":"danusan-s"},"content":"                        | |\\\\/| | | | | |/ / | | | |","lastModifiedDate":"2024-10-03","isFullCredit":false},{"lineNumber":41,"author":{"gitId":"danusan-s"},"content":"                        | |  | | | | |   \u003c  | |_| |","lastModifiedDate":"2024-10-03","isFullCredit":false},{"lineNumber":42,"author":{"gitId":"danusan-s"},"content":"                        |_|  |_| |_| |_|\\\\_\\\\  \\\\__,_|","lastModifiedDate":"2024-10-03","isFullCredit":false},{"lineNumber":43,"author":{"gitId":"danusan-s"},"content":"                        \"\"\";","lastModifiedDate":"2024-10-03","isFullCredit":false},{"lineNumber":44,"author":{"gitId":"danusan-s"},"content":"        //Text to Ascii generated through https://patorjk.com/software/taag/","lastModifiedDate":"2024-10-03","isFullCredit":false},{"lineNumber":45,"author":{"gitId":"danusan-s"},"content":"        System.out.println(logo);","lastModifiedDate":"2024-10-03","isFullCredit":false},{"lineNumber":46,"author":{"gitId":"danusan-s"},"content":"","lastModifiedDate":"2024-10-03","isFullCredit":false},{"lineNumber":47,"author":{"gitId":"danusan-s"},"content":"        printDivider();","lastModifiedDate":"2024-10-03","isFullCredit":false},{"lineNumber":48,"author":{"gitId":"danusan-s"},"content":"        System.out.println(\"Hello! I\u0027m Miku\\nWhat can I do for you?\");","lastModifiedDate":"2024-10-03","isFullCredit":false},{"lineNumber":49,"author":{"gitId":"danusan-s"},"content":"        printDivider();","lastModifiedDate":"2024-10-03","isFullCredit":false},{"lineNumber":50,"author":{"gitId":"danusan-s"},"content":"    }","lastModifiedDate":"2024-10-03","isFullCredit":false},{"lineNumber":51,"author":{"gitId":"danusan-s"},"content":"","lastModifiedDate":"2024-10-03","isFullCredit":false},{"lineNumber":52,"author":{"gitId":"danusan-s"},"content":"    /**","lastModifiedDate":"2024-10-03","isFullCredit":false},{"lineNumber":53,"author":{"gitId":"danusan-s"},"content":"     * Prints a line divider consisting of _ characters","lastModifiedDate":"2024-10-03","isFullCredit":false},{"lineNumber":54,"author":{"gitId":"danusan-s"},"content":"     */","lastModifiedDate":"2024-10-03","isFullCredit":false},{"lineNumber":55,"author":{"gitId":"danusan-s"},"content":"    public static void printDivider() {","lastModifiedDate":"2024-10-03","isFullCredit":false},{"lineNumber":56,"author":{"gitId":"danusan-s"},"content":"        System.out.println(\"____________________________________________________________\");","lastModifiedDate":"2024-10-03","isFullCredit":false},{"lineNumber":57,"author":{"gitId":"danusan-s"},"content":"    }","lastModifiedDate":"2024-10-03","isFullCredit":false},{"lineNumber":58,"author":{"gitId":"danusan-s"},"content":"","lastModifiedDate":"2024-10-03","isFullCredit":false},{"lineNumber":59,"author":{"gitId":"danusan-s"},"content":"    private static void printGoodbye() {","lastModifiedDate":"2024-10-03","isFullCredit":false},{"lineNumber":60,"author":{"gitId":"danusan-s"},"content":"        System.out.println(\"Bye, see you later!\");","lastModifiedDate":"2024-10-03","isFullCredit":false},{"lineNumber":61,"author":{"gitId":"danusan-s"},"content":"        printDivider();","lastModifiedDate":"2024-10-03","isFullCredit":false},{"lineNumber":62,"author":{"gitId":"danusan-s"},"content":"    }","lastModifiedDate":"2024-10-03","isFullCredit":false},{"lineNumber":63,"author":{"gitId":"danusan-s"},"content":"}","lastModifiedDate":"2024-10-03","isFullCredit":false}],"authorContributionMap":{"danusan-s":63}},{"path":"text-ui-test/ACTUAL.txt","fileType":"txt","lines":[{"lineNumber":1,"author":{"gitId":"danusan-s"},"content":" __  __   _   _            ","lastModifiedDate":"2024-09-11","isFullCredit":false},{"lineNumber":2,"author":{"gitId":"danusan-s"},"content":"|  \\/  | (_) | |           ","lastModifiedDate":"2024-09-11","isFullCredit":false},{"lineNumber":3,"author":{"gitId":"danusan-s"},"content":"| \\  / |  _  | | __  _   _ ","lastModifiedDate":"2024-09-11","isFullCredit":false},{"lineNumber":4,"author":{"gitId":"danusan-s"},"content":"| |\\/| | | | | |/ / | | | |","lastModifiedDate":"2024-09-11","isFullCredit":false},{"lineNumber":5,"author":{"gitId":"danusan-s"},"content":"| |  | | | | |   \u003c  | |_| |","lastModifiedDate":"2024-09-11","isFullCredit":false},{"lineNumber":6,"author":{"gitId":"danusan-s"},"content":"|_|  |_| |_| |_|\\_\\  \\__,_|","lastModifiedDate":"2024-09-11","isFullCredit":false},{"lineNumber":7,"author":{"gitId":"danusan-s"},"content":"","lastModifiedDate":"2024-09-11","isFullCredit":false},{"lineNumber":8,"author":{"gitId":"danusan-s"},"content":"____________________________________________________________","lastModifiedDate":"2024-09-11","isFullCredit":false},{"lineNumber":9,"author":{"gitId":"danusan-s"},"content":"Hello! I\u0027m Miku","lastModifiedDate":"2024-09-11","isFullCredit":false},{"lineNumber":10,"author":{"gitId":"danusan-s"},"content":"What can I do for you?","lastModifiedDate":"2024-09-11","isFullCredit":false},{"lineNumber":11,"author":{"gitId":"danusan-s"},"content":"____________________________________________________________","lastModifiedDate":"2024-09-11","isFullCredit":false},{"lineNumber":12,"author":{"gitId":"danusan-s"},"content":"____________________________________________________________","lastModifiedDate":"2024-09-11","isFullCredit":false},{"lineNumber":13,"author":{"gitId":"danusan-s"},"content":"Bye, see you later!","lastModifiedDate":"2024-09-11","isFullCredit":false},{"lineNumber":14,"author":{"gitId":"danusan-s"},"content":"____________________________________________________________","lastModifiedDate":"2024-09-11","isFullCredit":false}],"authorContributionMap":{"danusan-s":14}},{"path":"text-ui-test/EXPECTED.txt","fileType":"txt","lines":[{"lineNumber":1,"author":{"gitId":"danusan-s"},"content":" __  __   _   _            ","lastModifiedDate":"2024-09-11","isFullCredit":false},{"lineNumber":2,"author":{"gitId":"danusan-s"},"content":"|  \\/  | (_) | |           ","lastModifiedDate":"2024-09-11","isFullCredit":false},{"lineNumber":3,"author":{"gitId":"danusan-s"},"content":"| \\  / |  _  | | __  _   _ ","lastModifiedDate":"2024-09-11","isFullCredit":false},{"lineNumber":4,"author":{"gitId":"danusan-s"},"content":"| |\\/| | | | | |/ / | | | |","lastModifiedDate":"2024-09-11","isFullCredit":false},{"lineNumber":5,"author":{"gitId":"danusan-s"},"content":"| |  | | | | |   \u003c  | |_| |","lastModifiedDate":"2024-09-11","isFullCredit":false},{"lineNumber":6,"author":{"gitId":"danusan-s"},"content":"|_|  |_| |_| |_|\\_\\  \\__,_|","lastModifiedDate":"2024-09-11","isFullCredit":false},{"lineNumber":7,"author":{"gitId":"danusan-s"},"content":"","lastModifiedDate":"2024-09-11","isFullCredit":false},{"lineNumber":8,"author":{"gitId":"danusan-s"},"content":"____________________________________________________________","lastModifiedDate":"2024-09-11","isFullCredit":false},{"lineNumber":9,"author":{"gitId":"danusan-s"},"content":"Hello! I\u0027m Miku","lastModifiedDate":"2024-09-11","isFullCredit":false},{"lineNumber":10,"author":{"gitId":"danusan-s"},"content":"What can I do for you?","lastModifiedDate":"2024-09-11","isFullCredit":false},{"lineNumber":11,"author":{"gitId":"danusan-s"},"content":"____________________________________________________________","lastModifiedDate":"2024-09-11","isFullCredit":false},{"lineNumber":12,"author":{"gitId":"danusan-s"},"content":"____________________________________________________________","lastModifiedDate":"2024-09-11","isFullCredit":false},{"lineNumber":13,"author":{"gitId":"danusan-s"},"content":"Bye, see you later!","lastModifiedDate":"2024-09-11","isFullCredit":false},{"lineNumber":14,"author":{"gitId":"danusan-s"},"content":"____________________________________________________________","lastModifiedDate":"2024-09-11","isFullCredit":false}],"authorContributionMap":{"danusan-s":14}},{"path":"text-ui-test/input.txt","fileType":"txt","lines":[{"lineNumber":1,"author":{"gitId":"danusan-s"},"content":"bye","lastModifiedDate":"2024-09-11","isFullCredit":false}],"authorContributionMap":{"danusan-s":1}},{"path":"text-ui-test/runtest.sh","fileType":"sh","lines":[{"lineNumber":1,"author":{"gitId":"-"},"content":"#!/usr/bin/env bash","lastModifiedDate":"2024-09-11","isFullCredit":false},{"lineNumber":2,"author":{"gitId":"-"},"content":"","lastModifiedDate":"2024-09-11","isFullCredit":false},{"lineNumber":3,"author":{"gitId":"-"},"content":"# create bin directory if it doesn\u0027t exist","lastModifiedDate":"2024-09-11","isFullCredit":false},{"lineNumber":4,"author":{"gitId":"-"},"content":"if [ ! -d \"../bin\" ]","lastModifiedDate":"2024-09-11","isFullCredit":false},{"lineNumber":5,"author":{"gitId":"-"},"content":"then","lastModifiedDate":"2024-09-11","isFullCredit":false},{"lineNumber":6,"author":{"gitId":"-"},"content":"    mkdir ../bin","lastModifiedDate":"2024-09-11","isFullCredit":false},{"lineNumber":7,"author":{"gitId":"-"},"content":"fi","lastModifiedDate":"2024-09-11","isFullCredit":false},{"lineNumber":8,"author":{"gitId":"-"},"content":"","lastModifiedDate":"2024-09-11","isFullCredit":false},{"lineNumber":9,"author":{"gitId":"-"},"content":"# delete output from previous run","lastModifiedDate":"2024-09-11","isFullCredit":false},{"lineNumber":10,"author":{"gitId":"danusan-s"},"content":"if [ -e \"./ACTUAL.txt\" ]","lastModifiedDate":"2024-09-11","isFullCredit":false},{"lineNumber":11,"author":{"gitId":"-"},"content":"then","lastModifiedDate":"2024-09-11","isFullCredit":false},{"lineNumber":12,"author":{"gitId":"danusan-s"},"content":"    rm ACTUAL.txt","lastModifiedDate":"2024-09-11","isFullCredit":false},{"lineNumber":13,"author":{"gitId":"-"},"content":"fi","lastModifiedDate":"2024-09-11","isFullCredit":false},{"lineNumber":14,"author":{"gitId":"-"},"content":"","lastModifiedDate":"2024-09-11","isFullCredit":false},{"lineNumber":15,"author":{"gitId":"-"},"content":"# compile the code into the bin folder, terminates if error occurred","lastModifiedDate":"2024-09-11","isFullCredit":false},{"lineNumber":16,"author":{"gitId":"-"},"content":"if ! javac -cp ../src/main/java -Xlint:none -d ../bin ../src/main/java/*.java","lastModifiedDate":"2024-09-11","isFullCredit":false},{"lineNumber":17,"author":{"gitId":"-"},"content":"then","lastModifiedDate":"2024-09-11","isFullCredit":false},{"lineNumber":18,"author":{"gitId":"-"},"content":"    echo \"********** BUILD FAILURE **********\"","lastModifiedDate":"2024-09-11","isFullCredit":false},{"lineNumber":19,"author":{"gitId":"-"},"content":"    exit 1","lastModifiedDate":"2024-09-11","isFullCredit":false},{"lineNumber":20,"author":{"gitId":"-"},"content":"fi","lastModifiedDate":"2024-09-11","isFullCredit":false},{"lineNumber":21,"author":{"gitId":"-"},"content":"","lastModifiedDate":"2024-09-11","isFullCredit":false},{"lineNumber":22,"author":{"gitId":"danusan-s"},"content":"# run the program, feed commands from input.txt file and redirect the output to the ACTUAL.txt","lastModifiedDate":"2024-09-11","isFullCredit":false},{"lineNumber":23,"author":{"gitId":"danusan-s"},"content":"java -classpath ../bin Miku \u003c input.txt \u003e ACTUAL.txt","lastModifiedDate":"2024-09-11","isFullCredit":false},{"lineNumber":24,"author":{"gitId":"-"},"content":"","lastModifiedDate":"2024-09-11","isFullCredit":false},{"lineNumber":25,"author":{"gitId":"-"},"content":"# compare the output to the expected output","lastModifiedDate":"2024-09-11","isFullCredit":false},{"lineNumber":26,"author":{"gitId":"danusan-s"},"content":"diff ACTUAL.txt EXPECTED.txt","lastModifiedDate":"2024-09-11","isFullCredit":false},{"lineNumber":27,"author":{"gitId":"-"},"content":"if [ $? -eq 0 ]","lastModifiedDate":"2024-09-11","isFullCredit":false},{"lineNumber":28,"author":{"gitId":"-"},"content":"then","lastModifiedDate":"2024-09-11","isFullCredit":false},{"lineNumber":29,"author":{"gitId":"-"},"content":"    echo \"Test result: PASSED\"","lastModifiedDate":"2024-09-11","isFullCredit":false},{"lineNumber":30,"author":{"gitId":"-"},"content":"    exit 0","lastModifiedDate":"2024-09-11","isFullCredit":false},{"lineNumber":31,"author":{"gitId":"-"},"content":"else","lastModifiedDate":"2024-09-11","isFullCredit":false},{"lineNumber":32,"author":{"gitId":"-"},"content":"    echo \"Test result: FAILED\"","lastModifiedDate":"2024-09-11","isFullCredit":false},{"lineNumber":33,"author":{"gitId":"-"},"content":"    exit 1","lastModifiedDate":"2024-09-11","isFullCredit":false},{"lineNumber":34,"author":{"gitId":"danusan-s"},"content":"fi","lastModifiedDate":"2024-09-11","isFullCredit":false},{"lineNumber":35,"author":{"gitId":"danusan-s"},"content":"","lastModifiedDate":"2024-09-11","isFullCredit":false}],"authorContributionMap":{"danusan-s":7,"-":28}}]
