{"authorDailyContributionsMap":{"danusan-s":[{"date":"2024-08-16","commitResults":[{"hash":"f64d55f2a2c58a28b7e177341cb0bef7786670bb","isMergeCommit":false,"messageTitle":"Renamed ChatBot","messageBody":"","tags":["Level-0"],"fileTypesAndContributionMap":{"java":{"insertions":25,"deletions":10}}},{"hash":"fdfac956fc55f1b3cb1ac497b7f0b2783ae56b20","isMergeCommit":false,"messageTitle":"Removed occurences of Duke","messageBody":"","fileTypesAndContributionMap":{"txt":{"insertions":0,"deletions":0},"bat":{"insertions":0,"deletions":21},"sh":{"insertions":0,"deletions":38},"md":{"insertions":13,"deletions":24}}},{"hash":"f764e84ce00c7e3f4c88d99a6f647ad9b4e05b7d","isMergeCommit":false,"messageTitle":"Fixed spacing","messageBody":"","fileTypesAndContributionMap":{"md":{"insertions":1,"deletions":1}}}]},{"date":"2024-08-22","commitResults":[{"hash":"77b4c4e3d60f908a5da6b931a13ec1ac5eb004e6","isMergeCommit":false,"messageTitle":"Added feature that repeats user input","messageBody":"","tags":["Level-1"],"fileTypesAndContributionMap":{"java":{"insertions":16,"deletions":0}}},{"hash":"e3d0dadd8ef8bb92b69497c9498a9e50fa44418e","isMergeCommit":false,"messageTitle":"Added feature that stores and lists out user inputs","messageBody":"","tags":["Level-2"],"fileTypesAndContributionMap":{"java":{"insertions":24,"deletions":10}}},{"hash":"f2817e2131b0b4f3da29434912e5d3ad9dc48d29","isMergeCommit":false,"messageTitle":"Added marking and unmarking feature to list","messageBody":"","tags":["Level-3"],"fileTypesAndContributionMap":{"java":{"insertions":110,"deletions":21}}}]},{"date":"2024-08-30","commitResults":[{"hash":"b528d2cfa2843f219c4b6747be3ed0b24ff76662","isMergeCommit":false,"messageTitle":"Fixed coding style","messageBody":"","tags":["A-CodingStandard"],"fileTypesAndContributionMap":{"java":{"insertions":91,"deletions":90}}}]},{"date":"2024-09-03","commitResults":[{"hash":"dc57300f9063c7c3ca1693d0d7fd58444a0e039f","isMergeCommit":false,"messageTitle":"Added different types of tasks","messageBody":"","tags":["Level-4"],"fileTypesAndContributionMap":{"java":{"insertions":112,"deletions":30}}}]},{"date":"2024-09-11","commitResults":[{"hash":"e3bec4e3c98920bf4a0abb4fbc19ef51f433864f","isMergeCommit":false,"messageTitle":"Added testing script","messageBody":"","tags":["A-TextUiTesting"],"fileTypesAndContributionMap":{"txt":{"insertions":29,"deletions":0},"sh":{"insertions":35,"deletions":0}}},{"hash":"4e3c8684dacc9148a580516bed4724b1e78c49c2","isMergeCommit":false,"messageTitle":"Formatted code to be readable","messageBody":"","tags":["A-CodeQuality"],"fileTypesAndContributionMap":{"java":{"insertions":54,"deletions":55}}},{"hash":"61786d36e3717b215f0349ef303b87c3584d1fdc","isMergeCommit":false,"messageTitle":"Removed hardcoding of options","messageBody":"","fileTypesAndContributionMap":{"java":{"insertions":43,"deletions":11}}},{"hash":"a4bf349baafa7f1dfa92ea03169643cf66c1b862","isMergeCommit":true,"messageTitle":"Merge branch \u0027branch-Level-5\u0027","messageBody":"","tags":["Level-5"],"fileTypesAndContributionMap":{}}]},{"date":"2024-09-12","commitResults":[{"hash":"ddefb03f77a1da1712ba8cd213689b3f0c3305aa","isMergeCommit":false,"messageTitle":"Fixed input handling","messageBody":"","fileTypesAndContributionMap":{"java":{"insertions":19,"deletions":8}}}]}]},"authorFileTypeContributionMap":{"danusan-s":{"java":269,"md":9,"fxml":0,"sh":7,"bat":0,"gradle":0,"txt":29}},"authorContributionVariance":{"danusan-s":4545.7173},"authorDisplayNameMap":{"danusan-s":"CS2113-T11-4 SUGU..USAN"}}
