{"authorDailyContributionsMap":{"danusan-s":[{"date":"2024-08-16","commitResults":[{"hash":"f64d55f2a2c58a28b7e177341cb0bef7786670bb","isMergeCommit":false,"messageTitle":"Renamed ChatBot","messageBody":"","tags":["Level-0"],"fileTypesAndContributionMap":{"java":{"insertions":25,"deletions":10}}},{"hash":"fdfac956fc55f1b3cb1ac497b7f0b2783ae56b20","isMergeCommit":false,"messageTitle":"Removed occurences of Duke","messageBody":"","fileTypesAndContributionMap":{"txt":{"insertions":0,"deletions":0},"bat":{"insertions":0,"deletions":21},"sh":{"insertions":0,"deletions":38},"md":{"insertions":13,"deletions":24}}},{"hash":"f764e84ce00c7e3f4c88d99a6f647ad9b4e05b7d","isMergeCommit":false,"messageTitle":"Fixed spacing","messageBody":"","fileTypesAndContributionMap":{"md":{"insertions":1,"deletions":1}}}]},{"date":"2024-08-22","commitResults":[{"hash":"77b4c4e3d60f908a5da6b931a13ec1ac5eb004e6","isMergeCommit":false,"messageTitle":"Added feature that repeats user input","messageBody":"","tags":["Level-1"],"fileTypesAndContributionMap":{"java":{"insertions":16,"deletions":0}}},{"hash":"e3d0dadd8ef8bb92b69497c9498a9e50fa44418e","isMergeCommit":false,"messageTitle":"Added feature that stores and lists out user inputs","messageBody":"","tags":["Level-2"],"fileTypesAndContributionMap":{"java":{"insertions":24,"deletions":10}}},{"hash":"f2817e2131b0b4f3da29434912e5d3ad9dc48d29","isMergeCommit":false,"messageTitle":"Added marking and unmarking feature to list","messageBody":"","tags":["Level-3"],"fileTypesAndContributionMap":{"java":{"insertions":110,"deletions":21}}}]},{"date":"2024-08-30","commitResults":[{"hash":"b528d2cfa2843f219c4b6747be3ed0b24ff76662","isMergeCommit":false,"messageTitle":"Fixed coding style","messageBody":"","tags":["A-CodingStandard"],"fileTypesAndContributionMap":{"java":{"insertions":91,"deletions":90}}}]},{"date":"2024-09-03","commitResults":[{"hash":"dc57300f9063c7c3ca1693d0d7fd58444a0e039f","isMergeCommit":false,"messageTitle":"Added different types of tasks","messageBody":"","tags":["Level-4"],"fileTypesAndContributionMap":{"java":{"insertions":112,"deletions":30}}}]},{"date":"2024-09-11","commitResults":[{"hash":"e3bec4e3c98920bf4a0abb4fbc19ef51f433864f","isMergeCommit":false,"messageTitle":"Added testing script","messageBody":"","tags":["A-TextUiTesting"],"fileTypesAndContributionMap":{"txt":{"insertions":29,"deletions":0},"sh":{"insertions":35,"deletions":0}}},{"hash":"4e3c8684dacc9148a580516bed4724b1e78c49c2","isMergeCommit":false,"messageTitle":"Formatted code to be readable","messageBody":"","tags":["A-CodeQuality"],"fileTypesAndContributionMap":{"java":{"insertions":54,"deletions":55}}},{"hash":"61786d36e3717b215f0349ef303b87c3584d1fdc","isMergeCommit":false,"messageTitle":"Removed hardcoding of options","messageBody":"","fileTypesAndContributionMap":{"java":{"insertions":43,"deletions":11}}},{"hash":"a4bf349baafa7f1dfa92ea03169643cf66c1b862","isMergeCommit":true,"messageTitle":"Merge branch \u0027branch-Level-5\u0027","messageBody":"","tags":["Level-5"],"fileTypesAndContributionMap":{}}]},{"date":"2024-09-12","commitResults":[{"hash":"ddefb03f77a1da1712ba8cd213689b3f0c3305aa","isMergeCommit":false,"messageTitle":"Fixed input handling","messageBody":"","fileTypesAndContributionMap":{"java":{"insertions":19,"deletions":8}}}]},{"date":"2024-09-19","commitResults":[{"hash":"4d1a1383f16615d63b7bec9698d1f673a948ae39","isMergeCommit":false,"messageTitle":"Added delete function","messageBody":"","fileTypesAndContributionMap":{"java":{"insertions":23,"deletions":10}}}]},{"date":"2024-10-02","commitResults":[{"hash":"8043f868809e3df544851e60640d0442c6a2289d","isMergeCommit":false,"messageTitle":"Added saving feature","messageBody":"","fileTypesAndContributionMap":{"java":{"insertions":110,"deletions":11}}},{"hash":"275789cde18d71814fc6b8f148c160ea400f92c8","isMergeCommit":true,"messageTitle":"Merge branch \u0027branch-Level-6\u0027","messageBody":"","tags":["Level-6"],"fileTypesAndContributionMap":{}},{"hash":"6ddae966926e76682a79d41d37f978663943cb88","isMergeCommit":true,"messageTitle":"Merge branch \u0027branch-Level-7\u0027","messageBody":"","tags":["Level-7","A-Jar"],"fileTypesAndContributionMap":{}}]},{"date":"2024-10-03","commitResults":[{"hash":"624e0e7b23b0f5a4c8a1f8da5323aef2a8f80e4d","isMergeCommit":false,"messageTitle":"Fixed loading marked tasks","messageBody":"","tags":["A-Collections"],"fileTypesAndContributionMap":{"txt":{"insertions":1,"deletions":0},"java":{"insertions":19,"deletions":12}}},{"hash":"ba2985ab0a9a6679a5b9a2a5c00bc9273ef7f75c","isMergeCommit":false,"messageTitle":"Removed messages while loading file","messageBody":"","tags":["A-Exceptions"],"fileTypesAndContributionMap":{"java":{"insertions":1,"deletions":3}}},{"hash":"8a7938cb92f9f6431a70dad4f8310e0b1bf082c4","isMergeCommit":false,"messageTitle":"Refactored code to abstract more","messageBody":"","tags":["A-MoreOOP"],"fileTypesAndContributionMap":{"java":{"insertions":248,"deletions":186}}},{"hash":"ace44007a56a600a5128048152068322f39724e6","isMergeCommit":false,"messageTitle":"Added search feature","messageBody":"","fileTypesAndContributionMap":{"txt":{"insertions":0,"deletions":1},"java":{"insertions":15,"deletions":0}}},{"hash":"41e271b6a56469549779b9d3ff7b37e1681ed015","isMergeCommit":true,"messageTitle":"Merge pull request #1 from danusan-s/branch-Level-9","messageBody":"Added search feature","tags":["Level-9"],"fileTypesAndContributionMap":{}},{"hash":"7eb136850ccd0d24ece057ff4363561477ccf0ee","isMergeCommit":false,"messageTitle":"Reformatted the code","messageBody":"","fileTypesAndContributionMap":{"java":{"insertions":44,"deletions":44}}}]},{"date":"2024-10-04","commitResults":[{"hash":"b4531ad7255e5d95dcde89c02219844dafcf30a7","isMergeCommit":false,"messageTitle":"Updated docs","messageBody":"","tags":["v0.2","A-UserGuide"],"fileTypesAndContributionMap":{"md":{"insertions":92,"deletions":15}}},{"hash":"a85d3dbe24b9d4deb4258b50f38f13bea9972764","isMergeCommit":false,"messageTitle":"Update README.md","messageBody":"","fileTypesAndContributionMap":{"md":{"insertions":2,"deletions":0}}},{"hash":"e8c04fece5c9bbcb23a42fea135ba23ca85f5d19","isMergeCommit":false,"messageTitle":"Added case insensitivity to find","messageBody":"","fileTypesAndContributionMap":{"java":{"insertions":14,"deletions":4}}},{"hash":"2e041f7856c97fd395f59cf0490fa01c9b100c4c","isMergeCommit":true,"messageTitle":"Merge branch \u0027master\u0027 of github.com:danusan-s/ip","messageBody":"","fileTypesAndContributionMap":{}}]},{"date":"2024-10-05","commitResults":[{"hash":"bce23b2261cf5e8b6d58894b81ed6ccc22a3bc34","isMergeCommit":false,"messageTitle":"Added documentation for methods","messageBody":"Added JavaDocs comments for most public methods outside of the main\nclass.\n","fileTypesAndContributionMap":{"java":{"insertions":97,"deletions":19}}},{"hash":"bf60597346af70c804c93bda3c56e60163f78830","isMergeCommit":true,"messageTitle":"Merge branch \u0027branch-A-JavaDoc\u0027","messageBody":"","tags":["A-JavaDoc"],"fileTypesAndContributionMap":{}}]}]},"authorFileTypeContributionMap":{"danusan-s":{"java":541,"md":103,"fxml":0,"sh":7,"bat":0,"gradle":0,"txt":29}},"authorContributionVariance":{"danusan-s":9067.506},"authorDisplayNameMap":{"danusan-s":"CS2113-T11-4 SUGU..USAN"}}
