[{"path":"src/main/java/Command.java","fileType":"java","lines":[{"lineNumber":1,"author":{"gitId":"TVageesan"},"content":"public enum Command {","lastModifiedDate":"2024-09-02","isFullCredit":false},{"lineNumber":2,"author":{"gitId":"TVageesan"},"content":"    LIST(\"list\"),","lastModifiedDate":"2024-09-02","isFullCredit":false},{"lineNumber":3,"author":{"gitId":"TVageesan"},"content":"    MARK(\"mark\"),","lastModifiedDate":"2024-09-02","isFullCredit":false},{"lineNumber":4,"author":{"gitId":"TVageesan"},"content":"    UNMARK(\"unmark\"),","lastModifiedDate":"2024-09-02","isFullCredit":false},{"lineNumber":5,"author":{"gitId":"TVageesan"},"content":"    TODO(\"todo\"),","lastModifiedDate":"2024-09-02","isFullCredit":false},{"lineNumber":6,"author":{"gitId":"TVageesan"},"content":"    DEADLINE(\"deadline\"),","lastModifiedDate":"2024-09-02","isFullCredit":false},{"lineNumber":7,"author":{"gitId":"TVageesan"},"content":"    EVENT(\"event\");","lastModifiedDate":"2024-09-02","isFullCredit":false},{"lineNumber":8,"author":{"gitId":"TVageesan"},"content":"","lastModifiedDate":"2024-09-02","isFullCredit":false},{"lineNumber":9,"author":{"gitId":"TVageesan"},"content":"    private String command;","lastModifiedDate":"2024-09-10","isFullCredit":false},{"lineNumber":10,"author":{"gitId":"TVageesan"},"content":"","lastModifiedDate":"2024-09-02","isFullCredit":false},{"lineNumber":11,"author":{"gitId":"TVageesan"},"content":"    Command(String command) {","lastModifiedDate":"2024-09-02","isFullCredit":false},{"lineNumber":12,"author":{"gitId":"TVageesan"},"content":"        this.command \u003d command;","lastModifiedDate":"2024-09-02","isFullCredit":false},{"lineNumber":13,"author":{"gitId":"TVageesan"},"content":"    }","lastModifiedDate":"2024-09-02","isFullCredit":false},{"lineNumber":14,"author":{"gitId":"TVageesan"},"content":"","lastModifiedDate":"2024-09-02","isFullCredit":false},{"lineNumber":15,"author":{"gitId":"TVageesan"},"content":"    public String getCommand() {","lastModifiedDate":"2024-09-02","isFullCredit":false},{"lineNumber":16,"author":{"gitId":"TVageesan"},"content":"        return command;","lastModifiedDate":"2024-09-02","isFullCredit":false},{"lineNumber":17,"author":{"gitId":"TVageesan"},"content":"    }","lastModifiedDate":"2024-09-02","isFullCredit":false},{"lineNumber":18,"author":{"gitId":"TVageesan"},"content":"","lastModifiedDate":"2024-09-02","isFullCredit":false},{"lineNumber":19,"author":{"gitId":"TVageesan"},"content":"    public static Command parseString(String command) {","lastModifiedDate":"2024-09-02","isFullCredit":false},{"lineNumber":20,"author":{"gitId":"TVageesan"},"content":"        for (Command c : Command.values()) {","lastModifiedDate":"2024-09-02","isFullCredit":false},{"lineNumber":21,"author":{"gitId":"TVageesan"},"content":"            if (c.getCommand().equals(command)) {","lastModifiedDate":"2024-09-02","isFullCredit":false},{"lineNumber":22,"author":{"gitId":"TVageesan"},"content":"                return c;","lastModifiedDate":"2024-09-02","isFullCredit":false},{"lineNumber":23,"author":{"gitId":"TVageesan"},"content":"            }","lastModifiedDate":"2024-09-02","isFullCredit":false},{"lineNumber":24,"author":{"gitId":"TVageesan"},"content":"        }","lastModifiedDate":"2024-09-02","isFullCredit":false},{"lineNumber":25,"author":{"gitId":"TVageesan"},"content":"        return null;","lastModifiedDate":"2024-09-02","isFullCredit":false},{"lineNumber":26,"author":{"gitId":"TVageesan"},"content":"    }","lastModifiedDate":"2024-09-02","isFullCredit":false},{"lineNumber":27,"author":{"gitId":"TVageesan"},"content":"}","lastModifiedDate":"2024-09-02","isFullCredit":false}],"authorContributionMap":{"TVageesan":27}},{"path":"src/main/java/CommandHandler.java","fileType":"java","lines":[{"lineNumber":1,"author":{"gitId":"TVageesan"},"content":"public class CommandHandler {","lastModifiedDate":"2024-09-02","isFullCredit":false},{"lineNumber":2,"author":{"gitId":"TVageesan"},"content":"    private TaskManager taskManager;","lastModifiedDate":"2024-09-10","isFullCredit":false},{"lineNumber":3,"author":{"gitId":"TVageesan"},"content":"    private final int LINE_LENGTH \u003d 50;","lastModifiedDate":"2024-09-02","isFullCredit":false},{"lineNumber":4,"author":{"gitId":"TVageesan"},"content":"","lastModifiedDate":"2024-09-02","isFullCredit":false},{"lineNumber":5,"author":{"gitId":"TVageesan"},"content":"    public CommandHandler(TaskManager taskManager){","lastModifiedDate":"2024-09-03","isFullCredit":false},{"lineNumber":6,"author":{"gitId":"TVageesan"},"content":"        this.taskManager \u003d taskManager;","lastModifiedDate":"2024-09-03","isFullCredit":false},{"lineNumber":7,"author":{"gitId":"TVageesan"},"content":"    }","lastModifiedDate":"2024-09-02","isFullCredit":false},{"lineNumber":8,"author":{"gitId":"TVageesan"},"content":"","lastModifiedDate":"2024-09-02","isFullCredit":false},{"lineNumber":9,"author":{"gitId":"TVageesan"},"content":"    public void handleInput(String input){","lastModifiedDate":"2024-09-02","isFullCredit":false},{"lineNumber":10,"author":{"gitId":"TVageesan"},"content":"        String[] inputArguments \u003d input.split(\" \", 2);","lastModifiedDate":"2024-09-02","isFullCredit":false},{"lineNumber":11,"author":{"gitId":"TVageesan"},"content":"        String commandString \u003d inputArguments[0];","lastModifiedDate":"2024-09-02","isFullCredit":false},{"lineNumber":12,"author":{"gitId":"TVageesan"},"content":"        String argumentString \u003d inputArguments.length \u003e 1 ? inputArguments[1] : \"\";","lastModifiedDate":"2024-09-02","isFullCredit":false},{"lineNumber":13,"author":{"gitId":"TVageesan"},"content":"","lastModifiedDate":"2024-09-02","isFullCredit":false},{"lineNumber":14,"author":{"gitId":"TVageesan"},"content":"        Command command \u003d Command.parseString(commandString);","lastModifiedDate":"2024-09-02","isFullCredit":false},{"lineNumber":15,"author":{"gitId":"TVageesan"},"content":"","lastModifiedDate":"2024-09-02","isFullCredit":false},{"lineNumber":16,"author":{"gitId":"TVageesan"},"content":"        printLine();","lastModifiedDate":"2024-09-10","isFullCredit":false},{"lineNumber":17,"author":{"gitId":"TVageesan"},"content":"        handleCommand(command, argumentString);","lastModifiedDate":"2024-09-10","isFullCredit":false},{"lineNumber":18,"author":{"gitId":"TVageesan"},"content":"        printLine();","lastModifiedDate":"2024-09-10","isFullCredit":false},{"lineNumber":19,"author":{"gitId":"TVageesan"},"content":"    }","lastModifiedDate":"2024-09-03","isFullCredit":false},{"lineNumber":20,"author":{"gitId":"TVageesan"},"content":"","lastModifiedDate":"2024-09-03","isFullCredit":false},{"lineNumber":21,"author":{"gitId":"TVageesan"},"content":"    private void printLine(){","lastModifiedDate":"2024-09-10","isFullCredit":false},{"lineNumber":22,"author":{"gitId":"TVageesan"},"content":"        System.out.println(\"-\".repeat(LINE_LENGTH));","lastModifiedDate":"2024-09-10","isFullCredit":false},{"lineNumber":23,"author":{"gitId":"TVageesan"},"content":"    }","lastModifiedDate":"2024-09-10","isFullCredit":false},{"lineNumber":24,"author":{"gitId":"TVageesan"},"content":"","lastModifiedDate":"2024-09-10","isFullCredit":false},{"lineNumber":25,"author":{"gitId":"TVageesan"},"content":"    private void handleCommand(Command command, String argumentString) {","lastModifiedDate":"2024-09-10","isFullCredit":false},{"lineNumber":26,"author":{"gitId":"TVageesan"},"content":"        if (command \u003d\u003d null) {","lastModifiedDate":"2024-09-02","isFullCredit":false},{"lineNumber":27,"author":{"gitId":"TVageesan"},"content":"            handleInvalidCommand();","lastModifiedDate":"2024-09-02","isFullCredit":false},{"lineNumber":28,"author":{"gitId":"TVageesan"},"content":"            return;","lastModifiedDate":"2024-09-02","isFullCredit":false},{"lineNumber":29,"author":{"gitId":"TVageesan"},"content":"        }","lastModifiedDate":"2024-09-02","isFullCredit":false},{"lineNumber":30,"author":{"gitId":"TVageesan"},"content":"","lastModifiedDate":"2024-09-02","isFullCredit":false},{"lineNumber":31,"author":{"gitId":"TVageesan"},"content":"        switch (command) {","lastModifiedDate":"2024-09-02","isFullCredit":false},{"lineNumber":32,"author":{"gitId":"TVageesan"},"content":"            case LIST:","lastModifiedDate":"2024-09-02","isFullCredit":false},{"lineNumber":33,"author":{"gitId":"TVageesan"},"content":"                handleListCommand();","lastModifiedDate":"2024-09-02","isFullCredit":false},{"lineNumber":34,"author":{"gitId":"TVageesan"},"content":"                break;","lastModifiedDate":"2024-09-02","isFullCredit":false},{"lineNumber":35,"author":{"gitId":"TVageesan"},"content":"            case MARK:","lastModifiedDate":"2024-09-02","isFullCredit":false},{"lineNumber":36,"author":{"gitId":"TVageesan"},"content":"                handleTaskDoneUpdate(argumentString, true);","lastModifiedDate":"2024-09-10","isFullCredit":false},{"lineNumber":37,"author":{"gitId":"TVageesan"},"content":"                break;","lastModifiedDate":"2024-09-02","isFullCredit":false},{"lineNumber":38,"author":{"gitId":"TVageesan"},"content":"            case UNMARK:","lastModifiedDate":"2024-09-02","isFullCredit":false},{"lineNumber":39,"author":{"gitId":"TVageesan"},"content":"                handleTaskDoneUpdate(argumentString, false);","lastModifiedDate":"2024-09-10","isFullCredit":false},{"lineNumber":40,"author":{"gitId":"TVageesan"},"content":"                break;","lastModifiedDate":"2024-09-02","isFullCredit":false},{"lineNumber":41,"author":{"gitId":"TVageesan"},"content":"            case TODO:","lastModifiedDate":"2024-09-02","isFullCredit":false},{"lineNumber":42,"author":{"gitId":"TVageesan"},"content":"                handleTodoCommand(argumentString);","lastModifiedDate":"2024-09-02","isFullCredit":false},{"lineNumber":43,"author":{"gitId":"TVageesan"},"content":"                break;","lastModifiedDate":"2024-09-02","isFullCredit":false},{"lineNumber":44,"author":{"gitId":"TVageesan"},"content":"            case DEADLINE:","lastModifiedDate":"2024-09-02","isFullCredit":false},{"lineNumber":45,"author":{"gitId":"TVageesan"},"content":"                handleDeadlineCommand(argumentString);","lastModifiedDate":"2024-09-02","isFullCredit":false},{"lineNumber":46,"author":{"gitId":"TVageesan"},"content":"                break;","lastModifiedDate":"2024-09-02","isFullCredit":false},{"lineNumber":47,"author":{"gitId":"TVageesan"},"content":"            case EVENT:","lastModifiedDate":"2024-09-02","isFullCredit":false},{"lineNumber":48,"author":{"gitId":"TVageesan"},"content":"                handleEventCommand(argumentString);","lastModifiedDate":"2024-09-02","isFullCredit":false},{"lineNumber":49,"author":{"gitId":"TVageesan"},"content":"                break;","lastModifiedDate":"2024-09-02","isFullCredit":false},{"lineNumber":50,"author":{"gitId":"TVageesan"},"content":"        }","lastModifiedDate":"2024-09-02","isFullCredit":false},{"lineNumber":51,"author":{"gitId":"TVageesan"},"content":"    }","lastModifiedDate":"2024-09-02","isFullCredit":false},{"lineNumber":52,"author":{"gitId":"TVageesan"},"content":"","lastModifiedDate":"2024-09-02","isFullCredit":false},{"lineNumber":53,"author":{"gitId":"TVageesan"},"content":"    private void handleInvalidCommand(){","lastModifiedDate":"2024-09-10","isFullCredit":false},{"lineNumber":54,"author":{"gitId":"TVageesan"},"content":"        throw new MedeaException(\"Unrecognized command. Please use a valid command.\");","lastModifiedDate":"2024-09-12","isFullCredit":false},{"lineNumber":55,"author":{"gitId":"TVageesan"},"content":"    }","lastModifiedDate":"2024-09-02","isFullCredit":false},{"lineNumber":56,"author":{"gitId":"TVageesan"},"content":"","lastModifiedDate":"2024-09-02","isFullCredit":false},{"lineNumber":57,"author":{"gitId":"TVageesan"},"content":"    private void handleListCommand() {","lastModifiedDate":"2024-09-02","isFullCredit":false},{"lineNumber":58,"author":{"gitId":"TVageesan"},"content":"        taskManager.listTasks();","lastModifiedDate":"2024-09-03","isFullCredit":false},{"lineNumber":59,"author":{"gitId":"TVageesan"},"content":"    }","lastModifiedDate":"2024-09-02","isFullCredit":false},{"lineNumber":60,"author":{"gitId":"TVageesan"},"content":"","lastModifiedDate":"2024-09-02","isFullCredit":false},{"lineNumber":61,"author":{"gitId":"TVageesan"},"content":"    private void handleTaskDoneUpdate(String taskIndex, boolean isDone) {","lastModifiedDate":"2024-09-10","isFullCredit":false},{"lineNumber":62,"author":{"gitId":"TVageesan"},"content":"        int index \u003d parseTaskIndex(taskIndex);","lastModifiedDate":"2024-09-10","isFullCredit":false},{"lineNumber":63,"author":{"gitId":"TVageesan"},"content":"        int currentTaskIndex \u003d taskManager.getCurrentTaskIndex();","lastModifiedDate":"2024-09-12","isFullCredit":false},{"lineNumber":64,"author":{"gitId":"TVageesan"},"content":"","lastModifiedDate":"2024-09-02","isFullCredit":false},{"lineNumber":65,"author":{"gitId":"TVageesan"},"content":"        if (index \u003c 0 || index \u003e\u003d currentTaskIndex) {","lastModifiedDate":"2024-09-12","isFullCredit":false},{"lineNumber":66,"author":{"gitId":"TVageesan"},"content":"            String errorMsg \u003d String.format(\"Invalid %s command. Please provide a valid task number.%n\", isDone ? \"mark\":\"unmark\");","lastModifiedDate":"2024-09-12","isFullCredit":false},{"lineNumber":67,"author":{"gitId":"TVageesan"},"content":"            throw new MedeaException(errorMsg);","lastModifiedDate":"2024-09-12","isFullCredit":false},{"lineNumber":68,"author":{"gitId":"TVageesan"},"content":"        }","lastModifiedDate":"2024-09-02","isFullCredit":false},{"lineNumber":69,"author":{"gitId":"TVageesan"},"content":"","lastModifiedDate":"2024-09-02","isFullCredit":false},{"lineNumber":70,"author":{"gitId":"TVageesan"},"content":"        taskManager.updateTaskDoneStatus(index, isDone);","lastModifiedDate":"2024-09-10","isFullCredit":false},{"lineNumber":71,"author":{"gitId":"TVageesan"},"content":"    }","lastModifiedDate":"2024-09-02","isFullCredit":false},{"lineNumber":72,"author":{"gitId":"TVageesan"},"content":"","lastModifiedDate":"2024-09-02","isFullCredit":false},{"lineNumber":73,"author":{"gitId":"TVageesan"},"content":"    private int parseTaskIndex(String taskIndex) {","lastModifiedDate":"2024-09-10","isFullCredit":false},{"lineNumber":74,"author":{"gitId":"TVageesan"},"content":"        try {","lastModifiedDate":"2024-09-10","isFullCredit":false},{"lineNumber":75,"author":{"gitId":"TVageesan"},"content":"            return Integer.parseInt(taskIndex.trim()) - 1;","lastModifiedDate":"2024-09-10","isFullCredit":false},{"lineNumber":76,"author":{"gitId":"TVageesan"},"content":"        } catch (Error e) {","lastModifiedDate":"2024-09-10","isFullCredit":false},{"lineNumber":77,"author":{"gitId":"TVageesan"},"content":"            return -1;","lastModifiedDate":"2024-09-10","isFullCredit":false},{"lineNumber":78,"author":{"gitId":"TVageesan"},"content":"        }","lastModifiedDate":"2024-09-02","isFullCredit":false},{"lineNumber":79,"author":{"gitId":"TVageesan"},"content":"    }","lastModifiedDate":"2024-09-02","isFullCredit":false},{"lineNumber":80,"author":{"gitId":"TVageesan"},"content":"","lastModifiedDate":"2024-09-02","isFullCredit":false},{"lineNumber":81,"author":{"gitId":"TVageesan"},"content":"    private void handleTodoCommand(String description) {","lastModifiedDate":"2024-09-02","isFullCredit":false},{"lineNumber":82,"author":{"gitId":"TVageesan"},"content":"        if (description.isEmpty()){","lastModifiedDate":"2024-09-02","isFullCredit":false},{"lineNumber":83,"author":{"gitId":"TVageesan"},"content":"            throw new MedeaException(\"Invalid todo command. Please provide a task description.\");","lastModifiedDate":"2024-09-12","isFullCredit":false},{"lineNumber":84,"author":{"gitId":"TVageesan"},"content":"        }","lastModifiedDate":"2024-09-02","isFullCredit":false},{"lineNumber":85,"author":{"gitId":"TVageesan"},"content":"","lastModifiedDate":"2024-09-02","isFullCredit":false},{"lineNumber":86,"author":{"gitId":"TVageesan"},"content":"        taskManager.addTodo(description);","lastModifiedDate":"2024-09-03","isFullCredit":false},{"lineNumber":87,"author":{"gitId":"TVageesan"},"content":"    }","lastModifiedDate":"2024-09-02","isFullCredit":false},{"lineNumber":88,"author":{"gitId":"TVageesan"},"content":"","lastModifiedDate":"2024-09-02","isFullCredit":false},{"lineNumber":89,"author":{"gitId":"TVageesan"},"content":"    private String[] parseArguments(String argumentString, String... delimiters) {","lastModifiedDate":"2024-09-03","isFullCredit":false},{"lineNumber":90,"author":{"gitId":"TVageesan"},"content":"        String delimiterPattern \u003d String.join(\"|\", delimiters);","lastModifiedDate":"2024-09-10","isFullCredit":false},{"lineNumber":91,"author":{"gitId":"TVageesan"},"content":"        return argumentString.split(delimiterPattern);","lastModifiedDate":"2024-09-10","isFullCredit":false},{"lineNumber":92,"author":{"gitId":"TVageesan"},"content":"    }","lastModifiedDate":"2024-09-02","isFullCredit":false},{"lineNumber":93,"author":{"gitId":"TVageesan"},"content":"","lastModifiedDate":"2024-09-02","isFullCredit":false},{"lineNumber":94,"author":{"gitId":"TVageesan"},"content":"    private void handleDeadlineCommand(String argumentString) {","lastModifiedDate":"2024-09-03","isFullCredit":false},{"lineNumber":95,"author":{"gitId":"TVageesan"},"content":"        String[] arguments \u003d parseArguments(argumentString, \" /by \");","lastModifiedDate":"2024-09-03","isFullCredit":false},{"lineNumber":96,"author":{"gitId":"TVageesan"},"content":"","lastModifiedDate":"2024-09-02","isFullCredit":false},{"lineNumber":97,"author":{"gitId":"TVageesan"},"content":"        if (arguments.length !\u003d 2) {","lastModifiedDate":"2024-09-03","isFullCredit":false},{"lineNumber":98,"author":{"gitId":"TVageesan"},"content":"            throw new MedeaException(\"Invalid deadline command. Please provide a task description and a deadline using \u0027/by\u0027.\");","lastModifiedDate":"2024-09-12","isFullCredit":false},{"lineNumber":99,"author":{"gitId":"TVageesan"},"content":"        }","lastModifiedDate":"2024-09-02","isFullCredit":false},{"lineNumber":100,"author":{"gitId":"TVageesan"},"content":"","lastModifiedDate":"2024-09-02","isFullCredit":false},{"lineNumber":101,"author":{"gitId":"TVageesan"},"content":"        String description \u003d arguments[0];","lastModifiedDate":"2024-09-03","isFullCredit":false},{"lineNumber":102,"author":{"gitId":"TVageesan"},"content":"        String deadlineDate \u003d arguments[1];","lastModifiedDate":"2024-09-03","isFullCredit":false},{"lineNumber":103,"author":{"gitId":"TVageesan"},"content":"","lastModifiedDate":"2024-09-02","isFullCredit":false},{"lineNumber":104,"author":{"gitId":"TVageesan"},"content":"        taskManager.addDeadline(description, deadlineDate);","lastModifiedDate":"2024-09-03","isFullCredit":false},{"lineNumber":105,"author":{"gitId":"TVageesan"},"content":"    }","lastModifiedDate":"2024-09-02","isFullCredit":false},{"lineNumber":106,"author":{"gitId":"TVageesan"},"content":"","lastModifiedDate":"2024-09-02","isFullCredit":false},{"lineNumber":107,"author":{"gitId":"TVageesan"},"content":"    private void handleEventCommand(String argumentString) {","lastModifiedDate":"2024-09-03","isFullCredit":false},{"lineNumber":108,"author":{"gitId":"TVageesan"},"content":"        String[] arguments \u003d parseArguments(argumentString, \" /from \", \" /to \");","lastModifiedDate":"2024-09-03","isFullCredit":false},{"lineNumber":109,"author":{"gitId":"TVageesan"},"content":"","lastModifiedDate":"2024-09-02","isFullCredit":false},{"lineNumber":110,"author":{"gitId":"TVageesan"},"content":"        if (arguments.length !\u003d 3) {","lastModifiedDate":"2024-09-03","isFullCredit":false},{"lineNumber":111,"author":{"gitId":"TVageesan"},"content":"            throw new MedeaException(\"Invalid event command. Please provide a task, start time, and end time using \u0027/from\u0027 and \u0027/to\u0027.\");","lastModifiedDate":"2024-09-12","isFullCredit":false},{"lineNumber":112,"author":{"gitId":"TVageesan"},"content":"        }","lastModifiedDate":"2024-09-02","isFullCredit":false},{"lineNumber":113,"author":{"gitId":"TVageesan"},"content":"","lastModifiedDate":"2024-09-02","isFullCredit":false},{"lineNumber":114,"author":{"gitId":"TVageesan"},"content":"        String description \u003d arguments[0];","lastModifiedDate":"2024-09-03","isFullCredit":false},{"lineNumber":115,"author":{"gitId":"TVageesan"},"content":"        String eventStart \u003d arguments[1];","lastModifiedDate":"2024-09-03","isFullCredit":false},{"lineNumber":116,"author":{"gitId":"TVageesan"},"content":"        String eventEnd \u003d arguments[2];","lastModifiedDate":"2024-09-03","isFullCredit":false},{"lineNumber":117,"author":{"gitId":"TVageesan"},"content":"","lastModifiedDate":"2024-09-02","isFullCredit":false},{"lineNumber":118,"author":{"gitId":"TVageesan"},"content":"        taskManager.addEvent(description, eventStart, eventEnd);","lastModifiedDate":"2024-09-03","isFullCredit":false},{"lineNumber":119,"author":{"gitId":"TVageesan"},"content":"    }","lastModifiedDate":"2024-09-02","isFullCredit":false},{"lineNumber":120,"author":{"gitId":"TVageesan"},"content":"}","lastModifiedDate":"2024-09-02","isFullCredit":false}],"authorContributionMap":{"TVageesan":120}},{"path":"src/main/java/Deadline.java","fileType":"java","lines":[{"lineNumber":1,"author":{"gitId":"TVageesan"},"content":"public class Deadline extends Task{","lastModifiedDate":"2024-09-02","isFullCredit":false},{"lineNumber":2,"author":{"gitId":"TVageesan"},"content":"    private String by;","lastModifiedDate":"2024-09-10","isFullCredit":false},{"lineNumber":3,"author":{"gitId":"TVageesan"},"content":"","lastModifiedDate":"2024-09-02","isFullCredit":false},{"lineNumber":4,"author":{"gitId":"TVageesan"},"content":"    public Deadline(String description, String by){","lastModifiedDate":"2024-09-02","isFullCredit":false},{"lineNumber":5,"author":{"gitId":"TVageesan"},"content":"        super(description);","lastModifiedDate":"2024-09-02","isFullCredit":false},{"lineNumber":6,"author":{"gitId":"TVageesan"},"content":"        this.by \u003d by;","lastModifiedDate":"2024-09-02","isFullCredit":false},{"lineNumber":7,"author":{"gitId":"TVageesan"},"content":"    }","lastModifiedDate":"2024-09-02","isFullCredit":false},{"lineNumber":8,"author":{"gitId":"TVageesan"},"content":"","lastModifiedDate":"2024-09-02","isFullCredit":false},{"lineNumber":9,"author":{"gitId":"TVageesan"},"content":"    @Override","lastModifiedDate":"2024-09-02","isFullCredit":false},{"lineNumber":10,"author":{"gitId":"TVageesan"},"content":"    public String toString() {","lastModifiedDate":"2024-09-02","isFullCredit":false},{"lineNumber":11,"author":{"gitId":"TVageesan"},"content":"        return String.format(\"[D]%s (by: %s)\", super.toString(), by);","lastModifiedDate":"2024-09-02","isFullCredit":false},{"lineNumber":12,"author":{"gitId":"TVageesan"},"content":"    }","lastModifiedDate":"2024-09-02","isFullCredit":false},{"lineNumber":13,"author":{"gitId":"TVageesan"},"content":"}","lastModifiedDate":"2024-09-02","isFullCredit":false}],"authorContributionMap":{"TVageesan":13}},{"path":"src/main/java/Event.java","fileType":"java","lines":[{"lineNumber":1,"author":{"gitId":"TVageesan"},"content":"public class Event  extends Task{","lastModifiedDate":"2024-09-02","isFullCredit":false},{"lineNumber":2,"author":{"gitId":"TVageesan"},"content":"    private String start;","lastModifiedDate":"2024-09-10","isFullCredit":false},{"lineNumber":3,"author":{"gitId":"TVageesan"},"content":"    private String end;","lastModifiedDate":"2024-09-10","isFullCredit":false},{"lineNumber":4,"author":{"gitId":"TVageesan"},"content":"","lastModifiedDate":"2024-09-02","isFullCredit":false},{"lineNumber":5,"author":{"gitId":"TVageesan"},"content":"    public Event (String description, String start, String end){","lastModifiedDate":"2024-09-02","isFullCredit":false},{"lineNumber":6,"author":{"gitId":"TVageesan"},"content":"        super(description);","lastModifiedDate":"2024-09-02","isFullCredit":false},{"lineNumber":7,"author":{"gitId":"TVageesan"},"content":"        this.start \u003d start;","lastModifiedDate":"2024-09-02","isFullCredit":false},{"lineNumber":8,"author":{"gitId":"TVageesan"},"content":"        this.end \u003d end;","lastModifiedDate":"2024-09-02","isFullCredit":false},{"lineNumber":9,"author":{"gitId":"TVageesan"},"content":"    }","lastModifiedDate":"2024-09-02","isFullCredit":false},{"lineNumber":10,"author":{"gitId":"TVageesan"},"content":"","lastModifiedDate":"2024-09-02","isFullCredit":false},{"lineNumber":11,"author":{"gitId":"TVageesan"},"content":"    @Override","lastModifiedDate":"2024-09-02","isFullCredit":false},{"lineNumber":12,"author":{"gitId":"TVageesan"},"content":"    public String toString() {","lastModifiedDate":"2024-09-02","isFullCredit":false},{"lineNumber":13,"author":{"gitId":"TVageesan"},"content":"        return String.format(\"[E]%s (from: %s to: %s)\", super.toString(), start, end);","lastModifiedDate":"2024-09-02","isFullCredit":false},{"lineNumber":14,"author":{"gitId":"TVageesan"},"content":"    }","lastModifiedDate":"2024-09-02","isFullCredit":false},{"lineNumber":15,"author":{"gitId":"TVageesan"},"content":"}","lastModifiedDate":"2024-09-02","isFullCredit":false}],"authorContributionMap":{"TVageesan":15}},{"path":"src/main/java/Medea.java","fileType":"java","lines":[{"lineNumber":1,"author":{"gitId":"TVageesan"},"content":"import java.util.Scanner;","lastModifiedDate":"2024-08-20","isFullCredit":false},{"lineNumber":2,"author":{"gitId":"TVageesan"},"content":"","lastModifiedDate":"2024-08-20","isFullCredit":false},{"lineNumber":3,"author":{"gitId":"TVageesan"},"content":"public class Medea {","lastModifiedDate":"2024-08-19","isFullCredit":false},{"lineNumber":4,"author":{"gitId":"TVageesan"},"content":"","lastModifiedDate":"2024-08-20","isFullCredit":false},{"lineNumber":5,"author":{"gitId":"TVageesan"},"content":"    public static void main(String[] args) {","lastModifiedDate":"2024-09-02","isFullCredit":false},{"lineNumber":6,"author":{"gitId":"TVageesan"},"content":"        greet();","lastModifiedDate":"2024-09-02","isFullCredit":false},{"lineNumber":7,"author":{"gitId":"TVageesan"},"content":"","lastModifiedDate":"2024-09-02","isFullCredit":false},{"lineNumber":8,"author":{"gitId":"TVageesan"},"content":"        Scanner scanner \u003d new Scanner(System.in);","lastModifiedDate":"2024-09-02","isFullCredit":false},{"lineNumber":9,"author":{"gitId":"TVageesan"},"content":"        TaskManager taskManager \u003d new TaskManager();","lastModifiedDate":"2024-09-03","isFullCredit":false},{"lineNumber":10,"author":{"gitId":"TVageesan"},"content":"        CommandHandler commandHandler \u003d new CommandHandler(taskManager);","lastModifiedDate":"2024-09-03","isFullCredit":false},{"lineNumber":11,"author":{"gitId":"TVageesan"},"content":"","lastModifiedDate":"2024-09-02","isFullCredit":false},{"lineNumber":12,"author":{"gitId":"TVageesan"},"content":"        String input \u003d scanner.nextLine();","lastModifiedDate":"2024-09-02","isFullCredit":false},{"lineNumber":13,"author":{"gitId":"TVageesan"},"content":"","lastModifiedDate":"2024-09-02","isFullCredit":false},{"lineNumber":14,"author":{"gitId":"TVageesan"},"content":"        while(!input.equals(\"bye\")){","lastModifiedDate":"2024-09-02","isFullCredit":false},{"lineNumber":15,"author":{"gitId":"TVageesan"},"content":"            commandHandler.handleInput(input);","lastModifiedDate":"2024-09-02","isFullCredit":false},{"lineNumber":16,"author":{"gitId":"TVageesan"},"content":"            input \u003d scanner.nextLine();","lastModifiedDate":"2024-09-02","isFullCredit":false},{"lineNumber":17,"author":{"gitId":"TVageesan"},"content":"        }","lastModifiedDate":"2024-09-02","isFullCredit":false},{"lineNumber":18,"author":{"gitId":"TVageesan"},"content":"","lastModifiedDate":"2024-09-02","isFullCredit":false},{"lineNumber":19,"author":{"gitId":"TVageesan"},"content":"        sayGoodbye();","lastModifiedDate":"2024-09-02","isFullCredit":false},{"lineNumber":20,"author":{"gitId":"TVageesan"},"content":"    }","lastModifiedDate":"2024-09-02","isFullCredit":false},{"lineNumber":21,"author":{"gitId":"TVageesan"},"content":"","lastModifiedDate":"2024-09-02","isFullCredit":false},{"lineNumber":22,"author":{"gitId":"TVageesan"},"content":"    private static void greet(){","lastModifiedDate":"2024-08-20","isFullCredit":false},{"lineNumber":23,"author":{"gitId":"TVageesan"},"content":"        System.out.println(\"Hello! I\u0027m...\");","lastModifiedDate":"2024-09-02","isFullCredit":false},{"lineNumber":24,"author":{"gitId":"TVageesan"},"content":"        System.out.println(\"\"\"","lastModifiedDate":"2024-09-02","isFullCredit":false},{"lineNumber":25,"author":{"gitId":"TVageesan"},"content":"         __       __  ________  _______   ________   ______ \\s","lastModifiedDate":"2024-09-02","isFullCredit":false},{"lineNumber":26,"author":{"gitId":"TVageesan"},"content":"        /  \\\\     /  |/        |/       \\\\ /        | /      \\\\\\s","lastModifiedDate":"2024-09-02","isFullCredit":false},{"lineNumber":27,"author":{"gitId":"TVageesan"},"content":"        $$  \\\\   /$$ |$$$$$$$$/ $$$$$$$  |$$$$$$$$/ /$$$$$$  |","lastModifiedDate":"2024-09-02","isFullCredit":false},{"lineNumber":28,"author":{"gitId":"TVageesan"},"content":"        $$$  \\\\ /$$$ |$$ |__    $$ |  $$ |$$ |__    $$ |__$$ |","lastModifiedDate":"2024-09-02","isFullCredit":false},{"lineNumber":29,"author":{"gitId":"TVageesan"},"content":"        $$$$  /$$$$ |$$    |   $$ |  $$ |$$    |   $$    $$ |","lastModifiedDate":"2024-09-02","isFullCredit":false},{"lineNumber":30,"author":{"gitId":"TVageesan"},"content":"        $$ $$ $$/$$ |$$$$$/    $$ |  $$ |$$$$$/    $$$$$$$$ |","lastModifiedDate":"2024-09-02","isFullCredit":false},{"lineNumber":31,"author":{"gitId":"TVageesan"},"content":"        $$ |$$$/ $$ |$$ |_____ $$ |__$$ |$$ |_____ $$ |  $$ |","lastModifiedDate":"2024-09-02","isFullCredit":false},{"lineNumber":32,"author":{"gitId":"TVageesan"},"content":"        $$ | $/  $$ |$$       |$$    $$/ $$       |$$ |  $$ |","lastModifiedDate":"2024-09-02","isFullCredit":false},{"lineNumber":33,"author":{"gitId":"TVageesan"},"content":"        $$/      $$/ $$$$$$$$/ $$$$$$$/  $$$$$$$$/ $$/   $$/\\s","lastModifiedDate":"2024-09-02","isFullCredit":false},{"lineNumber":34,"author":{"gitId":"TVageesan"},"content":"        \"\"\");","lastModifiedDate":"2024-09-02","isFullCredit":false},{"lineNumber":35,"author":{"gitId":"TVageesan"},"content":"        System.out.println(\"What can I do for you?\");","lastModifiedDate":"2024-08-20","isFullCredit":false},{"lineNumber":36,"author":{"gitId":"TVageesan"},"content":"    }","lastModifiedDate":"2024-08-20","isFullCredit":false},{"lineNumber":37,"author":{"gitId":"TVageesan"},"content":"","lastModifiedDate":"2024-08-20","isFullCredit":false},{"lineNumber":38,"author":{"gitId":"TVageesan"},"content":"    private static void sayGoodbye(){","lastModifiedDate":"2024-09-02","isFullCredit":false},{"lineNumber":39,"author":{"gitId":"TVageesan"},"content":"        System.out.println(\"Bye. Hope to see you again soon!\");","lastModifiedDate":"2024-08-19","isFullCredit":false},{"lineNumber":40,"author":{"gitId":"TVageesan"},"content":"    }","lastModifiedDate":"2024-08-19","isFullCredit":false},{"lineNumber":41,"author":{"gitId":"TVageesan"},"content":"","lastModifiedDate":"2024-08-20","isFullCredit":false},{"lineNumber":42,"author":{"gitId":"TVageesan"},"content":"}","lastModifiedDate":"2024-08-19","isFullCredit":false}],"authorContributionMap":{"TVageesan":42}},{"path":"src/main/java/MedeaException.java","fileType":"java","lines":[{"lineNumber":1,"author":{"gitId":"TVageesan"},"content":"public class MedeaException extends RuntimeException {","lastModifiedDate":"2024-09-12","isFullCredit":false},{"lineNumber":2,"author":{"gitId":"TVageesan"},"content":"    public MedeaException(String message) {","lastModifiedDate":"2024-09-12","isFullCredit":false},{"lineNumber":3,"author":{"gitId":"TVageesan"},"content":"        super(message);","lastModifiedDate":"2024-09-12","isFullCredit":false},{"lineNumber":4,"author":{"gitId":"TVageesan"},"content":"    }","lastModifiedDate":"2024-09-12","isFullCredit":false},{"lineNumber":5,"author":{"gitId":"TVageesan"},"content":"}","lastModifiedDate":"2024-09-12","isFullCredit":false}],"authorContributionMap":{"TVageesan":5}},{"path":"src/main/java/Task.java","fileType":"java","lines":[{"lineNumber":1,"author":{"gitId":"TVageesan"},"content":"public class Task {","lastModifiedDate":"2024-08-20","isFullCredit":false},{"lineNumber":2,"author":{"gitId":"TVageesan"},"content":"    private String description;","lastModifiedDate":"2024-09-10","isFullCredit":false},{"lineNumber":3,"author":{"gitId":"TVageesan"},"content":"    private boolean isDone;","lastModifiedDate":"2024-08-20","isFullCredit":false},{"lineNumber":4,"author":{"gitId":"TVageesan"},"content":"","lastModifiedDate":"2024-08-20","isFullCredit":false},{"lineNumber":5,"author":{"gitId":"TVageesan"},"content":"    public Task(String description) {","lastModifiedDate":"2024-09-02","isFullCredit":false},{"lineNumber":6,"author":{"gitId":"TVageesan"},"content":"        this.description \u003d description;","lastModifiedDate":"2024-09-02","isFullCredit":false},{"lineNumber":7,"author":{"gitId":"TVageesan"},"content":"        this.isDone \u003d false;","lastModifiedDate":"2024-08-20","isFullCredit":false},{"lineNumber":8,"author":{"gitId":"TVageesan"},"content":"    }","lastModifiedDate":"2024-08-20","isFullCredit":false},{"lineNumber":9,"author":{"gitId":"TVageesan"},"content":"","lastModifiedDate":"2024-08-20","isFullCredit":false},{"lineNumber":10,"author":{"gitId":"TVageesan"},"content":"    public void setIsDone( boolean isDone) {","lastModifiedDate":"2024-09-10","isFullCredit":false},{"lineNumber":11,"author":{"gitId":"TVageesan"},"content":"        this.isDone \u003d isDone;","lastModifiedDate":"2024-09-10","isFullCredit":false},{"lineNumber":12,"author":{"gitId":"TVageesan"},"content":"    }","lastModifiedDate":"2024-09-02","isFullCredit":false},{"lineNumber":13,"author":{"gitId":"TVageesan"},"content":"","lastModifiedDate":"2024-09-02","isFullCredit":false},{"lineNumber":14,"author":{"gitId":"TVageesan"},"content":"    @Override","lastModifiedDate":"2024-09-02","isFullCredit":false},{"lineNumber":15,"author":{"gitId":"TVageesan"},"content":"    public String toString() {","lastModifiedDate":"2024-09-10","isFullCredit":false},{"lineNumber":16,"author":{"gitId":"TVageesan"},"content":"        return String.format(\"[%s] %s\", (isDone ? \"X\" : \" \"), description);","lastModifiedDate":"2024-09-10","isFullCredit":false},{"lineNumber":17,"author":{"gitId":"TVageesan"},"content":"    }","lastModifiedDate":"2024-09-10","isFullCredit":false},{"lineNumber":18,"author":{"gitId":"TVageesan"},"content":"}","lastModifiedDate":"2024-08-20","isFullCredit":false}],"authorContributionMap":{"TVageesan":18}},{"path":"src/main/java/TaskManager.java","fileType":"java","lines":[{"lineNumber":1,"author":{"gitId":"TVageesan"},"content":"public class TaskManager {","lastModifiedDate":"2024-09-03","isFullCredit":false},{"lineNumber":2,"author":{"gitId":"TVageesan"},"content":"    private final Task[] taskList;","lastModifiedDate":"2024-09-02","isFullCredit":false},{"lineNumber":3,"author":{"gitId":"TVageesan"},"content":"    private int currentTaskIndex;","lastModifiedDate":"2024-09-02","isFullCredit":false},{"lineNumber":4,"author":{"gitId":"TVageesan"},"content":"","lastModifiedDate":"2024-09-02","isFullCredit":false},{"lineNumber":5,"author":{"gitId":"TVageesan"},"content":"    public TaskManager(){","lastModifiedDate":"2024-09-03","isFullCredit":false},{"lineNumber":6,"author":{"gitId":"TVageesan"},"content":"        currentTaskIndex \u003d 0;","lastModifiedDate":"2024-09-02","isFullCredit":false},{"lineNumber":7,"author":{"gitId":"TVageesan"},"content":"        taskList \u003d new Task[100];","lastModifiedDate":"2024-09-02","isFullCredit":false},{"lineNumber":8,"author":{"gitId":"TVageesan"},"content":"    }","lastModifiedDate":"2024-09-02","isFullCredit":false},{"lineNumber":9,"author":{"gitId":"TVageesan"},"content":"","lastModifiedDate":"2024-09-02","isFullCredit":false},{"lineNumber":10,"author":{"gitId":"TVageesan"},"content":"    public int getCurrentTaskIndex(){","lastModifiedDate":"2024-09-12","isFullCredit":false},{"lineNumber":11,"author":{"gitId":"TVageesan"},"content":"        return currentTaskIndex;","lastModifiedDate":"2024-09-12","isFullCredit":false},{"lineNumber":12,"author":{"gitId":"TVageesan"},"content":"    }","lastModifiedDate":"2024-09-12","isFullCredit":false},{"lineNumber":13,"author":{"gitId":"TVageesan"},"content":"","lastModifiedDate":"2024-09-12","isFullCredit":false},{"lineNumber":14,"author":{"gitId":"TVageesan"},"content":"    private void addTask(Task newTask){","lastModifiedDate":"2024-09-02","isFullCredit":false},{"lineNumber":15,"author":{"gitId":"TVageesan"},"content":"        taskList[currentTaskIndex++] \u003d newTask;","lastModifiedDate":"2024-09-02","isFullCredit":false},{"lineNumber":16,"author":{"gitId":"TVageesan"},"content":"        System.out.printf(\"Got it. I\u0027ve added this task:%n  %s%nNow you have %d tasks in the list.%n\", newTask, currentTaskIndex);","lastModifiedDate":"2024-09-02","isFullCredit":false},{"lineNumber":17,"author":{"gitId":"TVageesan"},"content":"    }","lastModifiedDate":"2024-09-02","isFullCredit":false},{"lineNumber":18,"author":{"gitId":"TVageesan"},"content":"","lastModifiedDate":"2024-09-02","isFullCredit":false},{"lineNumber":19,"author":{"gitId":"TVageesan"},"content":"    public void addTodo(String description){","lastModifiedDate":"2024-09-02","isFullCredit":false},{"lineNumber":20,"author":{"gitId":"TVageesan"},"content":"        Todo newTodo \u003d new Todo(description);","lastModifiedDate":"2024-09-02","isFullCredit":false},{"lineNumber":21,"author":{"gitId":"TVageesan"},"content":"        addTask(newTodo);","lastModifiedDate":"2024-09-02","isFullCredit":false},{"lineNumber":22,"author":{"gitId":"TVageesan"},"content":"    }","lastModifiedDate":"2024-09-02","isFullCredit":false},{"lineNumber":23,"author":{"gitId":"TVageesan"},"content":"","lastModifiedDate":"2024-09-02","isFullCredit":false},{"lineNumber":24,"author":{"gitId":"TVageesan"},"content":"    public void addDeadline(String description, String deadlineDate){","lastModifiedDate":"2024-09-02","isFullCredit":false},{"lineNumber":25,"author":{"gitId":"TVageesan"},"content":"        Deadline newDeadline \u003d new Deadline(description, deadlineDate);","lastModifiedDate":"2024-09-02","isFullCredit":false},{"lineNumber":26,"author":{"gitId":"TVageesan"},"content":"        addTask(newDeadline);","lastModifiedDate":"2024-09-02","isFullCredit":false},{"lineNumber":27,"author":{"gitId":"TVageesan"},"content":"    }","lastModifiedDate":"2024-09-02","isFullCredit":false},{"lineNumber":28,"author":{"gitId":"TVageesan"},"content":"","lastModifiedDate":"2024-09-02","isFullCredit":false},{"lineNumber":29,"author":{"gitId":"TVageesan"},"content":"    public void addEvent(String description, String eventStart, String eventEnd){","lastModifiedDate":"2024-09-02","isFullCredit":false},{"lineNumber":30,"author":{"gitId":"TVageesan"},"content":"        Event newEvent \u003d new Event(description, eventStart, eventEnd);","lastModifiedDate":"2024-09-02","isFullCredit":false},{"lineNumber":31,"author":{"gitId":"TVageesan"},"content":"        addTask(newEvent);","lastModifiedDate":"2024-09-02","isFullCredit":false},{"lineNumber":32,"author":{"gitId":"TVageesan"},"content":"    }","lastModifiedDate":"2024-09-02","isFullCredit":false},{"lineNumber":33,"author":{"gitId":"TVageesan"},"content":"","lastModifiedDate":"2024-09-02","isFullCredit":false},{"lineNumber":34,"author":{"gitId":"TVageesan"},"content":"    public void updateTaskDoneStatus(int index, boolean isDone){","lastModifiedDate":"2024-09-10","isFullCredit":false},{"lineNumber":35,"author":{"gitId":"TVageesan"},"content":"        Task selectedTask \u003d taskList[index];","lastModifiedDate":"2024-09-02","isFullCredit":false},{"lineNumber":36,"author":{"gitId":"TVageesan"},"content":"        String notification \u003d isDone ? \"Nice! I\u0027ve marked this task as done:%n  %s%n\"","lastModifiedDate":"2024-09-10","isFullCredit":false},{"lineNumber":37,"author":{"gitId":"TVageesan"},"content":"                                     : \"OK, I\u0027ve marked this task as not done yet:%n %s%n\";","lastModifiedDate":"2024-09-10","isFullCredit":false},{"lineNumber":38,"author":{"gitId":"TVageesan"},"content":"        selectedTask.setIsDone(isDone);","lastModifiedDate":"2024-09-10","isFullCredit":false},{"lineNumber":39,"author":{"gitId":"TVageesan"},"content":"        System.out.printf(notification, selectedTask);","lastModifiedDate":"2024-09-10","isFullCredit":false},{"lineNumber":40,"author":{"gitId":"TVageesan"},"content":"    }","lastModifiedDate":"2024-09-02","isFullCredit":false},{"lineNumber":41,"author":{"gitId":"TVageesan"},"content":"","lastModifiedDate":"2024-09-02","isFullCredit":false},{"lineNumber":42,"author":{"gitId":"TVageesan"},"content":"    public void listTasks(){","lastModifiedDate":"2024-09-02","isFullCredit":false},{"lineNumber":43,"author":{"gitId":"TVageesan"},"content":"        for (int index \u003d 0; index \u003c currentTaskIndex; index++){","lastModifiedDate":"2024-09-02","isFullCredit":false},{"lineNumber":44,"author":{"gitId":"TVageesan"},"content":"            Task currentTask \u003d taskList[index];","lastModifiedDate":"2024-09-02","isFullCredit":false},{"lineNumber":45,"author":{"gitId":"TVageesan"},"content":"            System.out.printf(\"%d. %s%n\", index + 1, currentTask);","lastModifiedDate":"2024-09-02","isFullCredit":false},{"lineNumber":46,"author":{"gitId":"TVageesan"},"content":"        }","lastModifiedDate":"2024-09-02","isFullCredit":false},{"lineNumber":47,"author":{"gitId":"TVageesan"},"content":"    }","lastModifiedDate":"2024-09-02","isFullCredit":false},{"lineNumber":48,"author":{"gitId":"TVageesan"},"content":"}","lastModifiedDate":"2024-09-02","isFullCredit":false}],"authorContributionMap":{"TVageesan":48}},{"path":"src/main/java/Todo.java","fileType":"java","lines":[{"lineNumber":1,"author":{"gitId":"TVageesan"},"content":"public class Todo extends Task {","lastModifiedDate":"2024-09-02","isFullCredit":false},{"lineNumber":2,"author":{"gitId":"TVageesan"},"content":"","lastModifiedDate":"2024-08-20","isFullCredit":false},{"lineNumber":3,"author":{"gitId":"TVageesan"},"content":"    public Todo(String description){","lastModifiedDate":"2024-09-02","isFullCredit":false},{"lineNumber":4,"author":{"gitId":"TVageesan"},"content":"        super(description);","lastModifiedDate":"2024-09-02","isFullCredit":false},{"lineNumber":5,"author":{"gitId":"TVageesan"},"content":"    }","lastModifiedDate":"2024-08-20","isFullCredit":false},{"lineNumber":6,"author":{"gitId":"TVageesan"},"content":"","lastModifiedDate":"2024-08-20","isFullCredit":false},{"lineNumber":7,"author":{"gitId":"TVageesan"},"content":"    @Override","lastModifiedDate":"2024-09-02","isFullCredit":false},{"lineNumber":8,"author":{"gitId":"TVageesan"},"content":"    public String toString() {","lastModifiedDate":"2024-09-02","isFullCredit":false},{"lineNumber":9,"author":{"gitId":"TVageesan"},"content":"        return String.format(\"[T]%s\", super.toString());","lastModifiedDate":"2024-09-02","isFullCredit":false},{"lineNumber":10,"author":{"gitId":"TVageesan"},"content":"    }","lastModifiedDate":"2024-08-20","isFullCredit":false},{"lineNumber":11,"author":{"gitId":"TVageesan"},"content":"}","lastModifiedDate":"2024-08-20","isFullCredit":false}],"authorContributionMap":{"TVageesan":11}},{"path":"text-ui-test/input.txt","fileType":"txt","lines":[{"lineNumber":1,"author":{"gitId":"TVageesan"},"content":"todo read book","lastModifiedDate":"2024-09-02","isFullCredit":false},{"lineNumber":2,"author":{"gitId":"TVageesan"},"content":"deadline return book /by June 6th","lastModifiedDate":"2024-09-02","isFullCredit":false},{"lineNumber":3,"author":{"gitId":"TVageesan"},"content":"event project meeting /from Aug 6th 2pm /to 4pm","lastModifiedDate":"2024-09-02","isFullCredit":false},{"lineNumber":4,"author":{"gitId":"TVageesan"},"content":"list","lastModifiedDate":"2024-09-02","isFullCredit":false},{"lineNumber":5,"author":{"gitId":"TVageesan"},"content":"mark 1","lastModifiedDate":"2024-09-02","isFullCredit":false},{"lineNumber":6,"author":{"gitId":"TVageesan"},"content":"mark 3","lastModifiedDate":"2024-09-02","isFullCredit":false},{"lineNumber":7,"author":{"gitId":"TVageesan"},"content":"todo review book","lastModifiedDate":"2024-09-02","isFullCredit":false},{"lineNumber":8,"author":{"gitId":"TVageesan"},"content":"list","lastModifiedDate":"2024-09-02","isFullCredit":false},{"lineNumber":9,"author":{"gitId":"TVageesan"},"content":"deadline hand in assignment /by Monday","lastModifiedDate":"2024-09-02","isFullCredit":false},{"lineNumber":10,"author":{"gitId":"TVageesan"},"content":"event project meeting /from Mon 4pm /to 6pm","lastModifiedDate":"2024-09-02","isFullCredit":false},{"lineNumber":11,"author":{"gitId":"TVageesan"},"content":"list","lastModifiedDate":"2024-09-02","isFullCredit":false},{"lineNumber":12,"author":{"gitId":"TVageesan"},"content":"bye","lastModifiedDate":"2024-09-02","isFullCredit":false}],"authorContributionMap":{"TVageesan":12}},{"path":"text-ui-test/runtest.bat","fileType":"bat","lines":[{"lineNumber":1,"author":{"gitId":"-"},"content":"@ECHO OFF","lastModifiedDate":"2020-05-25","isFullCredit":false},{"lineNumber":2,"author":{"gitId":"-"},"content":"","lastModifiedDate":"2020-05-25","isFullCredit":false},{"lineNumber":3,"author":{"gitId":"-"},"content":"REM create bin directory if it doesn\u0027t exist","lastModifiedDate":"2020-05-25","isFullCredit":false},{"lineNumber":4,"author":{"gitId":"-"},"content":"if not exist ..\\bin mkdir ..\\bin","lastModifiedDate":"2020-05-25","isFullCredit":false},{"lineNumber":5,"author":{"gitId":"-"},"content":"","lastModifiedDate":"2020-05-25","isFullCredit":false},{"lineNumber":6,"author":{"gitId":"-"},"content":"REM delete output from previous run","lastModifiedDate":"2020-05-25","isFullCredit":false},{"lineNumber":7,"author":{"gitId":"-"},"content":"if exist ACTUAL.TXT del ACTUAL.TXT","lastModifiedDate":"2020-08-25","isFullCredit":false},{"lineNumber":8,"author":{"gitId":"-"},"content":"","lastModifiedDate":"2020-05-25","isFullCredit":false},{"lineNumber":9,"author":{"gitId":"-"},"content":"REM compile the code into the bin folder","lastModifiedDate":"2020-05-25","isFullCredit":false},{"lineNumber":10,"author":{"gitId":"-"},"content":"javac  -cp ..\\src\\main\\java -Xlint:none -d ..\\bin ..\\src\\main\\java\\*.java","lastModifiedDate":"2020-08-25","isFullCredit":false},{"lineNumber":11,"author":{"gitId":"-"},"content":"IF ERRORLEVEL 1 (","lastModifiedDate":"2020-05-25","isFullCredit":false},{"lineNumber":12,"author":{"gitId":"-"},"content":"    echo ********** BUILD FAILURE **********","lastModifiedDate":"2020-05-25","isFullCredit":false},{"lineNumber":13,"author":{"gitId":"-"},"content":"    exit /b 1","lastModifiedDate":"2020-05-25","isFullCredit":false},{"lineNumber":14,"author":{"gitId":"-"},"content":")","lastModifiedDate":"2020-05-25","isFullCredit":false},{"lineNumber":15,"author":{"gitId":"-"},"content":"REM no error here, errorlevel \u003d\u003d 0","lastModifiedDate":"2020-05-25","isFullCredit":false},{"lineNumber":16,"author":{"gitId":"-"},"content":"","lastModifiedDate":"2020-05-25","isFullCredit":false},{"lineNumber":17,"author":{"gitId":"-"},"content":"REM run the program, feed commands from input.txt file and redirect the output to the ACTUAL.TXT","lastModifiedDate":"2020-05-25","isFullCredit":false},{"lineNumber":18,"author":{"gitId":"TVageesan"},"content":"java -classpath ..\\bin Medea \u003c input.txt \u003e ACTUAL.TXT","lastModifiedDate":"2024-09-02","isFullCredit":false},{"lineNumber":19,"author":{"gitId":"-"},"content":"","lastModifiedDate":"2020-05-25","isFullCredit":false},{"lineNumber":20,"author":{"gitId":"-"},"content":"REM compare the output to the expected output","lastModifiedDate":"2020-05-25","isFullCredit":false},{"lineNumber":21,"author":{"gitId":"-"},"content":"FC ACTUAL.TXT EXPECTED.TXT","lastModifiedDate":"2020-05-25","isFullCredit":false}],"authorContributionMap":{"TVageesan":1,"-":20}}]
