{"authorDailyContributionsMap":{"TVageesan":[{"date":"2024-08-19","commitResults":[{"hash":"f5d099b344e920846cffa4efc61537290ed3e0a2","isMergeCommit":false,"messageTitle":"Increment 0","messageBody":"","tags":["Level-0"],"fileTypesAndContributionMap":{"java":{"insertions":6,"deletions":10}}}]},{"date":"2024-08-20","commitResults":[{"hash":"f1385ea864b9c2b5942e56a020dd1d9b947495d1","isMergeCommit":false,"messageTitle":"Rename Duke to Medea","messageBody":"","fileTypesAndContributionMap":{"java":{"insertions":6,"deletions":10}}},{"hash":"0facceb9a64b491c7f3793808cbc43a04cf75f01","isMergeCommit":false,"messageTitle":"Add user input echo functionality to Medea","messageBody":"","tags":["Level-1"],"fileTypesAndContributionMap":{"java":{"insertions":29,"deletions":3}}},{"hash":"bd5203319a71c9f54b5108254e38e0544f1f5660","isMergeCommit":false,"messageTitle":"Add Todo.java to provide create and list todo functionality","messageBody":"","tags":["Level-2"],"fileTypesAndContributionMap":{"java":{"insertions":28,"deletions":7}}},{"hash":"1b40e64c476ce7cc018e69f262c81894b27bbda7","isMergeCommit":false,"messageTitle":"Convert static variables of Todo.java to instance variables","messageBody":"","fileTypesAndContributionMap":{"java":{"insertions":2,"deletions":2}}},{"hash":"17cc72cd7aad2d5d459c41fac1e05b94de7c5bc1","isMergeCommit":false,"messageTitle":"Add Task.java to represent todo task contents","messageBody":"","tags":["A-Classes"],"fileTypesAndContributionMap":{"java":{"insertions":27,"deletions":5}}},{"hash":"41d5f43917305fb61a8bffc73772f6d46d6e32b8","isMergeCommit":false,"messageTitle":"Add \"mark\" and \"unmark\" commands to Medea","messageBody":"","tags":["Level-3"],"fileTypesAndContributionMap":{"java":{"insertions":36,"deletions":6}}}]},{"date":"2024-08-26","commitResults":[{"hash":"e5e95d5167285ef3aacd162c2f8f5d01322793ec","isMergeCommit":false,"messageTitle":"Amend code to follow Java coding standards","messageBody":"","tags":["A-CodingStandard"],"fileTypesAndContributionMap":{"java":{"insertions":25,"deletions":24}}}]},{"date":"2024-09-02","commitResults":[{"hash":"d53b92ce5eeaa0e70e585d19fd61130c83a8f346","isMergeCommit":false,"messageTitle":"Rename Todo.java to TaskList.java","messageBody":"","fileTypesAndContributionMap":{"java":{"insertions":55,"deletions":20}}},{"hash":"2bdbf1c34a6c6c03925f6690f87541379c291c66","isMergeCommit":false,"messageTitle":"Add Todo, Event, Deadline commands","messageBody":"","tags":["Level-4"],"fileTypesAndContributionMap":{"java":{"insertions":131,"deletions":66}}},{"hash":"d142810bf9c2b451d0120b3e577040f972cb2a02","isMergeCommit":false,"messageTitle":"Improve code quality","messageBody":"","tags":["A-CodeQuality"],"fileTypesAndContributionMap":{"java":{"insertions":69,"deletions":32}}},{"hash":"339c1595af362de1b3e4d7a3f957082f4847a2b4","isMergeCommit":false,"messageTitle":"Refactored user command handling to commandHandler.java","messageBody":"","fileTypesAndContributionMap":{"java":{"insertions":177,"deletions":113}}},{"hash":"9c89260b5d8e8df7ef547077e1716922ff1c970a","isMergeCommit":false,"messageTitle":"Refactor user command handling to commandHandler.java","messageBody":"","fileTypesAndContributionMap":{"java":{"insertions":177,"deletions":113}}},{"hash":"b94297788e158e8cf0dc316d44533209d49b36b1","isMergeCommit":false,"messageTitle":"Add test UI scripts","messageBody":"","tags":["A-TextUiTesting"],"fileTypesAndContributionMap":{"txt":{"insertions":12,"deletions":0},"java":{"insertions":13,"deletions":3},"bat":{"insertions":1,"deletions":1}}}]},{"date":"2024-09-03","commitResults":[{"hash":"3c6bd201f30c7a101956d5ed570e9e40655807ac","isMergeCommit":false,"messageTitle":"Rename TaskList.java to TaskManager.java","messageBody":"","fileTypesAndContributionMap":{"java":{"insertions":31,"deletions":29}}}]}]},"authorFileTypeContributionMap":{"TVageesan":{"java":319,"md":0,"fxml":0,"sh":0,"bat":1,"gradle":0,"txt":12}},"authorContributionVariance":{"TVageesan":48090.06},"authorDisplayNameMap":{"TVageesan":"CS2113-W10-3 THIR..ESAN"}}
