{"authorDailyContributionsMap":{"rharwo":[{"date":"2024-08-23","commitResults":[{"hash":"aceef5469ca82a0045e52ceb402ae0571b62802b","isMergeCommit":false,"messageTitle":"Level-0","messageBody":"","fileTypesAndContributionMap":{"java":{"insertions":6,"deletions":10}}},{"hash":"73d308e344d8c3cda6a7d32f76ecd94ce0396387","isMergeCommit":false,"messageTitle":"Level-0 revised","messageBody":"","tags":["Level-0"],"fileTypesAndContributionMap":{"java":{"insertions":2,"deletions":2}}}]},{"date":"2024-08-28","commitResults":[{"hash":"1e459d27bba1bb76b0fe591e87b57dee9148f408","isMergeCommit":false,"messageTitle":"Finished task 1","messageBody":"","tags":["Level-1"],"fileTypesAndContributionMap":{"java":{"insertions":19,"deletions":2}}},{"hash":"1ad020e31f7105eb42dfa880232d77419d8c2006","isMergeCommit":false,"messageTitle":"Completed Level-2","messageBody":"","tags":["Level-2"],"fileTypesAndContributionMap":{"java":{"insertions":24,"deletions":1}}}]},{"date":"2024-08-29","commitResults":[{"hash":"7d86df90b0eb725b94b06fe96ed34bf1f433d1e5","isMergeCommit":false,"messageTitle":"Finished task 3","messageBody":"","tags":["Level-3","A-CodingStandard"],"fileTypesAndContributionMap":{"java":{"insertions":55,"deletions":5}}}]},{"date":"2024-09-01","commitResults":[{"hash":"755fd3913d0b5b06e8ecb89ec5a79ad372ee26c5","isMergeCommit":false,"messageTitle":"Fixed commands, added Deadline, Event, ToDo","messageBody":"","fileTypesAndContributionMap":{"java":{"insertions":124,"deletions":10}}},{"hash":"101cf4285b8b45cbcf98da36dc24c25203e5148a","isMergeCommit":false,"messageTitle":"Fixed deadlines, events, small UI details","messageBody":"","tags":["Level-4","A-CodeQuality"],"fileTypesAndContributionMap":{"java":{"insertions":44,"deletions":38}}}]}]},"authorFileTypeContributionMap":{"rharwo":{"java":216,"md":0,"fxml":0,"sh":0,"bat":0,"gradle":0,"txt":0}},"authorContributionVariance":{"rharwo":2699.5156},"authorDisplayNameMap":{"rharwo":"CS2113-W14-1 HARW..DREW"}}
