{"authorDailyContributionsMap":{"mikolajed":[{"date":"2024-08-22","commitResults":[{"hash":"f8bb5fb070c99c72e3271cd81f1231a9a8655efd","isMergeCommit":false,"messageTitle":"Level-0","messageBody":"","fileTypesAndContributionMap":{"java":{"insertions":16,"deletions":10},"md":{"insertions":1,"deletions":1}}}]},{"date":"2024-08-25","commitResults":[{"hash":"4b6a8b18824d7c399285f66bcb635ca8b34a6532","isMergeCommit":false,"messageTitle":"Add Level-1: echoing","messageBody":"","tags":["Level-1"],"fileTypesAndContributionMap":{"java":{"insertions":48,"deletions":10}}}]},{"date":"2024-08-26","commitResults":[{"hash":"66187d7bc5d185a44c5360aa6714727788da93ae","isMergeCommit":false,"messageTitle":"Add Level-2: adding, listing","messageBody":"","tags":["Level-2"],"fileTypesAndContributionMap":{"java":{"insertions":104,"deletions":23},"md":{"insertions":0,"deletions":3}}}]}]},"authorFileTypeContributionMap":{"mikolajed":{"java":135,"md":1,"fxml":0,"sh":0,"bat":0,"gradle":0,"txt":0}},"authorContributionVariance":{"mikolajed":1527.8677},"authorDisplayNameMap":{"mikolajed":"JEDR..OLAJ"}}
