[{"path":"README.md","fileType":"md","lines":[{"lineNumber":1,"author":{"gitId":"-"},"content":"# Duke project template","lastModifiedDate":"2020-05-25","isFullCredit":false},{"lineNumber":2,"author":{"gitId":"-"},"content":"","lastModifiedDate":"2020-05-25","isFullCredit":false},{"lineNumber":3,"author":{"gitId":"AjayShanker-geek"},"content":"This is a project template for a greenfield Java project. It\u0027s named after the Java mascot _Jarvis_. Given below are instructions on how to use it.","lastModifiedDate":"2024-08-22","isFullCredit":false},{"lineNumber":4,"author":{"gitId":"-"},"content":"","lastModifiedDate":"2020-05-25","isFullCredit":false},{"lineNumber":5,"author":{"gitId":"-"},"content":"## Setting up in Intellij","lastModifiedDate":"2020-05-25","isFullCredit":false},{"lineNumber":6,"author":{"gitId":"-"},"content":"","lastModifiedDate":"2020-05-25","isFullCredit":false},{"lineNumber":7,"author":{"gitId":"-"},"content":"Prerequisites: JDK 17, update Intellij to the most recent version.","lastModifiedDate":"2024-07-11","isFullCredit":false},{"lineNumber":8,"author":{"gitId":"-"},"content":"","lastModifiedDate":"2020-05-25","isFullCredit":false},{"lineNumber":9,"author":{"gitId":"-"},"content":"1. Open Intellij (if you are not in the welcome screen, click `File` \u003e `Close Project` to close the existing project first)","lastModifiedDate":"2021-01-17","isFullCredit":false},{"lineNumber":10,"author":{"gitId":"-"},"content":"1. Open the project into Intellij as follows:","lastModifiedDate":"2021-01-17","isFullCredit":false},{"lineNumber":11,"author":{"gitId":"-"},"content":"   1. Click `Open`.","lastModifiedDate":"2021-01-17","isFullCredit":false},{"lineNumber":12,"author":{"gitId":"-"},"content":"   1. Select the project directory, and click `OK`.","lastModifiedDate":"2021-01-17","isFullCredit":false},{"lineNumber":13,"author":{"gitId":"-"},"content":"   1. If there are any further prompts, accept the defaults.","lastModifiedDate":"2020-05-25","isFullCredit":false},{"lineNumber":14,"author":{"gitId":"-"},"content":"1. Configure the project to use **JDK 17** (not other versions) as explained in [here](https://www.jetbrains.com/help/idea/sdk.html#set-up-jdk).\u003cbr\u003e","lastModifiedDate":"2024-07-11","isFullCredit":false},{"lineNumber":15,"author":{"gitId":"-"},"content":"   In the same dialog, set the **Project language level** field to the `SDK default` option.","lastModifiedDate":"2021-07-29","isFullCredit":false},{"lineNumber":16,"author":{"gitId":"AjayShanker-geek"},"content":"3. After that, locate the `src/main/java/Jarvis.java` file, right-click it, and choose `Run Jarvis.main()` (if the code editor is showing compile errors, try restarting the IDE). If the setup is correct, you should see something like the below as the output:","lastModifiedDate":"2024-08-22","isFullCredit":false},{"lineNumber":17,"author":{"gitId":"-"},"content":"   ```","lastModifiedDate":"2020-05-25","isFullCredit":false},{"lineNumber":18,"author":{"gitId":"-"},"content":"   Hello from","lastModifiedDate":"2020-05-25","isFullCredit":false},{"lineNumber":19,"author":{"gitId":"AjayShanker-geek"},"content":"                     ██╗    █████╗    ██████╗   ██╗   ██╗  ██╗   ███████╗","lastModifiedDate":"2024-08-22","isFullCredit":false},{"lineNumber":20,"author":{"gitId":"AjayShanker-geek"},"content":"                     ██║   ██╔══██╗   ██╔══██╗  ██║   ██║  ██║   ██╔════╝","lastModifiedDate":"2024-08-22","isFullCredit":false},{"lineNumber":21,"author":{"gitId":"AjayShanker-geek"},"content":"                     ██║   ███████║   ██████╔╝  ██║   ██║  ██║   ███████╗","lastModifiedDate":"2024-08-22","isFullCredit":false},{"lineNumber":22,"author":{"gitId":"AjayShanker-geek"},"content":"                ██   ██║   ██╔══██║   ██╔══██╗  ╚██╗ ██╔╝  ██║   ╚════██║","lastModifiedDate":"2024-08-22","isFullCredit":false},{"lineNumber":23,"author":{"gitId":"AjayShanker-geek"},"content":"                ╚█████╔╝██╗██║  ██║██╗██║  ██║██╗╚████╔╝██╗██║██╗███████║██╗","lastModifiedDate":"2024-08-22","isFullCredit":false},{"lineNumber":24,"author":{"gitId":"AjayShanker-geek"},"content":"                 ╚════╝ ╚═╝╚═╝  ╚═╝╚═╝╚═╝  ╚═╝╚═╝ ╚═══╝ ╚═╝╚═╝╚═╝╚══════╝╚═╝","lastModifiedDate":"2024-08-22","isFullCredit":false},{"lineNumber":25,"author":{"gitId":"-"},"content":"   ```","lastModifiedDate":"2020-05-25","isFullCredit":false}],"authorContributionMap":{"AjayShanker-geek":8,"-":17}},{"path":"src/main/java/Jarvis.java","fileType":"java","lines":[{"lineNumber":1,"author":{"gitId":"AjayShanker-geek"},"content":"public class Jarvis {","lastModifiedDate":"2024-08-22","isFullCredit":false},{"lineNumber":2,"author":{"gitId":"AjayShanker-geek"},"content":"    private static final String chatBotName \u003d \"Jarvis\"; // Name of the chatbot","lastModifiedDate":"2024-08-22","isFullCredit":false},{"lineNumber":3,"author":{"gitId":"AjayShanker-geek"},"content":"","lastModifiedDate":"2024-08-22","isFullCredit":false},{"lineNumber":4,"author":{"gitId":"AjayShanker-geek"},"content":"    /**","lastModifiedDate":"2024-08-22","isFullCredit":false},{"lineNumber":5,"author":{"gitId":"AjayShanker-geek"},"content":"     * Prints a break line to the console.","lastModifiedDate":"2024-08-22","isFullCredit":false},{"lineNumber":6,"author":{"gitId":"AjayShanker-geek"},"content":"     */","lastModifiedDate":"2024-08-22","isFullCredit":false},{"lineNumber":7,"author":{"gitId":"AjayShanker-geek"},"content":"    private static void printBreakLine() {","lastModifiedDate":"2024-08-22","isFullCredit":false},{"lineNumber":8,"author":{"gitId":"AjayShanker-geek"},"content":"        System.out.println(\"────────────────────────────────────────────────────────────\");","lastModifiedDate":"2024-08-22","isFullCredit":false},{"lineNumber":9,"author":{"gitId":"AjayShanker-geek"},"content":"    }","lastModifiedDate":"2024-08-22","isFullCredit":false},{"lineNumber":10,"author":{"gitId":"AjayShanker-geek"},"content":"","lastModifiedDate":"2024-08-22","isFullCredit":false},{"lineNumber":11,"author":{"gitId":"AjayShanker-geek"},"content":"    /**","lastModifiedDate":"2024-08-22","isFullCredit":false},{"lineNumber":12,"author":{"gitId":"AjayShanker-geek"},"content":"     * Gracefully exits the program.","lastModifiedDate":"2024-08-22","isFullCredit":false},{"lineNumber":13,"author":{"gitId":"AjayShanker-geek"},"content":"     *","lastModifiedDate":"2024-08-22","isFullCredit":false},{"lineNumber":14,"author":{"gitId":"AjayShanker-geek"},"content":"     * @param status","lastModifiedDate":"2024-08-22","isFullCredit":false},{"lineNumber":15,"author":{"gitId":"AjayShanker-geek"},"content":"     */","lastModifiedDate":"2024-08-22","isFullCredit":false},{"lineNumber":16,"author":{"gitId":"AjayShanker-geek"},"content":"    private static void exit(int status) {","lastModifiedDate":"2024-08-22","isFullCredit":false},{"lineNumber":17,"author":{"gitId":"AjayShanker-geek"},"content":"        System.exit(status);","lastModifiedDate":"2024-08-22","isFullCredit":false},{"lineNumber":18,"author":{"gitId":"AjayShanker-geek"},"content":"    }","lastModifiedDate":"2024-08-22","isFullCredit":false},{"lineNumber":19,"author":{"gitId":"AjayShanker-geek"},"content":"","lastModifiedDate":"2024-08-22","isFullCredit":false},{"lineNumber":20,"author":{"gitId":"AjayShanker-geek"},"content":"    /**","lastModifiedDate":"2024-08-22","isFullCredit":false},{"lineNumber":21,"author":{"gitId":"AjayShanker-geek"},"content":"     * Prints the greeting messages to the console.","lastModifiedDate":"2024-08-22","isFullCredit":false},{"lineNumber":22,"author":{"gitId":"AjayShanker-geek"},"content":"     */","lastModifiedDate":"2024-08-22","isFullCredit":false},{"lineNumber":23,"author":{"gitId":"AjayShanker-geek"},"content":"    private static void printGreetingMsgs() {","lastModifiedDate":"2024-08-22","isFullCredit":false},{"lineNumber":24,"author":{"gitId":"AjayShanker-geek"},"content":"        String[] greetings \u003d {\"Hello! I\u0027m \" + chatBotName + \"\\nWhat can I do for you?\",","lastModifiedDate":"2024-08-22","isFullCredit":false},{"lineNumber":25,"author":{"gitId":"AjayShanker-geek"},"content":"                \"Bye. Hope to see you again soon!\"}; // List of greetings","lastModifiedDate":"2024-08-22","isFullCredit":false},{"lineNumber":26,"author":{"gitId":"AjayShanker-geek"},"content":"","lastModifiedDate":"2024-08-22","isFullCredit":false},{"lineNumber":27,"author":{"gitId":"AjayShanker-geek"},"content":"        // Print the greetings","lastModifiedDate":"2024-08-22","isFullCredit":false},{"lineNumber":28,"author":{"gitId":"AjayShanker-geek"},"content":"        for (String greeting : greetings) {","lastModifiedDate":"2024-08-22","isFullCredit":false},{"lineNumber":29,"author":{"gitId":"AjayShanker-geek"},"content":"            printBreakLine(); // Print a break line before each greeting","lastModifiedDate":"2024-08-22","isFullCredit":false},{"lineNumber":30,"author":{"gitId":"AjayShanker-geek"},"content":"            System.out.println(greeting); // Print the greeting","lastModifiedDate":"2024-08-22","isFullCredit":false},{"lineNumber":31,"author":{"gitId":"AjayShanker-geek"},"content":"        }","lastModifiedDate":"2024-08-22","isFullCredit":false},{"lineNumber":32,"author":{"gitId":"AjayShanker-geek"},"content":"        printBreakLine();","lastModifiedDate":"2024-08-22","isFullCredit":false},{"lineNumber":33,"author":{"gitId":"AjayShanker-geek"},"content":"        exit(0);","lastModifiedDate":"2024-08-22","isFullCredit":false},{"lineNumber":34,"author":{"gitId":"AjayShanker-geek"},"content":"    }","lastModifiedDate":"2024-08-22","isFullCredit":false},{"lineNumber":35,"author":{"gitId":"AjayShanker-geek"},"content":"","lastModifiedDate":"2024-08-22","isFullCredit":false},{"lineNumber":36,"author":{"gitId":"AjayShanker-geek"},"content":"    public static void main(String[] args) {","lastModifiedDate":"2024-08-22","isFullCredit":false},{"lineNumber":37,"author":{"gitId":"AjayShanker-geek"},"content":"        String logo \u003d \"\"\"","lastModifiedDate":"2024-08-22","isFullCredit":false},{"lineNumber":38,"author":{"gitId":"AjayShanker-geek"},"content":"                                  @@@@@@@@@@@@@@@@@@@@@@@","lastModifiedDate":"2024-08-22","isFullCredit":false},{"lineNumber":39,"author":{"gitId":"AjayShanker-geek"},"content":"                              @@%     @@          @@      @@@","lastModifiedDate":"2024-08-22","isFullCredit":false},{"lineNumber":40,"author":{"gitId":"AjayShanker-geek"},"content":"                           @@         @@          @@          @@","lastModifiedDate":"2024-08-22","isFullCredit":false},{"lineNumber":41,"author":{"gitId":"AjayShanker-geek"},"content":"                        @@            @@          @@             @@","lastModifiedDate":"2024-08-22","isFullCredit":false},{"lineNumber":42,"author":{"gitId":"AjayShanker-geek"},"content":"                      @@@@@@@@@@@@@@@@@@@@@@@@@@@@@@@@@@@@@@@@@@@@@@@","lastModifiedDate":"2024-08-22","isFullCredit":false},{"lineNumber":43,"author":{"gitId":"AjayShanker-geek"},"content":"                     @                                              *@","lastModifiedDate":"2024-08-22","isFullCredit":false},{"lineNumber":44,"author":{"gitId":"AjayShanker-geek"},"content":"                    @@@                                             @@@","lastModifiedDate":"2024-08-22","isFullCredit":false},{"lineNumber":45,"author":{"gitId":"AjayShanker-geek"},"content":"                   @  @@@                                         @@@  @","lastModifiedDate":"2024-08-22","isFullCredit":false},{"lineNumber":46,"author":{"gitId":"AjayShanker-geek"},"content":"                  @\u0026    @@         @@@@@@@@@@@@@@@@@@@@@         @@.   @@","lastModifiedDate":"2024-08-22","isFullCredit":false},{"lineNumber":47,"author":{"gitId":"AjayShanker-geek"},"content":"                  @      @@@        @@              @@         @@@      @","lastModifiedDate":"2024-08-22","isFullCredit":false},{"lineNumber":48,"author":{"gitId":"AjayShanker-geek"},"content":"                  @       *@@         @@           @(         @@(       @","lastModifiedDate":"2024-08-22","isFullCredit":false},{"lineNumber":49,"author":{"gitId":"AjayShanker-geek"},"content":"                  @       ,@@@@        @@        @@         @@@@        @","lastModifiedDate":"2024-08-22","isFullCredit":false},{"lineNumber":50,"author":{"gitId":"AjayShanker-geek"},"content":"                  @   @@@@@  %@@         @@     @          @@\u0026 @@@@@    @","lastModifiedDate":"2024-08-22","isFullCredit":false},{"lineNumber":51,"author":{"gitId":"AjayShanker-geek"},"content":"                  @@@@         @@@        /@  @@         @@@       *@@@@/","lastModifiedDate":"2024-08-22","isFullCredit":false},{"lineNumber":52,"author":{"gitId":"AjayShanker-geek"},"content":"                   @@           @@@         @@          @@@           @@","lastModifiedDate":"2024-08-22","isFullCredit":false},{"lineNumber":53,"author":{"gitId":"AjayShanker-geek"},"content":"                    @@            @@\u0026                 (@@            @@","lastModifiedDate":"2024-08-22","isFullCredit":false},{"lineNumber":54,"author":{"gitId":"AjayShanker-geek"},"content":"                      @       @@@@@@@@               @@@@@@@        @","lastModifiedDate":"2024-08-22","isFullCredit":false},{"lineNumber":55,"author":{"gitId":"AjayShanker-geek"},"content":"                       @@ @@@@*      @@,            @@      @@@@  @\u0026","lastModifiedDate":"2024-08-22","isFullCredit":false},{"lineNumber":56,"author":{"gitId":"AjayShanker-geek"},"content":"                          @@          @@@         @@@          @@","lastModifiedDate":"2024-08-22","isFullCredit":false},{"lineNumber":57,"author":{"gitId":"AjayShanker-geek"},"content":"                            @@@         @@       @@         @@#","lastModifiedDate":"2024-08-22","isFullCredit":false},{"lineNumber":58,"author":{"gitId":"AjayShanker-geek"},"content":"                                @@@@     @@@   @@@     @@@@","lastModifiedDate":"2024-08-22","isFullCredit":false},{"lineNumber":59,"author":{"gitId":"AjayShanker-geek"},"content":"                                       @@@@@@@@@@@@@","lastModifiedDate":"2024-08-22","isFullCredit":false},{"lineNumber":60,"author":{"gitId":"AjayShanker-geek"},"content":"","lastModifiedDate":"2024-08-22","isFullCredit":false},{"lineNumber":61,"author":{"gitId":"AjayShanker-geek"},"content":"                     ██╗    █████╗    ██████╗   ██╗   ██╗  ██╗   ███████╗","lastModifiedDate":"2024-08-22","isFullCredit":false},{"lineNumber":62,"author":{"gitId":"AjayShanker-geek"},"content":"                     ██║   ██╔══██╗   ██╔══██╗  ██║   ██║  ██║   ██╔════╝","lastModifiedDate":"2024-08-22","isFullCredit":false},{"lineNumber":63,"author":{"gitId":"AjayShanker-geek"},"content":"                     ██║   ███████║   ██████╔╝  ██║   ██║  ██║   ███████╗","lastModifiedDate":"2024-08-22","isFullCredit":false},{"lineNumber":64,"author":{"gitId":"AjayShanker-geek"},"content":"                ██   ██║   ██╔══██║   ██╔══██╗  ╚██╗ ██╔╝  ██║   ╚════██║","lastModifiedDate":"2024-08-22","isFullCredit":false},{"lineNumber":65,"author":{"gitId":"AjayShanker-geek"},"content":"                ╚█████╔╝██╗██║  ██║██╗██║  ██║██╗╚████╔╝██╗██║██╗███████║██╗","lastModifiedDate":"2024-08-22","isFullCredit":false},{"lineNumber":66,"author":{"gitId":"AjayShanker-geek"},"content":"                 ╚════╝ ╚═╝╚═╝  ╚═╝╚═╝╚═╝  ╚═╝╚═╝ ╚═══╝ ╚═╝╚═╝╚═╝╚══════╝╚═╝","lastModifiedDate":"2024-08-22","isFullCredit":false},{"lineNumber":67,"author":{"gitId":"AjayShanker-geek"},"content":"                                  \"\"\";","lastModifiedDate":"2024-08-22","isFullCredit":false},{"lineNumber":68,"author":{"gitId":"AjayShanker-geek"},"content":"        System.out.println(\"Hello from\\n\" + logo);","lastModifiedDate":"2024-08-22","isFullCredit":false},{"lineNumber":69,"author":{"gitId":"AjayShanker-geek"},"content":"        printGreetingMsgs();","lastModifiedDate":"2024-08-22","isFullCredit":false},{"lineNumber":70,"author":{"gitId":"AjayShanker-geek"},"content":"    }","lastModifiedDate":"2024-08-22","isFullCredit":false},{"lineNumber":71,"author":{"gitId":"AjayShanker-geek"},"content":"}","lastModifiedDate":"2024-08-22","isFullCredit":false}],"authorContributionMap":{"AjayShanker-geek":71}}]
