[{"path":"README.md","fileType":"md","lines":[{"lineNumber":1,"author":{"gitId":"-"},"content":"# Duke project template","lastModifiedDate":"2020-05-25","isFullCredit":false},{"lineNumber":2,"author":{"gitId":"-"},"content":"","lastModifiedDate":"2020-05-25","isFullCredit":false},{"lineNumber":3,"author":{"gitId":"AjayShanker-geek"},"content":"This is a project template for a greenfield Java project. It\u0027s named after the Java mascot _Jarvis_. Given below are instructions on how to use it.","lastModifiedDate":"2024-08-22","isFullCredit":false},{"lineNumber":4,"author":{"gitId":"-"},"content":"","lastModifiedDate":"2020-05-25","isFullCredit":false},{"lineNumber":5,"author":{"gitId":"-"},"content":"## Setting up in Intellij","lastModifiedDate":"2020-05-25","isFullCredit":false},{"lineNumber":6,"author":{"gitId":"-"},"content":"","lastModifiedDate":"2020-05-25","isFullCredit":false},{"lineNumber":7,"author":{"gitId":"-"},"content":"Prerequisites: JDK 17, update Intellij to the most recent version.","lastModifiedDate":"2024-07-11","isFullCredit":false},{"lineNumber":8,"author":{"gitId":"-"},"content":"","lastModifiedDate":"2020-05-25","isFullCredit":false},{"lineNumber":9,"author":{"gitId":"-"},"content":"1. Open Intellij (if you are not in the welcome screen, click `File` \u003e `Close Project` to close the existing project first)","lastModifiedDate":"2021-01-17","isFullCredit":false},{"lineNumber":10,"author":{"gitId":"-"},"content":"1. Open the project into Intellij as follows:","lastModifiedDate":"2021-01-17","isFullCredit":false},{"lineNumber":11,"author":{"gitId":"-"},"content":"   1. Click `Open`.","lastModifiedDate":"2021-01-17","isFullCredit":false},{"lineNumber":12,"author":{"gitId":"-"},"content":"   1. Select the project directory, and click `OK`.","lastModifiedDate":"2021-01-17","isFullCredit":false},{"lineNumber":13,"author":{"gitId":"-"},"content":"   1. If there are any further prompts, accept the defaults.","lastModifiedDate":"2020-05-25","isFullCredit":false},{"lineNumber":14,"author":{"gitId":"-"},"content":"1. Configure the project to use **JDK 17** (not other versions) as explained in [here](https://www.jetbrains.com/help/idea/sdk.html#set-up-jdk).\u003cbr\u003e","lastModifiedDate":"2024-07-11","isFullCredit":false},{"lineNumber":15,"author":{"gitId":"-"},"content":"   In the same dialog, set the **Project language level** field to the `SDK default` option.","lastModifiedDate":"2021-07-29","isFullCredit":false},{"lineNumber":16,"author":{"gitId":"AjayShanker-geek"},"content":"3. After that, locate the `src/main/java/Jarvis.java` file, right-click it, and choose `Run Jarvis.main()` (if the code editor is showing compile errors, try restarting the IDE). If the setup is correct, you should see something like the below as the output:","lastModifiedDate":"2024-08-22","isFullCredit":false},{"lineNumber":17,"author":{"gitId":"-"},"content":"   ```","lastModifiedDate":"2020-05-25","isFullCredit":false},{"lineNumber":18,"author":{"gitId":"-"},"content":"   Hello from","lastModifiedDate":"2020-05-25","isFullCredit":false},{"lineNumber":19,"author":{"gitId":"AjayShanker-geek"},"content":"                     ██╗    █████╗    ██████╗   ██╗   ██╗  ██╗   ███████╗","lastModifiedDate":"2024-08-22","isFullCredit":false},{"lineNumber":20,"author":{"gitId":"AjayShanker-geek"},"content":"                     ██║   ██╔══██╗   ██╔══██╗  ██║   ██║  ██║   ██╔════╝","lastModifiedDate":"2024-08-22","isFullCredit":false},{"lineNumber":21,"author":{"gitId":"AjayShanker-geek"},"content":"                     ██║   ███████║   ██████╔╝  ██║   ██║  ██║   ███████╗","lastModifiedDate":"2024-08-22","isFullCredit":false},{"lineNumber":22,"author":{"gitId":"AjayShanker-geek"},"content":"                ██   ██║   ██╔══██║   ██╔══██╗  ╚██╗ ██╔╝  ██║   ╚════██║","lastModifiedDate":"2024-08-22","isFullCredit":false},{"lineNumber":23,"author":{"gitId":"AjayShanker-geek"},"content":"                ╚█████╔╝██╗██║  ██║██╗██║  ██║██╗╚████╔╝██╗██║██╗███████║██╗","lastModifiedDate":"2024-08-22","isFullCredit":false},{"lineNumber":24,"author":{"gitId":"AjayShanker-geek"},"content":"                 ╚════╝ ╚═╝╚═╝  ╚═╝╚═╝╚═╝  ╚═╝╚═╝ ╚═══╝ ╚═╝╚═╝╚═╝╚══════╝╚═╝","lastModifiedDate":"2024-08-22","isFullCredit":false},{"lineNumber":25,"author":{"gitId":"-"},"content":"   ```","lastModifiedDate":"2020-05-25","isFullCredit":false}],"authorContributionMap":{"AjayShanker-geek":8,"-":17}},{"path":"src/main/java/Jarvis.java","fileType":"java","lines":[{"lineNumber":1,"author":{"gitId":"AjayShanker-geek"},"content":"import java.util.Scanner;","lastModifiedDate":"2024-08-30","isFullCredit":false},{"lineNumber":2,"author":{"gitId":"AjayShanker-geek"},"content":"","lastModifiedDate":"2024-08-30","isFullCredit":false},{"lineNumber":3,"author":{"gitId":"AjayShanker-geek"},"content":"","lastModifiedDate":"2024-08-30","isFullCredit":false},{"lineNumber":4,"author":{"gitId":"AjayShanker-geek"},"content":"public class Jarvis {","lastModifiedDate":"2024-08-22","isFullCredit":false},{"lineNumber":5,"author":{"gitId":"AjayShanker-geek"},"content":"    // Constants","lastModifiedDate":"2024-08-30","isFullCredit":false},{"lineNumber":6,"author":{"gitId":"AjayShanker-geek"},"content":"    static final int MAX_TASK_LENGTH \u003d 100; // Maximum length of a string","lastModifiedDate":"2024-08-30","isFullCredit":false},{"lineNumber":7,"author":{"gitId":"AjayShanker-geek"},"content":"","lastModifiedDate":"2024-08-30","isFullCredit":false},{"lineNumber":8,"author":{"gitId":"AjayShanker-geek"},"content":"    private static final String chatBotName \u003d \"Jarvis\"; // Name of the chatbot","lastModifiedDate":"2024-08-22","isFullCredit":false},{"lineNumber":9,"author":{"gitId":"AjayShanker-geek"},"content":"","lastModifiedDate":"2024-08-30","isFullCredit":false},{"lineNumber":10,"author":{"gitId":"AjayShanker-geek"},"content":"    private static Task[] taskList \u003d new Task[100]; // Array to store tasks","lastModifiedDate":"2024-08-30","isFullCredit":false},{"lineNumber":11,"author":{"gitId":"AjayShanker-geek"},"content":"","lastModifiedDate":"2024-08-22","isFullCredit":false},{"lineNumber":12,"author":{"gitId":"AjayShanker-geek"},"content":"","lastModifiedDate":"2024-08-30","isFullCredit":false},{"lineNumber":13,"author":{"gitId":"AjayShanker-geek"},"content":"    /**","lastModifiedDate":"2024-08-22","isFullCredit":false},{"lineNumber":14,"author":{"gitId":"AjayShanker-geek"},"content":"     * Prints a break line to the console.","lastModifiedDate":"2024-08-22","isFullCredit":false},{"lineNumber":15,"author":{"gitId":"AjayShanker-geek"},"content":"     */","lastModifiedDate":"2024-08-22","isFullCredit":false},{"lineNumber":16,"author":{"gitId":"AjayShanker-geek"},"content":"    private static void printBreakLine() {","lastModifiedDate":"2024-08-22","isFullCredit":false},{"lineNumber":17,"author":{"gitId":"AjayShanker-geek"},"content":"        System.out.println(\"────────────────────────────────────────────────────────────\");","lastModifiedDate":"2024-08-22","isFullCredit":false},{"lineNumber":18,"author":{"gitId":"AjayShanker-geek"},"content":"    }","lastModifiedDate":"2024-08-22","isFullCredit":false},{"lineNumber":19,"author":{"gitId":"AjayShanker-geek"},"content":"","lastModifiedDate":"2024-08-22","isFullCredit":false},{"lineNumber":20,"author":{"gitId":"AjayShanker-geek"},"content":"    /**","lastModifiedDate":"2024-08-22","isFullCredit":false},{"lineNumber":21,"author":{"gitId":"AjayShanker-geek"},"content":"     * Gracefully exits the program.","lastModifiedDate":"2024-08-22","isFullCredit":false},{"lineNumber":22,"author":{"gitId":"AjayShanker-geek"},"content":"     *","lastModifiedDate":"2024-08-22","isFullCredit":false},{"lineNumber":23,"author":{"gitId":"AjayShanker-geek"},"content":"     * @param status","lastModifiedDate":"2024-08-22","isFullCredit":false},{"lineNumber":24,"author":{"gitId":"AjayShanker-geek"},"content":"     */","lastModifiedDate":"2024-08-22","isFullCredit":false},{"lineNumber":25,"author":{"gitId":"AjayShanker-geek"},"content":"    private static void exit(int status) {","lastModifiedDate":"2024-08-22","isFullCredit":false},{"lineNumber":26,"author":{"gitId":"AjayShanker-geek"},"content":"        System.exit(status);","lastModifiedDate":"2024-08-22","isFullCredit":false},{"lineNumber":27,"author":{"gitId":"AjayShanker-geek"},"content":"    }","lastModifiedDate":"2024-08-22","isFullCredit":false},{"lineNumber":28,"author":{"gitId":"AjayShanker-geek"},"content":"","lastModifiedDate":"2024-08-22","isFullCredit":false},{"lineNumber":29,"author":{"gitId":"AjayShanker-geek"},"content":"    /**","lastModifiedDate":"2024-08-30","isFullCredit":false},{"lineNumber":30,"author":{"gitId":"AjayShanker-geek"},"content":"     * Prints the prompt to the console for visual marker for user to type.","lastModifiedDate":"2024-08-30","isFullCredit":false},{"lineNumber":31,"author":{"gitId":"AjayShanker-geek"},"content":"     */","lastModifiedDate":"2024-08-30","isFullCredit":false},{"lineNumber":32,"author":{"gitId":"AjayShanker-geek"},"content":"    private static void printPrompt() {","lastModifiedDate":"2024-08-30","isFullCredit":false},{"lineNumber":33,"author":{"gitId":"AjayShanker-geek"},"content":"        System.out.print(\"  \");","lastModifiedDate":"2024-08-30","isFullCredit":false},{"lineNumber":34,"author":{"gitId":"AjayShanker-geek"},"content":"    }","lastModifiedDate":"2024-08-30","isFullCredit":false},{"lineNumber":35,"author":{"gitId":"AjayShanker-geek"},"content":"","lastModifiedDate":"2024-08-30","isFullCredit":false},{"lineNumber":36,"author":{"gitId":"AjayShanker-geek"},"content":"    /**","lastModifiedDate":"2024-08-22","isFullCredit":false},{"lineNumber":37,"author":{"gitId":"AjayShanker-geek"},"content":"     * Prints the greeting messages to the console.","lastModifiedDate":"2024-08-22","isFullCredit":false},{"lineNumber":38,"author":{"gitId":"AjayShanker-geek"},"content":"     */","lastModifiedDate":"2024-08-22","isFullCredit":false},{"lineNumber":39,"author":{"gitId":"AjayShanker-geek"},"content":"    private static void printGreetingMsgs() {","lastModifiedDate":"2024-08-22","isFullCredit":false},{"lineNumber":40,"author":{"gitId":"AjayShanker-geek"},"content":"        String[] greetings \u003d {\"Hello! I\u0027m \" + chatBotName + \"\\nWhat can I do for you?\"}; // List of greetings","lastModifiedDate":"2024-08-30","isFullCredit":false},{"lineNumber":41,"author":{"gitId":"AjayShanker-geek"},"content":"","lastModifiedDate":"2024-08-22","isFullCredit":false},{"lineNumber":42,"author":{"gitId":"AjayShanker-geek"},"content":"        // Print the greetings","lastModifiedDate":"2024-08-22","isFullCredit":false},{"lineNumber":43,"author":{"gitId":"AjayShanker-geek"},"content":"        for (String greeting : greetings) {","lastModifiedDate":"2024-08-22","isFullCredit":false},{"lineNumber":44,"author":{"gitId":"AjayShanker-geek"},"content":"            printBreakLine(); // Print a break line before each greeting","lastModifiedDate":"2024-08-22","isFullCredit":false},{"lineNumber":45,"author":{"gitId":"AjayShanker-geek"},"content":"            System.out.println(greeting); // Print the greeting","lastModifiedDate":"2024-08-22","isFullCredit":false},{"lineNumber":46,"author":{"gitId":"AjayShanker-geek"},"content":"        }","lastModifiedDate":"2024-08-22","isFullCredit":false},{"lineNumber":47,"author":{"gitId":"AjayShanker-geek"},"content":"        printBreakLine();","lastModifiedDate":"2024-08-22","isFullCredit":false},{"lineNumber":48,"author":{"gitId":"AjayShanker-geek"},"content":"    }","lastModifiedDate":"2024-08-30","isFullCredit":false},{"lineNumber":49,"author":{"gitId":"AjayShanker-geek"},"content":"","lastModifiedDate":"2024-08-30","isFullCredit":false},{"lineNumber":50,"author":{"gitId":"AjayShanker-geek"},"content":"    /**","lastModifiedDate":"2024-08-30","isFullCredit":false},{"lineNumber":51,"author":{"gitId":"AjayShanker-geek"},"content":"     * Prints the goodbye messages to the console.","lastModifiedDate":"2024-08-30","isFullCredit":false},{"lineNumber":52,"author":{"gitId":"AjayShanker-geek"},"content":"     */","lastModifiedDate":"2024-08-30","isFullCredit":false},{"lineNumber":53,"author":{"gitId":"AjayShanker-geek"},"content":"    private static void printGoodbyeMsgs() {","lastModifiedDate":"2024-08-30","isFullCredit":false},{"lineNumber":54,"author":{"gitId":"AjayShanker-geek"},"content":"        String[] goodbyes \u003d {\"Bye. Hope to see you again soon!\"}; // List of goodbye messages","lastModifiedDate":"2024-08-30","isFullCredit":false},{"lineNumber":55,"author":{"gitId":"AjayShanker-geek"},"content":"","lastModifiedDate":"2024-08-30","isFullCredit":false},{"lineNumber":56,"author":{"gitId":"AjayShanker-geek"},"content":"        // Print the goodbye messages","lastModifiedDate":"2024-08-30","isFullCredit":false},{"lineNumber":57,"author":{"gitId":"AjayShanker-geek"},"content":"        for (String goodbye : goodbyes) {","lastModifiedDate":"2024-08-30","isFullCredit":false},{"lineNumber":58,"author":{"gitId":"AjayShanker-geek"},"content":"            printBreakLine();","lastModifiedDate":"2024-08-30","isFullCredit":false},{"lineNumber":59,"author":{"gitId":"AjayShanker-geek"},"content":"            System.out.println(goodbye); // Print the goodbye message","lastModifiedDate":"2024-08-30","isFullCredit":false},{"lineNumber":60,"author":{"gitId":"AjayShanker-geek"},"content":"        }","lastModifiedDate":"2024-08-30","isFullCredit":false},{"lineNumber":61,"author":{"gitId":"AjayShanker-geek"},"content":"        printBreakLine();","lastModifiedDate":"2024-08-30","isFullCredit":false},{"lineNumber":62,"author":{"gitId":"AjayShanker-geek"},"content":"        exit(0);","lastModifiedDate":"2024-08-22","isFullCredit":false},{"lineNumber":63,"author":{"gitId":"AjayShanker-geek"},"content":"    }","lastModifiedDate":"2024-08-22","isFullCredit":false},{"lineNumber":64,"author":{"gitId":"AjayShanker-geek"},"content":"","lastModifiedDate":"2024-08-22","isFullCredit":false},{"lineNumber":65,"author":{"gitId":"AjayShanker-geek"},"content":"    /**","lastModifiedDate":"2024-08-30","isFullCredit":false},{"lineNumber":66,"author":{"gitId":"AjayShanker-geek"},"content":"     * Prints the tasks to the console.","lastModifiedDate":"2024-08-30","isFullCredit":false},{"lineNumber":67,"author":{"gitId":"AjayShanker-geek"},"content":"     */","lastModifiedDate":"2024-08-30","isFullCredit":false},{"lineNumber":68,"author":{"gitId":"AjayShanker-geek"},"content":"    public static void printTasks() {","lastModifiedDate":"2024-08-30","isFullCredit":false},{"lineNumber":69,"author":{"gitId":"AjayShanker-geek"},"content":"        printBreakLine();","lastModifiedDate":"2024-08-30","isFullCredit":false},{"lineNumber":70,"author":{"gitId":"AjayShanker-geek"},"content":"        if (Task.getNumberOfTasks() \u003d\u003d 0) {","lastModifiedDate":"2024-08-30","isFullCredit":false},{"lineNumber":71,"author":{"gitId":"AjayShanker-geek"},"content":"            System.out.println(\"The list is empty.\");","lastModifiedDate":"2024-08-30","isFullCredit":false},{"lineNumber":72,"author":{"gitId":"AjayShanker-geek"},"content":"        } else {","lastModifiedDate":"2024-08-30","isFullCredit":false},{"lineNumber":73,"author":{"gitId":"AjayShanker-geek"},"content":"            System.out.println(\"Here are the tasks in your list:\");","lastModifiedDate":"2024-08-30","isFullCredit":false},{"lineNumber":74,"author":{"gitId":"AjayShanker-geek"},"content":"            for (int i \u003d 0; i \u003c Task.getNumberOfTasks(); i++) {","lastModifiedDate":"2024-08-30","isFullCredit":false},{"lineNumber":75,"author":{"gitId":"AjayShanker-geek"},"content":"                System.out.print((i + 1) + \".\");","lastModifiedDate":"2024-08-30","isFullCredit":false},{"lineNumber":76,"author":{"gitId":"AjayShanker-geek"},"content":"                taskList[i].printTask();","lastModifiedDate":"2024-08-30","isFullCredit":false},{"lineNumber":77,"author":{"gitId":"AjayShanker-geek"},"content":"            }","lastModifiedDate":"2024-08-30","isFullCredit":false},{"lineNumber":78,"author":{"gitId":"AjayShanker-geek"},"content":"        }","lastModifiedDate":"2024-08-30","isFullCredit":false},{"lineNumber":79,"author":{"gitId":"AjayShanker-geek"},"content":"        printBreakLine();","lastModifiedDate":"2024-08-30","isFullCredit":false},{"lineNumber":80,"author":{"gitId":"AjayShanker-geek"},"content":"    }","lastModifiedDate":"2024-08-30","isFullCredit":false},{"lineNumber":81,"author":{"gitId":"AjayShanker-geek"},"content":"","lastModifiedDate":"2024-08-30","isFullCredit":false},{"lineNumber":82,"author":{"gitId":"AjayShanker-geek"},"content":"    /**","lastModifiedDate":"2024-08-30","isFullCredit":false},{"lineNumber":83,"author":{"gitId":"AjayShanker-geek"},"content":"     * Adds a task to the task list.","lastModifiedDate":"2024-08-30","isFullCredit":false},{"lineNumber":84,"author":{"gitId":"AjayShanker-geek"},"content":"     *","lastModifiedDate":"2024-08-30","isFullCredit":false},{"lineNumber":85,"author":{"gitId":"AjayShanker-geek"},"content":"     * @param task","lastModifiedDate":"2024-08-30","isFullCredit":false},{"lineNumber":86,"author":{"gitId":"AjayShanker-geek"},"content":"     */","lastModifiedDate":"2024-08-30","isFullCredit":false},{"lineNumber":87,"author":{"gitId":"AjayShanker-geek"},"content":"    public static void addTask(String task) {","lastModifiedDate":"2024-08-30","isFullCredit":false},{"lineNumber":88,"author":{"gitId":"AjayShanker-geek"},"content":"        printBreakLine();","lastModifiedDate":"2024-08-30","isFullCredit":false},{"lineNumber":89,"author":{"gitId":"AjayShanker-geek"},"content":"        System.out.println(\"Added: \" + task);","lastModifiedDate":"2024-08-30","isFullCredit":false},{"lineNumber":90,"author":{"gitId":"AjayShanker-geek"},"content":"        if (Task.getNumberOfTasks() \u003c MAX_TASK_LENGTH) {","lastModifiedDate":"2024-08-30","isFullCredit":false},{"lineNumber":91,"author":{"gitId":"AjayShanker-geek"},"content":"            taskList[Task.getNumberOfTasks()] \u003d new Task(task);","lastModifiedDate":"2024-08-30","isFullCredit":false},{"lineNumber":92,"author":{"gitId":"AjayShanker-geek"},"content":"        } else {","lastModifiedDate":"2024-08-30","isFullCredit":false},{"lineNumber":93,"author":{"gitId":"AjayShanker-geek"},"content":"            System.out.println(\"The list is full. Please remove some items before adding more.\");","lastModifiedDate":"2024-08-30","isFullCredit":false},{"lineNumber":94,"author":{"gitId":"AjayShanker-geek"},"content":"        }","lastModifiedDate":"2024-08-30","isFullCredit":false},{"lineNumber":95,"author":{"gitId":"AjayShanker-geek"},"content":"","lastModifiedDate":"2024-08-30","isFullCredit":false},{"lineNumber":96,"author":{"gitId":"AjayShanker-geek"},"content":"        printBreakLine();","lastModifiedDate":"2024-08-30","isFullCredit":false},{"lineNumber":97,"author":{"gitId":"AjayShanker-geek"},"content":"    }","lastModifiedDate":"2024-08-30","isFullCredit":false},{"lineNumber":98,"author":{"gitId":"AjayShanker-geek"},"content":"","lastModifiedDate":"2024-08-30","isFullCredit":false},{"lineNumber":99,"author":{"gitId":"AjayShanker-geek"},"content":"    /**","lastModifiedDate":"2024-08-30","isFullCredit":false},{"lineNumber":100,"author":{"gitId":"AjayShanker-geek"},"content":"     * Reads the input from the user and processes it.","lastModifiedDate":"2024-08-30","isFullCredit":false},{"lineNumber":101,"author":{"gitId":"AjayShanker-geek"},"content":"     *","lastModifiedDate":"2024-08-30","isFullCredit":false},{"lineNumber":102,"author":{"gitId":"AjayShanker-geek"},"content":"     * @param in","lastModifiedDate":"2024-08-30","isFullCredit":false},{"lineNumber":103,"author":{"gitId":"AjayShanker-geek"},"content":"     * @param lineBufferString","lastModifiedDate":"2024-08-30","isFullCredit":false},{"lineNumber":104,"author":{"gitId":"AjayShanker-geek"},"content":"     */","lastModifiedDate":"2024-08-30","isFullCredit":false},{"lineNumber":105,"author":{"gitId":"AjayShanker-geek"},"content":"    public static void readInput(Scanner in, String lineBufferString) {","lastModifiedDate":"2024-08-30","isFullCredit":false},{"lineNumber":106,"author":{"gitId":"AjayShanker-geek"},"content":"","lastModifiedDate":"2024-08-30","isFullCredit":false},{"lineNumber":107,"author":{"gitId":"AjayShanker-geek"},"content":"        try (in) {","lastModifiedDate":"2024-08-30","isFullCredit":false},{"lineNumber":108,"author":{"gitId":"AjayShanker-geek"},"content":"            printPrompt();                                                              // Print the prompt to the console","lastModifiedDate":"2024-08-30","isFullCredit":false},{"lineNumber":109,"author":{"gitId":"AjayShanker-geek"},"content":"            lineBufferString \u003d in.nextLine();","lastModifiedDate":"2024-08-30","isFullCredit":false},{"lineNumber":110,"author":{"gitId":"AjayShanker-geek"},"content":"            String command;                                                             // Variable to store the command","lastModifiedDate":"2024-08-30","isFullCredit":false},{"lineNumber":111,"author":{"gitId":"AjayShanker-geek"},"content":"            int dividerPosition \u003d 0;                                                    // Variable to store the position of the divider","lastModifiedDate":"2024-08-30","isFullCredit":false},{"lineNumber":112,"author":{"gitId":"AjayShanker-geek"},"content":"","lastModifiedDate":"2024-08-30","isFullCredit":false},{"lineNumber":113,"author":{"gitId":"AjayShanker-geek"},"content":"            // Check if the input contains a space","lastModifiedDate":"2024-08-30","isFullCredit":false},{"lineNumber":114,"author":{"gitId":"AjayShanker-geek"},"content":"            if (lineBufferString.contains(\" \")) {","lastModifiedDate":"2024-08-30","isFullCredit":false},{"lineNumber":115,"author":{"gitId":"AjayShanker-geek"},"content":"                // Suppose the input is \"mark 1\" or \"unmark 1\"","lastModifiedDate":"2024-08-30","isFullCredit":false},{"lineNumber":116,"author":{"gitId":"AjayShanker-geek"},"content":"                dividerPosition \u003d lineBufferString.indexOf(\" \");","lastModifiedDate":"2024-08-30","isFullCredit":false},{"lineNumber":117,"author":{"gitId":"AjayShanker-geek"},"content":"                command \u003d lineBufferString.substring(0, dividerPosition);","lastModifiedDate":"2024-08-30","isFullCredit":false},{"lineNumber":118,"author":{"gitId":"AjayShanker-geek"},"content":"            } else {","lastModifiedDate":"2024-08-30","isFullCredit":false},{"lineNumber":119,"author":{"gitId":"AjayShanker-geek"},"content":"                command \u003d lineBufferString;","lastModifiedDate":"2024-08-30","isFullCredit":false},{"lineNumber":120,"author":{"gitId":"AjayShanker-geek"},"content":"            }","lastModifiedDate":"2024-08-30","isFullCredit":false},{"lineNumber":121,"author":{"gitId":"AjayShanker-geek"},"content":"","lastModifiedDate":"2024-08-30","isFullCredit":false},{"lineNumber":122,"author":{"gitId":"AjayShanker-geek"},"content":"            switch (command) {","lastModifiedDate":"2024-08-30","isFullCredit":false},{"lineNumber":123,"author":{"gitId":"AjayShanker-geek"},"content":"            case \"bye\":","lastModifiedDate":"2024-08-30","isFullCredit":false},{"lineNumber":124,"author":{"gitId":"AjayShanker-geek"},"content":"                printGoodbyeMsgs();","lastModifiedDate":"2024-08-30","isFullCredit":false},{"lineNumber":125,"author":{"gitId":"AjayShanker-geek"},"content":"                break;","lastModifiedDate":"2024-08-30","isFullCredit":false},{"lineNumber":126,"author":{"gitId":"AjayShanker-geek"},"content":"            case \"list\":","lastModifiedDate":"2024-08-30","isFullCredit":false},{"lineNumber":127,"author":{"gitId":"AjayShanker-geek"},"content":"                printTasks();","lastModifiedDate":"2024-08-30","isFullCredit":false},{"lineNumber":128,"author":{"gitId":"AjayShanker-geek"},"content":"                break;","lastModifiedDate":"2024-08-30","isFullCredit":false},{"lineNumber":129,"author":{"gitId":"AjayShanker-geek"},"content":"            case \"mark\":","lastModifiedDate":"2024-08-30","isFullCredit":false},{"lineNumber":130,"author":{"gitId":"AjayShanker-geek"},"content":"                int taskNumberMark \u003d Integer.parseInt(lineBufferString.substring(dividerPosition + 1)); // Get the task number","lastModifiedDate":"2024-08-30","isFullCredit":false},{"lineNumber":131,"author":{"gitId":"AjayShanker-geek"},"content":"                taskList[taskNumberMark - 1].markAsDone();                                              // Mark the task as done","lastModifiedDate":"2024-08-30","isFullCredit":false},{"lineNumber":132,"author":{"gitId":"AjayShanker-geek"},"content":"                break;","lastModifiedDate":"2024-08-30","isFullCredit":false},{"lineNumber":133,"author":{"gitId":"AjayShanker-geek"},"content":"            case \"unmark\":","lastModifiedDate":"2024-08-30","isFullCredit":false},{"lineNumber":134,"author":{"gitId":"AjayShanker-geek"},"content":"                int taskNumberUnmark \u003d Integer.parseInt(lineBufferString.substring(dividerPosition + 1));     // Get the task number","lastModifiedDate":"2024-08-30","isFullCredit":false},{"lineNumber":135,"author":{"gitId":"AjayShanker-geek"},"content":"                taskList[taskNumberUnmark - 1].markAsUndone();                                            // Mark the task as undone","lastModifiedDate":"2024-08-30","isFullCredit":false},{"lineNumber":136,"author":{"gitId":"AjayShanker-geek"},"content":"                break;","lastModifiedDate":"2024-08-30","isFullCredit":false},{"lineNumber":137,"author":{"gitId":"AjayShanker-geek"},"content":"            case \"\":","lastModifiedDate":"2024-08-30","isFullCredit":false},{"lineNumber":138,"author":{"gitId":"AjayShanker-geek"},"content":"                System.out.println(\"You did not enter anything. Please try again.\");","lastModifiedDate":"2024-08-30","isFullCredit":false},{"lineNumber":139,"author":{"gitId":"AjayShanker-geek"},"content":"                break;","lastModifiedDate":"2024-08-30","isFullCredit":false},{"lineNumber":140,"author":{"gitId":"AjayShanker-geek"},"content":"            default:","lastModifiedDate":"2024-08-30","isFullCredit":false},{"lineNumber":141,"author":{"gitId":"AjayShanker-geek"},"content":"                addTask(lineBufferString);","lastModifiedDate":"2024-08-30","isFullCredit":false},{"lineNumber":142,"author":{"gitId":"AjayShanker-geek"},"content":"","lastModifiedDate":"2024-08-30","isFullCredit":false},{"lineNumber":143,"author":{"gitId":"AjayShanker-geek"},"content":"                break;","lastModifiedDate":"2024-08-30","isFullCredit":false},{"lineNumber":144,"author":{"gitId":"AjayShanker-geek"},"content":"            }","lastModifiedDate":"2024-08-30","isFullCredit":false},{"lineNumber":145,"author":{"gitId":"AjayShanker-geek"},"content":"","lastModifiedDate":"2024-08-30","isFullCredit":false},{"lineNumber":146,"author":{"gitId":"AjayShanker-geek"},"content":"            readInput(in, lineBufferString);                                                        // Recursively call the function to read the next input","lastModifiedDate":"2024-08-30","isFullCredit":false},{"lineNumber":147,"author":{"gitId":"AjayShanker-geek"},"content":"        } catch (Exception e) {","lastModifiedDate":"2024-08-30","isFullCredit":false},{"lineNumber":148,"author":{"gitId":"AjayShanker-geek"},"content":"            System.err.println(\"An error occurred. Please try again.\");","lastModifiedDate":"2024-08-30","isFullCredit":false},{"lineNumber":149,"author":{"gitId":"AjayShanker-geek"},"content":"        }","lastModifiedDate":"2024-08-30","isFullCredit":false},{"lineNumber":150,"author":{"gitId":"AjayShanker-geek"},"content":"    }","lastModifiedDate":"2024-08-30","isFullCredit":false},{"lineNumber":151,"author":{"gitId":"AjayShanker-geek"},"content":"","lastModifiedDate":"2024-08-30","isFullCredit":false},{"lineNumber":152,"author":{"gitId":"AjayShanker-geek"},"content":"    public static void main(String[] args) {","lastModifiedDate":"2024-08-22","isFullCredit":false},{"lineNumber":153,"author":{"gitId":"AjayShanker-geek"},"content":"        String logo \u003d \"\"\"","lastModifiedDate":"2024-08-22","isFullCredit":false},{"lineNumber":154,"author":{"gitId":"AjayShanker-geek"},"content":"                                  @@@@@@@@@@@@@@@@@@@@@@@","lastModifiedDate":"2024-08-22","isFullCredit":false},{"lineNumber":155,"author":{"gitId":"AjayShanker-geek"},"content":"                              @@%     @@          @@      @@@","lastModifiedDate":"2024-08-22","isFullCredit":false},{"lineNumber":156,"author":{"gitId":"AjayShanker-geek"},"content":"                           @@         @@          @@          @@","lastModifiedDate":"2024-08-22","isFullCredit":false},{"lineNumber":157,"author":{"gitId":"AjayShanker-geek"},"content":"                        @@            @@          @@             @@","lastModifiedDate":"2024-08-22","isFullCredit":false},{"lineNumber":158,"author":{"gitId":"AjayShanker-geek"},"content":"                      @@@@@@@@@@@@@@@@@@@@@@@@@@@@@@@@@@@@@@@@@@@@@@@","lastModifiedDate":"2024-08-22","isFullCredit":false},{"lineNumber":159,"author":{"gitId":"AjayShanker-geek"},"content":"                     @                                              *@","lastModifiedDate":"2024-08-22","isFullCredit":false},{"lineNumber":160,"author":{"gitId":"AjayShanker-geek"},"content":"                    @@@                                             @@@","lastModifiedDate":"2024-08-22","isFullCredit":false},{"lineNumber":161,"author":{"gitId":"AjayShanker-geek"},"content":"                   @  @@@                                         @@@  @","lastModifiedDate":"2024-08-22","isFullCredit":false},{"lineNumber":162,"author":{"gitId":"AjayShanker-geek"},"content":"                  @\u0026    @@         @@@@@@@@@@@@@@@@@@@@@         @@.   @@","lastModifiedDate":"2024-08-22","isFullCredit":false},{"lineNumber":163,"author":{"gitId":"AjayShanker-geek"},"content":"                  @      @@@        @@              @@         @@@      @","lastModifiedDate":"2024-08-22","isFullCredit":false},{"lineNumber":164,"author":{"gitId":"AjayShanker-geek"},"content":"                  @       *@@         @@           @(         @@(       @","lastModifiedDate":"2024-08-22","isFullCredit":false},{"lineNumber":165,"author":{"gitId":"AjayShanker-geek"},"content":"                  @       ,@@@@        @@        @@         @@@@        @","lastModifiedDate":"2024-08-22","isFullCredit":false},{"lineNumber":166,"author":{"gitId":"AjayShanker-geek"},"content":"                  @   @@@@@  %@@         @@     @          @@\u0026 @@@@@    @","lastModifiedDate":"2024-08-22","isFullCredit":false},{"lineNumber":167,"author":{"gitId":"AjayShanker-geek"},"content":"                  @@@@         @@@        /@  @@         @@@       *@@@@/","lastModifiedDate":"2024-08-22","isFullCredit":false},{"lineNumber":168,"author":{"gitId":"AjayShanker-geek"},"content":"                   @@           @@@         @@          @@@           @@","lastModifiedDate":"2024-08-22","isFullCredit":false},{"lineNumber":169,"author":{"gitId":"AjayShanker-geek"},"content":"                    @@            @@\u0026                 (@@            @@","lastModifiedDate":"2024-08-22","isFullCredit":false},{"lineNumber":170,"author":{"gitId":"AjayShanker-geek"},"content":"                      @       @@@@@@@@               @@@@@@@        @","lastModifiedDate":"2024-08-22","isFullCredit":false},{"lineNumber":171,"author":{"gitId":"AjayShanker-geek"},"content":"                       @@ @@@@*      @@,            @@      @@@@  @\u0026","lastModifiedDate":"2024-08-22","isFullCredit":false},{"lineNumber":172,"author":{"gitId":"AjayShanker-geek"},"content":"                          @@          @@@         @@@          @@","lastModifiedDate":"2024-08-22","isFullCredit":false},{"lineNumber":173,"author":{"gitId":"AjayShanker-geek"},"content":"                            @@@         @@       @@         @@#","lastModifiedDate":"2024-08-22","isFullCredit":false},{"lineNumber":174,"author":{"gitId":"AjayShanker-geek"},"content":"                                @@@@     @@@   @@@     @@@@","lastModifiedDate":"2024-08-22","isFullCredit":false},{"lineNumber":175,"author":{"gitId":"AjayShanker-geek"},"content":"                                       @@@@@@@@@@@@@","lastModifiedDate":"2024-08-22","isFullCredit":false},{"lineNumber":176,"author":{"gitId":"AjayShanker-geek"},"content":"                ","lastModifiedDate":"2024-08-22","isFullCredit":false},{"lineNumber":177,"author":{"gitId":"AjayShanker-geek"},"content":"                     ██╗    █████╗    ██████╗   ██╗   ██╗  ██╗   ███████╗","lastModifiedDate":"2024-08-22","isFullCredit":false},{"lineNumber":178,"author":{"gitId":"AjayShanker-geek"},"content":"                     ██║   ██╔══██╗   ██╔══██╗  ██║   ██║  ██║   ██╔════╝","lastModifiedDate":"2024-08-22","isFullCredit":false},{"lineNumber":179,"author":{"gitId":"AjayShanker-geek"},"content":"                     ██║   ███████║   ██████╔╝  ██║   ██║  ██║   ███████╗","lastModifiedDate":"2024-08-22","isFullCredit":false},{"lineNumber":180,"author":{"gitId":"AjayShanker-geek"},"content":"                ██   ██║   ██╔══██║   ██╔══██╗  ╚██╗ ██╔╝  ██║   ╚════██║","lastModifiedDate":"2024-08-22","isFullCredit":false},{"lineNumber":181,"author":{"gitId":"AjayShanker-geek"},"content":"                ╚█████╔╝██╗██║  ██║██╗██║  ██║██╗╚████╔╝██╗██║██╗███████║██╗","lastModifiedDate":"2024-08-22","isFullCredit":false},{"lineNumber":182,"author":{"gitId":"AjayShanker-geek"},"content":"                 ╚════╝ ╚═╝╚═╝  ╚═╝╚═╝╚═╝  ╚═╝╚═╝ ╚═══╝ ╚═╝╚═╝╚═╝╚══════╝╚═╝","lastModifiedDate":"2024-08-22","isFullCredit":false},{"lineNumber":183,"author":{"gitId":"AjayShanker-geek"},"content":"                \"\"\";","lastModifiedDate":"2024-08-22","isFullCredit":false},{"lineNumber":184,"author":{"gitId":"AjayShanker-geek"},"content":"","lastModifiedDate":"2024-08-30","isFullCredit":false},{"lineNumber":185,"author":{"gitId":"AjayShanker-geek"},"content":"        String lineBufferString \u003d \"\";           // Buffer to store the input from the user","lastModifiedDate":"2024-08-30","isFullCredit":false},{"lineNumber":186,"author":{"gitId":"AjayShanker-geek"},"content":"        Scanner in \u003d new Scanner(System.in);    // Scanner object to read input from the user","lastModifiedDate":"2024-08-30","isFullCredit":false},{"lineNumber":187,"author":{"gitId":"AjayShanker-geek"},"content":"","lastModifiedDate":"2024-08-30","isFullCredit":false},{"lineNumber":188,"author":{"gitId":"AjayShanker-geek"},"content":"        System.out.println(\"Hello from\\n\" + logo);","lastModifiedDate":"2024-08-22","isFullCredit":false},{"lineNumber":189,"author":{"gitId":"AjayShanker-geek"},"content":"        printGreetingMsgs();","lastModifiedDate":"2024-08-22","isFullCredit":false},{"lineNumber":190,"author":{"gitId":"AjayShanker-geek"},"content":"        readInput(in, lineBufferString);        // Read the input from the user","lastModifiedDate":"2024-08-30","isFullCredit":false},{"lineNumber":191,"author":{"gitId":"AjayShanker-geek"},"content":"    }","lastModifiedDate":"2024-08-22","isFullCredit":false},{"lineNumber":192,"author":{"gitId":"AjayShanker-geek"},"content":"}","lastModifiedDate":"2024-08-22","isFullCredit":false}],"authorContributionMap":{"AjayShanker-geek":192}},{"path":"src/main/java/Task.java","fileType":"java","lines":[{"lineNumber":1,"author":{"gitId":"AjayShanker-geek"},"content":"public class Task {","lastModifiedDate":"2024-08-30","isFullCredit":false},{"lineNumber":2,"author":{"gitId":"AjayShanker-geek"},"content":"    protected String description; // Description of the task","lastModifiedDate":"2024-08-30","isFullCredit":false},{"lineNumber":3,"author":{"gitId":"AjayShanker-geek"},"content":"    protected boolean isDone;     // Status of the task","lastModifiedDate":"2024-08-30","isFullCredit":false},{"lineNumber":4,"author":{"gitId":"AjayShanker-geek"},"content":"","lastModifiedDate":"2024-08-30","isFullCredit":false},{"lineNumber":5,"author":{"gitId":"AjayShanker-geek"},"content":"    private static int numberOfTasks \u003d 0; // Number of tasks in the list","lastModifiedDate":"2024-08-30","isFullCredit":false},{"lineNumber":6,"author":{"gitId":"AjayShanker-geek"},"content":"","lastModifiedDate":"2024-08-30","isFullCredit":false},{"lineNumber":7,"author":{"gitId":"AjayShanker-geek"},"content":"    /**","lastModifiedDate":"2024-08-30","isFullCredit":false},{"lineNumber":8,"author":{"gitId":"AjayShanker-geek"},"content":"     * Constructor for the Task class.","lastModifiedDate":"2024-08-30","isFullCredit":false},{"lineNumber":9,"author":{"gitId":"AjayShanker-geek"},"content":"     *","lastModifiedDate":"2024-08-30","isFullCredit":false},{"lineNumber":10,"author":{"gitId":"AjayShanker-geek"},"content":"     * @param description","lastModifiedDate":"2024-08-30","isFullCredit":false},{"lineNumber":11,"author":{"gitId":"AjayShanker-geek"},"content":"     */","lastModifiedDate":"2024-08-30","isFullCredit":false},{"lineNumber":12,"author":{"gitId":"AjayShanker-geek"},"content":"    public Task(String description) {","lastModifiedDate":"2024-08-30","isFullCredit":false},{"lineNumber":13,"author":{"gitId":"AjayShanker-geek"},"content":"        this.description \u003d description;","lastModifiedDate":"2024-08-30","isFullCredit":false},{"lineNumber":14,"author":{"gitId":"AjayShanker-geek"},"content":"        this.isDone \u003d false;","lastModifiedDate":"2024-08-30","isFullCredit":false},{"lineNumber":15,"author":{"gitId":"AjayShanker-geek"},"content":"","lastModifiedDate":"2024-08-30","isFullCredit":false},{"lineNumber":16,"author":{"gitId":"AjayShanker-geek"},"content":"        numberOfTasks++;","lastModifiedDate":"2024-08-30","isFullCredit":false},{"lineNumber":17,"author":{"gitId":"AjayShanker-geek"},"content":"    }","lastModifiedDate":"2024-08-30","isFullCredit":false},{"lineNumber":18,"author":{"gitId":"AjayShanker-geek"},"content":"","lastModifiedDate":"2024-08-30","isFullCredit":false},{"lineNumber":19,"author":{"gitId":"AjayShanker-geek"},"content":"    /**","lastModifiedDate":"2024-08-30","isFullCredit":false},{"lineNumber":20,"author":{"gitId":"AjayShanker-geek"},"content":"     * Returns the description of the task.","lastModifiedDate":"2024-08-30","isFullCredit":false},{"lineNumber":21,"author":{"gitId":"AjayShanker-geek"},"content":"     *","lastModifiedDate":"2024-08-30","isFullCredit":false},{"lineNumber":22,"author":{"gitId":"AjayShanker-geek"},"content":"     * @return description of the task","lastModifiedDate":"2024-08-30","isFullCredit":false},{"lineNumber":23,"author":{"gitId":"AjayShanker-geek"},"content":"     */","lastModifiedDate":"2024-08-30","isFullCredit":false},{"lineNumber":24,"author":{"gitId":"AjayShanker-geek"},"content":"    public String getDescription() {","lastModifiedDate":"2024-08-30","isFullCredit":false},{"lineNumber":25,"author":{"gitId":"AjayShanker-geek"},"content":"        return this.description;","lastModifiedDate":"2024-08-30","isFullCredit":false},{"lineNumber":26,"author":{"gitId":"AjayShanker-geek"},"content":"    }","lastModifiedDate":"2024-08-30","isFullCredit":false},{"lineNumber":27,"author":{"gitId":"AjayShanker-geek"},"content":"","lastModifiedDate":"2024-08-30","isFullCredit":false},{"lineNumber":28,"author":{"gitId":"AjayShanker-geek"},"content":"    /**","lastModifiedDate":"2024-08-30","isFullCredit":false},{"lineNumber":29,"author":{"gitId":"AjayShanker-geek"},"content":"     * Changes the description of the task.","lastModifiedDate":"2024-08-30","isFullCredit":false},{"lineNumber":30,"author":{"gitId":"AjayShanker-geek"},"content":"     *","lastModifiedDate":"2024-08-30","isFullCredit":false},{"lineNumber":31,"author":{"gitId":"AjayShanker-geek"},"content":"     * @param newDescription","lastModifiedDate":"2024-08-30","isFullCredit":false},{"lineNumber":32,"author":{"gitId":"AjayShanker-geek"},"content":"     */","lastModifiedDate":"2024-08-30","isFullCredit":false},{"lineNumber":33,"author":{"gitId":"AjayShanker-geek"},"content":"    public void changeDescription(String newDescription) {","lastModifiedDate":"2024-08-30","isFullCredit":false},{"lineNumber":34,"author":{"gitId":"AjayShanker-geek"},"content":"        this.description \u003d newDescription;","lastModifiedDate":"2024-08-30","isFullCredit":false},{"lineNumber":35,"author":{"gitId":"AjayShanker-geek"},"content":"    }","lastModifiedDate":"2024-08-30","isFullCredit":false},{"lineNumber":36,"author":{"gitId":"AjayShanker-geek"},"content":"","lastModifiedDate":"2024-08-30","isFullCredit":false},{"lineNumber":37,"author":{"gitId":"AjayShanker-geek"},"content":"    /**","lastModifiedDate":"2024-08-30","isFullCredit":false},{"lineNumber":38,"author":{"gitId":"AjayShanker-geek"},"content":"     * Returns the status icon of the task.","lastModifiedDate":"2024-08-30","isFullCredit":false},{"lineNumber":39,"author":{"gitId":"AjayShanker-geek"},"content":"     *","lastModifiedDate":"2024-08-30","isFullCredit":false},{"lineNumber":40,"author":{"gitId":"AjayShanker-geek"},"content":"     * @return status icon of the task","lastModifiedDate":"2024-08-30","isFullCredit":false},{"lineNumber":41,"author":{"gitId":"AjayShanker-geek"},"content":"     */","lastModifiedDate":"2024-08-30","isFullCredit":false},{"lineNumber":42,"author":{"gitId":"AjayShanker-geek"},"content":"    public String getStatusIcon() {","lastModifiedDate":"2024-08-30","isFullCredit":false},{"lineNumber":43,"author":{"gitId":"AjayShanker-geek"},"content":"        return (isDone ? \"✓\" : \" \");","lastModifiedDate":"2024-08-30","isFullCredit":false},{"lineNumber":44,"author":{"gitId":"AjayShanker-geek"},"content":"    }","lastModifiedDate":"2024-08-30","isFullCredit":false},{"lineNumber":45,"author":{"gitId":"AjayShanker-geek"},"content":"","lastModifiedDate":"2024-08-30","isFullCredit":false},{"lineNumber":46,"author":{"gitId":"AjayShanker-geek"},"content":"    /**","lastModifiedDate":"2024-08-30","isFullCredit":false},{"lineNumber":47,"author":{"gitId":"AjayShanker-geek"},"content":"     * Marks the task as done.","lastModifiedDate":"2024-08-30","isFullCredit":false},{"lineNumber":48,"author":{"gitId":"AjayShanker-geek"},"content":"     */","lastModifiedDate":"2024-08-30","isFullCredit":false},{"lineNumber":49,"author":{"gitId":"AjayShanker-geek"},"content":"    public void markAsDone() {","lastModifiedDate":"2024-08-30","isFullCredit":false},{"lineNumber":50,"author":{"gitId":"AjayShanker-geek"},"content":"        this.isDone \u003d true;","lastModifiedDate":"2024-08-30","isFullCredit":false},{"lineNumber":51,"author":{"gitId":"AjayShanker-geek"},"content":"","lastModifiedDate":"2024-08-30","isFullCredit":false},{"lineNumber":52,"author":{"gitId":"AjayShanker-geek"},"content":"        System.out.print(\"Nice! I\u0027ve marked this task as done: \\n  \");","lastModifiedDate":"2024-08-30","isFullCredit":false},{"lineNumber":53,"author":{"gitId":"AjayShanker-geek"},"content":"        printTask();","lastModifiedDate":"2024-08-30","isFullCredit":false},{"lineNumber":54,"author":{"gitId":"AjayShanker-geek"},"content":"    }","lastModifiedDate":"2024-08-30","isFullCredit":false},{"lineNumber":55,"author":{"gitId":"AjayShanker-geek"},"content":"","lastModifiedDate":"2024-08-30","isFullCredit":false},{"lineNumber":56,"author":{"gitId":"AjayShanker-geek"},"content":"    /**","lastModifiedDate":"2024-08-30","isFullCredit":false},{"lineNumber":57,"author":{"gitId":"AjayShanker-geek"},"content":"     * Marks the task as not done.","lastModifiedDate":"2024-08-30","isFullCredit":false},{"lineNumber":58,"author":{"gitId":"AjayShanker-geek"},"content":"     */","lastModifiedDate":"2024-08-30","isFullCredit":false},{"lineNumber":59,"author":{"gitId":"AjayShanker-geek"},"content":"    public void markAsUndone() {","lastModifiedDate":"2024-08-30","isFullCredit":false},{"lineNumber":60,"author":{"gitId":"AjayShanker-geek"},"content":"        this.isDone \u003d false;","lastModifiedDate":"2024-08-30","isFullCredit":false},{"lineNumber":61,"author":{"gitId":"AjayShanker-geek"},"content":"","lastModifiedDate":"2024-08-30","isFullCredit":false},{"lineNumber":62,"author":{"gitId":"AjayShanker-geek"},"content":"        System.out.print(\"OK, I\u0027ve marked this task as not done yet: \\n  \");","lastModifiedDate":"2024-08-30","isFullCredit":false},{"lineNumber":63,"author":{"gitId":"AjayShanker-geek"},"content":"        printTask();","lastModifiedDate":"2024-08-30","isFullCredit":false},{"lineNumber":64,"author":{"gitId":"AjayShanker-geek"},"content":"    }","lastModifiedDate":"2024-08-30","isFullCredit":false},{"lineNumber":65,"author":{"gitId":"AjayShanker-geek"},"content":"","lastModifiedDate":"2024-08-30","isFullCredit":false},{"lineNumber":66,"author":{"gitId":"AjayShanker-geek"},"content":"    /**","lastModifiedDate":"2024-08-30","isFullCredit":false},{"lineNumber":67,"author":{"gitId":"AjayShanker-geek"},"content":"     * Returns the number of tasks in the list.","lastModifiedDate":"2024-08-30","isFullCredit":false},{"lineNumber":68,"author":{"gitId":"AjayShanker-geek"},"content":"     *","lastModifiedDate":"2024-08-30","isFullCredit":false},{"lineNumber":69,"author":{"gitId":"AjayShanker-geek"},"content":"     * @return number of tasks in the list","lastModifiedDate":"2024-08-30","isFullCredit":false},{"lineNumber":70,"author":{"gitId":"AjayShanker-geek"},"content":"     */","lastModifiedDate":"2024-08-30","isFullCredit":false},{"lineNumber":71,"author":{"gitId":"AjayShanker-geek"},"content":"    public static int getNumberOfTasks() {","lastModifiedDate":"2024-08-30","isFullCredit":false},{"lineNumber":72,"author":{"gitId":"AjayShanker-geek"},"content":"        return numberOfTasks;","lastModifiedDate":"2024-08-30","isFullCredit":false},{"lineNumber":73,"author":{"gitId":"AjayShanker-geek"},"content":"    }","lastModifiedDate":"2024-08-30","isFullCredit":false},{"lineNumber":74,"author":{"gitId":"AjayShanker-geek"},"content":"","lastModifiedDate":"2024-08-30","isFullCredit":false},{"lineNumber":75,"author":{"gitId":"AjayShanker-geek"},"content":"    /**","lastModifiedDate":"2024-08-30","isFullCredit":false},{"lineNumber":76,"author":{"gitId":"AjayShanker-geek"},"content":"     * Prints the task to the console.","lastModifiedDate":"2024-08-30","isFullCredit":false},{"lineNumber":77,"author":{"gitId":"AjayShanker-geek"},"content":"     */","lastModifiedDate":"2024-08-30","isFullCredit":false},{"lineNumber":78,"author":{"gitId":"AjayShanker-geek"},"content":"    public void printTask() {","lastModifiedDate":"2024-08-30","isFullCredit":false},{"lineNumber":79,"author":{"gitId":"AjayShanker-geek"},"content":"        System.out.println(\"[\" + this.getStatusIcon() + \"] \" + this.description);","lastModifiedDate":"2024-08-30","isFullCredit":false},{"lineNumber":80,"author":{"gitId":"AjayShanker-geek"},"content":"    }","lastModifiedDate":"2024-08-30","isFullCredit":false},{"lineNumber":81,"author":{"gitId":"AjayShanker-geek"},"content":"}","lastModifiedDate":"2024-08-30","isFullCredit":false}],"authorContributionMap":{"AjayShanker-geek":81}}]
