{"authorDailyContributionsMap":{"AjayShanker-geek":[{"date":"2024-08-22","commitResults":[{"hash":"4dfe0fb6b36d6d5d3b4c267c0163d1791dcf04ab","isMergeCommit":false,"messageTitle":"Rename Chatbot from Duke to Jarvis","messageBody":"","fileTypesAndContributionMap":{"java":{"insertions":13,"deletions":10}}},{"hash":"24dd1c834a1b8b3fdb67dba59351ee08df07b51b","isMergeCommit":false,"messageTitle":"Add method to print breakline and exit","messageBody":"","fileTypesAndContributionMap":{"java":{"insertions":10,"deletions":0}}},{"hash":"07de1ac22482791088b0ffcd461778ed11236941","isMergeCommit":false,"messageTitle":":tada: Level-0","messageBody":"- Completed Level-0 Assignment\n- Rename README info\n","fileTypesAndContributionMap":{"java":{"insertions":14,"deletions":1},"md":{"insertions":8,"deletions":7}}},{"hash":"84ac32400f99939163f4389167b704dd8a55e1d0","isMergeCommit":false,"messageTitle":":memo: Level-0","messageBody":"- Add comments to methods\n- Improve access modifiers and methods\n","fileTypesAndContributionMap":{"java":{"insertions":19,"deletions":7}}},{"hash":"8e1d4962a7e96e88ece65e816b22c56e3eabfac5","isMergeCommit":false,"messageTitle":":art: Level-0","messageBody":"- Improve logo\n","tags":["Level-0"],"fileTypesAndContributionMap":{"java":{"insertions":26,"deletions":3}}}]},{"date":"2024-08-30","commitResults":[{"hash":"833c4405f4010154e4838343a506687cbb84695c","isMergeCommit":false,"messageTitle":"Reformat code","messageBody":"","fileTypesAndContributionMap":{"java":{"insertions":1,"deletions":2}}},{"hash":"0209dec4d82d6253601e3a57b94d8dbda44ad520","isMergeCommit":false,"messageTitle":"Add Scanner","messageBody":"- Level 1: Echo Task\n","fileTypesAndContributionMap":{"java":{"insertions":6,"deletions":0}}},{"hash":"bd7745e662ad602ee6c07bb4b3b0bcdbb2069828","isMergeCommit":false,"messageTitle":"Add method to echo user input","messageBody":"- Cleanup messages\n- Add Scanner to read user input\n","tags":["Level-1"],"fileTypesAndContributionMap":{"java":{"insertions":39,"deletions":4}}},{"hash":"e9fe9bd5b80fdad4027f08553fdab486994d1acf","isMergeCommit":false,"messageTitle":"Revert from using indention","messageBody":"- Add print promt as arrow\n","fileTypesAndContributionMap":{"java":{"insertions":20,"deletions":4}}},{"hash":"9acfbc980e9c609500b89ca8fbdad2669fca14b9","isMergeCommit":false,"messageTitle":"Support adding and showing list","messageBody":"- Task: Level-2 Add,List\n","tags":["Level-2"],"fileTypesAndContributionMap":{"java":{"insertions":34,"deletions":6}}},{"hash":"ab1fe401a312262416cb1f4284a6bcfeb168e28a","isMergeCommit":false,"messageTitle":":sparkles: Add Task Class","messageBody":"- simple task that has description and done flag\n","fileTypesAndContributionMap":{"java":{"insertions":42,"deletions":0}}},{"hash":"0fa95146cf83c8d80db32d81e6ab86cc1ee3666e","isMergeCommit":false,"messageTitle":"Rename items to tasks and cleanup","messageBody":"- Remove names from previous tasks\n","fileTypesAndContributionMap":{"java":{"insertions":18,"deletions":19}}},{"hash":"c9e9cb711a0fe448afc9541828270b7583db505f","isMergeCommit":false,"messageTitle":"Add more methods to Task","messageBody":"","fileTypesAndContributionMap":{"java":{"insertions":6,"deletions":0}}},{"hash":"cd600a1d12c913f0bf71fe72b15c9cc78e636143","isMergeCommit":false,"messageTitle":"Switch to switch to support more commands","messageBody":"- Task Level-3: Add support to mark \u0026 unmark\n","fileTypesAndContributionMap":{"java":{"insertions":46,"deletions":11}}},{"hash":"55ed565aaba885106c56424bd8ce45714444f3c4","isMergeCommit":false,"messageTitle":":bulb: Add comments and cleanup","messageBody":"","fileTypesAndContributionMap":{"java":{"insertions":69,"deletions":33}}},{"hash":"6cc1c395f024fbcdafaf1c872306afddbe190d7d","isMergeCommit":false,"messageTitle":"Cleanup variable inconsistancy","messageBody":"","tags":["Level-3"],"fileTypesAndContributionMap":{"java":{"insertions":9,"deletions":9}}},{"hash":"61a974efe63120860cd2f18f19240e4c71e1c78a","isMergeCommit":false,"messageTitle":"Formate Code","messageBody":"","tags":["A-CodingStandard"],"fileTypesAndContributionMap":{"java":{"insertions":68,"deletions":68}}}]},{"date":"2024-09-06","commitResults":[{"hash":"20c08763a7ec3afe5c63a2ffd4e1279e3c57201c","isMergeCommit":false,"messageTitle":"Update Task - Level 4 requirement","messageBody":"","fileTypesAndContributionMap":{"java":{"insertions":44,"deletions":6}}},{"hash":"ef26b1dc6c1edca44976a7d82c22a5ada049ba46","isMergeCommit":false,"messageTitle":"Add Todo Class","messageBody":"","fileTypesAndContributionMap":{"java":{"insertions":16,"deletions":0}}},{"hash":"92e35d814172baedc292445f31918201257e8f6a","isMergeCommit":false,"messageTitle":"Add Dealine Class","messageBody":"","fileTypesAndContributionMap":{"java":{"insertions":63,"deletions":0}}},{"hash":"c1df0a45f0ef84139335d0440fb275318177a462","isMergeCommit":false,"messageTitle":"Add Event","messageBody":"","fileTypesAndContributionMap":{"java":{"insertions":92,"deletions":0}}},{"hash":"51852f1f95dcd7fde7e91542e3813f3678ff3f7e","isMergeCommit":false,"messageTitle":"Update Javis - Move non-related methods - Clean up switch case","messageBody":"","fileTypesAndContributionMap":{"java":{"insertions":41,"deletions":49}}},{"hash":"96dc8446295af5d62fdb0ae9c23d427dad5b5070","isMergeCommit":false,"messageTitle":"Improve readability - Remove commented code","messageBody":"","tags":["Level-4"],"fileTypesAndContributionMap":{"java":{"insertions":0,"deletions":30}}},{"hash":"a26b212df2e5f8d56d28e57fe08114c27ed95dc2","isMergeCommit":false,"messageTitle":"Update `runtest.sh` with correct chatbot name","messageBody":"","fileTypesAndContributionMap":{"sh":{"insertions":2,"deletions":2}}},{"hash":"6b610c3fbea991225844533542b19ee2df0dba6a","isMergeCommit":false,"messageTitle":"Add Input Test Cases","messageBody":"","fileTypesAndContributionMap":{"txt":{"insertions":6,"deletions":0}}}]},{"date":"2024-09-08","commitResults":[{"hash":"2d1dfa9ea97c9418bf52fa36d4d27dd535f3bd28","isMergeCommit":false,"messageTitle":"Add comments and improve code quality","messageBody":"","tags":["A-CodeQuality"],"fileTypesAndContributionMap":{"java":{"insertions":160,"deletions":24}}}]},{"date":"2024-09-11","commitResults":[{"hash":"3e6aeaf03e5984230968eff4fbceecfa005e8eb2","isMergeCommit":false,"messageTitle":"Create JarvisException","messageBody":"","fileTypesAndContributionMap":{"java":{"insertions":3,"deletions":0}}},{"hash":"243666033e95ed5dbc759c70c940c7d15b4f6c5c","isMergeCommit":false,"messageTitle":"Add class to handle errors","messageBody":"","fileTypesAndContributionMap":{"java":{"insertions":18,"deletions":1}}},{"hash":"4d30f12f6cfd0df5268259ca82a45c190102344c","isMergeCommit":false,"messageTitle":"Add task catch expection - Check if description is empty","messageBody":"","fileTypesAndContributionMap":{"java":{"insertions":6,"deletions":1}}},{"hash":"cf51eb5f131786abaf672b805125ec8e4f0c49d6","isMergeCommit":false,"messageTitle":"Add Todo, Event and Deadline to catch expections - Check if description is empty - Check if Event and Deadline with invalid command","messageBody":"","fileTypesAndContributionMap":{"java":{"insertions":19,"deletions":14}}},{"hash":"bccee11dcd06a85ba1c69ca10be4c2cea93c12c2","isMergeCommit":false,"messageTitle":"Add Error class to handle error messages and code","messageBody":"","fileTypesAndContributionMap":{"java":{"insertions":33,"deletions":0}}},{"hash":"7a5b75091dea20aaac1af2e528f0bfa11c54043a","isMergeCommit":false,"messageTitle":"Catch exceptions","messageBody":"","fileTypesAndContributionMap":{"java":{"insertions":18,"deletions":8}}},{"hash":"dfdb78cefff444f7bf6e262f11fadf6516ba0ae2","isMergeCommit":true,"messageTitle":"Merge branch \u0027branch-Level-5\u0027","messageBody":"Allow the programme to catch exceptions\n","tags":["Level-5"],"fileTypesAndContributionMap":{}},{"hash":"a0483b2605c7a6c5add3496c58e886c7bb0235f9","isMergeCommit":false,"messageTitle":"Divide task classes","messageBody":"","fileTypesAndContributionMap":{"java":{"insertions":32,"deletions":6}}},{"hash":"9ad849fe456d0e3793134fa0a101a6316113a473","isMergeCommit":false,"messageTitle":"Divide expection classes","messageBody":"","fileTypesAndContributionMap":{"java":{"insertions":11,"deletions":0}}},{"hash":"13a9539c48641baf0d3ccca7c380c83cf9179cfa","isMergeCommit":false,"messageTitle":"Update runtest script","messageBody":"","fileTypesAndContributionMap":{"sh":{"insertions":1,"deletions":1}}},{"hash":"9e36e0aa0639a0002693040b4326e0c9680a1ff7","isMergeCommit":true,"messageTitle":"Merge branch \u0027branch-A-Packages\u0027","messageBody":"","tags":["A-Packages"],"fileTypesAndContributionMap":{}}]},{"date":"2024-09-12","commitResults":[{"hash":"71efd91e57bc95bfe0e8e7ad632d92ad3c54211e","isMergeCommit":false,"messageTitle":"Clean up catching exceptions","messageBody":"","tags":["A-Exceptions"],"fileTypesAndContributionMap":{"java":{"insertions":3,"deletions":3}}},{"hash":"f1077d7832bd54e77c7d0ad21c13098071f5da85","isMergeCommit":true,"messageTitle":"Merge branch \u0027A-Exceptions\u0027","messageBody":"","fileTypesAndContributionMap":{}}]},{"date":"2024-09-13","commitResults":[{"hash":"0954bf63f437e0830b5800d7a913c7d63954e18a","isMergeCommit":false,"messageTitle":"Update Readme","messageBody":"","fileTypesAndContributionMap":{"java":{"insertions":33,"deletions":35},"md":{"insertions":2,"deletions":2}}}]},{"date":"2024-09-18","commitResults":[{"hash":"0733df530f930afb6191cbad65d64e965cf74d8c","isMergeCommit":false,"messageTitle":"Add support task as ArrayList - created function overload","messageBody":"","fileTypesAndContributionMap":{"java":{"insertions":60,"deletions":34}}},{"hash":"693f80536c8843f54bc2ee37b7b79980de6ef39e","isMergeCommit":false,"messageTitle":"Add support task as ArrayList - created function overload","messageBody":"","fileTypesAndContributionMap":{"java":{"insertions":60,"deletions":34}}},{"hash":"2451c3bac7fda9616b6dedd4a26a080bf3030da1","isMergeCommit":false,"messageTitle":"Add support to delete task - Level 6. Delete","messageBody":"","fileTypesAndContributionMap":{"java":{"insertions":31,"deletions":3}}},{"hash":"98badc3fabc3c7dad4784f73529cf54a23f06299","isMergeCommit":false,"messageTitle":"Add saving and loading of tasks","messageBody":"","fileTypesAndContributionMap":{"java":{"insertions":78,"deletions":0}}},{"hash":"69e9c52fb5a2d32d0c159143525ebb50aecb13c6","isMergeCommit":false,"messageTitle":"Add catch exceptions index out of bound","messageBody":"","fileTypesAndContributionMap":{"java":{"insertions":8,"deletions":1}}},{"hash":"586c155f270a776b85c6351fb02a497ae73bade6","isMergeCommit":false,"messageTitle":"Add Class to save and load","messageBody":"","fileTypesAndContributionMap":{"txt":{"insertions":4,"deletions":0},"java":{"insertions":93,"deletions":7}}},{"hash":"24a5d7a505b60254a6875c4e29fd40465b54e19e","isMergeCommit":true,"messageTitle":"Merge branch \u0027branch-Level-6\u0027","messageBody":"- Merge deletion of task\n","tags":["Level-6","A-Collections"],"fileTypesAndContributionMap":{}},{"hash":"6ed8b7ecec7ea976023908ebacc26d0054c81719","isMergeCommit":true,"messageTitle":"Merge branch \u0027branch-Level-7\u0027","messageBody":"","tags":["Level-7"],"fileTypesAndContributionMap":{}},{"hash":"9ade014584da34fe684f453f4ee61dc2dd2a6c67","isMergeCommit":false,"messageTitle":"Add checks if the data file exists","messageBody":"","fileTypesAndContributionMap":{"java":{"insertions":10,"deletions":0}}},{"hash":"42468e83bc8fb9bb4dd8bc15c8d1fc860748925d","isMergeCommit":false,"messageTitle":"Improve test cases","messageBody":"","fileTypesAndContributionMap":{"txt":{"insertions":4,"deletions":4},"sh":{"insertions":1,"deletions":1}}}]},{"date":"2024-09-19","commitResults":[{"hash":"4a5e43a59813801e4efc2ed754045dd0c34d3813","isMergeCommit":false,"messageTitle":"Abstaract prompt relate as Prompt Class","messageBody":"","fileTypesAndContributionMap":{"java":{"insertions":155,"deletions":0}}},{"hash":"ee892debf223927e7fbda8e00b4103d1dad91db7","isMergeCommit":false,"messageTitle":"Remove wild card import","messageBody":"","fileTypesAndContributionMap":{"java":{"insertions":8,"deletions":2}}},{"hash":"879414c3fd7cfe4fb867e96e1c0c61faac18b803","isMergeCommit":false,"messageTitle":"Clean up main after abstraction Prompt class","messageBody":"","fileTypesAndContributionMap":{"java":{"insertions":24,"deletions":137}}},{"hash":"ad8c4a2667714bda95a166768672a23ca095e71c","isMergeCommit":false,"messageTitle":"Convert and move exit command to prompt","messageBody":"","fileTypesAndContributionMap":{"java":{"insertions":5,"deletions":2}}}]},{"date":"2024-09-24","commitResults":[{"hash":"3f4dc8c1593b310cd3954177cb7e8a891b0cf87f","isMergeCommit":false,"messageTitle":"Improve runtest.sh script","messageBody":"- script ignore whitespace\n","fileTypesAndContributionMap":{"txt":{"insertions":2,"deletions":0},"sh":{"insertions":14,"deletions":3}}},{"hash":"db87a4cb354df025711a777ed80074e328bdd24f","isMergeCommit":false,"messageTitle":"Clean Task Class and Add TaskList","messageBody":"","fileTypesAndContributionMap":{"java":{"insertions":112,"deletions":68}}},{"hash":"f7fbb98b97561b8cd659be1547680b81b6dc3656","isMergeCommit":false,"messageTitle":"Add Parser and Constants","messageBody":"","fileTypesAndContributionMap":{"java":{"insertions":126,"deletions":0}}},{"hash":"637f85e1cdcb9ccd6aa697adb80ac4201f75f683","isMergeCommit":false,"messageTitle":"Rename Prompt to Ui","messageBody":"","fileTypesAndContributionMap":{"java":{"insertions":0,"deletions":158}}},{"hash":"1ab279bf23f699edb79bf8e633e90bc908eec746","isMergeCommit":false,"messageTitle":"Cleanup Main","messageBody":"","fileTypesAndContributionMap":{"java":{"insertions":146,"deletions":98}}}]},{"date":"2024-10-05","commitResults":[{"hash":"483f4cb7dbe264315a2f854314a3c651f976d44a","isMergeCommit":false,"messageTitle":"Restructure code to make the code more OOP","messageBody":"","fileTypesAndContributionMap":{"java":{"insertions":466,"deletions":368}}},{"hash":"08101249b4983695546bc0bafe064b96e20a0e00","isMergeCommit":false,"messageTitle":"Move exception into data folder","messageBody":"","fileTypesAndContributionMap":{"java":{"insertions":6,"deletions":6}}},{"hash":"841d2f3c92aea8f66426117cd674307ae9258d58","isMergeCommit":false,"messageTitle":"Add TaskList and move into data folder","messageBody":"","fileTypesAndContributionMap":{"java":{"insertions":154,"deletions":120}}},{"hash":"36a8f23c6912f299c54a00b1cdc84c49eec06096","isMergeCommit":false,"messageTitle":"Split each command into OOP","messageBody":"","fileTypesAndContributionMap":{"java":{"insertions":244,"deletions":0}}},{"hash":"5eb7fc70e494246d2640dcf7ad23c4318ac5cebc","isMergeCommit":false,"messageTitle":"Cleanup exceptions catches","messageBody":"","fileTypesAndContributionMap":{"java":{"insertions":73,"deletions":130}}},{"hash":"843aa5e3d963d5917a142c62be8cb28c5fc81ef8","isMergeCommit":false,"messageTitle":"Remove variable to keep track of number of task","messageBody":"","fileTypesAndContributionMap":{"java":{"insertions":48,"deletions":44}}},{"hash":"179d7cc210e8e6538977b501ce896525553bd247","isMergeCommit":false,"messageTitle":"Update text-ui-test","messageBody":"","fileTypesAndContributionMap":{"txt":{"insertions":1,"deletions":2}}},{"hash":"369fed1c0b6a27ba50fb6090d7d1b1fdfae5c68a","isMergeCommit":true,"messageTitle":"Merge pull request #1 from AjayShanker-geek/moreOOP","messageBody":"More OOP\r\n\r\n- Refactor the code to extract out closely related code as classes.","fileTypesAndContributionMap":{}},{"hash":"6d16d9981779c4ab74e9fd8018dbd68073490eb1","isMergeCommit":false,"messageTitle":"Formate and delete unused codes","messageBody":"","tags":["A-MoreOOP"],"fileTypesAndContributionMap":{"java":{"insertions":42,"deletions":61}}}]},{"date":"2024-10-10","commitResults":[{"hash":"c113d2036985756788c6e1a609a3058583a6662d","isMergeCommit":false,"messageTitle":"Add find command using stream","messageBody":"- Update print list using stream\n","tags":["Level-9","Level-8"],"fileTypesAndContributionMap":{"txt":{"insertions":11,"deletions":0},"java":{"insertions":73,"deletions":3}}},{"hash":"b20686083580f33ff8cfaf6870aab0a2dbf4559f","isMergeCommit":true,"messageTitle":"Merge branch \u0027branch-Level-9\u0027","messageBody":"","fileTypesAndContributionMap":{}}]}]},"authorFileTypeContributionMap":{"AjayShanker-geek":{"java":1402,"md":9,"fxml":0,"sh":16,"bat":0,"gradle":0,"txt":22}},"authorContributionVariance":{"AjayShanker-geek":71691.82},"authorDisplayNameMap":{"AjayShanker-geek":"CS2113-T11-1 AJAY..NKER"}}
