{"authorDailyContributionsMap":{"AjayShanker-geek":[{"date":"2024-08-22","commitResults":[{"hash":"4dfe0fb6b36d6d5d3b4c267c0163d1791dcf04ab","isMergeCommit":false,"messageTitle":"Rename Chatbot from Duke to Jarvis","messageBody":"","fileTypesAndContributionMap":{"java":{"insertions":13,"deletions":10}}},{"hash":"24dd1c834a1b8b3fdb67dba59351ee08df07b51b","isMergeCommit":false,"messageTitle":"Add method to print breakline and exit","messageBody":"","fileTypesAndContributionMap":{"java":{"insertions":10,"deletions":0}}},{"hash":"07de1ac22482791088b0ffcd461778ed11236941","isMergeCommit":false,"messageTitle":":tada: Level-0","messageBody":"- Completed Level-0 Assignment\n- Rename README info\n","fileTypesAndContributionMap":{"java":{"insertions":14,"deletions":1},"md":{"insertions":8,"deletions":7}}},{"hash":"84ac32400f99939163f4389167b704dd8a55e1d0","isMergeCommit":false,"messageTitle":":memo: Level-0","messageBody":"- Add comments to methods\n- Improve access modifiers and methods\n","fileTypesAndContributionMap":{"java":{"insertions":19,"deletions":7}}},{"hash":"8e1d4962a7e96e88ece65e816b22c56e3eabfac5","isMergeCommit":false,"messageTitle":":art: Level-0","messageBody":"- Improve logo\n","tags":["Level-0"],"fileTypesAndContributionMap":{"java":{"insertions":26,"deletions":3}}}]},{"date":"2024-08-30","commitResults":[{"hash":"833c4405f4010154e4838343a506687cbb84695c","isMergeCommit":false,"messageTitle":"Reformat code","messageBody":"","fileTypesAndContributionMap":{"java":{"insertions":1,"deletions":2}}},{"hash":"0209dec4d82d6253601e3a57b94d8dbda44ad520","isMergeCommit":false,"messageTitle":"Add Scanner","messageBody":"- Level 1: Echo Task\n","fileTypesAndContributionMap":{"java":{"insertions":6,"deletions":0}}},{"hash":"bd7745e662ad602ee6c07bb4b3b0bcdbb2069828","isMergeCommit":false,"messageTitle":"Add method to echo user input","messageBody":"- Cleanup messages\n- Add Scanner to read user input\n","tags":["Level-1"],"fileTypesAndContributionMap":{"java":{"insertions":39,"deletions":4}}},{"hash":"e9fe9bd5b80fdad4027f08553fdab486994d1acf","isMergeCommit":false,"messageTitle":"Revert from using indention","messageBody":"- Add print promt as arrow\n","fileTypesAndContributionMap":{"java":{"insertions":20,"deletions":4}}},{"hash":"9acfbc980e9c609500b89ca8fbdad2669fca14b9","isMergeCommit":false,"messageTitle":"Support adding and showing list","messageBody":"- Task: Level-2 Add,List\n","tags":["Level-2"],"fileTypesAndContributionMap":{"java":{"insertions":34,"deletions":6}}},{"hash":"ab1fe401a312262416cb1f4284a6bcfeb168e28a","isMergeCommit":false,"messageTitle":":sparkles: Add Task Class","messageBody":"- simple task that has description and done flag\n","fileTypesAndContributionMap":{"java":{"insertions":42,"deletions":0}}},{"hash":"0fa95146cf83c8d80db32d81e6ab86cc1ee3666e","isMergeCommit":false,"messageTitle":"Rename items to tasks and cleanup","messageBody":"- Remove names from previous tasks\n","fileTypesAndContributionMap":{"java":{"insertions":18,"deletions":19}}},{"hash":"c9e9cb711a0fe448afc9541828270b7583db505f","isMergeCommit":false,"messageTitle":"Add more methods to Task","messageBody":"","fileTypesAndContributionMap":{"java":{"insertions":6,"deletions":0}}},{"hash":"cd600a1d12c913f0bf71fe72b15c9cc78e636143","isMergeCommit":false,"messageTitle":"Switch to switch to support more commands","messageBody":"- Task Level-3: Add support to mark \u0026 unmark\n","fileTypesAndContributionMap":{"java":{"insertions":46,"deletions":11}}},{"hash":"55ed565aaba885106c56424bd8ce45714444f3c4","isMergeCommit":false,"messageTitle":":bulb: Add comments and cleanup","messageBody":"","fileTypesAndContributionMap":{"java":{"insertions":69,"deletions":33}}},{"hash":"6cc1c395f024fbcdafaf1c872306afddbe190d7d","isMergeCommit":false,"messageTitle":"Cleanup variable inconsistancy","messageBody":"","tags":["Level-3"],"fileTypesAndContributionMap":{"java":{"insertions":9,"deletions":9}}},{"hash":"61a974efe63120860cd2f18f19240e4c71e1c78a","isMergeCommit":false,"messageTitle":"Formate Code","messageBody":"","tags":["A-CodingStandard"],"fileTypesAndContributionMap":{"java":{"insertions":68,"deletions":68}}}]},{"date":"2024-09-06","commitResults":[{"hash":"20c08763a7ec3afe5c63a2ffd4e1279e3c57201c","isMergeCommit":false,"messageTitle":"Update Task - Level 4 requirement","messageBody":"","fileTypesAndContributionMap":{"java":{"insertions":44,"deletions":6}}},{"hash":"ef26b1dc6c1edca44976a7d82c22a5ada049ba46","isMergeCommit":false,"messageTitle":"Add Todo Class","messageBody":"","fileTypesAndContributionMap":{"java":{"insertions":16,"deletions":0}}},{"hash":"92e35d814172baedc292445f31918201257e8f6a","isMergeCommit":false,"messageTitle":"Add Dealine Class","messageBody":"","fileTypesAndContributionMap":{"java":{"insertions":63,"deletions":0}}},{"hash":"c1df0a45f0ef84139335d0440fb275318177a462","isMergeCommit":false,"messageTitle":"Add Event","messageBody":"","fileTypesAndContributionMap":{"java":{"insertions":92,"deletions":0}}},{"hash":"51852f1f95dcd7fde7e91542e3813f3678ff3f7e","isMergeCommit":false,"messageTitle":"Update Javis - Move non-related methods - Clean up switch case","messageBody":"","fileTypesAndContributionMap":{"java":{"insertions":41,"deletions":49}}},{"hash":"96dc8446295af5d62fdb0ae9c23d427dad5b5070","isMergeCommit":false,"messageTitle":"Improve readability - Remove commented code","messageBody":"","tags":["Level-4"],"fileTypesAndContributionMap":{"java":{"insertions":0,"deletions":30}}},{"hash":"a26b212df2e5f8d56d28e57fe08114c27ed95dc2","isMergeCommit":false,"messageTitle":"Update `runtest.sh` with correct chatbot name","messageBody":"","fileTypesAndContributionMap":{"sh":{"insertions":2,"deletions":2}}},{"hash":"6b610c3fbea991225844533542b19ee2df0dba6a","isMergeCommit":false,"messageTitle":"Add Input Test Cases","messageBody":"","fileTypesAndContributionMap":{"txt":{"insertions":6,"deletions":0}}}]},{"date":"2024-09-08","commitResults":[{"hash":"2d1dfa9ea97c9418bf52fa36d4d27dd535f3bd28","isMergeCommit":false,"messageTitle":"Add comments and improve code quality","messageBody":"","tags":["A-CodeQuality"],"fileTypesAndContributionMap":{"java":{"insertions":160,"deletions":24}}}]},{"date":"2024-09-11","commitResults":[{"hash":"3e6aeaf03e5984230968eff4fbceecfa005e8eb2","isMergeCommit":false,"messageTitle":"Create JarvisException","messageBody":"","fileTypesAndContributionMap":{"java":{"insertions":3,"deletions":0}}},{"hash":"243666033e95ed5dbc759c70c940c7d15b4f6c5c","isMergeCommit":false,"messageTitle":"Add class to handle errors","messageBody":"","fileTypesAndContributionMap":{"java":{"insertions":18,"deletions":1}}},{"hash":"4d30f12f6cfd0df5268259ca82a45c190102344c","isMergeCommit":false,"messageTitle":"Add task catch expection - Check if description is empty","messageBody":"","fileTypesAndContributionMap":{"java":{"insertions":6,"deletions":1}}},{"hash":"cf51eb5f131786abaf672b805125ec8e4f0c49d6","isMergeCommit":false,"messageTitle":"Add Todo, Event and Deadline to catch expections - Check if description is empty - Check if Event and Deadline with invalid command","messageBody":"","fileTypesAndContributionMap":{"java":{"insertions":19,"deletions":14}}},{"hash":"bccee11dcd06a85ba1c69ca10be4c2cea93c12c2","isMergeCommit":false,"messageTitle":"Add Error class to handle error messages and code","messageBody":"","fileTypesAndContributionMap":{"java":{"insertions":33,"deletions":0}}},{"hash":"7a5b75091dea20aaac1af2e528f0bfa11c54043a","isMergeCommit":false,"messageTitle":"Catch exceptions","messageBody":"","fileTypesAndContributionMap":{"java":{"insertions":18,"deletions":8}}},{"hash":"dfdb78cefff444f7bf6e262f11fadf6516ba0ae2","isMergeCommit":true,"messageTitle":"Merge branch \u0027branch-Level-5\u0027","messageBody":"Allow the programme to catch exceptions\n","tags":["Level-5"],"fileTypesAndContributionMap":{}},{"hash":"a0483b2605c7a6c5add3496c58e886c7bb0235f9","isMergeCommit":false,"messageTitle":"Divide task classes","messageBody":"","fileTypesAndContributionMap":{"java":{"insertions":32,"deletions":6}}},{"hash":"9ad849fe456d0e3793134fa0a101a6316113a473","isMergeCommit":false,"messageTitle":"Divide expection classes","messageBody":"","fileTypesAndContributionMap":{"java":{"insertions":11,"deletions":0}}},{"hash":"13a9539c48641baf0d3ccca7c380c83cf9179cfa","isMergeCommit":false,"messageTitle":"Update runtest script","messageBody":"","fileTypesAndContributionMap":{"sh":{"insertions":1,"deletions":1}}},{"hash":"9e36e0aa0639a0002693040b4326e0c9680a1ff7","isMergeCommit":true,"messageTitle":"Merge branch \u0027branch-A-Packages\u0027","messageBody":"","tags":["A-Packages"],"fileTypesAndContributionMap":{}}]},{"date":"2024-09-12","commitResults":[{"hash":"71efd91e57bc95bfe0e8e7ad632d92ad3c54211e","isMergeCommit":false,"messageTitle":"Clean up catching exceptions","messageBody":"","tags":["A-Exceptions"],"fileTypesAndContributionMap":{"java":{"insertions":3,"deletions":3}}},{"hash":"f1077d7832bd54e77c7d0ad21c13098071f5da85","isMergeCommit":true,"messageTitle":"Merge branch \u0027A-Exceptions\u0027","messageBody":"","fileTypesAndContributionMap":{}}]},{"date":"2024-09-13","commitResults":[{"hash":"0954bf63f437e0830b5800d7a913c7d63954e18a","isMergeCommit":false,"messageTitle":"Update Readme","messageBody":"","fileTypesAndContributionMap":{"java":{"insertions":33,"deletions":35},"md":{"insertions":2,"deletions":2}}}]}]},"authorFileTypeContributionMap":{"AjayShanker-geek":{"java":688,"md":9,"fxml":0,"sh":2,"bat":0,"gradle":0,"txt":6}},"authorContributionVariance":{"AjayShanker-geek":13818.739},"authorDisplayNameMap":{"AjayShanker-geek":"CS2113-T11-1 AJAY..NKER"}}
