{"authorDailyContributionsMap":{"coraleaf0602":[{"date":"2024-08-21","commitResults":[{"hash":"24f2b5dc782f4018bf5535b35cd80183a0a356f6","isMergeCommit":false,"messageTitle":"add Friday.java and greeting messages","messageBody":"","fileTypesAndContributionMap":{"java":{"insertions":20,"deletions":0}}}]},{"date":"2024-08-28","commitResults":[{"hash":"ba4c0281adfc9457e49a77ebf92c7d05b0c166e4","isMergeCommit":false,"messageTitle":"Rename bot to Blossom","messageBody":"","tags":["Level-0"],"fileTypesAndContributionMap":{"java":{"insertions":22,"deletions":0}}},{"hash":"dfa59c484b638c441f0de0e0b07d7f8baaff8b12","isMergeCommit":false,"messageTitle":"Improve Blossom to echo user commands and exit on \"bye\"","messageBody":"","tags":["Level-1"],"fileTypesAndContributionMap":{"java":{"insertions":19,"deletions":3}}},{"hash":"5215a2c4a658698a065096e221c6e37b60eefd6f","isMergeCommit":false,"messageTitle":"Fix issue of repeatedly printing out non \"bye\" messages","messageBody":"","fileTypesAndContributionMap":{"java":{"insertions":14,"deletions":11}}},{"hash":"a89eec2e00e80a35dcadfb58f5be55e95c787a8e","isMergeCommit":false,"messageTitle":"Implement ability to store user text and display on request","messageBody":"","tags":["Level-2"],"fileTypesAndContributionMap":{"java":{"insertions":52,"deletions":19}}},{"hash":"497ba060d7f80936d9aceea9d981ee3eb9f0aac3","isMergeCommit":false,"messageTitle":"Add ability to mark tasks as done or not done","messageBody":"","tags":["Level-3"],"fileTypesAndContributionMap":{"java":{"insertions":35,"deletions":19}}},{"hash":"7749352174f2dfe3cbc62cd9352149b29f0cd5cf","isMergeCommit":false,"messageTitle":"Add Task class to represent tasks","messageBody":"","fileTypesAndContributionMap":{"java":{"insertions":35,"deletions":0}}},{"hash":"832af6f735d914bce9b75f0b50c3fcc0b55873f1","isMergeCommit":false,"messageTitle":"Fix bug of unmarking/marking when same command entered twice","messageBody":"","fileTypesAndContributionMap":{"java":{"insertions":3,"deletions":3}}}]}]},"authorFileTypeContributionMap":{"coraleaf0602":{"java":145,"md":0,"fxml":0,"sh":0,"bat":0,"gradle":0,"txt":0}},"authorContributionVariance":{"coraleaf0602":3894.083},"authorDisplayNameMap":{"coraleaf0602":"ZHAN..CORA"}}
