{"authorDailyContributionsMap":{"RCPilot1604":[{"date":"2024-08-22","commitResults":[{"hash":"e8daccb354236bd3592b17b3119fe8b34dd3f550","isMergeCommit":false,"messageTitle":"Modified README and greeting page","messageBody":"","tags":["Level-0"],"fileTypesAndContributionMap":{"java":{"insertions":18,"deletions":10},"bat":{"insertions":1,"deletions":1},"sh":{"insertions":1,"deletions":1},"md":{"insertions":28,"deletions":24}}}]},{"date":"2024-08-23","commitResults":[{"hash":"051e224babbdd9d6635c552fd765e37d5fdfa43e","isMergeCommit":false,"messageTitle":"Modify README and greeting page","messageBody":"","fileTypesAndContributionMap":{"java":{"insertions":18,"deletions":10},"bat":{"insertions":1,"deletions":1},"sh":{"insertions":1,"deletions":1},"md":{"insertions":28,"deletions":24}}}]},{"date":"2024-08-25","commitResults":[{"hash":"adb40cbc7f8bf4d8fee3036f817db56fa337ec67","isMergeCommit":false,"messageTitle":"Add level-1 modifications","messageBody":"","fileTypesAndContributionMap":{"java":{"insertions":13,"deletions":1}}},{"hash":"94d5bbe2837e193509aa1088359048e846847f9b","isMergeCommit":false,"messageTitle":"Add level-2 modifications","messageBody":"Modified Erika bot to do the following:\n* Accept text from terminal\n* Add text as list items to list\n* Print list\n","tags":["Level-3","Level-2"],"fileTypesAndContributionMap":{"java":{"insertions":17,"deletions":3}}},{"hash":"706942e99196480ceec73788147a037df72f73c6","isMergeCommit":false,"messageTitle":"Add level-3 modifications","messageBody":"Modified Erika bot to do the following:\n* Mark/Unmark list elements\n\nAdded Task.java for OOP implementation\n","fileTypesAndContributionMap":{"java":{"insertions":82,"deletions":10}}},{"hash":"f3e29297e902f30666b2b7b9e57e5d93724e8487","isMergeCommit":false,"messageTitle":"Remove stray character","messageBody":"","tags":["A-CodingStandard"],"fileTypesAndContributionMap":{"java":{"insertions":1,"deletions":1}}}]},{"date":"2024-08-30","commitResults":[{"hash":"313eb78b35797239ab8c3303459c06d4b5ccad95","isMergeCommit":false,"messageTitle":"Modify code to comply with coding standards","messageBody":"","tags":["A-Classes"],"fileTypesAndContributionMap":{"java":{"insertions":2,"deletions":6}}}]},{"date":"2024-08-31","commitResults":[{"hash":"d210a68d8ef5d7ab38d8de7464ce4e359eb7d7f2","isMergeCommit":false,"messageTitle":"Implement ToDos, Events and Deadlines using inheritance","messageBody":"","tags":["Level-4","A-Inheritance"],"fileTypesAndContributionMap":{"java":{"insertions":207,"deletions":68}}}]},{"date":"2024-09-03","commitResults":[{"hash":"681594da837ef9f06faed7a7522b3d2a0ac6ee18","isMergeCommit":false,"messageTitle":"Add automated UI testing using I/O redirection","messageBody":"","tags":["A-TextUiTesting"],"fileTypesAndContributionMap":{"txt":{"insertions":12,"deletions":0}}},{"hash":"f95910c195027f8236cc3583e78b97bc0774ece1","isMergeCommit":false,"messageTitle":"Refactor code to adopt SLAP best practices","messageBody":"","tags":["A-CodeQuality"],"fileTypesAndContributionMap":{"java":{"insertions":57,"deletions":61}}},{"hash":"2623d3f7d42c1d977654426dd150948da42adabb","isMergeCommit":false,"messageTitle":"Fix bugs in handleMark method","messageBody":"Previously the handleMark method used regex matching to remove\nnon-digits.\n\nThis allowed index 0 to be selected as a valid index although the\nindexing of the array starts at 1.\n\nThe method was modified to ensure that digits passed were greater\nthan 0.\n","fileTypesAndContributionMap":{"java":{"insertions":2,"deletions":2}}}]},{"date":"2024-09-05","commitResults":[{"hash":"ec8fdd68107192f7d6d8dd0196f1ea45bddf1f2b","isMergeCommit":false,"messageTitle":"Modify Erika.java with PR suggestions","messageBody":"","fileTypesAndContributionMap":{"java":{"insertions":16,"deletions":14}}}]},{"date":"2024-09-07","commitResults":[{"hash":"a92ecd612d300d686c109c5ee7252b7867cee781","isMergeCommit":false,"messageTitle":"Add exception handling","messageBody":"","fileTypesAndContributionMap":{"java":{"insertions":252,"deletions":200}}},{"hash":"d46dd5e8ce481e7cb5e93ac369fd0762b03211c1","isMergeCommit":false,"messageTitle":"Modify testing files","messageBody":"","tags":["A-Exceptions"],"fileTypesAndContributionMap":{"bat":{"insertions":1,"deletions":1}}}]},{"date":"2024-09-10","commitResults":[{"hash":"985ded175a64f57a122a4d8e74933f6d8d733b6a","isMergeCommit":false,"messageTitle":"Add packages and refactor code","messageBody":"","tags":["A-Packages"],"fileTypesAndContributionMap":{"java":{"insertions":35,"deletions":31}}},{"hash":"4bb0b4d155db3014b1a156055c115d0556416621","isMergeCommit":true,"messageTitle":"Merge branch \u0027branch-Level-5\u0027","messageBody":"","tags":["Level-5"],"fileTypesAndContributionMap":{}},{"hash":"0236cab810b3229113b79be06cd24f9d46e18d12","isMergeCommit":false,"messageTitle":"Add more exception cases for empty description","messageBody":"","fileTypesAndContributionMap":{"java":{"insertions":29,"deletions":16}}}]},{"date":"2024-09-12","commitResults":[{"hash":"3f70446fb94708a242ab604619aaed7923150cb9","isMergeCommit":false,"messageTitle":"Add new packages","messageBody":"","fileTypesAndContributionMap":{"java":{"insertions":42,"deletions":12}}},{"hash":"7c0e320a7fdb125ebac722636937e426c12a6c30","isMergeCommit":false,"messageTitle":"Replace magic numbers with Settings methods","messageBody":"","fileTypesAndContributionMap":{"java":{"insertions":3,"deletions":3}}},{"hash":"ca88bc8853ea39cc6d702ef0e1f65182d01ba211","isMergeCommit":true,"messageTitle":"Merge branch \u0027branch-A-Packages\u0027","messageBody":"","fileTypesAndContributionMap":{}}]}]},"authorFileTypeContributionMap":{"RCPilot1604":{"java":348,"md":22,"fxml":0,"sh":1,"bat":2,"gradle":0,"txt":12}},"authorContributionVariance":{"RCPilot1604":10008.624},"authorDisplayNameMap":{"RCPilot1604":"CS2113-W13-4 ETHA.. XIA"}}
