{"authorDailyContributionsMap":{"RCPilot1604":[{"date":"2024-08-22","commitResults":[{"hash":"e8daccb354236bd3592b17b3119fe8b34dd3f550","isMergeCommit":false,"messageTitle":"Modified README and greeting page","messageBody":"","tags":["Level-0"],"fileTypesAndContributionMap":{"java":{"insertions":18,"deletions":10},"bat":{"insertions":1,"deletions":1},"sh":{"insertions":1,"deletions":1},"md":{"insertions":28,"deletions":24}}}]},{"date":"2024-08-23","commitResults":[{"hash":"051e224babbdd9d6635c552fd765e37d5fdfa43e","isMergeCommit":false,"messageTitle":"Modify README and greeting page","messageBody":"","fileTypesAndContributionMap":{"java":{"insertions":18,"deletions":10},"bat":{"insertions":1,"deletions":1},"sh":{"insertions":1,"deletions":1},"md":{"insertions":28,"deletions":24}}}]},{"date":"2024-08-25","commitResults":[{"hash":"adb40cbc7f8bf4d8fee3036f817db56fa337ec67","isMergeCommit":false,"messageTitle":"Add level-1 modifications","messageBody":"","fileTypesAndContributionMap":{"java":{"insertions":13,"deletions":1}}},{"hash":"94d5bbe2837e193509aa1088359048e846847f9b","isMergeCommit":false,"messageTitle":"Add level-2 modifications","messageBody":"Modified Erika bot to do the following:\n* Accept text from terminal\n* Add text as list items to list\n* Print list\n","tags":["Level-3","Level-2"],"fileTypesAndContributionMap":{"java":{"insertions":17,"deletions":3}}},{"hash":"706942e99196480ceec73788147a037df72f73c6","isMergeCommit":false,"messageTitle":"Add level-3 modifications","messageBody":"Modified Erika bot to do the following:\n* Mark/Unmark list elements\n\nAdded Task.java for OOP implementation\n","fileTypesAndContributionMap":{"java":{"insertions":82,"deletions":10}}},{"hash":"f3e29297e902f30666b2b7b9e57e5d93724e8487","isMergeCommit":false,"messageTitle":"Remove stray character","messageBody":"","tags":["A-CodingStandard"],"fileTypesAndContributionMap":{"java":{"insertions":1,"deletions":1}}}]},{"date":"2024-08-30","commitResults":[{"hash":"313eb78b35797239ab8c3303459c06d4b5ccad95","isMergeCommit":false,"messageTitle":"Modify code to comply with coding standards","messageBody":"","tags":["A-Classes"],"fileTypesAndContributionMap":{"java":{"insertions":2,"deletions":6}}}]},{"date":"2024-08-31","commitResults":[{"hash":"d210a68d8ef5d7ab38d8de7464ce4e359eb7d7f2","isMergeCommit":false,"messageTitle":"Implement ToDos, Events and Deadlines using inheritance","messageBody":"","tags":["Level-4","A-Inheritance"],"fileTypesAndContributionMap":{"java":{"insertions":207,"deletions":68}}}]},{"date":"2024-09-03","commitResults":[{"hash":"681594da837ef9f06faed7a7522b3d2a0ac6ee18","isMergeCommit":false,"messageTitle":"Add automated UI testing using I/O redirection","messageBody":"","tags":["A-TextUiTesting"],"fileTypesAndContributionMap":{"txt":{"insertions":12,"deletions":0}}},{"hash":"f95910c195027f8236cc3583e78b97bc0774ece1","isMergeCommit":false,"messageTitle":"Refactor code to adopt SLAP best practices","messageBody":"","tags":["A-CodeQuality"],"fileTypesAndContributionMap":{"java":{"insertions":57,"deletions":61}}},{"hash":"2623d3f7d42c1d977654426dd150948da42adabb","isMergeCommit":false,"messageTitle":"Fix bugs in handleMark method","messageBody":"Previously the handleMark method used regex matching to remove\nnon-digits.\n\nThis allowed index 0 to be selected as a valid index although the\nindexing of the array starts at 1.\n\nThe method was modified to ensure that digits passed were greater\nthan 0.\n","fileTypesAndContributionMap":{"java":{"insertions":2,"deletions":2}}}]},{"date":"2024-09-05","commitResults":[{"hash":"ec8fdd68107192f7d6d8dd0196f1ea45bddf1f2b","isMergeCommit":false,"messageTitle":"Modify Erika.java with PR suggestions","messageBody":"","fileTypesAndContributionMap":{"java":{"insertions":16,"deletions":14}}}]},{"date":"2024-09-07","commitResults":[{"hash":"a92ecd612d300d686c109c5ee7252b7867cee781","isMergeCommit":false,"messageTitle":"Add exception handling","messageBody":"","fileTypesAndContributionMap":{"java":{"insertions":252,"deletions":200}}},{"hash":"d46dd5e8ce481e7cb5e93ac369fd0762b03211c1","isMergeCommit":false,"messageTitle":"Modify testing files","messageBody":"","tags":["A-Exceptions"],"fileTypesAndContributionMap":{"bat":{"insertions":1,"deletions":1}}}]},{"date":"2024-09-10","commitResults":[{"hash":"985ded175a64f57a122a4d8e74933f6d8d733b6a","isMergeCommit":false,"messageTitle":"Add packages and refactor code","messageBody":"","tags":["A-Packages"],"fileTypesAndContributionMap":{"java":{"insertions":35,"deletions":31}}},{"hash":"4bb0b4d155db3014b1a156055c115d0556416621","isMergeCommit":true,"messageTitle":"Merge branch \u0027branch-Level-5\u0027","messageBody":"","tags":["Level-5"],"fileTypesAndContributionMap":{}},{"hash":"0236cab810b3229113b79be06cd24f9d46e18d12","isMergeCommit":false,"messageTitle":"Add more exception cases for empty description","messageBody":"","fileTypesAndContributionMap":{"java":{"insertions":29,"deletions":16}}}]},{"date":"2024-09-12","commitResults":[{"hash":"3f70446fb94708a242ab604619aaed7923150cb9","isMergeCommit":false,"messageTitle":"Add new packages","messageBody":"","fileTypesAndContributionMap":{"java":{"insertions":42,"deletions":12}}},{"hash":"7c0e320a7fdb125ebac722636937e426c12a6c30","isMergeCommit":false,"messageTitle":"Replace magic numbers with Settings methods","messageBody":"","fileTypesAndContributionMap":{"java":{"insertions":3,"deletions":3}}},{"hash":"ca88bc8853ea39cc6d702ef0e1f65182d01ba211","isMergeCommit":true,"messageTitle":"Merge branch \u0027branch-A-Packages\u0027","messageBody":"","fileTypesAndContributionMap":{}}]},{"date":"2024-09-14","commitResults":[{"hash":"1f75539a100539c3e46df236055f9258c900c3c3","isMergeCommit":false,"messageTitle":"Replace handleMark method with indexOperation method","messageBody":"","fileTypesAndContributionMap":{"java":{"insertions":10,"deletions":1}}},{"hash":"48258d0406d1448db811c2f7ab6180eb614e5edb","isMergeCommit":false,"messageTitle":"Add deleteEntry method to handle logic for deletion","messageBody":"","fileTypesAndContributionMap":{"java":{"insertions":12,"deletions":0}}},{"hash":"03c779f2c5388216f2e35f9b350031b043e0127a","isMergeCommit":false,"messageTitle":"Rename handleMark method to markEntry","messageBody":"","fileTypesAndContributionMap":{"java":{"insertions":2,"deletions":0}}},{"hash":"fb3f91bd827e95bfe9157bd5c385cb22515841c1","isMergeCommit":false,"messageTitle":"Add deleteEntry method","messageBody":"","fileTypesAndContributionMap":{"java":{"insertions":1,"deletions":0}}},{"hash":"a9d982766306ae544f6a686628ab0e41ebe22bb2","isMergeCommit":false,"messageTitle":"Remove handleMark method","messageBody":"","fileTypesAndContributionMap":{"java":{"insertions":0,"deletions":1}}},{"hash":"37f83512cf06f2cba7f069cfbaae53f1f7fe3562","isMergeCommit":false,"messageTitle":"Add printDeleteMessage method","messageBody":"","fileTypesAndContributionMap":{"java":{"insertions":4,"deletions":0}}},{"hash":"e60fcb3aa7910bc1e95a1eb3ca4bae4f995f21ee","isMergeCommit":false,"messageTitle":"Modify printing methods for marking/unmarking","messageBody":"","fileTypesAndContributionMap":{"java":{"insertions":2,"deletions":4}}},{"hash":"d5b087aabb78f75977a66bc45a0f54c70eb67e30","isMergeCommit":false,"messageTitle":"Add decrementTaskArraySize method to Task class","messageBody":"","fileTypesAndContributionMap":{"java":{"insertions":4,"deletions":0}}},{"hash":"6865cfba0c459667f61cd70ea5c3496d6fdc7a6b","isMergeCommit":false,"messageTitle":"Remove destructor of Task superclass","messageBody":"","fileTypesAndContributionMap":{"java":{"insertions":0,"deletions":5}}}]},{"date":"2024-09-15","commitResults":[{"hash":"c59428cdbaeff563c73af4b0b3776756623e9e86","isMergeCommit":false,"messageTitle":"Add FileFormatErrorException","messageBody":"","fileTypesAndContributionMap":{"java":{"insertions":7,"deletions":0}}},{"hash":"ae88a9e719b8b91c3556832442750c66655b3650","isMergeCommit":false,"messageTitle":"Modify Erika.java","messageBody":"","fileTypesAndContributionMap":{"java":{"insertions":54,"deletions":4}}},{"hash":"f2b2df230d8a99f2c541e0733725bffabc0b2df4","isMergeCommit":false,"messageTitle":"Modify Settings.java","messageBody":"","fileTypesAndContributionMap":{"java":{"insertions":4,"deletions":0}}},{"hash":"545023d5f81297448303bf41be7c1291084501f8","isMergeCommit":false,"messageTitle":"Modify Deadline.java","messageBody":"","fileTypesAndContributionMap":{"java":{"insertions":5,"deletions":0}}},{"hash":"0a53bf083ed4efc53c5e37693ed248a3fea61964","isMergeCommit":false,"messageTitle":"Modify Event.java","messageBody":"","fileTypesAndContributionMap":{"java":{"insertions":5,"deletions":0}}},{"hash":"ce0e86165ebac6805ece0f9a27076aea7ba3a1d9","isMergeCommit":false,"messageTitle":"Modify Task.java","messageBody":"","fileTypesAndContributionMap":{"java":{"insertions":4,"deletions":0}}},{"hash":"b3fdd55e44227ea9fae485b6c841c858273d7a33","isMergeCommit":false,"messageTitle":"Modify Todo.java","messageBody":"","fileTypesAndContributionMap":{"java":{"insertions":5,"deletions":0}}},{"hash":"90bf26ab4f0a93fbda4a0465264b7da1e6b4917f","isMergeCommit":false,"messageTitle":"Add FileSystem.java","messageBody":"","fileTypesAndContributionMap":{"java":{"insertions":118,"deletions":0}}},{"hash":"3385a84ca8b9a61096393c37fbe50e51b510d7bd","isMergeCommit":false,"messageTitle":"Revert \"Remove destructor of Task superclass\"","messageBody":"This reverts commit 6865cfba0c459667f61cd70ea5c3496d6fdc7a6b.\n","fileTypesAndContributionMap":{"java":{"insertions":5,"deletions":0}}},{"hash":"6299d1d623512db2f31bdeeec07c1cb4fb244ba8","isMergeCommit":false,"messageTitle":"Modify Erika.java","messageBody":"","fileTypesAndContributionMap":{"java":{"insertions":1,"deletions":1}}},{"hash":"6474f795b04f42c731fb4f7434ee06e2eebb9f87","isMergeCommit":true,"messageTitle":"Merge branch \u0027branch-Level-6\u0027","messageBody":"","tags":["Level-6","A-Collections"],"fileTypesAndContributionMap":{}},{"hash":"41a12d7e44d946dd6f48eefd7dbb8f43114db574","isMergeCommit":true,"messageTitle":"Merge branch \u0027branch-Level-7\u0027","messageBody":"","tags":["Level-7"],"fileTypesAndContributionMap":{}},{"hash":"223ecfe0fbffe3f98971bfc2e85b503e8128576a","isMergeCommit":false,"messageTitle":"Resolve merge conflicts","messageBody":"","fileTypesAndContributionMap":{"java":{"insertions":1,"deletions":6}}},{"hash":"be1c1e62313afd032ef64afa272f244593bce1dc","isMergeCommit":false,"messageTitle":"Move FileSystem class into package","messageBody":"","fileTypesAndContributionMap":{"java":{"insertions":119,"deletions":119}}}]},{"date":"2024-09-19","commitResults":[{"hash":"05fb9634cf8d6ec8ee8b3eb4cd3d872743200b05","isMergeCommit":false,"messageTitle":"Remove dirty bit implementation for immediate updates to FS","messageBody":"","fileTypesAndContributionMap":{"java":{"insertions":2,"deletions":15}}}]},{"date":"2024-09-20","commitResults":[{"hash":"6278ee4bbdaab38729a6fe21a93f9cff9fd0d0d6","isMergeCommit":false,"messageTitle":"Add current progress","messageBody":"","fileTypesAndContributionMap":{"java":{"insertions":499,"deletions":298}}}]},{"date":"2024-09-21","commitResults":[{"hash":"2972ea21a566682fbdcbb3a6fb77b89a56c58984","isMergeCommit":false,"messageTitle":"Add AddCommand classes","messageBody":"","fileTypesAndContributionMap":{"java":{"insertions":98,"deletions":45}}},{"hash":"5f5aba7f19fa6178ae39c978830aa5a0297649fd","isMergeCommit":false,"messageTitle":"Modify main loop to support OOP implementation","messageBody":"","fileTypesAndContributionMap":{"java":{"insertions":12,"deletions":3}}},{"hash":"ea6f4d80a2d8cfbbce6450ff4dcedc668b4a9c56","isMergeCommit":false,"messageTitle":"Add Command classes to handle command execution","messageBody":"","fileTypesAndContributionMap":{"java":{"insertions":52,"deletions":14}}},{"hash":"f16321961f2e776d843e85d045853dac63f8e410","isMergeCommit":false,"messageTitle":"Add Console class","messageBody":"","fileTypesAndContributionMap":{"java":{"insertions":9,"deletions":23}}},{"hash":"6b280ab204fa3de680d7cdf558859f0e7656b946","isMergeCommit":false,"messageTitle":"Add Exception classes","messageBody":"","fileTypesAndContributionMap":{"java":{"insertions":29,"deletions":9}}},{"hash":"170dccb9d38075aabae547c77048f9624996742d","isMergeCommit":false,"messageTitle":"Add FileSystem class","messageBody":"","fileTypesAndContributionMap":{"java":{"insertions":5,"deletions":10}}},{"hash":"0d58552f22fa73cdf05b97da96ed2d676e3c153b","isMergeCommit":false,"messageTitle":"Add Parser class","messageBody":"","fileTypesAndContributionMap":{"java":{"insertions":53,"deletions":110}}},{"hash":"bee177516773c795c553e7df3527287f127747fe","isMergeCommit":false,"messageTitle":"Modify Task class","messageBody":"Removed the static attribute taskArraySize (replaced in TaskList)\n","fileTypesAndContributionMap":{"java":{"insertions":0,"deletions":7}}},{"hash":"fd423552c4e13339ac152bf0fe7421a37e6e4ae9","isMergeCommit":false,"messageTitle":"Add TaskList class","messageBody":"","fileTypesAndContributionMap":{"java":{"insertions":45,"deletions":5}}},{"hash":"8590ddcf4e7b0f421e4c0711a3fb4490f35cd81f","isMergeCommit":false,"messageTitle":"Add Ui class","messageBody":"","fileTypesAndContributionMap":{"java":{"insertions":0,"deletions":2}}},{"hash":"65f48fed7588096fe66ceba6657880d129aa246f","isMergeCommit":false,"messageTitle":"Add OutOfBoundsException to replace default exception","messageBody":"This is for more consistent exception handling in the main code\n","fileTypesAndContributionMap":{"java":{"insertions":7,"deletions":0}}},{"hash":"e4cedf9d5f54236d8e55d5712cd4e2584b094d4f","isMergeCommit":false,"messageTitle":"Modify AddDeadlineCommand to support /by LocalDate(Time)","messageBody":"","fileTypesAndContributionMap":{"java":{"insertions":21,"deletions":4}}},{"hash":"dd9e8b0fa46e1eafbf4ecd338ae664d2a8479a37","isMergeCommit":false,"messageTitle":"Add DateTimeFormatter settings for input and output","messageBody":"","fileTypesAndContributionMap":{"java":{"insertions":8,"deletions":0}}},{"hash":"e9c4dab7569a58ff85727ed9d0532cb69c1c5ebe","isMergeCommit":false,"messageTitle":"Modify toString and generateFileLine methods to output dates","messageBody":"","tags":["A-MoreOOP"],"fileTypesAndContributionMap":{"java":{"insertions":72,"deletions":9}}},{"hash":"f8c9037c67a0c5db126b5a12483c5e14c3413a8a","isMergeCommit":false,"messageTitle":"Move command processing functions to their respective classes","messageBody":"","fileTypesAndContributionMap":{"java":{"insertions":53,"deletions":15}}},{"hash":"f953dd7f70251096022135636afa39a77b2b33dc","isMergeCommit":false,"messageTitle":"Remove command processing code from Parser","messageBody":"","fileTypesAndContributionMap":{"java":{"insertions":17,"deletions":5}}},{"hash":"7521b688483d579e3fbd57d00793c152f09a1b22","isMergeCommit":false,"messageTitle":"Remove command processing code from TaskList","messageBody":"","fileTypesAndContributionMap":{"java":{"insertions":7,"deletions":37}}},{"hash":"3fc7b16898ebbd242325b23c16fdd92d435971d7","isMergeCommit":false,"messageTitle":"Add FindCommand class","messageBody":"","fileTypesAndContributionMap":{"java":{"insertions":32,"deletions":0}}},{"hash":"9deb8a7e2b67a8bbb48492c9a144d563f7862526","isMergeCommit":false,"messageTitle":"Javadoc for Command superclass","messageBody":"","fileTypesAndContributionMap":{"java":{"insertions":20,"deletions":0}}}]},{"date":"2024-09-22","commitResults":[{"hash":"a373e62d5cfc7fbf310d502c287136bab877b1b7","isMergeCommit":false,"messageTitle":"Add JavaDoc comments to Command","messageBody":"","fileTypesAndContributionMap":{"java":{"insertions":1,"deletions":4}}},{"hash":"2324ac3093de08d48ff826e904e2eb7dc0f5bac0","isMergeCommit":false,"messageTitle":"Add JavaDoc comments to DeleteCommand","messageBody":"","fileTypesAndContributionMap":{"java":{"insertions":17,"deletions":1}}},{"hash":"6ccc42a877e3e1c24ac896e7b4e5b2a4c4523acb","isMergeCommit":false,"messageTitle":"Add JavaDoc comments to ExitCommand","messageBody":"","fileTypesAndContributionMap":{"java":{"insertions":9,"deletions":0}}},{"hash":"efaffd0ddda540e1dbe43ac19419a5116caa1c0a","isMergeCommit":false,"messageTitle":"Add JavaDoc comments to ListCommand","messageBody":"","fileTypesAndContributionMap":{"java":{"insertions":10,"deletions":2}}},{"hash":"d1719362566a45518f979881b7b43375ea5e310d","isMergeCommit":false,"messageTitle":"Add JavaDoc comments to MarkCommand","messageBody":"","fileTypesAndContributionMap":{"java":{"insertions":16,"deletions":1}}},{"hash":"86c8f47a232463d2cc04dfcbcccfc7d97dbe4b12","isMergeCommit":false,"messageTitle":"Add JavaDoc comments to UnmarkCommand","messageBody":"","fileTypesAndContributionMap":{"java":{"insertions":16,"deletions":3}}},{"hash":"a5f1ce68e5c7ec428e6a02e0168fba6e37266164","isMergeCommit":false,"messageTitle":"Add JavaDoc comments to AddCommand","messageBody":"","fileTypesAndContributionMap":{"java":{"insertions":17,"deletions":5}}},{"hash":"c91ffe5aa2423b9e94d83ffd84ef7f5e26a0b351","isMergeCommit":false,"messageTitle":"Add JavaDoc comments to AddDeadlineCommand","messageBody":"","fileTypesAndContributionMap":{"java":{"insertions":15,"deletions":3}}},{"hash":"12ebf873faf6dfa877fef3f44da0939f675cc80d","isMergeCommit":false,"messageTitle":"Add JavaDoc comments to AddEventCommand","messageBody":"","fileTypesAndContributionMap":{"java":{"insertions":13,"deletions":1}}},{"hash":"e6c76739d074e77eac584f67a94173614933f9e2","isMergeCommit":false,"messageTitle":"Add JavaDoc comments to AddTodoCommand","messageBody":"","fileTypesAndContributionMap":{"java":{"insertions":8,"deletions":1}}},{"hash":"072fe8bd23c85eabf636dff75ef8d5e14a446667","isMergeCommit":false,"messageTitle":"Add JavaDoc comments to Console","messageBody":"","fileTypesAndContributionMap":{"java":{"insertions":33,"deletions":8}}},{"hash":"272fc1bd949e36829c656f6ff93b832e49649c8d","isMergeCommit":false,"messageTitle":"Add JavaDoc comments to EmptyDescriptionException","messageBody":"","fileTypesAndContributionMap":{"java":{"insertions":6,"deletions":1}}},{"hash":"07fb4e206f54d66386ee87b4dd09bccadd4934e1","isMergeCommit":false,"messageTitle":"Add JavaDoc comments to EmptyListException","messageBody":"","fileTypesAndContributionMap":{"java":{"insertions":3,"deletions":2}}},{"hash":"27e14485fa41db628942840d5ca6d8959a12252d","isMergeCommit":false,"messageTitle":"Add JavaDoc comments to ErikaException","messageBody":"","fileTypesAndContributionMap":{"java":{"insertions":3,"deletions":1}}},{"hash":"85f4efb7c9cbcf8e1faf87bfed4243114af5f111","isMergeCommit":false,"messageTitle":"Add JavaDoc comments to FileFormatException","messageBody":"","fileTypesAndContributionMap":{"java":{"insertions":6,"deletions":2}}},{"hash":"44c24ec5b05e03b2b4049d53e43a35a82661b9cf","isMergeCommit":false,"messageTitle":"Add JavaDoc comments to FormatErrorException","messageBody":"","fileTypesAndContributionMap":{"java":{"insertions":6,"deletions":1}}},{"hash":"525e04ce48a09e7200cedc9371f831e8aa9576f0","isMergeCommit":false,"messageTitle":"Add JavaDoc comments to OutOfBoundsException","messageBody":"","fileTypesAndContributionMap":{"java":{"insertions":3,"deletions":1}}},{"hash":"847bac06d4942ee81055ac7c8b043f38971d0ded","isMergeCommit":false,"messageTitle":"Add JavaDoc comments to UnknownCommandException","messageBody":"","fileTypesAndContributionMap":{"java":{"insertions":3,"deletions":1}}},{"hash":"20e4f0adccb2e14e082c5158f54eb5f2f629c60b","isMergeCommit":false,"messageTitle":"Add JavaDoc comments to FileSystem","messageBody":"","fileTypesAndContributionMap":{"java":{"insertions":55,"deletions":19}}},{"hash":"fdc081bf7115518f38ba34d523eff3141c1bdd90","isMergeCommit":false,"messageTitle":"Add JavaDoc comments to Settings","messageBody":"","fileTypesAndContributionMap":{"java":{"insertions":3,"deletions":1}}},{"hash":"449eea5b1515bd70564be0db9db29ebcb430292d","isMergeCommit":false,"messageTitle":"Add JavaDoc comments to Deadline","messageBody":"","fileTypesAndContributionMap":{"java":{"insertions":14,"deletions":4}}},{"hash":"cfe34e49d9caf9ef67d2e2e22f6052322131a73c","isMergeCommit":false,"messageTitle":"Add JavaDoc comments to Event","messageBody":"","fileTypesAndContributionMap":{"java":{"insertions":15,"deletions":4}}},{"hash":"84cbffe825302300505ca507b50d1a79a60d8e5e","isMergeCommit":false,"messageTitle":"Add JavaDoc comments to Todo","messageBody":"","fileTypesAndContributionMap":{"java":{"insertions":13,"deletions":3}}},{"hash":"35ed1b7471ce909294d2fc16aa1a70fad7b9ff11","isMergeCommit":false,"messageTitle":"Add JavaDoc comments to TaskList","messageBody":"","fileTypesAndContributionMap":{"java":{"insertions":50,"deletions":10}}},{"hash":"70c3647cbe1cf832ea649e85b43e8111b6d2ec4f","isMergeCommit":true,"messageTitle":"Merge pull request #1 from RCPilot1604/branch-A-MoreOOP","messageBody":"Branch-A-MoreOOP","fileTypesAndContributionMap":{}},{"hash":"769b190e85689bf7da9963a7fe8751c27b3682e8","isMergeCommit":true,"messageTitle":"Merge pull request #2 from RCPilot1604/branch-Level-8","messageBody":"Branch-Level-8","tags":["Level-8"],"fileTypesAndContributionMap":{}},{"hash":"fcc491f2d61ee11e8bf0bd7cdd77f205246b561f","isMergeCommit":true,"messageTitle":"Merge branch \u0027master\u0027 into branch-Level-9","messageBody":"# Conflicts:\n#\tsrc/main/java/erika/command/addcommand/AddDeadlineCommand.java\n","fileTypesAndContributionMap":{}},{"hash":"f79599f8cce56a67ee4c300d01c3299b8b11eedf","isMergeCommit":true,"messageTitle":"Merge pull request #3 from RCPilot1604/branch-Level-9","messageBody":"Branch-Level-9","fileTypesAndContributionMap":{}},{"hash":"9eecd529cdde6ce9a2381f4dfdb2a0c856115f19","isMergeCommit":true,"messageTitle":"Merge branch \u0027master\u0027 into branch-A-JavaDoc","messageBody":"# Conflicts:\n#\tsrc/main/java/erika/command/DeleteCommand.java\n#\tsrc/main/java/erika/command/ListCommand.java\n#\tsrc/main/java/erika/command/MarkCommand.java\n#\tsrc/main/java/erika/command/UnmarkCommand.java\n#\tsrc/main/java/erika/command/addcommand/AddCommand.java\n#\tsrc/main/java/erika/command/addcommand/AddDeadlineCommand.java\n#\tsrc/main/java/erika/settings/Settings.java\n#\tsrc/main/java/erika/task/Deadline.java\n#\tsrc/main/java/erika/task/Event.java\n#\tsrc/main/java/erika/tasklist/TaskList.java\n","fileTypesAndContributionMap":{}},{"hash":"e0dc76b0fd6435bf266d9ce019ded40e8501bae6","isMergeCommit":true,"messageTitle":"Merge pull request #4 from RCPilot1604/branch-A-JavaDoc","messageBody":"Branch-A-JavaDoc","tags":["Level-9","A-JavaDoc"],"fileTypesAndContributionMap":{}},{"hash":"7458847cea19e679d577be94d9f28fa3ac355529","isMergeCommit":false,"messageTitle":"Modify Settings to enable more robust error-checking of commands","messageBody":"","fileTypesAndContributionMap":{"java":{"insertions":6,"deletions":10}}},{"hash":"07160ddd479ad258494d26a37eaf51a936c19898","isMergeCommit":false,"messageTitle":"Update UI redirection tests","messageBody":"","fileTypesAndContributionMap":{"txt":{"insertions":27,"deletions":5},"bat":{"insertions":1,"deletions":1}}},{"hash":"05ed142af0806dd6ffdca883f692d6df82093635","isMergeCommit":false,"messageTitle":"Fix bugs","messageBody":"","fileTypesAndContributionMap":{"java":{"insertions":3,"deletions":3}}},{"hash":"fbdfde0422cab738d4ea5475d8341cbfb4a41f86","isMergeCommit":false,"messageTitle":"Add user guide introduction","messageBody":"","fileTypesAndContributionMap":{"md":{"insertions":18,"deletions":7}}},{"hash":"08eb097af37a04c3344e42f23411678fee8c5a32","isMergeCommit":false,"messageTitle":"Add deadline section to UG","messageBody":"","fileTypesAndContributionMap":{"md":{"insertions":32,"deletions":4}}},{"hash":"f88f42010982cc5b281199da5140b621ebfff36e","isMergeCommit":false,"messageTitle":"Add event section to UG","messageBody":"","fileTypesAndContributionMap":{"md":{"insertions":23,"deletions":0}}},{"hash":"987f68c130d102d996d0f668e5b633bb7a21914e","isMergeCommit":false,"messageTitle":"Add delete section to UG","messageBody":"","fileTypesAndContributionMap":{"md":{"insertions":34,"deletions":0}}},{"hash":"125b9330db515a11ba2229ec2e2c0a6441c4952c","isMergeCommit":false,"messageTitle":"Add mark and unmark sections to UG","messageBody":"","fileTypesAndContributionMap":{"md":{"insertions":32,"deletions":5}}},{"hash":"89af4177c061dd57e247665ba3570b98b78c3e53","isMergeCommit":false,"messageTitle":"Add listing section to UG","messageBody":"","fileTypesAndContributionMap":{"md":{"insertions":57,"deletions":0}}},{"hash":"dda03a4bee6cf46489bbabf872cb5c4e5b21876b","isMergeCommit":false,"messageTitle":"Add saving section to UG","messageBody":"","fileTypesAndContributionMap":{"md":{"insertions":28,"deletions":1}}},{"hash":"b9d8d147587518fdd3cd393eab324db960b0967f","isMergeCommit":true,"messageTitle":"Merge branch \u0027branch-UG\u0027","messageBody":"","tags":["A-UserGuide"],"fileTypesAndContributionMap":{}},{"hash":"ec0a14c67f8b17f4afeab31ca37130bf5c89a2f9","isMergeCommit":false,"messageTitle":"Add support for delete all command","messageBody":"Previously accidentally removed by version-control\n","fileTypesAndContributionMap":{"java":{"insertions":5,"deletions":0}}},{"hash":"c5a42b87a90b0cd63f6e826594535fa6715f2c17","isMergeCommit":false,"messageTitle":"Modify Parser to fix bug in commands","messageBody":"Previously, the commands were matched with keywords sequentially.\nThis created an edge case when command lower on the hierarchy included\na keyword from a command higher on the hierarchy.\nFor instance, \"find todo\" would be interpreted as a todo command due\nto \"todo\" being matched first.\n\nTo fix this, the condition for matching \"COMMAND KEYWORD\" is modified\nto check that said keyword is at the first index of the line.\n","fileTypesAndContributionMap":{"java":{"insertions":25,"deletions":10}}},{"hash":"541d0fa721bec0df26d7540421623360ea1aef09","isMergeCommit":false,"messageTitle":"Modify TaskList to support delete all command","messageBody":"","fileTypesAndContributionMap":{"java":{"insertions":5,"deletions":0}}}]},{"date":"2024-10-06","commitResults":[{"hash":"5bf1c6d40785e108095128f30f63e6d1cc9e9720","isMergeCommit":false,"messageTitle":"Modify Javadoc comments to conform to coding standard","messageBody":"","fileTypesAndContributionMap":{"java":{"insertions":9,"deletions":8}}},{"hash":"ae2674754ea3ffd440613de4e42760e0ac851693","isMergeCommit":false,"messageTitle":"Modify Javadoc comments to comply with coding standards","messageBody":"","fileTypesAndContributionMap":{"java":{"insertions":19,"deletions":13}}},{"hash":"2590635f46a73ca930455e3106a24127f0742cf0","isMergeCommit":false,"messageTitle":"Update Javadoc comments","messageBody":"","fileTypesAndContributionMap":{"txt":{"insertions":1,"deletions":1},"java":{"insertions":100,"deletions":55}}},{"hash":"fe933769fd6760acc6fef1150077e523f08a5abb","isMergeCommit":false,"messageTitle":"Update .gitignore","messageBody":"","fileTypesAndContributionMap":{"txt":{"insertions":0,"deletions":0}}},{"hash":"6e2adbf1c4061bc85a697eba300974ac50f2772a","isMergeCommit":false,"messageTitle":"Add NoSuchElementException handling","messageBody":"","fileTypesAndContributionMap":{"java":{"insertions":4,"deletions":0}}},{"hash":"c24181f50fe03e3880e28b055b00c9260bf0f834","isMergeCommit":false,"messageTitle":"Modify Deadline class to standardize with Event class","messageBody":"","fileTypesAndContributionMap":{"java":{"insertions":1,"deletions":14}}},{"hash":"d27cd0fc453d748d396d0e96acf6c3a894d20eff","isMergeCommit":false,"messageTitle":"Modify Parser class to enable handling of missing spaces","messageBody":"","fileTypesAndContributionMap":{"java":{"insertions":11,"deletions":15}}},{"hash":"0fdd58f07c015e833fd9d41ba3c9735b9ece77b4","isMergeCommit":false,"messageTitle":"Modify Settings class to handle different dateTime formats","messageBody":"","fileTypesAndContributionMap":{"java":{"insertions":56,"deletions":5}}},{"hash":"8b10bb44a9f3c93dbe4754899f53df4429a1b105","isMergeCommit":false,"messageTitle":"Modify deadline to standardize with Event","messageBody":"","fileTypesAndContributionMap":{"java":{"insertions":12,"deletions":13}}},{"hash":"8941f94b500fe9555b4a866d6c1af77d4fbb5c49","isMergeCommit":false,"messageTitle":"Modify Event class to utilize Settings parser","messageBody":"","fileTypesAndContributionMap":{"java":{"insertions":5,"deletions":4}}},{"hash":"05de2bd62cfd1f6fd1daa00ab2da6cca8159b14c","isMergeCommit":false,"messageTitle":"Modify IO redirection tests","messageBody":"","fileTypesAndContributionMap":{"txt":{"insertions":6,"deletions":0},"java":{"insertions":2,"deletions":1},"bat":{"insertions":2,"deletions":2},"sh":{"insertions":1,"deletions":1}}}]},{"date":"2024-10-08","commitResults":[{"hash":"71dbe0d55e2dc198cca86c12728bc5b8f009d92e","isMergeCommit":false,"messageTitle":"Modify Erika to handle NumberFormatException","messageBody":"","fileTypesAndContributionMap":{"java":{"insertions":3,"deletions":0}}},{"hash":"90873cb8c6cdf7bb6c3800fe0430b695207cb24c","isMergeCommit":false,"messageTitle":"Modify logic to distinguish between exceptions","messageBody":"Distinguish between FormatErrorException and EmptyDescriptionException\n","fileTypesAndContributionMap":{"java":{"insertions":37,"deletions":25}}},{"hash":"c91a0f1dc6dc8f739e3ffb6c2aadf43e19e93a59","isMergeCommit":false,"messageTitle":"Add more date formats","messageBody":"","fileTypesAndContributionMap":{"java":{"insertions":23,"deletions":5}}},{"hash":"67a15f8f14a5465bbd346978e4c1fc8459953600","isMergeCommit":false,"messageTitle":"Update IO testing","messageBody":"","fileTypesAndContributionMap":{"txt":{"insertions":39,"deletions":33}}},{"hash":"55de7133cafa3c64c550558711d5481f969ca44a","isMergeCommit":true,"messageTitle":"Merge pull request #5 from RCPilot1604/branch-test","messageBody":"Merge branch-test into master","fileTypesAndContributionMap":{}},{"hash":"d827f33fb54e569c32930db756d2ce745031348f","isMergeCommit":true,"messageTitle":"Merge remote-tracking branch \u0027origin/master\u0027","messageBody":"","fileTypesAndContributionMap":{}},{"hash":"d2aecf757c4e4309c11e4dcb7be92a6e64f4a5d3","isMergeCommit":false,"messageTitle":"Prune accepted DateTime formats for clarity","messageBody":"","fileTypesAndContributionMap":{"java":{"insertions":0,"deletions":11}}},{"hash":"6f7a4cf0caa406c3b8c1526fd912f8b062a30572","isMergeCommit":false,"messageTitle":"Update README.md","messageBody":"","fileTypesAndContributionMap":{"md":{"insertions":42,"deletions":4}}},{"hash":"67ea11badd4d9f4a956cc07c29dfc44c78517479","isMergeCommit":false,"messageTitle":"Fix bugs in unmark command","messageBody":"","fileTypesAndContributionMap":{"java":{"insertions":2,"deletions":0}}},{"hash":"4ff662457fc2259546b1269f6b8b56510e009a45","isMergeCommit":false,"messageTitle":"Update frontend .README.md","messageBody":"","fileTypesAndContributionMap":{"md":{"insertions":85,"deletions":12}}},{"hash":"a366afee88b5f4360c4774683671a7b231870973","isMergeCommit":false,"messageTitle":"Update README.md","messageBody":"Add link to user guide","fileTypesAndContributionMap":{"md":{"insertions":1,"deletions":0}}},{"hash":"7c977a7d6313d20837dbe837e3955e6cc4b588a6","isMergeCommit":false,"messageTitle":"Fix formatting issues","messageBody":"","fileTypesAndContributionMap":{"java":{"insertions":3,"deletions":3}}},{"hash":"a631dfc52f078d560942ddcda74408bf37d1c256","isMergeCommit":false,"messageTitle":"Modify IO tests","messageBody":"","fileTypesAndContributionMap":{"txt":{"insertions":5,"deletions":0}}},{"hash":"6a73f333af2f33ea2204df6a88a09ab002124620","isMergeCommit":false,"messageTitle":"Update Erika to handle empty parser lines during IO testing","messageBody":"","fileTypesAndContributionMap":{"java":{"insertions":2,"deletions":1}}}]},{"date":"2024-10-09","commitResults":[{"hash":"fae9aab7fc7558b9b750290861d0eb3bbafd9962","isMergeCommit":true,"messageTitle":"Merge branch \u0027add-gradle-support\u0027 of https://github.com/RCPilot1604/ip","messageBody":"","fileTypesAndContributionMap":{}},{"hash":"7ff35ac19f8d693f6d9199db8cd730888c381b4a","isMergeCommit":false,"messageTitle":"Update NumberFormatException error message","messageBody":"","fileTypesAndContributionMap":{"java":{"insertions":1,"deletions":1}}},{"hash":"19b0fd43d0ede2b6741a95ef67d1cb1443ad46f5","isMergeCommit":false,"messageTitle":"Revert \"Merge branch \u0027add-gradle-support\u0027 of https://github.com/RCPilot1604/ip\"","messageBody":"This reverts commit fae9aab7fc7558b9b750290861d0eb3bbafd9962, reversing\nchanges made to 958f7fbcaa228624c07317c3c8d762ffb741cda8.\n","fileTypesAndContributionMap":{"gradle":{"insertions":0,"deletions":41},"sh":{"insertions":0,"deletions":0}}},{"hash":"2d46456886d84d3876866301b3b9632c65a8085f","isMergeCommit":false,"messageTitle":"Modify NumberFormatException error message","messageBody":"","fileTypesAndContributionMap":{"java":{"insertions":1,"deletions":1}}}]},{"date":"2024-10-11","commitResults":[{"hash":"30140651690c44ea914963534936a0823c27b380","isMergeCommit":false,"messageTitle":"Modify code to comply with coding standard","messageBody":"","fileTypesAndContributionMap":{"java":{"insertions":114,"deletions":87}}},{"hash":"7d50aff5eb8c9d42af2ed38425ee7496bfe87b1a","isMergeCommit":false,"messageTitle":"Modify formatting to comply with coding standard","messageBody":"","fileTypesAndContributionMap":{"java":{"insertions":6,"deletions":9}}},{"hash":"96b54c14574c549087a27eae95283567bba4b45f","isMergeCommit":false,"messageTitle":"Modify format to comply with coding standard","messageBody":"","tags":["A-Release"],"fileTypesAndContributionMap":{"java":{"insertions":81,"deletions":71}}},{"hash":"b6a8539b87bf7966249e70ac0ef60d9d39fc1f3b","isMergeCommit":false,"messageTitle":"Remove input.txt from tracking list","messageBody":"","fileTypesAndContributionMap":{"txt":{"insertions":0,"deletions":51}}},{"hash":"baccec756a15a6554c815d2c9bde095602a605c9","isMergeCommit":false,"messageTitle":"Modify README.md","messageBody":"","fileTypesAndContributionMap":{"md":{"insertions":3,"deletions":2}}},{"hash":"c57ed12cd4d2a177d0705b354a3bb8729427ae7a","isMergeCommit":false,"messageTitle":"Update README.md","messageBody":"","fileTypesAndContributionMap":{"md":{"insertions":1,"deletions":1}}},{"hash":"b9820e87fc1f081d6b667e4abf2f13d3305dfc82","isMergeCommit":false,"messageTitle":"Update README.md","messageBody":"","fileTypesAndContributionMap":{"md":{"insertions":7,"deletions":2}}}]}]},"authorFileTypeContributionMap":{"RCPilot1604":{"java":1472,"md":355,"fxml":0,"sh":2,"bat":2,"gradle":0,"txt":0}},"authorContributionVariance":{"RCPilot1604":41759.066},"authorDisplayNameMap":{"RCPilot1604":"CS2113-W13-4 ETHA.. XIA"}}
