{"authorDailyContributionsMap":{"glenda-1506":[{"date":"2024-08-28","commitResults":[{"hash":"094a0a496fc5914fc6d741186df6c05a638a5915","isMergeCommit":false,"messageTitle":"Rename chatbot","messageBody":"","fileTypesAndContributionMap":{"java":{"insertions":1,"deletions":1}}},{"hash":"1d851ffe8b2a67a589851f42fd89724486f4beda","isMergeCommit":false,"messageTitle":"Add greet function and exit function","messageBody":"","tags":["Level-0"],"fileTypesAndContributionMap":{"java":{"insertions":10,"deletions":6}}},{"hash":"f20092f481582a89585908f2300cae92f066e294","isMergeCommit":false,"messageTitle":"Add echo function","messageBody":"","tags":["Level-1"],"fileTypesAndContributionMap":{"java":{"insertions":21,"deletions":7}}},{"hash":"d16130b70998a1908a241ad5874a569ef79a727f","isMergeCommit":false,"messageTitle":"Add add function and list function","messageBody":"","tags":["Level-2"],"fileTypesAndContributionMap":{"java":{"insertions":11,"deletions":1}}},{"hash":"9fbe6ab0604d17248847e4fe6d9335dfd897928e","isMergeCommit":false,"messageTitle":"Add mark as done function","messageBody":"","tags":["Level-3"],"fileTypesAndContributionMap":{"java":{"insertions":34,"deletions":3}}}]},{"date":"2024-08-30","commitResults":[{"hash":"a47a87708242a9f57cf83d738468acec39a7cbe4","isMergeCommit":false,"messageTitle":"Tweak the code to comply with the basic rules of SE-EDU Java coding standarard","messageBody":"","tags":["A-CodingStandard"],"fileTypesAndContributionMap":{"java":{"insertions":17,"deletions":15}}}]},{"date":"2024-09-04","commitResults":[{"hash":"84e4cdbf28d0612802776de9aa1a258977f9d2fb","isMergeCommit":false,"messageTitle":"Add tasktypes array to categorise the items added","messageBody":"","fileTypesAndContributionMap":{"java":{"insertions":4,"deletions":2}}},{"hash":"370f8da5330afb76df83f9067e367ce78b564154","isMergeCommit":false,"messageTitle":"Add todo category","messageBody":"","fileTypesAndContributionMap":{"java":{"insertions":10,"deletions":0}}},{"hash":"89b730e51b44585f65b5f08b065470608424cf5d","isMergeCommit":false,"messageTitle":"Add deadline category","messageBody":"","fileTypesAndContributionMap":{"java":{"insertions":15,"deletions":2}}},{"hash":"b720e0c3ec9444c690a3f791cf1eae9730781c96","isMergeCommit":false,"messageTitle":"Add event category","messageBody":"","tags":["Level-4"],"fileTypesAndContributionMap":{"java":{"insertions":15,"deletions":0}}}]},{"date":"2024-09-06","commitResults":[{"hash":"60e4c5ca05181cabacc80c2c8f51a2c58bce0d57","isMergeCommit":false,"messageTitle":"Extract functions and constants to acheive Single Level of Abstraction Per function","messageBody":"","tags":["A-CodeQuality"],"fileTypesAndContributionMap":{"java":{"insertions":128,"deletions":86}}},{"hash":"fc1e9dd1b27d1178674cfa845fc70967c6ce534c","isMergeCommit":false,"messageTitle":"Add and modify code to handle different input formats","messageBody":"","fileTypesAndContributionMap":{"java":{"insertions":35,"deletions":14}}},{"hash":"1f16df806e6e77dda047a5c19487ead3f11f7e9a","isMergeCommit":false,"messageTitle":"Create base Task class","messageBody":"","fileTypesAndContributionMap":{"java":{"insertions":22,"deletions":0}}},{"hash":"bab7f6a976156f1e786d0d8ab7f8b7e060400a33","isMergeCommit":false,"messageTitle":"Modify Main to use Task class","messageBody":"","fileTypesAndContributionMap":{"java":{"insertions":12,"deletions":13}}},{"hash":"6482a8c20dac4339b41edc4be974f42742902e65","isMergeCommit":false,"messageTitle":"Create Todo class","messageBody":"","fileTypesAndContributionMap":{"java":{"insertions":10,"deletions":0}}},{"hash":"f5adcdaa497585c6274bf11161ad7cc645c54eb4","isMergeCommit":false,"messageTitle":"Modify Main to use Todo class","messageBody":"","fileTypesAndContributionMap":{"java":{"insertions":7,"deletions":8}}},{"hash":"d41fabcf05a22eb93efab2c1b06e8ddfd2583377","isMergeCommit":false,"messageTitle":"Create Deadline class","messageBody":"","fileTypesAndContributionMap":{"java":{"insertions":13,"deletions":0}}},{"hash":"20fd62c34e5788e64e0a74dd6dc9b46637cac1c6","isMergeCommit":false,"messageTitle":"Modify Main to use Deadline class","messageBody":"","fileTypesAndContributionMap":{"java":{"insertions":5,"deletions":7}}}]},{"date":"2024-09-07","commitResults":[{"hash":"80fbfa0e09fb42a14f373d23b848b99868622752","isMergeCommit":false,"messageTitle":"Create Event class","messageBody":"","fileTypesAndContributionMap":{"java":{"insertions":15,"deletions":0}}},{"hash":"5b4f8f6fb658aff4783964c9d3b01e65a033d3f9","isMergeCommit":false,"messageTitle":"Modify Main to use Event class","messageBody":"","tags":["A-Inheritance"],"fileTypesAndContributionMap":{"java":{"insertions":8,"deletions":9}}}]},{"date":"2024-09-12","commitResults":[{"hash":"3fdbec6dbe485864c28c0eb075dad546d718b3b3","isMergeCommit":false,"messageTitle":"Add lovespiritualException class","messageBody":"","fileTypesAndContributionMap":{"java":{"insertions":5,"deletions":0}}},{"hash":"597ccf1598f46fc2efe23f3c0eca6b655e0d036b","isMergeCommit":false,"messageTitle":"Add try-catch handling in main function and update methods to throw LovespiritualException","messageBody":"","fileTypesAndContributionMap":{"java":{"insertions":32,"deletions":22}}},{"hash":"65b40ee71d12f7fa76bf40cabc321395a30c7a5c","isMergeCommit":false,"messageTitle":"Replace addTask function with exception handling for invalid commands","messageBody":"","fileTypesAndContributionMap":{"java":{"insertions":1,"deletions":1}}},{"hash":"cc362ee48c66af1ff3aa7f20a968b7b5dd16f7fd","isMergeCommit":false,"messageTitle":"Add exception handling to event function for missing inputs","messageBody":"","fileTypesAndContributionMap":{"java":{"insertions":26,"deletions":19}}},{"hash":"d2703f9f916ab786f64b4449f79901564d446f96","isMergeCommit":false,"messageTitle":"Add exception handling to deadline function for missing inputs","messageBody":"","fileTypesAndContributionMap":{"java":{"insertions":14,"deletions":7}}},{"hash":"a2601312d5596cebcd29923fd78fb7663f45dda4","isMergeCommit":false,"messageTitle":"Add exception handling to todo function for missing inputs","messageBody":"","fileTypesAndContributionMap":{"java":{"insertions":3,"deletions":0}}},{"hash":"04aacc96ec9cd5e0fe749934dfa22718dc88c057","isMergeCommit":false,"messageTitle":"Add exception handling to mark and unmark function for invalid inputs","messageBody":"","fileTypesAndContributionMap":{"java":{"insertions":20,"deletions":8}}},{"hash":"75f4b5b86e0972cefddab5c5380a78864dbd17ea","isMergeCommit":false,"messageTitle":"Refactore all messages with personalized and unique wording","messageBody":"","tags":["A-Exceptions"],"fileTypesAndContributionMap":{"java":{"insertions":32,"deletions":31}}},{"hash":"29a0efa9b5522752b53c88adabd431503f057c14","isMergeCommit":true,"messageTitle":"Merge branch \u0027branch-Level-5\u0027","messageBody":"","tags":["Level-5"],"fileTypesAndContributionMap":{}},{"hash":"72b791a404c5d385356d83ff578cc22b861b2608","isMergeCommit":false,"messageTitle":"Divide classes into packages","messageBody":"","tags":["A-Packages"],"fileTypesAndContributionMap":{"java":{"insertions":18,"deletions":0}}}]},{"date":"2024-09-22","commitResults":[{"hash":"b388d2d1f15179ad762b22d86c3d6b34f7a62560","isMergeCommit":false,"messageTitle":"Replace arrays with ArrayList for dynamic task handling","messageBody":"","fileTypesAndContributionMap":{"java":{"insertions":2,"deletions":3}}},{"hash":"ee216726834df192315dbe9b5e82b246b78d657e","isMergeCommit":false,"messageTitle":"Replace task addition logic from array to ArrayList","messageBody":"","fileTypesAndContributionMap":{"java":{"insertions":11,"deletions":14}}},{"hash":"d566ef8d75f9c9f22a86255a32049eaf717ae494","isMergeCommit":false,"messageTitle":"Replace task status logic from array to ArrayList","messageBody":"","fileTypesAndContributionMap":{"java":{"insertions":4,"deletions":4}}},{"hash":"d3be75a76efa3e1b0d81baf565df013ba0443e78","isMergeCommit":false,"messageTitle":"Replace task list display logic from array to ArrayList","messageBody":"","fileTypesAndContributionMap":{"java":{"insertions":2,"deletions":2}}},{"hash":"f153609aa73bc9b3a49ba909cad530520f66e764","isMergeCommit":false,"messageTitle":"Remove redundant variables and replace arrays to ArrayList","messageBody":"","fileTypesAndContributionMap":{"java":{"insertions":6,"deletions":6}}},{"hash":"1be73d35c5581eeb2d294a12fb09af68e582f942","isMergeCommit":false,"messageTitle":"Remove redundant addTask method","messageBody":"","fileTypesAndContributionMap":{"java":{"insertions":0,"deletions":11}}},{"hash":"e1364371e5a617eda5037279d4fa2beb4cd22739","isMergeCommit":false,"messageTitle":"Remove redundant array-based task handling and transition to ArrayList methods","messageBody":"","tags":["A-Collections"],"fileTypesAndContributionMap":{"java":{"insertions":6,"deletions":6}}},{"hash":"76490551a4d78bd7bcae6f677525d0f00478d073","isMergeCommit":false,"messageTitle":"Add delete function","messageBody":"","fileTypesAndContributionMap":{"java":{"insertions":23,"deletions":1}}},{"hash":"3acd5eb93d931eef4e6fc3c1b16fd70eebc30adf","isMergeCommit":false,"messageTitle":"Replace taskCount with ArrayList in printList method and removed redundant taskCount variable","messageBody":"","fileTypesAndContributionMap":{"java":{"insertions":5,"deletions":5}}},{"hash":"595807e127d3a01e9d321faf1b8a3c0b87fff5a1","isMergeCommit":false,"messageTitle":"Add message for empty task list","messageBody":"","fileTypesAndContributionMap":{"java":{"insertions":4,"deletions":0}}},{"hash":"f419a46a2b1da3093d4c9d1483853072f6b2bd5d","isMergeCommit":false,"messageTitle":"Extract delete function","messageBody":"","fileTypesAndContributionMap":{"java":{"insertions":24,"deletions":20}}},{"hash":"c844efa9e6a4ceecf310bd6cbc38904c7d77ec10","isMergeCommit":false,"messageTitle":"Update status of variables from protected to public","messageBody":"","fileTypesAndContributionMap":{"java":{"insertions":5,"deletions":5}}},{"hash":"088ee76e49ac83d1fa12f42791364b55737f23a9","isMergeCommit":false,"messageTitle":"Replace arrays with ArrayList for dynamic task handling","messageBody":"","fileTypesAndContributionMap":{"java":{"insertions":19,"deletions":14}}},{"hash":"6e1cb5ecdb5060bb422c7fc34a1f48d7641cc629","isMergeCommit":false,"messageTitle":"Create saveTasks method","messageBody":"","fileTypesAndContributionMap":{"java":{"insertions":16,"deletions":0}}},{"hash":"9ac84b735e7dcde8695b8f7ba598744b09089002","isMergeCommit":false,"messageTitle":"Create savedFormat method to save the data in the correct format","messageBody":"","fileTypesAndContributionMap":{"java":{"insertions":19,"deletions":1}}},{"hash":"169ce1b32757daa90f271e30ea78fbb70e55c775","isMergeCommit":false,"messageTitle":"Create loadTasks method to read the text file when the program starts","messageBody":"","fileTypesAndContributionMap":{"java":{"insertions":24,"deletions":0}}},{"hash":"aea504a41c93e5ff08ffc0a9e3136790b77efed6","isMergeCommit":false,"messageTitle":"Create extractTasks method to format the data properly when the program starts","messageBody":"","fileTypesAndContributionMap":{"java":{"insertions":56,"deletions":0}}},{"hash":"e6005d116bcd5a394c9b158dd622e2d0623230b6","isMergeCommit":false,"messageTitle":"Add methods and replace arrays with ArrayList","messageBody":"","fileTypesAndContributionMap":{"java":{"insertions":13,"deletions":6}}},{"hash":"e2a5ff80a4df26571661b0f3abd4765b63d96c2f","isMergeCommit":true,"messageTitle":"Merge branch \u0027branch-Level-6\u0027","messageBody":"","tags":["Level-6"],"fileTypesAndContributionMap":{}},{"hash":"9dd5f4f89d9000d1a269020e88b4e8126be854fd","isMergeCommit":true,"messageTitle":"Merge branch \u0027branch-Level-7\u0027","messageBody":"# Conflicts:\n#\tsrc/main/java/lovespiritual/lovespiritual.java\n","tags":["Level-7"],"fileTypesAndContributionMap":{}},{"hash":"ec1a2e84ec241361df7c2a7d60498e6f2e647cea","isMergeCommit":false,"messageTitle":"Debug errors which stops the saving of data","messageBody":"","fileTypesAndContributionMap":{"java":{"insertions":6,"deletions":1}}}]},{"date":"2024-09-24","commitResults":[{"hash":"7430f3b664be4a374696ba71a48456ee5f67b08a","isMergeCommit":false,"messageTitle":"Debug method to load saved file","messageBody":"","fileTypesAndContributionMap":{"java":{"insertions":1,"deletions":4}}},{"hash":"af3fe65e41e1e467d09a0ca445bf37d4a2b96d33","isMergeCommit":false,"messageTitle":"Add saved file","messageBody":"","tags":["A-Jar"],"fileTypesAndContributionMap":{"txt":{"insertions":0,"deletions":0}}}]},{"date":"2024-10-01","commitResults":[{"hash":"9055dc64d599cbd2c788d6b30badf5379082eae8","isMergeCommit":false,"messageTitle":"Add UI Class","messageBody":"","fileTypesAndContributionMap":{"java":{"insertions":4,"deletions":0}}},{"hash":"2e2451557b7d14837726e6b9fef1df4df2f253af","isMergeCommit":false,"messageTitle":"Setup environment for print functions","messageBody":"Import Task class from lovespiritual.task\nAdd seperator constant\n","fileTypesAndContributionMap":{"java":{"insertions":6,"deletions":0}}},{"hash":"73c94b83ea299cbe54300f53367aaef4d4497487","isMergeCommit":false,"messageTitle":"Refactor printExitScreen() to UI class","messageBody":"","fileTypesAndContributionMap":{"java":{"insertions":6,"deletions":6}}},{"hash":"49672cbd59de19b38656eae4c70000f0e4a05470","isMergeCommit":false,"messageTitle":"Refactor printWelcomeScreen() to UI class","messageBody":"","fileTypesAndContributionMap":{"java":{"insertions":7,"deletions":6}}},{"hash":"0d6d192419caed95132c4cc5d760309eeb06407f","isMergeCommit":false,"messageTitle":"Refactor printList() to UI class","messageBody":"","fileTypesAndContributionMap":{"java":{"insertions":13,"deletions":14}}},{"hash":"58a0cd30c14f25b10386c3091f1726040e5ef758","isMergeCommit":false,"messageTitle":"Add printError() function for expected errors","messageBody":"","fileTypesAndContributionMap":{"java":{"insertions":6,"deletions":0}}},{"hash":"9a40578e54989cd5e5d7d5bdd92e41c32f27e154","isMergeCommit":false,"messageTitle":"Add printUnexpectedError() function for unexpected errors","messageBody":"","fileTypesAndContributionMap":{"java":{"insertions":6,"deletions":0}}},{"hash":"bf146ffbfcc5f3214f56cd8199e3c2edae62be46","isMergeCommit":false,"messageTitle":"Remove unused constant","messageBody":"","fileTypesAndContributionMap":{"java":{"insertions":0,"deletions":1}}},{"hash":"075ebf1a204c403e242e4f230188872eafd695ae","isMergeCommit":false,"messageTitle":"Refactor functions in main to use those in UI class","messageBody":"","fileTypesAndContributionMap":{"java":{"insertions":6,"deletions":5}}},{"hash":"921e47d6903ba1e267cc1402ae1b23cf59ffcc92","isMergeCommit":false,"messageTitle":"Add TaskList class","messageBody":"","fileTypesAndContributionMap":{"java":{"insertions":4,"deletions":0}}},{"hash":"05d721baf4c36da744bb70946e46319b71f9bbd4","isMergeCommit":false,"messageTitle":"Add Storage class","messageBody":"","fileTypesAndContributionMap":{"java":{"insertions":4,"deletions":0}}},{"hash":"556415341b8f8538a4c7588367d74a80add0962b","isMergeCommit":false,"messageTitle":"Add Parser class","messageBody":"","fileTypesAndContributionMap":{"java":{"insertions":4,"deletions":0}}},{"hash":"c74ec3740744752380103cf2c4f1fa295fb87138","isMergeCommit":false,"messageTitle":"Refactor printError method to static and remove redundant line","messageBody":"","fileTypesAndContributionMap":{"java":{"insertions":1,"deletions":2}}},{"hash":"893d63b3b0eae66e88cc494247e9c77b0a80bd4a","isMergeCommit":false,"messageTitle":"Setup environment for functions in TaskList class","messageBody":"Import classes and library\nAdd seperator constant\n","fileTypesAndContributionMap":{"java":{"insertions":9,"deletions":0}}},{"hash":"5d02937f25634d71027bb6adf4447b1c97158fa6","isMergeCommit":false,"messageTitle":"Add constructor overload and getter","messageBody":"","fileTypesAndContributionMap":{"java":{"insertions":14,"deletions":0}}},{"hash":"698ade25181a2416e04a4afcaf4b11129a9b9c19","isMergeCommit":false,"messageTitle":"Refactor deleteTask() to taskList class","messageBody":"","fileTypesAndContributionMap":{"java":{"insertions":23,"deletions":23}}},{"hash":"53d30b5e73f5c6e874b651900d16f34658550cd9","isMergeCommit":false,"messageTitle":"Refactor extractTasks() to taskList class","messageBody":"","fileTypesAndContributionMap":{"java":{"insertions":54,"deletions":54}}},{"hash":"30e9abafdda5b3367240e6fbee93b0bba95ac09e","isMergeCommit":false,"messageTitle":"Refactor savedFormat() to TaskList class","messageBody":"","fileTypesAndContributionMap":{"java":{"insertions":18,"deletions":20}}},{"hash":"5262cdfa577ac6c3932673456e06206533c3c744","isMergeCommit":false,"messageTitle":"Import classes and libraries into Storage class","messageBody":"","fileTypesAndContributionMap":{"java":{"insertions":6,"deletions":0}}},{"hash":"def006201689b699fa665850acf68f1b32533952","isMergeCommit":false,"messageTitle":"Add filePath variable and constructor","messageBody":"","fileTypesAndContributionMap":{"java":{"insertions":6,"deletions":0}}},{"hash":"6a3030dcb45268e872f303cc858daf5618afedb0","isMergeCommit":false,"messageTitle":"Refactor saveTasks() to Storage class","messageBody":"","fileTypesAndContributionMap":{"java":{"insertions":15,"deletions":17}}},{"hash":"dacced58269770b8019aaa795dfd878139bfbad5","isMergeCommit":false,"messageTitle":"Refactor loadTasks() to Storage class","messageBody":"","fileTypesAndContributionMap":{"java":{"insertions":17,"deletions":20}}},{"hash":"54f351ad309616d5f285f3729cda709e2a58bf4a","isMergeCommit":false,"messageTitle":"Remove redundant SEPARATOR print statements","messageBody":"","fileTypesAndContributionMap":{"java":{"insertions":0,"deletions":4}}},{"hash":"6aa6600f34441e2a3498fca130e66676515bbe80","isMergeCommit":false,"messageTitle":"Initialise instances of TaskList and Storage","messageBody":"","fileTypesAndContributionMap":{"java":{"insertions":2,"deletions":0}}},{"hash":"55b0ad0773a33703100b4ca38d6d018651113f51","isMergeCommit":false,"messageTitle":"Refactor functions in main to use those in Storage and TaskList class","messageBody":"","fileTypesAndContributionMap":{"java":{"insertions":9,"deletions":9}}}]},{"date":"2024-10-02","commitResults":[{"hash":"be187e2f6156a7783eb98c626f68b70b06025762","isMergeCommit":false,"messageTitle":"Remove redundant variables","messageBody":"","fileTypesAndContributionMap":{"java":{"insertions":0,"deletions":2}}},{"hash":"96a4e9c82e7b034ecd4f2e9bc50f10888dcf83e4","isMergeCommit":false,"messageTitle":"Import lovespiritualException class in Parser class","messageBody":"","fileTypesAndContributionMap":{"java":{"insertions":2,"deletions":0}}},{"hash":"756410d26557da307632b43f34b036c053dd1e68","isMergeCommit":false,"messageTitle":"Add parseCommand function","messageBody":"Handle input parsing through normalising input by trimming and converting it to lowercase\n","fileTypesAndContributionMap":{"java":{"insertions":22,"deletions":0}}},{"hash":"1f9029589837221d5eeb2aa586148823c6e2df4d","isMergeCommit":false,"messageTitle":"Refactor if-else with switch cases and integrate parseCommand function from Parser class","messageBody":"","fileTypesAndContributionMap":{"java":{"insertions":26,"deletions":17}}},{"hash":"325e7ff071cb951d7dafb062c95d707212333014","isMergeCommit":false,"messageTitle":"Refactor return type from int to void to remove redundant return values","messageBody":"","fileTypesAndContributionMap":{"java":{"insertions":3,"deletions":6}}},{"hash":"18e90f76635417c6e1fd85b45fe6916895116ae5","isMergeCommit":false,"messageTitle":"Add Storage, TaskList, and UI into main class","messageBody":"","fileTypesAndContributionMap":{"java":{"insertions":3,"deletions":0}}},{"hash":"05e3676f927da23fc9d22ab5e7f11b8419976640","isMergeCommit":false,"messageTitle":"Remove redundant libraries","messageBody":"","fileTypesAndContributionMap":{"java":{"insertions":0,"deletions":1}}},{"hash":"c3fac2b9aa9965b192f50885672239a36477a8ae","isMergeCommit":false,"messageTitle":"Add constructor to initialise UI, Storage, and TaskList and load tasks from file","messageBody":"","fileTypesAndContributionMap":{"java":{"insertions":5,"deletions":0}}},{"hash":"a85acdfe15cabab584a0113857cacbdf4465764b","isMergeCommit":false,"messageTitle":"Add run() function for main command loop","messageBody":"","fileTypesAndContributionMap":{"java":{"insertions":2,"deletions":7}}},{"hash":"342c3ba2d39ba5bcc82c4bf0e012fa72b0487927","isMergeCommit":false,"messageTitle":"Refactor main function to initialise application with data file and start the command processing loop","messageBody":"","tags":["A-MoreOOP"],"fileTypesAndContributionMap":{"java":{"insertions":4,"deletions":0}}},{"hash":"76610558cd5097e8df3e0ade4f2d00ccb35a36f7","isMergeCommit":false,"messageTitle":"Add input \u0027find\u0027 to Parser class and integrate \u0027find\u0027 function in switch case","messageBody":"","fileTypesAndContributionMap":{"java":{"insertions":4,"deletions":0}}},{"hash":"79161533b34a427a96d08390eb8eaeec4f66853e","isMergeCommit":false,"messageTitle":"Add find function","messageBody":"","fileTypesAndContributionMap":{"java":{"insertions":21,"deletions":0}}},{"hash":"9749c73b5e0d394cfe1cd291e480d73b336aa9f9","isMergeCommit":false,"messageTitle":"Add Javadoc for main lovespiritual class","messageBody":"","fileTypesAndContributionMap":{"java":{"insertions":4,"deletions":0}}},{"hash":"16936c332501ecfc213de8a5061ad206e0eb39e8","isMergeCommit":false,"messageTitle":"Add Javadoc for lovespiritual function in lovespiritual class","messageBody":"","fileTypesAndContributionMap":{"java":{"insertions":6,"deletions":0}}},{"hash":"dd8644715555141c778271ed38d3441f55fe1681","isMergeCommit":false,"messageTitle":"Add Javadoc for run function in lovespiritual class","messageBody":"","fileTypesAndContributionMap":{"java":{"insertions":4,"deletions":0}}},{"hash":"dbe0297d1a2f011afbd7dfcbefde066622e63425","isMergeCommit":false,"messageTitle":"Add Javadoc for main function in lovespiritual class","messageBody":"","fileTypesAndContributionMap":{"java":{"insertions":6,"deletions":0}}},{"hash":"fe0b0b4ca0111e6a2f3a0edf8a2512e56f7d4f8a","isMergeCommit":false,"messageTitle":"Add Javadoc for event function in lovespiritual class","messageBody":"","fileTypesAndContributionMap":{"java":{"insertions":8,"deletions":0}}},{"hash":"85b378aae65d6de912a5e19ddc2035db0b87d31f","isMergeCommit":false,"messageTitle":"Add Javadoc for deadline function in lovespiritual class","messageBody":"","fileTypesAndContributionMap":{"java":{"insertions":8,"deletions":0}}},{"hash":"0e91109ccde1e82e168456b28014314aaa38ff14","isMergeCommit":false,"messageTitle":"Add Javadoc for todo function in lovespiritual class","messageBody":"","fileTypesAndContributionMap":{"java":{"insertions":7,"deletions":0}}},{"hash":"fe335e8186ed3a143ab5eb7c3eccd91327ede92d","isMergeCommit":false,"messageTitle":"Add Javadoc for unmark function in lovespiritual class","messageBody":"","fileTypesAndContributionMap":{"java":{"insertions":8,"deletions":0}}},{"hash":"8e93bb32cf9f9ddf8da4726340a21175d3f69ce2","isMergeCommit":false,"messageTitle":"Add Javadoc for mark function in lovespiritual class","messageBody":"","fileTypesAndContributionMap":{"java":{"insertions":8,"deletions":0}}},{"hash":"c476b54db3fd8615730bb287b6cea73c1a23be95","isMergeCommit":false,"messageTitle":"Add Javadoc for Parser class","messageBody":"","fileTypesAndContributionMap":{"java":{"insertions":10,"deletions":0}}},{"hash":"f1c8857c9b173cd4a77ffebb3e6b191927e25fc6","isMergeCommit":false,"messageTitle":"Add Javadoc for Todo class","messageBody":"","fileTypesAndContributionMap":{"java":{"insertions":13,"deletions":0}}},{"hash":"a955c13681b67f22660c450da6f43b123b06f671","isMergeCommit":false,"messageTitle":"Add Javadoc for Event class","messageBody":"","fileTypesAndContributionMap":{"java":{"insertions":17,"deletions":0}}},{"hash":"35413a98b1a196ff25bc16dbaf60064c8c611351","isMergeCommit":false,"messageTitle":"Add Javadoc for Deadline class","messageBody":"","fileTypesAndContributionMap":{"java":{"insertions":15,"deletions":0}}},{"hash":"3b4b8513589b3d247a6b8f74d6b08c46a03d15d4","isMergeCommit":false,"messageTitle":"Add Javadoc for Storage class","messageBody":"","fileTypesAndContributionMap":{"java":{"insertions":13,"deletions":0}}},{"hash":"8e05f626357b6302721c21c0a6063f228db8d60c","isMergeCommit":false,"messageTitle":"Add Javadoc for Storage class","messageBody":"","fileTypesAndContributionMap":{"java":{"insertions":5,"deletions":0}}},{"hash":"4c7f2de9fb6d8c3739db56faf4822615fa1b20b0","isMergeCommit":false,"messageTitle":"Add Javadoc for lovespiritualException class","messageBody":"","fileTypesAndContributionMap":{"java":{"insertions":9,"deletions":0}}},{"hash":"08c78b1244dcc495e12485a0bb9d1a980f6da195","isMergeCommit":false,"messageTitle":"Add Javadoc for UI class","messageBody":"","fileTypesAndContributionMap":{"java":{"insertions":25,"deletions":3}}},{"hash":"cfeaf0dd57cf5b86de1c004dc4bbf02367743ad1","isMergeCommit":false,"messageTitle":"Add Javadoc for Task class","messageBody":"","fileTypesAndContributionMap":{"java":{"insertions":23,"deletions":0}}},{"hash":"3caa2ec99c95466f69616a1a8e0f60ff5ba67ac7","isMergeCommit":false,"messageTitle":"Add Javadoc for TaskList class","messageBody":"","fileTypesAndContributionMap":{"java":{"insertions":25,"deletions":1}}},{"hash":"8f014d500e18098a31613a80d14474d7848b6f1b","isMergeCommit":false,"messageTitle":"Refactor functions by removing redundant variables","messageBody":"","fileTypesAndContributionMap":{"java":{"insertions":9,"deletions":19}}}]},{"date":"2024-10-03","commitResults":[{"hash":"626070bd8d0861061dbf7d9ffb7c500a75b8a50d","isMergeCommit":true,"messageTitle":"Merge pull request #1 from glenda-1506/branch-Level-9","messageBody":"branch-Level-9","tags":["Level-9"],"fileTypesAndContributionMap":{}},{"hash":"3fc79e6b23309328520c3f386f3a91ae4c5a2035","isMergeCommit":true,"messageTitle":"Merge branch \u0027master\u0027 into branch-A-JavaDoc","messageBody":"# Conflicts:\n#\tsrc/main/java/lovespiritual/lovespiritual.java\n","fileTypesAndContributionMap":{}},{"hash":"d14a8b03a29ce181fff990cfb12b36a9fe600e87","isMergeCommit":false,"messageTitle":"Add Javadoc for find function in lovespiritual class","messageBody":"","fileTypesAndContributionMap":{"java":{"insertions":7,"deletions":0}}},{"hash":"c5d7fd16a5529f36383368082c6188fc1f45d4ae","isMergeCommit":true,"messageTitle":"Merge pull request #2 from glenda-1506/branch-A-JavaDoc","messageBody":"branch-A-JavaDoc","tags":["A-JavaDoc"],"fileTypesAndContributionMap":{}},{"hash":"0ea016ff2a9bbc074d71b169b6f3bbf5a947a82b","isMergeCommit":false,"messageTitle":"Tweak list and bye command for more lenient user input","messageBody":"","fileTypesAndContributionMap":{"java":{"insertions":2,"deletions":2}}},{"hash":"41d9162099edacee5db03bd6c62e1544684230a1","isMergeCommit":false,"messageTitle":"Refactor the title of the user guide","messageBody":"","fileTypesAndContributionMap":{"md":{"insertions":3,"deletions":3}}},{"hash":"799d877b459a673e7dff3cfa516360d01eefc432","isMergeCommit":false,"messageTitle":"Add headings for the user guide","messageBody":"","fileTypesAndContributionMap":{"md":{"insertions":14,"deletions":0}}},{"hash":"e0c9e5806d8d5d04cb3256d223c3bc2bdd8ea493","isMergeCommit":false,"messageTitle":"Add quick start content","messageBody":"","fileTypesAndContributionMap":{"md":{"insertions":14,"deletions":0}}},{"hash":"3528be61f670d0b270facbc9412332f05bbb082c","isMergeCommit":false,"messageTitle":"Comment out default Duke README","messageBody":"","fileTypesAndContributionMap":{"md":{"insertions":2,"deletions":1}}},{"hash":"35fc29556f73c1994a16e218d681ecaef87473b1","isMergeCommit":false,"messageTitle":"Refactor quick start format","messageBody":"","fileTypesAndContributionMap":{"md":{"insertions":6,"deletions":6}}},{"hash":"17d123ac06589882a48410817a4a297049e2173f","isMergeCommit":false,"messageTitle":"Refactor heading formats","messageBody":"","fileTypesAndContributionMap":{"md":{"insertions":9,"deletions":9}}},{"hash":"45e3679f240bb5ebf632fe85900a7a1833a360a2","isMergeCommit":false,"messageTitle":"Add command format content","messageBody":"","fileTypesAndContributionMap":{"md":{"insertions":24,"deletions":0}}},{"hash":"98884d93b268d55ca303cd868697b0994ebed718","isMergeCommit":false,"messageTitle":"Add features content","messageBody":"","fileTypesAndContributionMap":{"md":{"insertions":75,"deletions":0}}},{"hash":"5c7db1a2a0e49a83bec56c7cda500db07c6d464f","isMergeCommit":false,"messageTitle":"Add data saving and editing instructions","messageBody":"","tags":["A-UserGuide"],"fileTypesAndContributionMap":{"md":{"insertions":3,"deletions":1}}}]}]},"authorFileTypeContributionMap":{"glenda-1506":{"java":752,"md":131,"fxml":0,"sh":0,"bat":0,"gradle":0,"txt":0}},"authorContributionVariance":{"glenda-1506":11707.878},"authorDisplayNameMap":{"glenda-1506":"CS2113-T10-4 LIAN..ENDA"}}
