{"authorDailyContributionsMap":{"Yisoong":[{"date":"2024-08-29","commitResults":[{"hash":"cf5e658cf8d4e8ad860eec5c5fe9fea04d88b611","isMergeCommit":false,"messageTitle":"Change Duke to Ryan","messageBody":"","tags":["Level-0"],"fileTypesAndContributionMap":{"java":{"insertions":14,"deletions":10}}}]},{"date":"2024-08-30","commitResults":[{"hash":"9bc8ea6fa7be27a3172fec36b7f04ec4bf0c85ee","isMergeCommit":false,"messageTitle":"Add echo functionality","messageBody":"","fileTypesAndContributionMap":{"java":{"insertions":7,"deletions":0}}},{"hash":"e2cf27536402e7d65416effa5f82e048ea1b2538","isMergeCommit":false,"messageTitle":"Add exit functionality","messageBody":"","tags":["Level-1"],"fileTypesAndContributionMap":{"java":{"insertions":17,"deletions":4}}},{"hash":"8dedd4495e348ae8dd90f92e258e6a082ea56605","isMergeCommit":false,"messageTitle":"Add ability to add text to list and display when requested","messageBody":"","tags":["Level-2","A-Collections"],"fileTypesAndContributionMap":{"java":{"insertions":14,"deletions":5}}},{"hash":"b95459f341972d096ea652492b4b642388450e0c","isMergeCommit":false,"messageTitle":"Add Task Class and the ability to mark tasks as done","messageBody":"","fileTypesAndContributionMap":{"java":{"insertions":40,"deletions":6}}},{"hash":"bcf5e55f487c309182ddff3d8013fc316f7331fb","isMergeCommit":false,"messageTitle":"Add descriptions for listing and marking","messageBody":"","fileTypesAndContributionMap":{"java":{"insertions":2,"deletions":1}}},{"hash":"a7cb4936aaaf8e4bb903ec64caf174751e7657ef","isMergeCommit":false,"messageTitle":"Add ability to unmark tasks","messageBody":"","tags":["Level-3"],"fileTypesAndContributionMap":{"java":{"insertions":15,"deletions":2}}},{"hash":"96fe3b4196792ebd52f78baab84c21aae684e2b3","isMergeCommit":false,"messageTitle":"Add scanner.close and format code","messageBody":"","fileTypesAndContributionMap":{"java":{"insertions":12,"deletions":11}}},{"hash":"6c6d5e9d554bdc488237a828cd13943f4b83ed1b","isMergeCommit":false,"messageTitle":"Revert \"Add scanner.close and format code\"","messageBody":"This reverts commit 96fe3b4196792ebd52f78baab84c21aae684e2b3.\n","fileTypesAndContributionMap":{"java":{"insertions":11,"deletions":12}}},{"hash":"47ce9a6cd610a1b613a6cdd1fda17805f4c57621","isMergeCommit":false,"messageTitle":"Add scanner.close and format code","messageBody":"","tags":["A-CodingStandard"],"fileTypesAndContributionMap":{"java":{"insertions":11,"deletions":10}}}]},{"date":"2024-09-06","commitResults":[{"hash":"cbfa0a831016655c0537fb12eab4d8f97cc7a0d5","isMergeCommit":false,"messageTitle":"Refactor code for readability","messageBody":"","fileTypesAndContributionMap":{"java":{"insertions":86,"deletions":50}}},{"hash":"bc2b051f99df77bf9e5d73d3db4aaacb3c2187bd","isMergeCommit":false,"messageTitle":"Add todo class and todo tracking for tasks","messageBody":"","fileTypesAndContributionMap":{"java":{"insertions":29,"deletions":4}}},{"hash":"8b9b3ffd470843bafefd70e63e16d9ac596bd220","isMergeCommit":false,"messageTitle":"Add deadline class and deadline tracking for tasks","messageBody":"","fileTypesAndContributionMap":{"java":{"insertions":32,"deletions":0}}},{"hash":"ba52014a36476cf8424070761dba00c04fd2a297","isMergeCommit":false,"messageTitle":"Add event class and event tracking for tasks","messageBody":"","tags":["Level-4"],"fileTypesAndContributionMap":{"java":{"insertions":36,"deletions":3}}},{"hash":"a1a3bfde033e90e59a0d0c883050041c4ff84e5a","isMergeCommit":false,"messageTitle":"Add text UI testing and bug fixes","messageBody":"","tags":["A-TextUiTesting"],"fileTypesAndContributionMap":{"txt":{"insertions":15,"deletions":0},"java":{"insertions":35,"deletions":8},"sh":{"insertions":1,"deletions":1}}},{"hash":"e2a2c776ff3686f6564a0f5f4caa3e041d86bee2","isMergeCommit":false,"messageTitle":"Improve readability","messageBody":"","tags":["A-CodeQuality"],"fileTypesAndContributionMap":{"java":{"insertions":7,"deletions":7}}}]},{"date":"2024-09-11","commitResults":[{"hash":"1abb275b769f4c03b32384e237b1e4c63477deb4","isMergeCommit":false,"messageTitle":"Add exception class","messageBody":"","fileTypesAndContributionMap":{"java":{"insertions":5,"deletions":0}}},{"hash":"b4b623dc7d2986d617e66d572adc12bf6f46938c","isMergeCommit":false,"messageTitle":"Revert \"Add exception class\"","messageBody":"This reverts commit 1abb275b769f4c03b32384e237b1e4c63477deb4.\n","fileTypesAndContributionMap":{"java":{"insertions":0,"deletions":5}}},{"hash":"41bfaa3c8c0aed48adea226908ef352e1b526598","isMergeCommit":false,"messageTitle":"Add exception class","messageBody":"","fileTypesAndContributionMap":{"java":{"insertions":5,"deletions":0}}},{"hash":"fe28a9140849cc3fd6e3fecbe7e6e6d546a9580d","isMergeCommit":false,"messageTitle":"Add exception handling","messageBody":"","tags":["A-Exceptions"],"fileTypesAndContributionMap":{"java":{"insertions":55,"deletions":51}}},{"hash":"7034f0e6006a7052ed270eb0ab26dc0b3460fbb4","isMergeCommit":false,"messageTitle":"Edit boolean naming convention","messageBody":"","fileTypesAndContributionMap":{"java":{"insertions":3,"deletions":3}}},{"hash":"4062d0089a07d4061afe88b111a4e4abc8147c4b","isMergeCommit":false,"messageTitle":"Add error messages","messageBody":"","fileTypesAndContributionMap":{"java":{"insertions":10,"deletions":5}}},{"hash":"d37bfc580aaaafd978ffcb92281fe7560575b19f","isMergeCommit":true,"messageTitle":"Merge branch \u0027branch-Level-5\u0027","messageBody":"","fileTypesAndContributionMap":{}},{"hash":"7b80cef8068e35790fc7c2b30f1971ccdce72ee4","isMergeCommit":false,"messageTitle":"Edit error messages","messageBody":"","fileTypesAndContributionMap":{"java":{"insertions":9,"deletions":8}}},{"hash":"be487bcd76972fcfeab9b66d2b514b927dce5909","isMergeCommit":true,"messageTitle":"Merge branch \u0027branch-Level-5\u0027 to master","messageBody":"","tags":["Level-5"],"fileTypesAndContributionMap":{}}]},{"date":"2024-09-12","commitResults":[{"hash":"50879a0ecfa6a705887cb7e8d91e7537b905c2eb","isMergeCommit":false,"messageTitle":"Add classes into a java package","messageBody":"","fileTypesAndContributionMap":{"java":{"insertions":16,"deletions":3}}},{"hash":"69c48c9ca5fcba9237010d42367d27a4b60d44f2","isMergeCommit":false,"messageTitle":"Fix line formatting","messageBody":"","fileTypesAndContributionMap":{"java":{"insertions":9,"deletions":9}}},{"hash":"3f0630aceaa4a6962624c13d000de463e9153eb9","isMergeCommit":true,"messageTitle":"Merge branch \u0027branch-A-Packages\u0027","messageBody":"","tags":["A-Packages"],"fileTypesAndContributionMap":{}}]},{"date":"2024-09-17","commitResults":[{"hash":"2ef38a4a0f873134af1950e24bbd5bbcaa41c3e2","isMergeCommit":false,"messageTitle":"Add ability to delete tasks","messageBody":"","tags":["Level-6"],"fileTypesAndContributionMap":{"java":{"insertions":19,"deletions":2}}},{"hash":"60655900f9def867ecbb9e7da961c233e642bae8","isMergeCommit":false,"messageTitle":"Create new txt file","messageBody":"","fileTypesAndContributionMap":{"txt":{"insertions":1,"deletions":0},"java":{"insertions":15,"deletions":0}}},{"hash":"9695df96a6b26ddc9c84db0512448076f3749ce0","isMergeCommit":false,"messageTitle":"Edit \"Task\" and subclasses to generate formatted strings for saving in the txt file","messageBody":"","fileTypesAndContributionMap":{"java":{"insertions":41,"deletions":0}}},{"hash":"fa0b400fb26949945bb95855ddd7ba00ed0a9e7c","isMergeCommit":false,"messageTitle":"Add FileManager class and the ability to save tasks under ./data/ryan.txt","messageBody":"","fileTypesAndContributionMap":{"txt":{"insertions":0,"deletions":1},"java":{"insertions":98,"deletions":17}}},{"hash":"5d7a4cfe1c9cf32593d6c81e70d8bd506ea368af","isMergeCommit":true,"messageTitle":"Merge branch \u0027branch-Level-7\u0027","messageBody":"","tags":["Level-7","A-Jar"],"fileTypesAndContributionMap":{}}]},{"date":"2024-09-19","commitResults":[{"hash":"8a29986b9f7b552035e9d6e892b84622fcc422a8","isMergeCommit":false,"messageTitle":"Add invalid command handling","messageBody":"","fileTypesAndContributionMap":{"java":{"insertions":7,"deletions":1}}},{"hash":"5402af6b968c555e8a7138bfa2e18267d8fd846f","isMergeCommit":false,"messageTitle":"Change saving to after every command","messageBody":"","fileTypesAndContributionMap":{"java":{"insertions":1,"deletions":1}}},{"hash":"67a4282b269f2cc0cfadeae84bd74485f0973526","isMergeCommit":false,"messageTitle":"Add new \"goodbye\" design","messageBody":"","fileTypesAndContributionMap":{"java":{"insertions":6,"deletions":1}}}]},{"date":"2024-10-03","commitResults":[{"hash":"fa87748ad3d6b29a6fe72bf76126a6234d2f4523","isMergeCommit":false,"messageTitle":"Adjustments made to improve readability","messageBody":"","fileTypesAndContributionMap":{"java":{"insertions":15,"deletions":4}}}]},{"date":"2024-10-04","commitResults":[{"hash":"c9dddbc889ee9480302eaed2794257bf7213f700","isMergeCommit":false,"messageTitle":"Refactor code to incorporate more OOP","messageBody":"","fileTypesAndContributionMap":{"txt":{"insertions":2,"deletions":0},"java":{"insertions":416,"deletions":246},"bat":{"insertions":1,"deletions":1},"sh":{"insertions":1,"deletions":1}}},{"hash":"6d3b381b19c428904d43d43ca0f44276e1610ec0","isMergeCommit":false,"messageTitle":"Fix invalid index handling","messageBody":"","tags":["A-MoreOOP"],"fileTypesAndContributionMap":{"txt":{"insertions":0,"deletions":2},"java":{"insertions":1,"deletions":1}}},{"hash":"a0aa28d199feece0b61424fc0b91abc6c6625922","isMergeCommit":false,"messageTitle":"Fix horizontal line formatting","messageBody":"","fileTypesAndContributionMap":{"java":{"insertions":15,"deletions":5}}},{"hash":"ab99dfd81490e91556cd4415134d9178b7dc1d3f","isMergeCommit":false,"messageTitle":"Add find function","messageBody":"","tags":["Level-9"],"fileTypesAndContributionMap":{"java":{"insertions":55,"deletions":7}}},{"hash":"65a1b85f2cbbe15b9c9206610d44d02f0ca9b9b8","isMergeCommit":true,"messageTitle":"Merge pull request #1 from Yisoong/branch-Level-9","messageBody":"Add find function","fileTypesAndContributionMap":{}},{"hash":"dc43b5d894493d44daa752aa43b8e7e9203390ec","isMergeCommit":false,"messageTitle":"Remove magic strings, numbers and wildcard imports","messageBody":"","fileTypesAndContributionMap":{"java":{"insertions":118,"deletions":45}}},{"hash":"3b5ff9a5562c51943b73d217c02961dc9c5fee34","isMergeCommit":false,"messageTitle":"Add JavaDoc comments","messageBody":"","tags":["A-JavaDoc"],"fileTypesAndContributionMap":{"java":{"insertions":408,"deletions":26}}},{"hash":"2f12502c0cc25a2e61c3089a7e6c2db55876dcb5","isMergeCommit":true,"messageTitle":"Merge branch \u0027master\u0027 into branch-A-JavaDoc","messageBody":"","fileTypesAndContributionMap":{}},{"hash":"bed00835f4f67eda69f34092a039fb4021add61e","isMergeCommit":true,"messageTitle":"Merge pull request #2 from Yisoong/branch-A-JavaDoc","messageBody":"Add JavaDoc comments","fileTypesAndContributionMap":{}},{"hash":"993a3ad57f48ba7aa08b21f257cf86b0254ba35d","isMergeCommit":false,"messageTitle":"Remove magic numbers in Deadline class","messageBody":"","fileTypesAndContributionMap":{"java":{"insertions":1,"deletions":1}}},{"hash":"38efc1ac7ad2e92b32b146534124015e95386c53","isMergeCommit":false,"messageTitle":"Update user guide","messageBody":"","tags":["A-UserGuide"],"fileTypesAndContributionMap":{"java":{"insertions":3,"deletions":3},"md":{"insertions":202,"deletions":14}}},{"hash":"abcc761fb287ba7c952c881aa13e4eacb57a9ff8","isMergeCommit":false,"messageTitle":"Add github link to user guide","messageBody":"","fileTypesAndContributionMap":{"md":{"insertions":1,"deletions":1}}}]}]},"authorFileTypeContributionMap":{"Yisoong":{"java":1127,"md":202,"fxml":0,"sh":2,"bat":1,"gradle":0,"txt":15}},"authorContributionVariance":{"Yisoong":51126.56},"authorDisplayNameMap":{"Yisoong":"CS2113-W14-2 TAN ..THAN"}}
