[{"path":"src/main/java/Deadline.java","fileType":"java","lines":[{"lineNumber":1,"author":{"gitId":"DarkDragoon2002"},"content":"public class Deadline extends Task{","lastModifiedDate":"2024-09-06","isFullCredit":false},{"lineNumber":2,"author":{"gitId":"DarkDragoon2002"},"content":"","lastModifiedDate":"2024-09-06","isFullCredit":false},{"lineNumber":3,"author":{"gitId":"DarkDragoon2002"},"content":"    private String deadlineString;","lastModifiedDate":"2024-09-06","isFullCredit":false},{"lineNumber":4,"author":{"gitId":"DarkDragoon2002"},"content":"","lastModifiedDate":"2024-09-06","isFullCredit":false},{"lineNumber":5,"author":{"gitId":"DarkDragoon2002"},"content":"    public Deadline(String inputString){","lastModifiedDate":"2024-09-06","isFullCredit":false},{"lineNumber":6,"author":{"gitId":"DarkDragoon2002"},"content":"        super(inputString.replace(\"deadline \", \"\").split(\" /by \")[0]);","lastModifiedDate":"2024-09-06","isFullCredit":false},{"lineNumber":7,"author":{"gitId":"DarkDragoon2002"},"content":"        this.deadlineString \u003d inputString.replace(\"deadline \", \"\").split(\" /by \")[1];","lastModifiedDate":"2024-09-06","isFullCredit":false},{"lineNumber":8,"author":{"gitId":"DarkDragoon2002"},"content":"","lastModifiedDate":"2024-09-06","isFullCredit":false},{"lineNumber":9,"author":{"gitId":"DarkDragoon2002"},"content":"    }","lastModifiedDate":"2024-09-06","isFullCredit":false},{"lineNumber":10,"author":{"gitId":"DarkDragoon2002"},"content":"    @Override","lastModifiedDate":"2024-09-06","isFullCredit":false},{"lineNumber":11,"author":{"gitId":"DarkDragoon2002"},"content":"    public String checkboxString(){","lastModifiedDate":"2024-09-06","isFullCredit":false},{"lineNumber":12,"author":{"gitId":"DarkDragoon2002"},"content":"        return \"[D]\" + super.checkboxString() + \" (by: \" + deadlineString + \")\";","lastModifiedDate":"2024-09-06","isFullCredit":false},{"lineNumber":13,"author":{"gitId":"DarkDragoon2002"},"content":"    }","lastModifiedDate":"2024-09-06","isFullCredit":false},{"lineNumber":14,"author":{"gitId":"DarkDragoon2002"},"content":"}","lastModifiedDate":"2024-09-06","isFullCredit":false}],"authorContributionMap":{"DarkDragoon2002":14}},{"path":"src/main/java/Event.java","fileType":"java","lines":[{"lineNumber":1,"author":{"gitId":"DarkDragoon2002"},"content":"public class Event extends Task{","lastModifiedDate":"2024-09-06","isFullCredit":false},{"lineNumber":2,"author":{"gitId":"DarkDragoon2002"},"content":"    private String fromString;","lastModifiedDate":"2024-09-06","isFullCredit":false},{"lineNumber":3,"author":{"gitId":"DarkDragoon2002"},"content":"    private String toString;","lastModifiedDate":"2024-09-06","isFullCredit":false},{"lineNumber":4,"author":{"gitId":"DarkDragoon2002"},"content":"    public Event(String inputString){","lastModifiedDate":"2024-09-06","isFullCredit":false},{"lineNumber":5,"author":{"gitId":"DarkDragoon2002"},"content":"        super(inputString.replace(\"event \", \"\").split(\" /from \")[0]);","lastModifiedDate":"2024-09-06","isFullCredit":false},{"lineNumber":6,"author":{"gitId":"DarkDragoon2002"},"content":"        String[] fromToStrings \u003d inputString.replace(\"event \", \"\").split(\" /from \")[1].split(\" /to \");","lastModifiedDate":"2024-09-06","isFullCredit":false},{"lineNumber":7,"author":{"gitId":"DarkDragoon2002"},"content":"        this.fromString \u003d fromToStrings[0];","lastModifiedDate":"2024-09-06","isFullCredit":false},{"lineNumber":8,"author":{"gitId":"DarkDragoon2002"},"content":"        this.toString \u003d fromToStrings[1];","lastModifiedDate":"2024-09-06","isFullCredit":false},{"lineNumber":9,"author":{"gitId":"DarkDragoon2002"},"content":"    }","lastModifiedDate":"2024-09-06","isFullCredit":false},{"lineNumber":10,"author":{"gitId":"DarkDragoon2002"},"content":"","lastModifiedDate":"2024-09-06","isFullCredit":false},{"lineNumber":11,"author":{"gitId":"DarkDragoon2002"},"content":"    @Override","lastModifiedDate":"2024-09-06","isFullCredit":false},{"lineNumber":12,"author":{"gitId":"DarkDragoon2002"},"content":"    public String checkboxString(){","lastModifiedDate":"2024-09-06","isFullCredit":false},{"lineNumber":13,"author":{"gitId":"DarkDragoon2002"},"content":"        return \"[E]\" + super.checkboxString() + \" (from: \" + fromString + \" to: \" + toString + \")\";","lastModifiedDate":"2024-09-06","isFullCredit":false},{"lineNumber":14,"author":{"gitId":"DarkDragoon2002"},"content":"    }","lastModifiedDate":"2024-09-06","isFullCredit":false},{"lineNumber":15,"author":{"gitId":"DarkDragoon2002"},"content":"}","lastModifiedDate":"2024-09-06","isFullCredit":false}],"authorContributionMap":{"DarkDragoon2002":15}},{"path":"src/main/java/Juan.java","fileType":"java","lines":[{"lineNumber":1,"author":{"gitId":"DarkDragoon2002"},"content":"import java.util.Scanner;","lastModifiedDate":"2024-08-28","isFullCredit":false},{"lineNumber":2,"author":{"gitId":"DarkDragoon2002"},"content":"","lastModifiedDate":"2024-08-28","isFullCredit":false},{"lineNumber":3,"author":{"gitId":"DarkDragoon2002"},"content":"public class Juan {","lastModifiedDate":"2024-08-28","isFullCredit":false},{"lineNumber":4,"author":{"gitId":"DarkDragoon2002"},"content":"    public static void main(String[] args) {","lastModifiedDate":"2024-08-28","isFullCredit":false},{"lineNumber":5,"author":{"gitId":"DarkDragoon2002"},"content":"        lineMessage();","lastModifiedDate":"2024-08-28","isFullCredit":false},{"lineNumber":6,"author":{"gitId":"DarkDragoon2002"},"content":"        helloMessage();","lastModifiedDate":"2024-08-28","isFullCredit":false},{"lineNumber":7,"author":{"gitId":"DarkDragoon2002"},"content":"        lineMessage();","lastModifiedDate":"2024-08-28","isFullCredit":false},{"lineNumber":8,"author":{"gitId":"DarkDragoon2002"},"content":"","lastModifiedDate":"2024-08-29","isFullCredit":false},{"lineNumber":9,"author":{"gitId":"DarkDragoon2002"},"content":"        boolean continueChatting \u003d true;","lastModifiedDate":"2024-08-29","isFullCredit":false},{"lineNumber":10,"author":{"gitId":"DarkDragoon2002"},"content":"        while (continueChatting) {","lastModifiedDate":"2024-08-29","isFullCredit":false},{"lineNumber":11,"author":{"gitId":"DarkDragoon2002"},"content":"            continueChatting \u003d chatFeature();","lastModifiedDate":"2024-08-29","isFullCredit":false},{"lineNumber":12,"author":{"gitId":"DarkDragoon2002"},"content":"        }","lastModifiedDate":"2024-08-29","isFullCredit":false},{"lineNumber":13,"author":{"gitId":"DarkDragoon2002"},"content":"        byeMessage();","lastModifiedDate":"2024-08-28","isFullCredit":false},{"lineNumber":14,"author":{"gitId":"DarkDragoon2002"},"content":"        lineMessage();","lastModifiedDate":"2024-08-28","isFullCredit":false},{"lineNumber":15,"author":{"gitId":"DarkDragoon2002"},"content":"    }","lastModifiedDate":"2024-08-28","isFullCredit":false},{"lineNumber":16,"author":{"gitId":"DarkDragoon2002"},"content":"    public static boolean chatFeature(){","lastModifiedDate":"2024-08-29","isFullCredit":false},{"lineNumber":17,"author":{"gitId":"DarkDragoon2002"},"content":"        // Less efficient to create a new scanner everytime but code is much neater","lastModifiedDate":"2024-08-29","isFullCredit":false},{"lineNumber":18,"author":{"gitId":"DarkDragoon2002"},"content":"        // If return True means continue","lastModifiedDate":"2024-08-29","isFullCredit":false},{"lineNumber":19,"author":{"gitId":"DarkDragoon2002"},"content":"        // Else End","lastModifiedDate":"2024-08-29","isFullCredit":false},{"lineNumber":20,"author":{"gitId":"DarkDragoon2002"},"content":"","lastModifiedDate":"2024-08-29","isFullCredit":false},{"lineNumber":21,"author":{"gitId":"DarkDragoon2002"},"content":"        Scanner scanner \u003d new Scanner(System.in);","lastModifiedDate":"2024-08-28","isFullCredit":false},{"lineNumber":22,"author":{"gitId":"DarkDragoon2002"},"content":"        String line \u003d scanner.nextLine();","lastModifiedDate":"2024-08-28","isFullCredit":false},{"lineNumber":23,"author":{"gitId":"DarkDragoon2002"},"content":"        lineMessage();","lastModifiedDate":"2024-08-28","isFullCredit":false},{"lineNumber":24,"author":{"gitId":"DarkDragoon2002"},"content":"","lastModifiedDate":"2024-08-29","isFullCredit":false},{"lineNumber":25,"author":{"gitId":"DarkDragoon2002"},"content":"        if (line.equals(\"bye\")) {","lastModifiedDate":"2024-08-28","isFullCredit":false},{"lineNumber":26,"author":{"gitId":"DarkDragoon2002"},"content":"            return false;","lastModifiedDate":"2024-08-29","isFullCredit":false},{"lineNumber":27,"author":{"gitId":"DarkDragoon2002"},"content":"        } else if (line.equals(\"list\")) {","lastModifiedDate":"2024-08-28","isFullCredit":false},{"lineNumber":28,"author":{"gitId":"DarkDragoon2002"},"content":"            Task.printTasksList();","lastModifiedDate":"2024-08-29","isFullCredit":false},{"lineNumber":29,"author":{"gitId":"DarkDragoon2002"},"content":"        } else if (line.startsWith(\"mark\")){","lastModifiedDate":"2024-09-06","isFullCredit":false},{"lineNumber":30,"author":{"gitId":"DarkDragoon2002"},"content":"            // Mark","lastModifiedDate":"2024-08-29","isFullCredit":false},{"lineNumber":31,"author":{"gitId":"DarkDragoon2002"},"content":"            int taskIndex \u003d Integer.parseInt(line.replace(\"mark \", \"\")) - 1;","lastModifiedDate":"2024-09-06","isFullCredit":false},{"lineNumber":32,"author":{"gitId":"DarkDragoon2002"},"content":"            Task.mark(taskIndex);","lastModifiedDate":"2024-08-29","isFullCredit":false},{"lineNumber":33,"author":{"gitId":"DarkDragoon2002"},"content":"        } else if (line.startsWith(\"unmark\")){","lastModifiedDate":"2024-09-06","isFullCredit":false},{"lineNumber":34,"author":{"gitId":"DarkDragoon2002"},"content":"            // Unmark","lastModifiedDate":"2024-08-29","isFullCredit":false},{"lineNumber":35,"author":{"gitId":"DarkDragoon2002"},"content":"            int taskIndex \u003d Integer.parseInt(line.replace(\"unmark \", \"\")) - 1;","lastModifiedDate":"2024-09-06","isFullCredit":false},{"lineNumber":36,"author":{"gitId":"DarkDragoon2002"},"content":"            Task.unmark(taskIndex);","lastModifiedDate":"2024-08-29","isFullCredit":false},{"lineNumber":37,"author":{"gitId":"DarkDragoon2002"},"content":"        } else if (line.startsWith(\"todo\")) {","lastModifiedDate":"2024-09-06","isFullCredit":false},{"lineNumber":38,"author":{"gitId":"DarkDragoon2002"},"content":"            new ToDo(line);","lastModifiedDate":"2024-09-06","isFullCredit":false},{"lineNumber":39,"author":{"gitId":"DarkDragoon2002"},"content":"        } else if (line.startsWith(\"deadline\")) {","lastModifiedDate":"2024-09-06","isFullCredit":false},{"lineNumber":40,"author":{"gitId":"DarkDragoon2002"},"content":"            new Deadline(line);","lastModifiedDate":"2024-09-06","isFullCredit":false},{"lineNumber":41,"author":{"gitId":"DarkDragoon2002"},"content":"        } else if (line.startsWith(\"event\")) {","lastModifiedDate":"2024-09-06","isFullCredit":false},{"lineNumber":42,"author":{"gitId":"DarkDragoon2002"},"content":"            new Event(line);","lastModifiedDate":"2024-09-06","isFullCredit":false},{"lineNumber":43,"author":{"gitId":"DarkDragoon2002"},"content":"        } else {","lastModifiedDate":"2024-08-28","isFullCredit":false},{"lineNumber":44,"author":{"gitId":"DarkDragoon2002"},"content":"            System.out.println(\"Por Favor? Try a new request\");","lastModifiedDate":"2024-09-06","isFullCredit":false},{"lineNumber":45,"author":{"gitId":"DarkDragoon2002"},"content":"        }","lastModifiedDate":"2024-08-29","isFullCredit":false},{"lineNumber":46,"author":{"gitId":"DarkDragoon2002"},"content":"","lastModifiedDate":"2024-08-29","isFullCredit":false},{"lineNumber":47,"author":{"gitId":"DarkDragoon2002"},"content":"        lineMessage();","lastModifiedDate":"2024-08-28","isFullCredit":false},{"lineNumber":48,"author":{"gitId":"DarkDragoon2002"},"content":"        return true;","lastModifiedDate":"2024-08-29","isFullCredit":false},{"lineNumber":49,"author":{"gitId":"DarkDragoon2002"},"content":"    }","lastModifiedDate":"2024-08-28","isFullCredit":false},{"lineNumber":50,"author":{"gitId":"DarkDragoon2002"},"content":"","lastModifiedDate":"2024-08-29","isFullCredit":false},{"lineNumber":51,"author":{"gitId":"DarkDragoon2002"},"content":"    // Message Functions for cleaner main Function","lastModifiedDate":"2024-08-29","isFullCredit":false},{"lineNumber":52,"author":{"gitId":"DarkDragoon2002"},"content":"    public static void lineMessage() {","lastModifiedDate":"2024-08-28","isFullCredit":false},{"lineNumber":53,"author":{"gitId":"DarkDragoon2002"},"content":"        String line \u003d \"____________________________________________________________\\n\";","lastModifiedDate":"2024-08-28","isFullCredit":false},{"lineNumber":54,"author":{"gitId":"DarkDragoon2002"},"content":"        System.out.print(line);","lastModifiedDate":"2024-08-28","isFullCredit":false},{"lineNumber":55,"author":{"gitId":"DarkDragoon2002"},"content":"    }","lastModifiedDate":"2024-08-28","isFullCredit":false},{"lineNumber":56,"author":{"gitId":"DarkDragoon2002"},"content":"    public static void helloMessage() {","lastModifiedDate":"2024-08-28","isFullCredit":false},{"lineNumber":57,"author":{"gitId":"DarkDragoon2002"},"content":"        String greeting \u003d","lastModifiedDate":"2024-08-29","isFullCredit":false},{"lineNumber":58,"author":{"gitId":"DarkDragoon2002"},"content":"            \"               ._-\u0027-_ .\\n\" +","lastModifiedDate":"2024-08-29","isFullCredit":false},{"lineNumber":59,"author":{"gitId":"DarkDragoon2002"},"content":"            \"          . \u0027  /_-_-_\\\\   ` .\\n\" +","lastModifiedDate":"2024-08-29","isFullCredit":false},{"lineNumber":60,"author":{"gitId":"DarkDragoon2002"},"content":"            \"       .\u0027     |-_-_-_-|      `.\\n\" +","lastModifiedDate":"2024-08-29","isFullCredit":false},{"lineNumber":61,"author":{"gitId":"DarkDragoon2002"},"content":"            \"      (       `.-_-_-.\u0027        )\\n\" +","lastModifiedDate":"2024-08-29","isFullCredit":false},{"lineNumber":62,"author":{"gitId":"DarkDragoon2002"},"content":"            \"      !`.                    .\u0027!\\n\" +","lastModifiedDate":"2024-08-29","isFullCredit":false},{"lineNumber":63,"author":{"gitId":"DarkDragoon2002"},"content":"            \"        ! ` .            . \u0027 !\\n\" +","lastModifiedDate":"2024-08-29","isFullCredit":false},{"lineNumber":64,"author":{"gitId":"DarkDragoon2002"},"content":"            \"          ! ! ! ! ! ! ! !  !\\n\" +","lastModifiedDate":"2024-08-29","isFullCredit":false},{"lineNumber":65,"author":{"gitId":"DarkDragoon2002"},"content":"            \"            / /       \\\\ \\\\\\n\" +","lastModifiedDate":"2024-08-29","isFullCredit":false},{"lineNumber":66,"author":{"gitId":"DarkDragoon2002"},"content":"            \"          _-| \\\\___ ___/ /-_\\n\" +","lastModifiedDate":"2024-08-29","isFullCredit":false},{"lineNumber":67,"author":{"gitId":"DarkDragoon2002"},"content":"            \"         (_ )__\\\\_)\\\\(_/__( _)\\n\" +","lastModifiedDate":"2024-08-29","isFullCredit":false},{"lineNumber":68,"author":{"gitId":"DarkDragoon2002"},"content":"            \"             ))))\\\\X\\\\ ((((\\n\" +","lastModifiedDate":"2024-08-29","isFullCredit":false},{"lineNumber":69,"author":{"gitId":"DarkDragoon2002"},"content":"            \"               \\\\/ \\\\/ \\n\" +","lastModifiedDate":"2024-08-29","isFullCredit":false},{"lineNumber":70,"author":{"gitId":"DarkDragoon2002"},"content":"            \"Hola Amigo, I am Juan Cervantes Salamanca from Michoacan \\n\" +","lastModifiedDate":"2024-08-29","isFullCredit":false},{"lineNumber":71,"author":{"gitId":"DarkDragoon2002"},"content":"            \"Welcome to la familia \\n\" +","lastModifiedDate":"2024-08-29","isFullCredit":false},{"lineNumber":72,"author":{"gitId":"DarkDragoon2002"},"content":"            \"How can we help you? \\n\";","lastModifiedDate":"2024-08-29","isFullCredit":false},{"lineNumber":73,"author":{"gitId":"DarkDragoon2002"},"content":"        System.out.print(greeting);","lastModifiedDate":"2024-08-28","isFullCredit":false},{"lineNumber":74,"author":{"gitId":"DarkDragoon2002"},"content":"    }","lastModifiedDate":"2024-08-28","isFullCredit":false},{"lineNumber":75,"author":{"gitId":"DarkDragoon2002"},"content":"    public static void byeMessage() {","lastModifiedDate":"2024-08-28","isFullCredit":false},{"lineNumber":76,"author":{"gitId":"DarkDragoon2002"},"content":"        String bye \u003d \"Adios amigo, la familia will miss you\\n\";","lastModifiedDate":"2024-08-29","isFullCredit":false},{"lineNumber":77,"author":{"gitId":"DarkDragoon2002"},"content":"        System.out.print(bye);","lastModifiedDate":"2024-08-28","isFullCredit":false},{"lineNumber":78,"author":{"gitId":"DarkDragoon2002"},"content":"    }","lastModifiedDate":"2024-08-28","isFullCredit":false},{"lineNumber":79,"author":{"gitId":"DarkDragoon2002"},"content":"","lastModifiedDate":"2024-08-28","isFullCredit":false},{"lineNumber":80,"author":{"gitId":"DarkDragoon2002"},"content":"}","lastModifiedDate":"2024-08-28","isFullCredit":false}],"authorContributionMap":{"DarkDragoon2002":80}},{"path":"src/main/java/Task.java","fileType":"java","lines":[{"lineNumber":1,"author":{"gitId":"DarkDragoon2002"},"content":"public class Task {","lastModifiedDate":"2024-08-29","isFullCredit":false},{"lineNumber":2,"author":{"gitId":"DarkDragoon2002"},"content":"","lastModifiedDate":"2024-08-29","isFullCredit":false},{"lineNumber":3,"author":{"gitId":"DarkDragoon2002"},"content":"    // Keep track of tasks","lastModifiedDate":"2024-08-29","isFullCredit":false},{"lineNumber":4,"author":{"gitId":"DarkDragoon2002"},"content":"    private static Task[] tasks \u003d new Task[100];","lastModifiedDate":"2024-08-29","isFullCredit":false},{"lineNumber":5,"author":{"gitId":"DarkDragoon2002"},"content":"    private static int taskCount \u003d 0;","lastModifiedDate":"2024-09-06","isFullCredit":false},{"lineNumber":6,"author":{"gitId":"DarkDragoon2002"},"content":"","lastModifiedDate":"2024-08-29","isFullCredit":false},{"lineNumber":7,"author":{"gitId":"DarkDragoon2002"},"content":"    // Object specific variables","lastModifiedDate":"2024-08-29","isFullCredit":false},{"lineNumber":8,"author":{"gitId":"DarkDragoon2002"},"content":"    public String taskString;","lastModifiedDate":"2024-08-29","isFullCredit":false},{"lineNumber":9,"author":{"gitId":"DarkDragoon2002"},"content":"    public boolean isDone \u003d false;","lastModifiedDate":"2024-09-06","isFullCredit":false},{"lineNumber":10,"author":{"gitId":"DarkDragoon2002"},"content":"","lastModifiedDate":"2024-08-29","isFullCredit":false},{"lineNumber":11,"author":{"gitId":"DarkDragoon2002"},"content":"    // Constructor Function","lastModifiedDate":"2024-08-29","isFullCredit":false},{"lineNumber":12,"author":{"gitId":"DarkDragoon2002"},"content":"    public Task(String inputString) {","lastModifiedDate":"2024-09-06","isFullCredit":false},{"lineNumber":13,"author":{"gitId":"DarkDragoon2002"},"content":"        this.taskString \u003d inputString;","lastModifiedDate":"2024-09-06","isFullCredit":false},{"lineNumber":14,"author":{"gitId":"DarkDragoon2002"},"content":"        tasks[taskCount] \u003d this;","lastModifiedDate":"2024-09-06","isFullCredit":false},{"lineNumber":15,"author":{"gitId":"DarkDragoon2002"},"content":"        taskCount++;","lastModifiedDate":"2024-09-06","isFullCredit":false},{"lineNumber":16,"author":{"gitId":"DarkDragoon2002"},"content":"        System.out.println(\"Muy Bien, work hard compadre!\");","lastModifiedDate":"2024-08-29","isFullCredit":false},{"lineNumber":17,"author":{"gitId":"DarkDragoon2002"},"content":"        System.out.println(\"I\u0027ve Added the Task:\");","lastModifiedDate":"2024-08-29","isFullCredit":false},{"lineNumber":18,"author":{"gitId":"DarkDragoon2002"},"content":"        System.out.println(checkboxString());","lastModifiedDate":"2024-09-06","isFullCredit":false},{"lineNumber":19,"author":{"gitId":"DarkDragoon2002"},"content":"        System.out.println(\"You\u0027ve got \" + taskCount + \" tasks, better start working!\");","lastModifiedDate":"2024-09-06","isFullCredit":false},{"lineNumber":20,"author":{"gitId":"DarkDragoon2002"},"content":"    }","lastModifiedDate":"2024-08-29","isFullCredit":false},{"lineNumber":21,"author":{"gitId":"DarkDragoon2002"},"content":"","lastModifiedDate":"2024-08-29","isFullCredit":false},{"lineNumber":22,"author":{"gitId":"DarkDragoon2002"},"content":"    // Class mark function","lastModifiedDate":"2024-08-29","isFullCredit":false},{"lineNumber":23,"author":{"gitId":"DarkDragoon2002"},"content":"    public static void mark(int taskIndex){","lastModifiedDate":"2024-08-29","isFullCredit":false},{"lineNumber":24,"author":{"gitId":"DarkDragoon2002"},"content":"        if (taskIndex \u003c 0 || taskIndex \u003e\u003d taskCount){ // Validity Check","lastModifiedDate":"2024-09-06","isFullCredit":false},{"lineNumber":25,"author":{"gitId":"DarkDragoon2002"},"content":"            System.out.println(\"Not possible Amigo, try again\");","lastModifiedDate":"2024-08-29","isFullCredit":false},{"lineNumber":26,"author":{"gitId":"DarkDragoon2002"},"content":"            return;","lastModifiedDate":"2024-08-29","isFullCredit":false},{"lineNumber":27,"author":{"gitId":"DarkDragoon2002"},"content":"        }","lastModifiedDate":"2024-08-29","isFullCredit":false},{"lineNumber":28,"author":{"gitId":"DarkDragoon2002"},"content":"        tasks[taskIndex].isDone \u003d true;","lastModifiedDate":"2024-09-06","isFullCredit":false},{"lineNumber":29,"author":{"gitId":"DarkDragoon2002"},"content":"        System.out.println(\"Fantastica!!!! I marked it:\");","lastModifiedDate":"2024-08-29","isFullCredit":false},{"lineNumber":30,"author":{"gitId":"DarkDragoon2002"},"content":"        System.out.println(tasks[taskIndex].checkboxString());","lastModifiedDate":"2024-08-29","isFullCredit":false},{"lineNumber":31,"author":{"gitId":"DarkDragoon2002"},"content":"    }","lastModifiedDate":"2024-08-29","isFullCredit":false},{"lineNumber":32,"author":{"gitId":"DarkDragoon2002"},"content":"","lastModifiedDate":"2024-08-29","isFullCredit":false},{"lineNumber":33,"author":{"gitId":"DarkDragoon2002"},"content":"    // Class unmark function","lastModifiedDate":"2024-08-29","isFullCredit":false},{"lineNumber":34,"author":{"gitId":"DarkDragoon2002"},"content":"    public static void unmark(int taskIndex){","lastModifiedDate":"2024-08-29","isFullCredit":false},{"lineNumber":35,"author":{"gitId":"DarkDragoon2002"},"content":"        if (taskIndex \u003c 0 || taskIndex \u003e\u003d taskCount){ // Validity Check","lastModifiedDate":"2024-09-06","isFullCredit":false},{"lineNumber":36,"author":{"gitId":"DarkDragoon2002"},"content":"            System.out.println(\"Not possible Amigo, try again\");","lastModifiedDate":"2024-08-29","isFullCredit":false},{"lineNumber":37,"author":{"gitId":"DarkDragoon2002"},"content":"            return;","lastModifiedDate":"2024-08-29","isFullCredit":false},{"lineNumber":38,"author":{"gitId":"DarkDragoon2002"},"content":"        }","lastModifiedDate":"2024-08-29","isFullCredit":false},{"lineNumber":39,"author":{"gitId":"DarkDragoon2002"},"content":"        tasks[taskIndex].isDone \u003d false;","lastModifiedDate":"2024-09-06","isFullCredit":false},{"lineNumber":40,"author":{"gitId":"DarkDragoon2002"},"content":"        System.out.println(\"Ay Caramba, I unmarked it:\");","lastModifiedDate":"2024-08-29","isFullCredit":false},{"lineNumber":41,"author":{"gitId":"DarkDragoon2002"},"content":"        System.out.println(tasks[taskIndex].checkboxString());","lastModifiedDate":"2024-08-29","isFullCredit":false},{"lineNumber":42,"author":{"gitId":"DarkDragoon2002"},"content":"    }","lastModifiedDate":"2024-08-29","isFullCredit":false},{"lineNumber":43,"author":{"gitId":"DarkDragoon2002"},"content":"","lastModifiedDate":"2024-08-29","isFullCredit":false},{"lineNumber":44,"author":{"gitId":"DarkDragoon2002"},"content":"    // Function to create String with Checkbox and Task","lastModifiedDate":"2024-08-29","isFullCredit":false},{"lineNumber":45,"author":{"gitId":"DarkDragoon2002"},"content":"    public String checkboxString(){","lastModifiedDate":"2024-08-29","isFullCredit":false},{"lineNumber":46,"author":{"gitId":"DarkDragoon2002"},"content":"        String returnString \u003d \"[\";","lastModifiedDate":"2024-08-29","isFullCredit":false},{"lineNumber":47,"author":{"gitId":"DarkDragoon2002"},"content":"        if (this.isDone){","lastModifiedDate":"2024-09-06","isFullCredit":false},{"lineNumber":48,"author":{"gitId":"DarkDragoon2002"},"content":"            returnString +\u003d \"X\";","lastModifiedDate":"2024-08-29","isFullCredit":false},{"lineNumber":49,"author":{"gitId":"DarkDragoon2002"},"content":"        } else {","lastModifiedDate":"2024-08-29","isFullCredit":false},{"lineNumber":50,"author":{"gitId":"DarkDragoon2002"},"content":"            returnString +\u003d \" \";","lastModifiedDate":"2024-08-29","isFullCredit":false},{"lineNumber":51,"author":{"gitId":"DarkDragoon2002"},"content":"        }","lastModifiedDate":"2024-08-29","isFullCredit":false},{"lineNumber":52,"author":{"gitId":"DarkDragoon2002"},"content":"        returnString +\u003d \"] \" + this.taskString;","lastModifiedDate":"2024-08-29","isFullCredit":false},{"lineNumber":53,"author":{"gitId":"DarkDragoon2002"},"content":"        return returnString;","lastModifiedDate":"2024-08-29","isFullCredit":false},{"lineNumber":54,"author":{"gitId":"DarkDragoon2002"},"content":"    }","lastModifiedDate":"2024-08-29","isFullCredit":false},{"lineNumber":55,"author":{"gitId":"DarkDragoon2002"},"content":"","lastModifiedDate":"2024-08-29","isFullCredit":false},{"lineNumber":56,"author":{"gitId":"DarkDragoon2002"},"content":"    // Function to print out task checklist","lastModifiedDate":"2024-08-29","isFullCredit":false},{"lineNumber":57,"author":{"gitId":"DarkDragoon2002"},"content":"    public static void printTasksList(){","lastModifiedDate":"2024-08-29","isFullCredit":false},{"lineNumber":58,"author":{"gitId":"DarkDragoon2002"},"content":"        if (taskCount \u003d\u003d 0){","lastModifiedDate":"2024-09-06","isFullCredit":false},{"lineNumber":59,"author":{"gitId":"DarkDragoon2002"},"content":"            System.out.println(\"Por Favor? Nothing Here\");","lastModifiedDate":"2024-08-29","isFullCredit":false},{"lineNumber":60,"author":{"gitId":"DarkDragoon2002"},"content":"        } else {","lastModifiedDate":"2024-08-29","isFullCredit":false},{"lineNumber":61,"author":{"gitId":"DarkDragoon2002"},"content":"            System.out.println(\"Si compinche, your tasks:\");","lastModifiedDate":"2024-08-29","isFullCredit":false},{"lineNumber":62,"author":{"gitId":"DarkDragoon2002"},"content":"            for (int i \u003d 0; i \u003c taskCount; i++){","lastModifiedDate":"2024-09-06","isFullCredit":false},{"lineNumber":63,"author":{"gitId":"DarkDragoon2002"},"content":"                System.out.println((i+1) + \".\" + tasks[i].checkboxString());","lastModifiedDate":"2024-08-29","isFullCredit":false},{"lineNumber":64,"author":{"gitId":"DarkDragoon2002"},"content":"            }","lastModifiedDate":"2024-08-29","isFullCredit":false},{"lineNumber":65,"author":{"gitId":"DarkDragoon2002"},"content":"        }","lastModifiedDate":"2024-08-29","isFullCredit":false},{"lineNumber":66,"author":{"gitId":"DarkDragoon2002"},"content":"    }","lastModifiedDate":"2024-08-29","isFullCredit":false},{"lineNumber":67,"author":{"gitId":"DarkDragoon2002"},"content":"}","lastModifiedDate":"2024-08-29","isFullCredit":false}],"authorContributionMap":{"DarkDragoon2002":67}},{"path":"src/main/java/ToDo.java","fileType":"java","lines":[{"lineNumber":1,"author":{"gitId":"DarkDragoon2002"},"content":"public class ToDo extends Task{","lastModifiedDate":"2024-09-06","isFullCredit":false},{"lineNumber":2,"author":{"gitId":"DarkDragoon2002"},"content":"","lastModifiedDate":"2024-09-06","isFullCredit":false},{"lineNumber":3,"author":{"gitId":"DarkDragoon2002"},"content":"    public ToDo(String inputString){","lastModifiedDate":"2024-09-06","isFullCredit":false},{"lineNumber":4,"author":{"gitId":"DarkDragoon2002"},"content":"        super(inputString.replace(\"todo \", \"\"));","lastModifiedDate":"2024-09-06","isFullCredit":false},{"lineNumber":5,"author":{"gitId":"DarkDragoon2002"},"content":"    }","lastModifiedDate":"2024-09-06","isFullCredit":false},{"lineNumber":6,"author":{"gitId":"DarkDragoon2002"},"content":"","lastModifiedDate":"2024-09-06","isFullCredit":false},{"lineNumber":7,"author":{"gitId":"DarkDragoon2002"},"content":"    @Override","lastModifiedDate":"2024-09-06","isFullCredit":false},{"lineNumber":8,"author":{"gitId":"DarkDragoon2002"},"content":"    public String checkboxString() {","lastModifiedDate":"2024-09-06","isFullCredit":false},{"lineNumber":9,"author":{"gitId":"DarkDragoon2002"},"content":"        return \"[T]\" + super.checkboxString();","lastModifiedDate":"2024-09-06","isFullCredit":false},{"lineNumber":10,"author":{"gitId":"DarkDragoon2002"},"content":"    }","lastModifiedDate":"2024-09-06","isFullCredit":false},{"lineNumber":11,"author":{"gitId":"DarkDragoon2002"},"content":"}","lastModifiedDate":"2024-09-06","isFullCredit":false}],"authorContributionMap":{"DarkDragoon2002":11}}]
