{"authorDailyContributionsMap":{"DarkDragoon2002":[{"date":"2024-08-22","commitResults":[{"hash":"90c8452a124bb2ada6d39eb46157e470ba40134a","isMergeCommit":false,"messageTitle":"Level-0 Increment","messageBody":"1. Renamed Duke to Franz\n2. Created the greeting and exit functions\n3. Implemented the lines in between the messages\n","tags":["Level-0"],"fileTypesAndContributionMap":{"java":{"insertions":22,"deletions":10}}}]},{"date":"2024-08-28","commitResults":[{"hash":"6027a2d45390ca7e3d7212577a0ed4a0baf3992c","isMergeCommit":false,"messageTitle":"Level-1","messageBody":"1. Renamed Franz to Juan\n2. Implemented Echo feature\n","tags":["Level-1"],"fileTypesAndContributionMap":{"java":{"insertions":39,"deletions":22}}},{"hash":"0d164dd4269026a8fca3ecaf81fcbcc70c431528","isMergeCommit":false,"messageTitle":"Level-2","messageBody":"1. Added chatFeature Function to chat\n2. Neatened Code\n","tags":["Level-2"],"fileTypesAndContributionMap":{"java":{"insertions":20,"deletions":5}}}]},{"date":"2024-08-29","commitResults":[{"hash":"dded6bf2bf2e10db67d2d009f79da52dd2dfee29","isMergeCommit":false,"messageTitle":"Level-3","messageBody":"1. Creates Task Class\n2. Shifted Functions from Main to Task class\n3. Created functions to mark and unmark\n","tags":["Level-3"],"fileTypesAndContributionMap":{"java":{"insertions":78,"deletions":13}}},{"hash":"d0d0bda1ee42f1f8e291c7e891f336d4265e2af6","isMergeCommit":false,"messageTitle":"A-CodingStandard","messageBody":"1. Cleaned up Code\n2. Reduced Nesting\n3. Added Comments\n","tags":["A-CodingStandard"],"fileTypesAndContributionMap":{"java":{"insertions":55,"deletions":28}}}]},{"date":"2024-09-06","commitResults":[{"hash":"a43c3b2927b32d3a1ffd4431fef28f544288b61a","isMergeCommit":false,"messageTitle":"Added ToDo, Deadline and Event","messageBody":"","tags":["Level-4","A-CodeQuality"],"fileTypesAndContributionMap":{"java":{"insertions":66,"deletions":25}}}]},{"date":"2024-09-07","commitResults":[{"hash":"6a7f02081548071a9b2e2a9a6e286dfd90a47295","isMergeCommit":false,"messageTitle":"Added UI Text Testing","messageBody":"","tags":["A-TextUiTesting"],"fileTypesAndContributionMap":{"txt":{"insertions":7,"deletions":0},"java":{"insertions":6,"deletions":0},"bat":{"insertions":1,"deletions":1},"sh":{"insertions":1,"deletions":1}}}]},{"date":"2024-09-10","commitResults":[{"hash":"0d502733212e52bb48005e1585e5d9be640f3009","isMergeCommit":false,"messageTitle":"Implemented Deadline and Event Constructor Exceptions","messageBody":"","fileTypesAndContributionMap":{"java":{"insertions":70,"deletions":10}}},{"hash":"cb16bf3d30531fa942e7ffe742aa44ca97cb2ee8","isMergeCommit":false,"messageTitle":"Implemented ToDo Constructor Exceptions and Error Catching for chat commands","messageBody":"","tags":["Level-5"],"fileTypesAndContributionMap":{"java":{"insertions":51,"deletions":24}}},{"hash":"913e6413b96d33aaf988a222ab1da458b83db328","isMergeCommit":false,"messageTitle":"Implemented Packages","messageBody":"","tags":["A-Packages"],"fileTypesAndContributionMap":{"java":{"insertions":35,"deletions":5}}}]}]},"authorFileTypeContributionMap":{"DarkDragoon2002":{"java":310,"md":0,"fxml":0,"sh":1,"bat":1,"gradle":0,"txt":7}},"authorContributionVariance":{"DarkDragoon2002":2756.7178},"authorDisplayNameMap":{"DarkDragoon2002":"CS2113-W12-1 DHAS..HNAA"}}
