{"authorDailyContributionsMap":{"Oshen27":[{"date":"2024-08-28","commitResults":[{"hash":"15810c5f67cb8a29846f6417aed9a6c4845eb34a","isMergeCommit":false,"messageTitle":"Rename, Greet, Exit","messageBody":"","tags":["Level-0"],"fileTypesAndContributionMap":{"java":{"insertions":12,"deletions":10}}},{"hash":"9244e7fc4346a1897882b0c389abb91025624436","isMergeCommit":true,"messageTitle":"Merge commit \u002781a9c537afe8492675eb253968939364d65db091\u0027","messageBody":"","fileTypesAndContributionMap":{}}]},{"date":"2024-08-29","commitResults":[{"hash":"6fe4a3492ddf3812149d4f683c5972c9d2ee3e29","isMergeCommit":false,"messageTitle":"Echo and Add List","messageBody":"","tags":["Level-2","Level-1"],"fileTypesAndContributionMap":{"java":{"insertions":25,"deletions":1}}},{"hash":"d60d028c3abae8b9e680c7ab4f1d951fefe20257","isMergeCommit":false,"messageTitle":"Implemented Mark As Done feature","messageBody":"Added Task Class\n","tags":["Level-3"],"fileTypesAndContributionMap":{"java":{"insertions":53,"deletions":8}}},{"hash":"b113c3742a51e605bd0730fe32a12993f3183d2e","isMergeCommit":false,"messageTitle":"Tweaked code to comply with coding standard","messageBody":"","tags":["A-CodingStandard"],"fileTypesAndContributionMap":{"java":{"insertions":4,"deletions":6}}}]},{"date":"2024-09-04","commitResults":[{"hash":"2167e35e0397b9698f1935069918a15552c417fb","isMergeCommit":false,"messageTitle":"Added Todo, Deadline and Event classes","messageBody":"","fileTypesAndContributionMap":{"java":{"insertions":42,"deletions":1}}},{"hash":"ff2438be9171493412caf7f4e4faa37b3ca1a728","isMergeCommit":false,"messageTitle":"Implemented switch case for main loop, updated main loop with commands for adding Todo, deadline and event","messageBody":"","tags":["Level-4"],"fileTypesAndContributionMap":{"java":{"insertions":127,"deletions":28}}},{"hash":"58897c11512292df75faa2156e9cc474af9c5fd4","isMergeCommit":false,"messageTitle":"Refactored code to improve code quality","messageBody":"Created Command enum, CommandHandler class and ChatBotManager class to improve readability and organization of code\n","tags":["A-CodeQuality"],"fileTypesAndContributionMap":{"java":{"insertions":189,"deletions":124}}},{"hash":"b2e84bab4344baccdc0c3ecfb6bc2b5435ae1662","isMergeCommit":false,"messageTitle":"Implemented automated text UI testing","messageBody":"","tags":["A-TextUiTesting"],"fileTypesAndContributionMap":{"txt":{"insertions":7,"deletions":0},"sh":{"insertions":1,"deletions":1}}}]},{"date":"2024-09-13","commitResults":[{"hash":"03196e64c6cbb603b9cbd5c24f17b239c45d078f","isMergeCommit":false,"messageTitle":"Added Exception Handling to Bron","messageBody":"Added new Exception classes and updated error handling mechanism in CommandHandler\n","tags":["A-Exceptions"],"fileTypesAndContributionMap":{"java":{"insertions":125,"deletions":91}}},{"hash":"0b6a91502cdfc5999fb71f40ad759d6e9efcfa7e","isMergeCommit":false,"messageTitle":"Revert \"Added Exception Handling to Bron\"","messageBody":"This reverts commit 03196e64c6cbb603b9cbd5c24f17b239c45d078f.\n","fileTypesAndContributionMap":{"java":{"insertions":91,"deletions":125}}},{"hash":"75547c13812af040b81d016c299943ca97c179be","isMergeCommit":false,"messageTitle":"Updated ChatBotManager to remove redundant code","messageBody":"","fileTypesAndContributionMap":{"java":{"insertions":4,"deletions":7}}},{"hash":"c18e65945bdd4726a8c4f2005325cc77087a3885","isMergeCommit":false,"messageTitle":"Added Exception Handling to Bron","messageBody":"Added new Exception classes and updated error handling mechanism in CommandHandler\n","tags":["Level-5"],"fileTypesAndContributionMap":{"java":{"insertions":125,"deletions":91}}},{"hash":"8ed66fecdb4e6ac4adc0ab0691f8c7b2ef18b0bd","isMergeCommit":false,"messageTitle":"Organized the classes into suitable packages","messageBody":"","tags":["A-Packages"],"fileTypesAndContributionMap":{"java":{"insertions":40,"deletions":2}}},{"hash":"35f1c64d61c8c9b777ba13a31a594bd392caaab4","isMergeCommit":false,"messageTitle":"Updated runtest.sh for accurate testing","messageBody":"","fileTypesAndContributionMap":{"sh":{"insertions":2,"deletions":2}}}]},{"date":"2024-09-20","commitResults":[{"hash":"68450b34b2b4c63d7940a6d875bcb7961039b5e1","isMergeCommit":false,"messageTitle":"Changed data structure for storing tasks to ArrayList","messageBody":"","tags":["A-Collections"],"fileTypesAndContributionMap":{"java":{"insertions":23,"deletions":20}}},{"hash":"95704a6811e751754bb789f935e9214765728a88","isMergeCommit":false,"messageTitle":"Implemented delete command","messageBody":"","tags":["Level-6"],"fileTypesAndContributionMap":{"java":{"insertions":11,"deletions":1}}},{"hash":"8476ccbbfcdbebfdf8a7dd6e9ae73affe96e7ae2","isMergeCommit":false,"messageTitle":"Implemented TaskStorage class for saving and writing to files","messageBody":"","fileTypesAndContributionMap":{"java":{"insertions":41,"deletions":0}}}]},{"date":"2024-10-01","commitResults":[{"hash":"600ca8c1239d32a563968273758efe64f7ee7d30","isMergeCommit":true,"messageTitle":"Merge branch \u0027branch-Level-7\u0027 into branch-Level-6","messageBody":"","fileTypesAndContributionMap":{}},{"hash":"63e5a10f2b102bc4cd62a9ac4874936e7153c23a","isMergeCommit":false,"messageTitle":"Updated task classes to include toSaveFormat() method","messageBody":"","fileTypesAndContributionMap":{"java":{"insertions":20,"deletions":1}}},{"hash":"fdec429b2f1e7b521c2960e609b7e969e82c03a1","isMergeCommit":false,"messageTitle":"Fixed delete command and improved error handling","messageBody":"","fileTypesAndContributionMap":{"java":{"insertions":5,"deletions":1}}},{"hash":"ff0c571f53cac6a5929d904adf35d935925851c3","isMergeCommit":false,"messageTitle":"Implemented file saving to hard drive","messageBody":"","fileTypesAndContributionMap":{"java":{"insertions":38,"deletions":32}}},{"hash":"9ea272970ee2237877f6f958594e7c5369be8645","isMergeCommit":false,"messageTitle":"Updated task constructors. Implemented reading of data from hard drive upon chatbot launch","messageBody":"","tags":["Level-7"],"fileTypesAndContributionMap":{"java":{"insertions":74,"deletions":7}}},{"hash":"450686766980b845e6a255842876f84b51798a28","isMergeCommit":false,"messageTitle":"Updated error handling and implemented jar file","messageBody":"","tags":["A-Jar"],"fileTypesAndContributionMap":{"java":{"insertions":15,"deletions":1}}}]},{"date":"2024-10-09","commitResults":[{"hash":"b1c6ae70146df9d5c6f69136531b3655ad6fb8fc","isMergeCommit":false,"messageTitle":"Updated task saving method","messageBody":"","fileTypesAndContributionMap":{"java":{"insertions":17,"deletions":5}}},{"hash":"599547a8634420599d05a3f8c03c11564c2910e6","isMergeCommit":false,"messageTitle":"Implemented TaskList class","messageBody":"","fileTypesAndContributionMap":{"java":{"insertions":109,"deletions":81}}},{"hash":"a809934176e8e298f9006e2cb3804ef1746a6cb3","isMergeCommit":false,"messageTitle":"Implemented TextUI class to handle all interactions with user","messageBody":"","tags":["A-MoreOOP"],"fileTypesAndContributionMap":{"java":{"insertions":56,"deletions":9}}}]}]},"authorFileTypeContributionMap":{"Oshen27":{"java":604,"md":0,"fxml":0,"sh":2,"bat":0,"gradle":0,"txt":7}},"authorContributionVariance":{"Oshen27":15172.735},"authorDisplayNameMap":{"Oshen27":"CS2113-W10-4 SHEN..MING"}}
