{"authorDailyContributionsMap":{"Progresst-8":[{"date":"2024-08-31","commitResults":[{"hash":"d62d2c54f5d4a302e04e506585284700f015e2a1","isMergeCommit":false,"messageTitle":"Add level-0 increments Rename, Greet, Exit","messageBody":"","tags":["Level-0"],"fileTypesAndContributionMap":{"java":{"insertions":12,"deletions":10},"bat":{"insertions":1,"deletions":1},"sh":{"insertions":1,"deletions":1}}},{"hash":"dee8b950d51a5f9da1f02434354671280cc500b6","isMergeCommit":false,"messageTitle":"Add Level 1 Echo","messageBody":"Add personality to Yapper\u0027s text\n","tags":["Level-1"],"fileTypesAndContributionMap":{"java":{"insertions":18,"deletions":6}}},{"hash":"785409e9be74c2b8801c4eeaf75a2b604b69b0e5","isMergeCommit":false,"messageTitle":"Add Level 2 Add, List","messageBody":"Add ability to store user input and output all of them when requested.\nAdd line divider strings\n","tags":["Level-2"],"fileTypesAndContributionMap":{"java":{"insertions":15,"deletions":1}}},{"hash":"e580e0aee89151ecf298e6912471aaf3cdfc60fb","isMergeCommit":false,"messageTitle":"Add Level-3 Mark as Done; Made program obey SRP","messageBody":"Added the ability to mark Tasks as Done or Undone;\nSplit Yapper into more classes to handle one responsibility each:\n1 Yapper initializes TaskManager and runs the UserInterface.\n2 UserInterface chooses the instruction based on user input.\n3 TaskManager handles the various tasks stored by the user.\n4 InputStringHandler parses strings inputted by the user.\n5 OutputStringHandler formats strings to output to the user.\n6 Instruction handles the various instructions (implemented so far).\n7 Task contains features of tasks such as description is done-ness.\n8 CommonStrings contains important strings used in the program.\n","fileTypesAndContributionMap":{"java":{"insertions":195,"deletions":34}}}]},{"date":"2024-09-01","commitResults":[{"hash":"963d3ec37f11ce8497b257eb9b978d3b5063e91b","isMergeCommit":false,"messageTitle":"Add Level 4 ToDos, Events, Deadlines","messageBody":"Modified code to include the 3 new Task subtypes:\nAdd taskToString() for all of Task, TaskTodo, TaskDeadline and TaskEvent\nInputStringHandler can now parse the 3 new instructions\nOutputStringHandler can now format the 3 new instructions\nInstruction now includes the 3 new instruction types\nUserInterface now handles the 3 new instruction types\n","tags":["Level-4","A-Inheritance"],"fileTypesAndContributionMap":{"java":{"insertions":157,"deletions":40}}}]},{"date":"2024-09-02","commitResults":[{"hash":"356a358d768e0f347e4261c59eb8c18034e48cea","isMergeCommit":false,"messageTitle":"Renamed class that stores ChatBot speeches from CommonStrings to StringStorage.","messageBody":"The old name was not representative of what it currently does.\nAlso modified the messages sent upon startup and shutdown, as I felt the old one was bad. The new one sounds better.\n","fileTypesAndContributionMap":{"java":{"insertions":28,"deletions":25}}}]},{"date":"2024-09-04","commitResults":[{"hash":"c2dbc04b0696fadfae2ed5f67c5995244b7a616e","isMergeCommit":false,"messageTitle":"Amended abbr for Todo Deadline Event when printed to more closely align to the CS2113 website","messageBody":"","fileTypesAndContributionMap":{"java":{"insertions":4,"deletions":4}}},{"hash":"b8745c5b01efd59c3334ac3c898618f4c977049c","isMergeCommit":false,"messageTitle":"Amended Constructor arguments to be more descriptive","messageBody":"","tags":["A-CodeQuality"],"fileTypesAndContributionMap":{"java":{"insertions":10,"deletions":10}}},{"hash":"140be98fce1b30c54ef9a201a330f3a7f84697e9","isMergeCommit":false,"messageTitle":"Extracted 2 strings into a constant","messageBody":"For code readability and easier modification later on\n","fileTypesAndContributionMap":{"java":{"insertions":9,"deletions":9}}},{"hash":"0300eb855ec48d8b69a58629cbd57211c7e67351","isMergeCommit":false,"messageTitle":"Moved the print methods to the respective task classes","messageBody":"This shortens the definition for class OutputStringHandler\n","fileTypesAndContributionMap":{"java":{"insertions":35,"deletions":36}}}]},{"date":"2024-09-06","commitResults":[{"hash":"00a85fef9db3dc3dc9bc8d2ecfa1a7117624fccc","isMergeCommit":false,"messageTitle":"Renamed variable to make clearer what it is","messageBody":"","fileTypesAndContributionMap":{"java":{"insertions":6,"deletions":6}}},{"hash":"b17bd88a4a749cc68cab32752cc1f5cc494d5b7f","isMergeCommit":false,"messageTitle":"Fix OOB error caused when making deadline or event","messageBody":"","fileTypesAndContributionMap":{"java":{"insertions":55,"deletions":37}}}]},{"date":"2024-09-07","commitResults":[{"hash":"a84926c05b36055deacd7b3492f444aa69414362","isMergeCommit":false,"messageTitle":"Add error handling and refactor strings","messageBody":"","tags":["Level-5"],"fileTypesAndContributionMap":{"java":{"insertions":37,"deletions":15}}},{"hash":"ef524db852f926134b392f15f558cd96a238e489","isMergeCommit":false,"messageTitle":"Refactor variables and magic numbers","messageBody":"","fileTypesAndContributionMap":{"java":{"insertions":30,"deletions":17}}},{"hash":"61248fa416fe3e094e9b79554692959c53684500","isMergeCommit":false,"messageTitle":"Add a class for error handling","messageBody":"description empty or empty input error is handled\n","fileTypesAndContributionMap":{"java":{"insertions":3,"deletions":0}}},{"hash":"66dcb33d1526b73062b3c7d94b0c14032c553482","isMergeCommit":false,"messageTitle":"Add tentative method definitions for error handling","messageBody":"","fileTypesAndContributionMap":{"java":{"insertions":6,"deletions":1}}}]},{"date":"2024-09-13","commitResults":[{"hash":"ae28a210208ab7884146bdd657425d12ba09145d","isMergeCommit":false,"messageTitle":"Package classes, removed ADD from Instruction Set","messageBody":"Package entire program into one, also packaged the Task, Todo, Deadline, Event class into its own package/\nadd and todo used to do the same thing, so add instruction is subsumed under todo instruction.\n","tags":["A-Packages"],"fileTypesAndContributionMap":{"java":{"insertions":52,"deletions":21}}},{"hash":"404050240ad26b7103bc82ca87d03f5d64b64f4a","isMergeCommit":true,"messageTitle":"Merge branch \u0027master\u0027 into branch-Level-5","messageBody":"","fileTypesAndContributionMap":{}},{"hash":"bbfe5fae0edc69b094606a6d71e7ddd72470853a","isMergeCommit":false,"messageTitle":"refactor out main program loop into its own method","messageBody":"startYappin now consists of print statements and a loop, but no switch case statement\nhandleInstruction consists of a big switch case statement\n","fileTypesAndContributionMap":{"java":{"insertions":54,"deletions":43}}},{"hash":"fb8cc8bf94ed1e98e82495e9cbef09a59aeab633","isMergeCommit":false,"messageTitle":"Moved exception, instruction classes into their own package","messageBody":"Exception classes include: ErrorHandler YapperException\nInstruction classes include: InstructionHandler Instruction\n","tags":["A-Exceptions"],"fileTypesAndContributionMap":{"java":{"insertions":72,"deletions":28}}},{"hash":"e9e88075d14ac3ff15eb07bbe1997fca4f1ccc7d","isMergeCommit":false,"messageTitle":"Rename children of Task","messageBody":"","fileTypesAndContributionMap":{"java":{"insertions":12,"deletions":12}}},{"hash":"d3dcca2f6ac80b99256b2c6f3ef8a408ec5d2d32","isMergeCommit":false,"messageTitle":"Rename package stringHandlers to io","messageBody":"The old name felt too long\n","fileTypesAndContributionMap":{"java":{"insertions":11,"deletions":11}}},{"hash":"e05f981abfb63d7202b25e560dbbfe633025f727","isMergeCommit":true,"messageTitle":"Merge branch \u0027master\u0027 into branch-Level-5","messageBody":"","fileTypesAndContributionMap":{}},{"hash":"1a801e490250a4d4f7a9bf7ae02208c56652db60","isMergeCommit":false,"messageTitle":"Add exception handling to Yapper program","messageBody":"A lot of throw-try-catch blocks added\n","fileTypesAndContributionMap":{"java":{"insertions":71,"deletions":28}}}]},{"date":"2024-09-14","commitResults":[{"hash":"caea483917e8acd2998ac6de58ed1a04578feb4b","isMergeCommit":false,"messageTitle":"Update runtest to follow the new packaging","messageBody":"","fileTypesAndContributionMap":{"bat":{"insertions":2,"deletions":2},"sh":{"insertions":2,"deletions":2}}},{"hash":"92c59f50022aa144cd600c33b3a603def4d7a9b2","isMergeCommit":false,"messageTitle":"Changed code layout of StringStorage for cleanliness","messageBody":"","fileTypesAndContributionMap":{"java":{"insertions":44,"deletions":29}}},{"hash":"3b01a26e0d4e3fb604a90d7944db5debc8684d8e","isMergeCommit":false,"messageTitle":"Updated input.txt and expected.txt, shortened code for runtest.bat","messageBody":"","fileTypesAndContributionMap":{"txt":{"insertions":7,"deletions":0},"bat":{"insertions":1,"deletions":1}}}]},{"date":"2024-09-15","commitResults":[{"hash":"70bdd476ababcd8bc28f05c210c861b4552137a2","isMergeCommit":false,"messageTitle":"Simplified the code in various places","messageBody":"Removal of duplicated code:\n    The various handleAddInstruction methods were consolidated into 1\n    The various handle Mark and Unmark methods were consolidated into 1\nCleaning up of print methods:\n    printAddedTask has been removed from Task children as it is currently unecessary\n    printWithDividers to clearly separate input messages and output messages\nTask children prefixes refactored into StringStorage\nException handling added to parseUserInput\nVarious comments make to separate code more clearly\n","fileTypesAndContributionMap":{"java":{"insertions":104,"deletions":107}}},{"hash":"c8d32cb81d49e76677fa33e629f5c463316885ba","isMergeCommit":true,"messageTitle":"Merge branch \u0027cleanUpCode\u0027","messageBody":"","fileTypesAndContributionMap":{}},{"hash":"a14994c6c973acbaa9bf62dcb32a7ef14f142858","isMergeCommit":false,"messageTitle":"Renamed TaskManager to TaskHandler for consistency","messageBody":"Moved TaskHandler to task package\n","fileTypesAndContributionMap":{"java":{"insertions":25,"deletions":23}}},{"hash":"365875d74e55a56f85769a48492a65f591eed60e","isMergeCommit":false,"messageTitle":"Update readme for Setup and User Guide","messageBody":"","fileTypesAndContributionMap":{"md":{"insertions":68,"deletions":15}}},{"hash":"02d7c551e70bf71867368385ff2209240d976f02","isMergeCommit":false,"messageTitle":"Fix error in code that was storing event dates wrongly","messageBody":"end date was stored as both start and end date\n","fileTypesAndContributionMap":{"java":{"insertions":1,"deletions":1}}},{"hash":"ae30db8216347fa29e45f8c88bde04a5c7e8825d","isMergeCommit":false,"messageTitle":"Use Java Collections ArrayList\u003cTask\u003e instead of an array","messageBody":"\\\\\n","tags":["A-Collections"],"fileTypesAndContributionMap":{"java":{"insertions":11,"deletions":12}}},{"hash":"29072c450f3429e51356331f6840ce1b015c95e8","isMergeCommit":false,"messageTitle":"Amend code to reflect using arrayList instead of array","messageBody":"Method parameters and element access changed to reflect new data structure,\nNo longer a need for maxCapacity since data structure is now dynamic and not static\nNo longer a need for checkIfListFull since data structure has no maxCapacity\nNo longer a need for try-catch in handleAddInstruction\n","fileTypesAndContributionMap":{"java":{"insertions":7,"deletions":17}}},{"hash":"de9b4d978b45a3017de4eae620dc72da11b3c1f4","isMergeCommit":false,"messageTitle":"Amend code to reflect using arrayList instead of array","messageBody":"No longer a need for maxCapacity\n","fileTypesAndContributionMap":{"java":{"insertions":2,"deletions":2}}},{"hash":"d5dd13080676320a52624cd4c6fecc3503367e86","isMergeCommit":false,"messageTitle":"Add Delete to list of instructions","messageBody":"Removed BYE from InstructionType\nMoved error handling from printTasks (in class OutputStringHandler) to handleListInstruction (in class InstructionHandler)\nChanged code in handleMarkingInstruction\nAdd DELETE to parseUserInput (in InputStringHandler class)\nAdd DELETE to handleInstruction (in InstructionHandler class)\nAdd handleDeleteInstruction (in InstructionHandler class)\nAdd deleteTask (in TaskHandler class)\nAdd printDeletedTask (in Task class)\nAdd output message to StringStorage when task is deleted\nChanged how catch blocks print to output\n","tags":["Level-6"],"fileTypesAndContributionMap":{"java":{"insertions":75,"deletions":34}}},{"hash":"605f5fbab5e07a885357477b90f35156d0b0d6f9","isMergeCommit":false,"messageTitle":"Update UserGuide README","messageBody":"","fileTypesAndContributionMap":{"md":{"insertions":13,"deletions":3}}},{"hash":"bbec337b0037c5e4fedb7d77aea0a6412e6fdd97","isMergeCommit":true,"messageTitle":"Merge branch \u0027branch-Level-6\u0027","messageBody":"","fileTypesAndContributionMap":{}}]},{"date":"2024-09-17","commitResults":[{"hash":"60e2d81463b725736eda330f0156c2fc88abaae0","isMergeCommit":false,"messageTitle":"Add ability to save task list into file","messageBody":"Add storing and loading data methods in TaskHandler\nAdd various stringToTask and taskToString methods to the Task class and subclasses\n","fileTypesAndContributionMap":{"java":{"insertions":113,"deletions":14}}},{"hash":"2e1bd20e9101085ab4ce4171f8a5c1227b832a5b","isMergeCommit":true,"messageTitle":"Resolve merge conflicts from branch \u0027branch-Level-7\u0027 between Task and TaskHandler","messageBody":"Add strings relating to saving and loading and corresponding error messages in StringStorage\nAdd error handling methods during saving and loading in ErrorHandler\nAdd save-data and load-data handling methods in InstructionHandler\nAdd taskToDisplay (for display during program run), taskToString (for saving data), stringToTask (for loading save data) method for each of Task, Todo, Deadline, Event\nAdd constructor that takes in boolean for task done status for each of Task, Todo, Deadline, Event\nAdd storeTaskData and loadTaskData methods in TaskHandler\nAdd stringToTasks method to select the correct Task subchild from string in TaskHandler\n","tags":["Level-7"],"fileTypesAndContributionMap":{}},{"hash":"4a50e470e8ae8c6f8bc32f9e369f037a99465bfe","isMergeCommit":false,"messageTitle":"Change stuff in user guide README","messageBody":"","fileTypesAndContributionMap":{"md":{"insertions":11,"deletions":3}}},{"hash":"82b38cdc1988b7350edcc2d78e3bf98564bc87e1","isMergeCommit":false,"messageTitle":"Change startup, shutdown and help messages.","messageBody":"Changed the startYappin method accordingly\n","fileTypesAndContributionMap":{"java":{"insertions":23,"deletions":19}}},{"hash":"d2e020b2d059e7b7ee1da77917435d6010882aeb","isMergeCommit":false,"messageTitle":"Refactor symbols related to output and put them into StringStorage","messageBody":"","fileTypesAndContributionMap":{"java":{"insertions":11,"deletions":3}}},{"hash":"84150606ae4998ebbae50fa12d4c7c0bf5794801","isMergeCommit":false,"messageTitle":"Made changes regarding error handling","messageBody":"Move error handling out of updateTaskStatus (in TaskHandler) into handleMarkingInstruction (in InstructionHandler)\nRename OOB check method as it was misnamed\nDid some rearranging of methods in ErrorHandler\nAdd some comments\n","fileTypesAndContributionMap":{"java":{"insertions":33,"deletions":30}}},{"hash":"c208908334fa277f26dd3f338bfb083d5db7b787","isMergeCommit":false,"messageTitle":"Move file handling methods into its own class","messageBody":"","fileTypesAndContributionMap":{"java":{"insertions":80,"deletions":58}}},{"hash":"3b3a454712e1ff7ac33cf0c32ebc2d3251a3daca","isMergeCommit":false,"messageTitle":"Add error handling when reading from user or file","messageBody":"Removed stringToTask methods (in Task Todo Deadline Event), now this responsibility is to parseFileInput (in SaveFileHandler class)\nAdd methods (in ErrorHandler class) to check for missing arguments for Todo Deadline List or if task type and status are valid\nThe abovementioned new methods for missing arguments are used in in parseFileInput method (in SaveFileHandler class) and parseUserInput method (in InputStringHandler class)\nAdd relavant error messages (in StringStorage class)\n","fileTypesAndContributionMap":{"java":{"insertions":99,"deletions":51}}},{"hash":"b375ae31273a9dc9985b87ad1df21c40f87e0aeb","isMergeCommit":false,"messageTitle":"Add input validation methods and some comments","messageBody":"","fileTypesAndContributionMap":{"java":{"insertions":50,"deletions":27}}}]},{"date":"2024-09-20","commitResults":[{"hash":"18f389581fad87929d7e08f57dd3603f9bda7580","isMergeCommit":false,"messageTitle":"Move print methods out from TaskHandler and into InstructionHandler","messageBody":"","fileTypesAndContributionMap":{"java":{"insertions":8,"deletions":7}}}]},{"date":"2024-09-21","commitResults":[{"hash":"cf21880cab73856462ff1c3f93063741956ced42","isMergeCommit":false,"messageTitle":"Refactor attribute and rename class","messageBody":"Refactor INDEX_OFFSET\nRenamed ErrorHandler class to ExceptionHandler\n","fileTypesAndContributionMap":{"java":{"insertions":12,"deletions":11}}},{"hash":"f3a63214940c696cb957b82e883051a8da5f2161","isMergeCommit":false,"messageTitle":"Rewrote methods in SaveFileHandler","messageBody":"Added those methods to InstructionHandler and Yapper\n","fileTypesAndContributionMap":{"java":{"insertions":97,"deletions":56}}},{"hash":"54860f3dad23b5c4bb406d042ce90b1bfe1e1157","isMergeCommit":false,"messageTitle":"Moved throwing exception to default switch case branch","messageBody":"","fileTypesAndContributionMap":{"java":{"insertions":4,"deletions":4}}},{"hash":"12f2c6483aa5844b09d308e1670c8f523b2b18da","isMergeCommit":false,"messageTitle":"Remove WIP save and load methods as it is now implemented differently","messageBody":"","fileTypesAndContributionMap":{"java":{"insertions":0,"deletions":7}}},{"hash":"f6bb7c8954f86f3adac609647e62967df21471a7","isMergeCommit":false,"messageTitle":"Move printAddedTask and printDeletedTask methods from Task to OSH","messageBody":"","fileTypesAndContributionMap":{"java":{"insertions":14,"deletions":13}}},{"hash":"008ddce56974e3028be18a0af359a2434b36f519","isMergeCommit":false,"messageTitle":"Update method used to printing the while list to output","messageBody":"","fileTypesAndContributionMap":{"java":{"insertions":1,"deletions":1}}},{"hash":"eac81f3c8518976f8216e450af3876fb0a5774a8","isMergeCommit":false,"messageTitle":"Update desc of taskToString for Todo Deadline Event","messageBody":"","fileTypesAndContributionMap":{"java":{"insertions":3,"deletions":6}}}]},{"date":"2024-09-22","commitResults":[{"hash":"f627085f880eb3b766623c2eafcc78c5777a466d","isMergeCommit":false,"messageTitle":"Rename checkIfListEmpty method to overload checkIfTaskOrdinalIsOutOfRange","messageBody":"also, Move print methods from Task to OutputStringHandler\n","fileTypesAndContributionMap":{"java":{"insertions":8,"deletions":11}}},{"hash":"d0fa9cbae5899f692ca62a9e1a4147c4fa5f2674","isMergeCommit":false,"messageTitle":"Move delimiter strings from InputStringHandler class to StringStorage class","messageBody":"","fileTypesAndContributionMap":{"java":{"insertions":5,"deletions":2}}},{"hash":"318a0ac07d18470b152e71898c8cabb3c4fea438","isMergeCommit":false,"messageTitle":"Extract prefix strings into a constant","messageBody":"","fileTypesAndContributionMap":{"java":{"insertions":13,"deletions":5}}},{"hash":"3f9394d65c2bb818cdf780b944ebbffaa49a0ddf","isMergeCommit":false,"messageTitle":"Move instruction prefixes from InputStringHandler to StringStorage","messageBody":"","fileTypesAndContributionMap":{"java":{"insertions":29,"deletions":39}}},{"hash":"c710911afbc6d8ed2f0320962053a5e663bdbb6d","isMergeCommit":false,"messageTitle":"Add comments, getters, setters","messageBody":"","fileTypesAndContributionMap":{"java":{"insertions":17,"deletions":11}}},{"hash":"6ebabaecb2dc3ad999fbc1095fc837349b6734f9","isMergeCommit":false,"messageTitle":"Rework methods","messageBody":"In class SaveFileHandler, reworked methods loadTasks and loadTask to use ExceptionHandler directly\nIn class InputStringHandler, rework method parseUserInput to use ExceptionHandler directly\nIn class InputStringHandler, add methods splitStringByDeadlineKeyword and splitStringByEventKeyword\nIn class ExceptionHandler, combined 2 check-if-string-empty methods into a single checkIfUserInputStringEmpty method\nIn class ExceptionHandler, add methods checkIfDeadlineKeywordsPresent and checkIfEventKeywordsPresent\nIn class ExceptionHandler, changed some comments and strings\n","fileTypesAndContributionMap":{"java":{"insertions":121,"deletions":128}}},{"hash":"4314adb4b6def37618541fb40269dab966c05ac3","isMergeCommit":false,"messageTitle":"Change excepion messages","messageBody":"Changed 3 DELIMITER strings to be public static final instead of static (I should\u0027ve done this earlier)\nAdd PREFIX string for BYE instruction\nChange some comments\nAdd isEmpty to TaskHandler\n","fileTypesAndContributionMap":{"java":{"insertions":86,"deletions":40}}},{"hash":"d6db0078f5af59a55afe8a30ca6bf31b243295ed","isMergeCommit":false,"messageTitle":"Made some minor changes","messageBody":"Move .trim() code out of handleInstruction method (in InstructionHandler class) into parseUserInput method (in InputStringHandler class)\nChange strings in SaveFileHandler\nChange code in InputStringHandler\nFormat code in InputStringHandler\nChange code to compare strings from using \"string1 !\u003d string2\" to using \"!string1.equals(string2)\" (in InputStringHandler class)\nChange code that splits string into type and args from .indexOf() \u0026 .substring() to .split() (in InputStringHandler class)\nChange code in checkIfUserInputEmpty method to differentiate between when userInput empty and when arguments are missing (in ExceptionHandler)\n","fileTypesAndContributionMap":{"java":{"insertions":30,"deletions":23}}},{"hash":"d9b0854e72f0769365b5658767d3471c4ee461c0","isMergeCommit":false,"messageTitle":"Made exception message more descriptive","messageBody":"Deleted unused methods in ExceptionHandler class\n","fileTypesAndContributionMap":{"java":{"insertions":13,"deletions":15}}}]},{"date":"2024-09-23","commitResults":[{"hash":"5276dc78a5c07c42b4151a7bd58f6280ffaa8c9c","isMergeCommit":false,"messageTitle":"Correct error where task is marked as done when it isn\u0027t, and vice versa","messageBody":"","fileTypesAndContributionMap":{"java":{"insertions":1,"deletions":1}}},{"hash":"c72e37ab02d859c77e2176c73aa2b9dc77589627","isMergeCommit":false,"messageTitle":"Add and modified exception handling methods","messageBody":"Some exception messages were refactored to StringStorage class\nAdd some newlines to strings in StringStorage class\nAmend error in OutputStringHandler that was using taskToString instead of taskToDisplay\n","fileTypesAndContributionMap":{"java":{"insertions":95,"deletions":23}}},{"hash":"0da88737745c0e5fc179d475c617b92ca9b247c3","isMergeCommit":false,"messageTitle":"Change the way line dividers are used in Yapper","messageBody":"","fileTypesAndContributionMap":{"java":{"insertions":3,"deletions":3}}},{"hash":"cd6e1823cc0ad2d7413e31f53a9c4fa52cac8980","isMergeCommit":false,"messageTitle":"Amend error in OutputStringHandler that used taskToString instead of taskToDisplay","messageBody":"","fileTypesAndContributionMap":{"java":{"insertions":2,"deletions":2}}},{"hash":"ddb902ed1199cb86545f4ce5205a1a741bed57e6","isMergeCommit":false,"messageTitle":"Made changes in InstructionHandler class","messageBody":"Conversion of ordinals between 0-index (ArrayList) and 1-index (Yapper output) is moved from the individual handlers (delete, mark, unmark) to the main handler\nThose individual handlers now throw to the main handler\nSome exception handling strings were changed in the individual handlers\nhandleInstruction now has 2 try-catch blocks: one for parsing and one for executing\n","fileTypesAndContributionMap":{"java":{"insertions":70,"deletions":54}}},{"hash":"dc154276105d298821b47439548c36157b02d807","isMergeCommit":false,"messageTitle":"Removed line dividers from OutputStringHandler methods","messageBody":"Due to accounting for possible exception messages after these print statements, the main Yapper class handles it instead\n","fileTypesAndContributionMap":{"java":{"insertions":4,"deletions":6}}},{"hash":"ea7b7e994a23dc1676060ccb717bfd1a1131237b","isMergeCommit":false,"messageTitle":"Change code in SaveFileHandler class","messageBody":"Change string SAVE_FILE_PATH\nRemoved print statements (that check if there are errors during saving/loading process) as the try-catch blocks handle it\nRemoved ordinal correction as that is already handled by handleInstruction in an earlier commit\nloadTask now has a default switch-case, so the return null is not needed.\nAdd code to create new txt file and folder if not already created.\n","fileTypesAndContributionMap":{"java":{"insertions":25,"deletions":18}}},{"hash":"52c38cd68b9012e13f8cbf4d99b0e193d346aa5d","isMergeCommit":false,"messageTitle":"Change IS_DONE and NOT_DONE symbols to X and O","messageBody":"The old pair includes a \" \" which is may be misleading as to whether the savefile is corrupted or not\n","fileTypesAndContributionMap":{"java":{"insertions":2,"deletions":2}}},{"hash":"2a8f2b60c46503267bb9faeabcd86863d6e31290","isMergeCommit":false,"messageTitle":"Refactored out LINE_DIVIDER from if-else blocks","messageBody":"","fileTypesAndContributionMap":{"java":{"insertions":1,"deletions":1}}},{"hash":"23e44d8776691009599bb935140fedb68c49fd15","isMergeCommit":false,"messageTitle":"Add limit for split to check for missing arguments","messageBody":"","fileTypesAndContributionMap":{"java":{"insertions":3,"deletions":3}}},{"hash":"7265017b8730f5b9643c8b731bcbbdfccfbb3f4e","isMergeCommit":false,"messageTitle":"Fix exception handling for file input-output","messageBody":"Add check-for-empty code in loadTasks method\nAdd check for fields in file for exception handling\nAdd a comma in YapperException message to make separate line in file and message\nAdd split-by-delimiter methods to SaveFileHandler\nAdd limit to .split() for exception handling purposes\nChange taskToString methods for Task Todo Deadline Event\nComment out strings in StringStorage class\nAdd split-by-delimiter methods to InputStringHandler and amend relevant code in the method above\nRename comment in InputStringHandler\n","fileTypesAndContributionMap":{"java":{"insertions":78,"deletions":39}}},{"hash":"c4b2ff5a6ce43fc593f568cb9eb49365cf47c198","isMergeCommit":false,"messageTitle":"Add exception handling if user input doesn\u0027t start with any of the known prefixes","messageBody":"","fileTypesAndContributionMap":{"java":{"insertions":1,"deletions":0}}},{"hash":"4d0bf790b0361ebdd5490c09875dabb524427a33","isMergeCommit":false,"messageTitle":"Split file handling class into input and output specific classes","messageBody":"Refactor SAVE_FILE_PATH from SaveFileHandler to StringStorage\nSplit SaveFileHandler class into classes InputFileHandler and OutputFileHandler\n","tags":["A-MoreOOP","A-JAR"],"fileTypesAndContributionMap":{"java":{"insertions":95,"deletions":85}}},{"hash":"35811b48f117f8d1dc38f17f75accb45004652ca","isMergeCommit":false,"messageTitle":"Add JavaDoc comments to my code","messageBody":"Add JavaDoc comments to Yapper class, and its methods: main, startYappin\nAdd JavaDoc comments to ExceptionHandler class, and all its 12 methods\nAdd JavaDoc comments to YapperException class, and its methods: Constructor\nAdd JavaDoc comments to InputFileHandler class, and all its 3 methods\nAdd JavaDoc comments to OutputFileHandler class, and all its 4 methods\nAdd JavaDoc comments to InputStringHandler class, and all its 3 methods\nAdd JavaDoc comments to OutputStringHandler class, and all its 4 methods\nAdd JavaDoc comments to StringStorage class, and all its 2 methods: splitByDelimiter, printWithDividers. The various attributes/fields are grouped by purpose and those groups get a JavaDoc.\nAdd JavaDoc comments to Instruction class, InstructionType enum, all of its 4 attributes/fields and none of its methods\nAdd JavaDoc comments to InstructionHandler class, and all its 5 methods\nAdd JavaDoc comments to TaskHandler class, and 6 of its methods\nAdd JavaDoc comments to Task class, and 7 of its methods\nAdd JavaDoc comments to Todo class, and 2 of its methods\nAdd JavaDoc comments to Deadline class, and 2 of its methods\nAdd JavaDoc comments to Event class, and 2 of its methods\n","fileTypesAndContributionMap":{"java":{"insertions":569,"deletions":36}}},{"hash":"837a48a89fb8b2d9f163aeb14b20fa1c9d0c9241","isMergeCommit":false,"messageTitle":"Add date-related attributes and methods to classes Deadline and Event","messageBody":"","fileTypesAndContributionMap":{"java":{"insertions":58,"deletions":20}}},{"hash":"9bd6af157c062e19f0ad6fee195d2ed1fdc9ba55","isMergeCommit":false,"messageTitle":"Add LocalDate attributes and in Construction of Deadline and Event objects","messageBody":"","fileTypesAndContributionMap":{"java":{"insertions":50,"deletions":31}}},{"hash":"fef0d2299014c98603a4daa712679ee32cdc984c","isMergeCommit":false,"messageTitle":"Add date and time formatting to Deadline and Event classes","messageBody":"Amend overriden taskToDisplay and taskToString methods in both Deadline and Evenet classes\nDeadline and Event classes share similar date constructors and require the same string format constants and getDateTimeFromString\nAdd new class DateAndTimeHandler to store these shared attributes and methods\n","fileTypesAndContributionMap":{"java":{"insertions":94,"deletions":18}}}]},{"date":"2024-09-24","commitResults":[{"hash":"804d61e3c63d26cba3e66072be1c27ec037c2bf8","isMergeCommit":false,"messageTitle":"Add find functionality to Yapper chatbot program, execution-wise (not parsing-wise)","messageBody":"FIND lists all matching tasks (not just the top N), is case-sensitive (not case-insensitive), match substring (not match whole words) and searches description only (not start date or end date).\nAdd printTaskWithoutOrdinal and printTaskWithOrdinal methods to OutputStringHandler to adhere to SLAP, and also because similar patterns of code is found throughout OutputStringHandler\nprintAllTasks in OutputStringHandler used to use .get() which is a ArrayList method and not a List\u003cTask\u003e tasks method, so TaskManager is passed as an argument so that I can use getTaskOrdinal() or getTask() instead\nAdd printTasksMatchQuery method in OutputStringHandler to handle FIND, which follows the idea above\nEdit printAllTasks and printTasksMatchQuery function calls in handleFindInstruction and handleListInstruction (in InstructionHandler) respectively\nAdd in FIND in handleInstruction method\u0027s match-case and a handleFindInstruction\nAdd FIND to InstructionType enum\nAdd 2 string constants related to finding in StringStorage class\n","fileTypesAndContributionMap":{"java":{"insertions":60,"deletions":14}}},{"hash":"59b44e0f4bd6a123c66bdd28826547e5609d43a4","isMergeCommit":false,"messageTitle":"Change output messages for FIND","messageBody":"Add string constants to StringStorage\nAdd comments in InstructionHandler\n","fileTypesAndContributionMap":{"java":{"insertions":11,"deletions":3}}},{"hash":"cbcfe89c87ab862024cb1539ccc416e6f170f9d7","isMergeCommit":false,"messageTitle":"Add personality to Yapper\u0027s yappin","messageBody":"Every print method in OutputStringHandler now has a dedicated string before and after it.\nAdd string constants to StringStorage class\n","fileTypesAndContributionMap":{"java":{"insertions":35,"deletions":15}}},{"hash":"01040f1a573365b33c46bbc42e5f05f190c16f3a","isMergeCommit":false,"messageTitle":"Rename methods","messageBody":"For consistency and clarity, the 4 print methods start with \"print\" and the 2 methods that don\u0027t print (but instead returns a String) start with \"display\"\n","fileTypesAndContributionMap":{"java":{"insertions":7,"deletions":7}}},{"hash":"608cd356d030cf13fa7af798cf070f8e0ff62d43","isMergeCommit":false,"messageTitle":"Remove extra LINE_DIVIDER, else Yapper prints 2 when user inputs BYE","messageBody":"","fileTypesAndContributionMap":{"java":{"insertions":0,"deletions":1}}},{"hash":"f94304d7d252f434907aa66fe575987cc92e4184","isMergeCommit":false,"messageTitle":"Add find functionality to Yapper chatbot program, parsing-wise","messageBody":"Update checkIfStartWithInstructionPrefix method to also check for FIND (in ExceptionHandler)\nAdd exception checker method checkIfFindArgsMissing (in ExceptionHandler)\nAdd FIND switch-case branch in parseUserInput method (in InputStringHandler class)\nAdd string constants related to finding (in StringStorage class)\nAdd comment in Instruction class\n","fileTypesAndContributionMap":{"java":{"insertions":24,"deletions":3}}},{"hash":"6e4347dacd86170129693e4ca2ee9fbf006f1f56","isMergeCommit":false,"messageTitle":"Fix bug where printAllTasks and printTasksMatchQuery did not print to output","messageBody":"2 print methods in OutputStringHandler class did not print tasks because display methods returns a string and does not print.\nRename 2 TaskHandler methods for clarity\nAdd newline to RELEVANT_TASKS_FOUND_STRING\n","fileTypesAndContributionMap":{"java":{"insertions":11,"deletions":9}}},{"hash":"f133fcf662b7f6d0703cc1d1414ae122d915c003","isMergeCommit":false,"messageTitle":"Made Yapper more conversational and other minor changes","messageBody":"Change string constants in StringStorage class that are used in OutputStringHandler class\nFix syntax errors in OutputStringHandler class\nRename printTasksMatchQuery method in OutputStringHandler class as it was too wordy\n","fileTypesAndContributionMap":{"java":{"insertions":15,"deletions":15}}},{"hash":"024ed2950275e7bcea4a3f0531d3df897d93fdde","isMergeCommit":true,"messageTitle":"Merge pull request #1 from Progresst-8/branch-Level-8","messageBody":"Add date and time functionality to Yapper","fileTypesAndContributionMap":{}},{"hash":"32143556eb666c62173e62edfeb407797756e872","isMergeCommit":true,"messageTitle":"Merge branch \u0027master\u0027 of https://github.com/Progresst-8/ip","messageBody":"","tags":["Level-8"],"fileTypesAndContributionMap":{}},{"hash":"ce34447f74a527c384a6a300382f5e1d11f85ed7","isMergeCommit":true,"messageTitle":"Merge branch \u0027master\u0027 into branch-Level-9","messageBody":"","fileTypesAndContributionMap":{}},{"hash":"a1f760bde40ac2804001437abb9e79f9163a5cdf","isMergeCommit":true,"messageTitle":"Merge branch \u0027master\u0027 into branch-A-JavaDoc","messageBody":"# Conflicts:\n#\tsrc/main/java/yapper/tasks/Deadline.java\n#\tsrc/main/java/yapper/tasks/Event.java\n","fileTypesAndContributionMap":{}},{"hash":"85c60f082458848a857e728c0d0fe095a45c1f84","isMergeCommit":false,"messageTitle":"Made formatting changes","messageBody":"","fileTypesAndContributionMap":{"java":{"insertions":13,"deletions":16}}},{"hash":"36ccdd036911ad1da1be63af8645ddce19dc3087","isMergeCommit":true,"messageTitle":"Merge pull request #2 from Progresst-8/branch-Level-9","messageBody":"Merging branch-level-9 into master","fileTypesAndContributionMap":{}},{"hash":"aa9b0b28668c7502ce7b86a07911c851c462c237","isMergeCommit":true,"messageTitle":"Merge branch \u0027master\u0027 of https://github.com/Progresst-8/ip","messageBody":"","fileTypesAndContributionMap":{}},{"hash":"5158d8857f32649bab438c486294f426296e0d28","isMergeCommit":true,"messageTitle":"Merge branch \u0027master\u0027 into branch-A-JavaDoc","messageBody":"# Conflicts:\n#\tsrc/main/java/yapper/exceptions/ExceptionHandler.java\n#\tsrc/main/java/yapper/instructions/InstructionHandler.java\n#\tsrc/main/java/yapper/io/OutputStringHandler.java\n#\tsrc/main/java/yapper/io/StringStorage.java\n#\tsrc/main/java/yapper/tasks/TaskHandler.java\n","fileTypesAndContributionMap":{}},{"hash":"2ca07ae6dfe65eda2c4301572c216b93d53b026d","isMergeCommit":true,"messageTitle":"Merge branch \u0027branch-A-JavaDoc\u0027","messageBody":"","tags":["Level-9","A-JavaDoc"],"fileTypesAndContributionMap":{}},{"hash":"a90a737e3fe24b3819af0439ba7920cae482692c","isMergeCommit":false,"messageTitle":"Add support for a HELP command that prints some instructions.","messageBody":"","fileTypesAndContributionMap":{"java":{"insertions":21,"deletions":10}}},{"hash":"77385bdf2ba6c2645bd450f6a2d3c5ac4cd76661","isMergeCommit":false,"messageTitle":"Edited 2 README.md files","messageBody":"One is a quickstart, the other (in a docs folder) is a User Guide\n","fileTypesAndContributionMap":{"md":{"insertions":162,"deletions":33}}},{"hash":"d8af1c1aa4c550ba2e277f50ce2f9589be957c81","isMergeCommit":false,"messageTitle":"Remove an unintended extra space when printing Deadlines or Events","messageBody":"","fileTypesAndContributionMap":{"java":{"insertions":2,"deletions":2}}},{"hash":"14b3b0674549d23d18fdbe93239be72f24b83b18","isMergeCommit":false,"messageTitle":"Change some comments in StringStorage","messageBody":"","tags":["A-UserGuide"],"fileTypesAndContributionMap":{"java":{"insertions":6,"deletions":11}}},{"hash":"3ac49843ee69ab362537a2caecd1290f5aa96365","isMergeCommit":false,"messageTitle":"Made changes to User Guide README","messageBody":"","fileTypesAndContributionMap":{"md":{"insertions":7,"deletions":5}}},{"hash":"8ddb55e07be4f34d0c589da4891d19185b14de47","isMergeCommit":false,"messageTitle":"Clean up code, add some JavaDoc","messageBody":"","fileTypesAndContributionMap":{"java":{"insertions":260,"deletions":51}}},{"hash":"642a2a0f9315366730f5752b07ee93ea0b2f209f","isMergeCommit":false,"messageTitle":"Fix bug when parsing data from text file","messageBody":"","fileTypesAndContributionMap":{"java":{"insertions":9,"deletions":10}}},{"hash":"20a8740877df97cd3c1599db6602c58d770ec9c0","isMergeCommit":false,"messageTitle":"Add javadocs","messageBody":"","fileTypesAndContributionMap":{"java":{"insertions":80,"deletions":31}}},{"hash":"79781039f6ce6d1e65a30b3abe22a60f30e39d21","isMergeCommit":false,"messageTitle":"Swapped class names for Input and Output File Handling, as they were misnamed","messageBody":"","tags":["A-Personality","A-MoreErrorHandling"],"fileTypesAndContributionMap":{"java":{"insertions":184,"deletions":184}}}]},{"date":"2024-09-25","commitResults":[{"hash":"8c52e149afb18aa8ffa5a90f5262fcc66dd10034","isMergeCommit":false,"messageTitle":"Add test class files","messageBody":"","fileTypesAndContributionMap":{"java":{"insertions":0,"deletions":0}}},{"hash":"b2423055d9bf24da4cef27747194ea9d7bd197ff","isMergeCommit":false,"messageTitle":"Create DG, update UG","messageBody":"","fileTypesAndContributionMap":{"md":{"insertions":79,"deletions":1}}},{"hash":"b4e93ee54e6860912efa6d182a31248b11a5dc7a","isMergeCommit":true,"messageTitle":"Merge remote-tracking branch \u0027origin/add-gradle-support\u0027","messageBody":"","fileTypesAndContributionMap":{}},{"hash":"d875d7b0bb2c46fc0909d5160677c32d366e3a48","isMergeCommit":false,"messageTitle":"Add test code classes","messageBody":"","fileTypesAndContributionMap":{"java":{"insertions":113,"deletions":1}}}]},{"date":"2024-10-01","commitResults":[{"hash":"b722f28f0058d34bbee373e31887eba55395d712","isMergeCommit":false,"messageTitle":"Made changes according to CheckStyle requirements","messageBody":"Add JavaDoc for class DateAndTimeHandler\nAdd newline to end of file, ensure line length does not exceed a certain length, arranged import order lexicographically, avoid star import, add default switch case, operator wrap, whitespace removal\n","fileTypesAndContributionMap":{"java":{"insertions":171,"deletions":153}}}]},{"date":"2024-10-04","commitResults":[{"hash":"05af7a7428139895f397f5ce2a3dbac804dde5ee","isMergeCommit":false,"messageTitle":"Rename PREFIX, SYMBOL, DELIMITER constants according to tutor\u0027s suggestion","messageBody":"","fileTypesAndContributionMap":{"java":{"insertions":89,"deletions":89}}},{"hash":"e19ff472d86456d6f34286c051f2e76082506743","isMergeCommit":false,"messageTitle":"Corrected name of constant","messageBody":"","fileTypesAndContributionMap":{"java":{"insertions":1,"deletions":1}}},{"hash":"6b854ef8743857501082edaf4a4c68545ca762d8","isMergeCommit":false,"messageTitle":"Change program output for exception catching and for input file handling","messageBody":"","fileTypesAndContributionMap":{"java":{"insertions":10,"deletions":9}}},{"hash":"5df32168fc158ec891e1ff97838f450284193315","isMergeCommit":false,"messageTitle":"Corrected name of constant in InputStringHandler","messageBody":"","fileTypesAndContributionMap":{"java":{"insertions":3,"deletions":3}}},{"hash":"431ec90d0b73fc5209f4c8d3f681a6e099cfa745","isMergeCommit":false,"messageTitle":"Clean up code","messageBody":"","fileTypesAndContributionMap":{"java":{"insertions":2,"deletions":3}}},{"hash":"f8dcbae35b8096b0a655f347500cdfaed07e3472","isMergeCommit":false,"messageTitle":"Extract repeated code into an exception handling method that checks for arguments for instructions that don\u0027t require them","messageBody":"","fileTypesAndContributionMap":{"java":{"insertions":15,"deletions":9}}},{"hash":"5e05a88fd5f46fc62d3d675deac9a78fb008ee86","isMergeCommit":false,"messageTitle":"Move method to reflect the order it is used in parseUserInput","messageBody":"","fileTypesAndContributionMap":{"java":{"insertions":13,"deletions":14}}},{"hash":"9e9fcf62bc4d813e079ae068c42395420af0c06e","isMergeCommit":false,"messageTitle":"Fix markdown table","messageBody":"","fileTypesAndContributionMap":{"md":{"insertions":12,"deletions":13}}},{"hash":"08a521678bf144050e32a60e27df325f1a88032e","isMergeCommit":false,"messageTitle":"Remove comments as suggested by tutor.","messageBody":"Add JavaDoc to replace certain comments\n","tags":["A-TextUiTesting"],"fileTypesAndContributionMap":{"java":{"insertions":46,"deletions":75}}},{"hash":"c85ee9b66cd8b576fc15e2db982ee3cf944e6858","isMergeCommit":false,"messageTitle":"Fix code that violated checkstyle","messageBody":"","fileTypesAndContributionMap":{"java":{"insertions":39,"deletions":47}}},{"hash":"2b17896e880e4dfa12e18b46c7fb6b31e5dda8ed","isMergeCommit":false,"messageTitle":"Removed unused method setDesc in Task class","messageBody":"","fileTypesAndContributionMap":{"java":{"insertions":3,"deletions":2}}},{"hash":"74394c1c1243bcb625b53b5738d5feeab9599b14","isMergeCommit":false,"messageTitle":"Update User Guide README","messageBody":"Add Find to User Guide\n","fileTypesAndContributionMap":{"md":{"insertions":45,"deletions":34}}},{"hash":"2766d6d76e13730d60274842836f3fc818f5e3ec","isMergeCommit":false,"messageTitle":"Update User Guide","messageBody":"","fileTypesAndContributionMap":{"md":{"insertions":10,"deletions":8}}}]},{"date":"2024-10-05","commitResults":[{"hash":"eadd8c22b87febd2aae85ce5fb45a9d787ec2d3d","isMergeCommit":false,"messageTitle":"Update User Guide","messageBody":"","fileTypesAndContributionMap":{"md":{"insertions":5,"deletions":5}}},{"hash":"cfab15bcc5fe7a97fa626c6d3cd87178b55143ec","isMergeCommit":false,"messageTitle":"Remove comments","messageBody":"","fileTypesAndContributionMap":{"java":{"insertions":0,"deletions":4}}},{"hash":"d62befaeb39e271a46b3f803b002a2eee4e77c36","isMergeCommit":false,"messageTitle":"Update DG","messageBody":"","fileTypesAndContributionMap":{"md":{"insertions":171,"deletions":44}}},{"hash":"c73948d6e46c0dede2323d6771a38040fc716f41","isMergeCommit":false,"messageTitle":"Update TASK_IS_DONE string","messageBody":"","fileTypesAndContributionMap":{"java":{"insertions":1,"deletions":1},"md":{"insertions":1,"deletions":1}}},{"hash":"c138808d1c40a3747c746e5602f41376e191bc4e","isMergeCommit":false,"messageTitle":"Reformat some code","messageBody":"","fileTypesAndContributionMap":{"java":{"insertions":1,"deletions":5}}},{"hash":"2b8434c11d542962c05ae545ed8166b6c3dc7cae","isMergeCommit":false,"messageTitle":"Reduce reliance on List by rewriting code","messageBody":"Renamed variable\n","fileTypesAndContributionMap":{"java":{"insertions":5,"deletions":8}}}]},{"date":"2024-10-07","commitResults":[{"hash":"ec72a684a15d1d364e16258bf6b5e274cb5809ff","isMergeCommit":false,"messageTitle":"Update setup README","messageBody":"","fileTypesAndContributionMap":{"md":{"insertions":6,"deletions":5}}},{"hash":"fdff4d2d925c6e1d08c65855fdce06c72bcf7e64","isMergeCommit":false,"messageTitle":"Remove comments","messageBody":"","fileTypesAndContributionMap":{"java":{"insertions":5,"deletions":5}}},{"hash":"5391a37c731a370ae34441d9c97ac8a8b3ac5563","isMergeCommit":false,"messageTitle":"Update JavaDoc","messageBody":"","fileTypesAndContributionMap":{"java":{"insertions":2,"deletions":2}}},{"hash":"511aaba559afce7b090decccddda51965cd97fb8","isMergeCommit":false,"messageTitle":"Rename method for clarity","messageBody":"","fileTypesAndContributionMap":{"java":{"insertions":2,"deletions":2}}},{"hash":"f49eefadbd03c6781f3a2f727c22766a65e12fe9","isMergeCommit":false,"messageTitle":"Rename method for clarity","messageBody":"","fileTypesAndContributionMap":{"java":{"insertions":2,"deletions":2}}},{"hash":"0d34a0a34de92accf9455631ef991fc6fc963417","isMergeCommit":false,"messageTitle":"Rewrote code","messageBody":"Refactor parsing code out of handleInstruction method into its own\nMain loop now calls parseUserInput and instructionHandler instead of just calling instructionHandler (which internally calls parseUserInput)\nRedid the way exception messages are formed, what parseUserInput used to do is now done by parseAndValidateUserInput\nAdd JavaDocs where necessary\n","fileTypesAndContributionMap":{"java":{"insertions":35,"deletions":27}}},{"hash":"b5fc9885a57f2570eda183362d46021ef25d361b","isMergeCommit":false,"messageTitle":"Change JavaDoc","messageBody":"","fileTypesAndContributionMap":{"java":{"insertions":2,"deletions":4}}},{"hash":"6e07af739d5ff92068a214c27213b1b21a8f2310","isMergeCommit":false,"messageTitle":"Update DG","messageBody":"","fileTypesAndContributionMap":{"md":{"insertions":16,"deletions":1}}}]}]},"authorFileTypeContributionMap":{"Progresst-8":{"java":2243,"md":454,"fxml":0,"sh":2,"bat":2,"gradle":0,"txt":7}},"authorContributionVariance":{"Progresst-8":91866.09},"authorDisplayNameMap":{"Progresst-8":"CS2113-W12-3 KYLA.. XIN"}}
