{"authorDailyContributionsMap":{"PrinceCatt":[{"date":"2024-08-29","commitResults":[{"hash":"b4ad2f612b1417536c3eccdfb1bfa5e41ff4715c","isMergeCommit":false,"messageTitle":"week2","messageBody":"","fileTypesAndContributionMap":{"java":{"insertions":6,"deletions":1}}}]},{"date":"2024-08-30","commitResults":[{"hash":"07e99942bc34d3574cf4053fdae1ddef9b295a15","isMergeCommit":false,"messageTitle":"level1_echo","messageBody":"","fileTypesAndContributionMap":{"java":{"insertions":97,"deletions":15}}},{"hash":"6b0800406607e3c3fed4253adb1e1f97b40947c9","isMergeCommit":false,"messageTitle":"level2_add_list","messageBody":"","fileTypesAndContributionMap":{"java":{"insertions":47,"deletions":6}}}]},{"date":"2024-09-03","commitResults":[{"hash":"844d22fa9eee59f637ea385cb97b298f14e8cfcc","isMergeCommit":false,"messageTitle":"level3_mark_done","messageBody":"","fileTypesAndContributionMap":{"java":{"insertions":39,"deletions":1}}}]},{"date":"2024-09-04","commitResults":[{"hash":"7cf6453f82d719e6d6b36b0f7505461e56416687","isMergeCommit":false,"messageTitle":"change_logo","messageBody":"","fileTypesAndContributionMap":{"java":{"insertions":6,"deletions":5}}},{"hash":"d1884781b778368654683515089beec2c9c61021","isMergeCommit":false,"messageTitle":"handler_in_progress","messageBody":"","fileTypesAndContributionMap":{"java":{"insertions":53,"deletions":20}}},{"hash":"b14f78bab0779d9d4b13c20246260f393ca49b51","isMergeCommit":true,"messageTitle":"Merge branch \u0027master\u0027 of https://github.com/PrinceCatt/ip","messageBody":"","fileTypesAndContributionMap":{}}]}]},"authorFileTypeContributionMap":{"PrinceCatt":{"java":210,"md":0,"fxml":0,"sh":0,"bat":0,"gradle":0,"txt":0}},"authorContributionVariance":{"PrinceCatt":1577.4597},"authorDisplayNameMap":{"PrinceCatt":"CS2113-T10-2 MA Y..ITAO"}}
