{"authorDailyContributionsMap":{"KHsienKit":[{"date":"2024-08-19","commitResults":[{"hash":"b2b7d6d8b5789f00d533867fdd5700b057599031","isMergeCommit":false,"messageTitle":"Update gitignore to include class files and modified Chatbot name to V","messageBody":"","tags":["Level-0"],"fileTypesAndContributionMap":{"java":{"insertions":20,"deletions":10}}}]}]},"authorFileTypeContributionMap":{"KHsienKit":{"java":20,"md":0,"fxml":0,"sh":0,"bat":0,"gradle":0,"txt":0}},"authorContributionVariance":{"KHsienKit":168.75},"authorDisplayNameMap":{"KHsienKit":"KHOR.. KIT"}}
