{"authorDailyContributionsMap":{"kaboomzxc":[{"date":"2024-09-05","commitResults":[{"hash":"b44b350ebc19d8e8f6ccda6c72fc80e8038f16e8","isMergeCommit":false,"messageTitle":"Refractor Duke to Quinn and implement Level-0","messageBody":"","tags":["Level-0"],"fileTypesAndContributionMap":{"java":{"insertions":45,"deletions":10},"bat":{"insertions":1,"deletions":1},"md":{"insertions":3,"deletions":3}}},{"hash":"1a384e74724feac78b8765675f837e501dce5afb","isMergeCommit":false,"messageTitle":"Implement Level-1","messageBody":"","tags":["Level-1"],"fileTypesAndContributionMap":{"java":{"insertions":20,"deletions":1}}},{"hash":"80154db3bdb59aedbcdc86fb1f472643f4ada920","isMergeCommit":false,"messageTitle":"Implement Level-2","messageBody":"","tags":["Level-2"],"fileTypesAndContributionMap":{"java":{"insertions":33,"deletions":4}}},{"hash":"83bc054a104c6a26a5e0267db849a41c29193fdd","isMergeCommit":false,"messageTitle":"Implement Level-3 and adhere to coding standard","messageBody":"","tags":["Level-3","A-CodingStandard"],"fileTypesAndContributionMap":{"java":{"insertions":71,"deletions":6}}}]},{"date":"2024-09-06","commitResults":[{"hash":"9cdfdcdbd49d3e49189f8a7dc373ff3102efc71d","isMergeCommit":false,"messageTitle":"Implement Level-4","messageBody":"","tags":["Level-4","A-Inheritance"],"fileTypesAndContributionMap":{"java":{"insertions":111,"deletions":14}}}]},{"date":"2024-09-10","commitResults":[{"hash":"e9a5a29833d3f4bc3471092ca6fcd1197447cb3b","isMergeCommit":false,"messageTitle":"Implement Level-5 and review code quality","messageBody":"","fileTypesAndContributionMap":{"java":{"insertions":310,"deletions":111}}},{"hash":"6a82856a5a1bc1cd1124d6de4d82018cba973225","isMergeCommit":true,"messageTitle":"Merge branch \u0027branch-Level-5\u0027","messageBody":"","tags":["Level-5","A-Exceptions","A-CodeQuality"],"fileTypesAndContributionMap":{}},{"hash":"8e7dc1c287af94941aeefd9485592e5a7a72d1c6","isMergeCommit":false,"messageTitle":"Organise classes into different packages","messageBody":"","fileTypesAndContributionMap":{"java":{"insertions":38,"deletions":13},"bat":{"insertions":1,"deletions":1},"md":{"insertions":3,"deletions":3}}},{"hash":"e16f866d0e97d0c323144f85de61aeb2a176b546","isMergeCommit":true,"messageTitle":"Merge branch \u0027branch-A-Packages\u0027","messageBody":"","tags":["A-Packages"],"fileTypesAndContributionMap":{}},{"hash":"53936b586b99b4b5e6ca0bc57dbabff649b894ef","isMergeCommit":false,"messageTitle":"Update README.md","messageBody":"","fileTypesAndContributionMap":{"md":{"insertions":10,"deletions":7}}},{"hash":"b25c7de696c0ccf476ca62a10cad709ad732e5e5","isMergeCommit":false,"messageTitle":"Implement Level-6","messageBody":"","fileTypesAndContributionMap":{"java":{"insertions":35,"deletions":0}}},{"hash":"b06b90c2619cc18b7b1f54330b90215f381a0204","isMergeCommit":false,"messageTitle":"Fix some text errors due to refactoring","messageBody":"","fileTypesAndContributionMap":{"java":{"insertions":7,"deletions":7}}},{"hash":"9c924dfb6705d0797c7237697a2154e083d50b37","isMergeCommit":true,"messageTitle":"Merge branch \u0027master\u0027 into branch-Level-6","messageBody":"","fileTypesAndContributionMap":{}},{"hash":"bdaa224fa5d83bae57256c0083a27713677ac59b","isMergeCommit":false,"messageTitle":"Fix text errors in Quinn java file","messageBody":"","fileTypesAndContributionMap":{"java":{"insertions":6,"deletions":6}}},{"hash":"6799df1521cab6668184fd1bedaa5f0eed759d21","isMergeCommit":true,"messageTitle":"Merge branch \u0027master\u0027 into branch-Level-6","messageBody":"","fileTypesAndContributionMap":{}}]},{"date":"2024-09-16","commitResults":[{"hash":"9dde6b830b9082209e0487c7b3c39a33e28420bb","isMergeCommit":false,"messageTitle":"Implement Level-7","messageBody":"","fileTypesAndContributionMap":{"java":{"insertions":177,"deletions":10}}},{"hash":"d8e6940ac7aff3f6c2b442e37d84962bba5a62dd","isMergeCommit":true,"messageTitle":"Merge branch \u0027branch-Level-6\u0027","messageBody":"","fileTypesAndContributionMap":{}},{"hash":"06ca525c947bb00e28315b961a125ab371c2c708","isMergeCommit":true,"messageTitle":"Merge branch \u0027branch-Level-7\u0027","messageBody":"","fileTypesAndContributionMap":{}},{"hash":"db7785fbc783c487e11409efaea254ac4ec431f8","isMergeCommit":false,"messageTitle":"Implement saving after deletion of tasks","messageBody":"","tags":["Level-7","Level-6","A-Jar","A-Collections"],"fileTypesAndContributionMap":{"java":{"insertions":3,"deletions":1}}}]},{"date":"2024-09-17","commitResults":[{"hash":"8a57ddfb883f9161f967a1dd45b6db503dcdd587","isMergeCommit":false,"messageTitle":"update some responses by quinn","messageBody":"","fileTypesAndContributionMap":{"java":{"insertions":2,"deletions":2}}}]},{"date":"2024-09-26","commitResults":[{"hash":"b35fedfef33bab867409e34906f4944f38f978ed","isMergeCommit":false,"messageTitle":"Implement A-MoreOOP, refactor code to extract out more classes","messageBody":"","tags":["A-MoreOOP"],"fileTypesAndContributionMap":{"java":{"insertions":681,"deletions":375}}},{"hash":"a9c924aa99e7936d04b09db559b21e2cf3889623","isMergeCommit":false,"messageTitle":"Implement Level-8 for chatbot to understand date time","messageBody":"","fileTypesAndContributionMap":{"java":{"insertions":67,"deletions":5}}},{"hash":"b46f62128f08d50be8c7c7d889c8f4422c278e76","isMergeCommit":false,"messageTitle":"Implement Level-9","messageBody":"","fileTypesAndContributionMap":{"java":{"insertions":267,"deletions":25}}},{"hash":"68cff4091100c8c8c39c5688b9c6e2d51e08cacc","isMergeCommit":true,"messageTitle":"Merge pull request #1 from kaboomzxc/branch-Level-8","messageBody":"Implement Level-8 for chatbot to understand date time","tags":["Level-8"],"fileTypesAndContributionMap":{}},{"hash":"c29453ce53b416feb24df41ee2c44fc497a6beea","isMergeCommit":true,"messageTitle":"Merge branch \u0027master\u0027 into branch-Level-9","messageBody":"","fileTypesAndContributionMap":{}},{"hash":"5b746ce7766ad77a7b3b72c3a375e0233fc09d2a","isMergeCommit":true,"messageTitle":"Merge pull request #2 from kaboomzxc/branch-Level-9","messageBody":"Implement Level-9","tags":["Level-9"],"fileTypesAndContributionMap":{}}]},{"date":"2024-09-27","commitResults":[{"hash":"02bc63addb83d3356a4c96804b227bcaf5f5ae4d","isMergeCommit":false,"messageTitle":"Added JavaDoc comments","messageBody":"","fileTypesAndContributionMap":{"java":{"insertions":821,"deletions":2}}},{"hash":"a4e9125437190142dd6cf3e74efc353b8328afdb","isMergeCommit":true,"messageTitle":"Merge pull request #3 from kaboomzxc/branch-A-JavaDoc","messageBody":"Added JavaDoc comments","tags":["A-Release","A-JavaDoc"],"fileTypesAndContributionMap":{}}]},{"date":"2024-10-09","commitResults":[{"hash":"c621d5ee2ac4bc00af42028dbfcc76e7c7c21153","isMergeCommit":false,"messageTitle":"Implement User Guide","messageBody":"","tags":["A-UserGuide"],"fileTypesAndContributionMap":{"gradle":{"insertions":44,"deletions":0},"md":{"insertions":216,"deletions":16}}}]}]},"authorFileTypeContributionMap":{"kaboomzxc":{"java":2112,"md":226,"fxml":0,"sh":0,"bat":1,"gradle":44,"txt":0}},"authorContributionVariance":{"kaboomzxc":53411.16},"authorDisplayNameMap":{"kaboomzxc":"CS2113-T10-2 ONG ..JOHN"}}
