[{"path":"src/main/java/Deadline.java","fileType":"java","lines":[{"lineNumber":1,"author":{"gitId":"tkhahns"},"content":"public class Deadline extends Task {","lastModifiedDate":"2024-09-06","isFullCredit":false},{"lineNumber":2,"author":{"gitId":"tkhahns"},"content":"    protected String by;","lastModifiedDate":"2024-09-06","isFullCredit":false},{"lineNumber":3,"author":{"gitId":"tkhahns"},"content":"","lastModifiedDate":"2024-09-06","isFullCredit":false},{"lineNumber":4,"author":{"gitId":"tkhahns"},"content":"    public Deadline(String description, String by) {","lastModifiedDate":"2024-09-06","isFullCredit":false},{"lineNumber":5,"author":{"gitId":"tkhahns"},"content":"        super(description);","lastModifiedDate":"2024-09-06","isFullCredit":false},{"lineNumber":6,"author":{"gitId":"tkhahns"},"content":"        this.by \u003d by;","lastModifiedDate":"2024-09-06","isFullCredit":false},{"lineNumber":7,"author":{"gitId":"tkhahns"},"content":"    }","lastModifiedDate":"2024-09-06","isFullCredit":false},{"lineNumber":8,"author":{"gitId":"tkhahns"},"content":"","lastModifiedDate":"2024-09-06","isFullCredit":false},{"lineNumber":9,"author":{"gitId":"tkhahns"},"content":"    @Override","lastModifiedDate":"2024-09-06","isFullCredit":false},{"lineNumber":10,"author":{"gitId":"tkhahns"},"content":"    public String toString() {","lastModifiedDate":"2024-09-06","isFullCredit":false},{"lineNumber":11,"author":{"gitId":"tkhahns"},"content":"        return \"[D]\" + super.toString() + \" (by: \" + by + \")\";","lastModifiedDate":"2024-09-06","isFullCredit":false},{"lineNumber":12,"author":{"gitId":"tkhahns"},"content":"    }","lastModifiedDate":"2024-09-06","isFullCredit":false},{"lineNumber":13,"author":{"gitId":"tkhahns"},"content":"}","lastModifiedDate":"2024-09-06","isFullCredit":false}],"authorContributionMap":{"tkhahns":13}},{"path":"src/main/java/Event.java","fileType":"java","lines":[{"lineNumber":1,"author":{"gitId":"tkhahns"},"content":"public class Event extends Task {","lastModifiedDate":"2024-09-06","isFullCredit":false},{"lineNumber":2,"author":{"gitId":"tkhahns"},"content":"    protected String from;","lastModifiedDate":"2024-09-06","isFullCredit":false},{"lineNumber":3,"author":{"gitId":"tkhahns"},"content":"    protected String to;","lastModifiedDate":"2024-09-06","isFullCredit":false},{"lineNumber":4,"author":{"gitId":"tkhahns"},"content":"","lastModifiedDate":"2024-09-06","isFullCredit":false},{"lineNumber":5,"author":{"gitId":"tkhahns"},"content":"    public Event(String description, String from, String to) {","lastModifiedDate":"2024-09-06","isFullCredit":false},{"lineNumber":6,"author":{"gitId":"tkhahns"},"content":"        super(description);","lastModifiedDate":"2024-09-06","isFullCredit":false},{"lineNumber":7,"author":{"gitId":"tkhahns"},"content":"        this.from \u003d from;","lastModifiedDate":"2024-09-06","isFullCredit":false},{"lineNumber":8,"author":{"gitId":"tkhahns"},"content":"        this.to \u003d to;","lastModifiedDate":"2024-09-06","isFullCredit":false},{"lineNumber":9,"author":{"gitId":"tkhahns"},"content":"    }","lastModifiedDate":"2024-09-06","isFullCredit":false},{"lineNumber":10,"author":{"gitId":"tkhahns"},"content":"","lastModifiedDate":"2024-09-06","isFullCredit":false},{"lineNumber":11,"author":{"gitId":"tkhahns"},"content":"    @Override","lastModifiedDate":"2024-09-06","isFullCredit":false},{"lineNumber":12,"author":{"gitId":"tkhahns"},"content":"    public String toString() {","lastModifiedDate":"2024-09-06","isFullCredit":false},{"lineNumber":13,"author":{"gitId":"tkhahns"},"content":"        return \"[E]\" + super.toString() + \" (from: \" + from + \" to: \" + to + \")\";","lastModifiedDate":"2024-09-06","isFullCredit":false},{"lineNumber":14,"author":{"gitId":"tkhahns"},"content":"    }","lastModifiedDate":"2024-09-06","isFullCredit":false},{"lineNumber":15,"author":{"gitId":"tkhahns"},"content":"}","lastModifiedDate":"2024-09-06","isFullCredit":false}],"authorContributionMap":{"tkhahns":15}},{"path":"src/main/java/KBot.java","fileType":"java","lines":[{"lineNumber":1,"author":{"gitId":"tkhahns"},"content":"import java.util.ArrayList;","lastModifiedDate":"2024-08-31","isFullCredit":false},{"lineNumber":2,"author":{"gitId":"tkhahns"},"content":"import java.util.Scanner;","lastModifiedDate":"2024-08-31","isFullCredit":false},{"lineNumber":3,"author":{"gitId":"tkhahns"},"content":"","lastModifiedDate":"2024-08-31","isFullCredit":false},{"lineNumber":4,"author":{"gitId":"tkhahns"},"content":"public class KBot {","lastModifiedDate":"2024-08-31","isFullCredit":false},{"lineNumber":5,"author":{"gitId":"tkhahns"},"content":"    private static final String SEPARATOR \u003d \"____________________________________________________________\";","lastModifiedDate":"2024-09-06","isFullCredit":false},{"lineNumber":6,"author":{"gitId":"tkhahns"},"content":"    private ArrayList\u003cTask\u003e tasks;","lastModifiedDate":"2024-08-31","isFullCredit":false},{"lineNumber":7,"author":{"gitId":"tkhahns"},"content":"    private Scanner scanner;","lastModifiedDate":"2024-08-31","isFullCredit":false},{"lineNumber":8,"author":{"gitId":"tkhahns"},"content":"","lastModifiedDate":"2024-08-31","isFullCredit":false},{"lineNumber":9,"author":{"gitId":"tkhahns"},"content":"    public KBot() {","lastModifiedDate":"2024-08-31","isFullCredit":false},{"lineNumber":10,"author":{"gitId":"tkhahns"},"content":"        tasks \u003d new ArrayList\u003c\u003e();","lastModifiedDate":"2024-08-31","isFullCredit":false},{"lineNumber":11,"author":{"gitId":"tkhahns"},"content":"        scanner \u003d new Scanner(System.in);","lastModifiedDate":"2024-08-31","isFullCredit":false},{"lineNumber":12,"author":{"gitId":"tkhahns"},"content":"    }","lastModifiedDate":"2024-08-31","isFullCredit":false},{"lineNumber":13,"author":{"gitId":"tkhahns"},"content":"","lastModifiedDate":"2024-08-31","isFullCredit":false},{"lineNumber":14,"author":{"gitId":"tkhahns"},"content":"    public static void main(String[] args) {","lastModifiedDate":"2024-09-06","isFullCredit":false},{"lineNumber":15,"author":{"gitId":"tkhahns"},"content":"        KBot bot \u003d new KBot();","lastModifiedDate":"2024-09-06","isFullCredit":false},{"lineNumber":16,"author":{"gitId":"tkhahns"},"content":"        bot.run();","lastModifiedDate":"2024-09-06","isFullCredit":false},{"lineNumber":17,"author":{"gitId":"tkhahns"},"content":"    }","lastModifiedDate":"2024-09-06","isFullCredit":false},{"lineNumber":18,"author":{"gitId":"tkhahns"},"content":"","lastModifiedDate":"2024-09-06","isFullCredit":false},{"lineNumber":19,"author":{"gitId":"tkhahns"},"content":"    public void run() {","lastModifiedDate":"2024-08-31","isFullCredit":false},{"lineNumber":20,"author":{"gitId":"tkhahns"},"content":"        greetUser();","lastModifiedDate":"2024-08-31","isFullCredit":false},{"lineNumber":21,"author":{"gitId":"tkhahns"},"content":"","lastModifiedDate":"2024-08-31","isFullCredit":false},{"lineNumber":22,"author":{"gitId":"tkhahns"},"content":"        boolean isRunning \u003d true;","lastModifiedDate":"2024-09-06","isFullCredit":false},{"lineNumber":23,"author":{"gitId":"tkhahns"},"content":"        while (isRunning) {","lastModifiedDate":"2024-09-06","isFullCredit":false},{"lineNumber":24,"author":{"gitId":"tkhahns"},"content":"            try {","lastModifiedDate":"2024-09-12","isFullCredit":false},{"lineNumber":25,"author":{"gitId":"tkhahns"},"content":"                String userInput \u003d getUserInput();","lastModifiedDate":"2024-09-06","isFullCredit":false},{"lineNumber":26,"author":{"gitId":"tkhahns"},"content":"                isRunning \u003d handleCommand(userInput);","lastModifiedDate":"2024-09-06","isFullCredit":false},{"lineNumber":27,"author":{"gitId":"tkhahns"},"content":"            } catch (KBotException e) {","lastModifiedDate":"2024-09-12","isFullCredit":false},{"lineNumber":28,"author":{"gitId":"tkhahns"},"content":"                showError(e.getMessage());","lastModifiedDate":"2024-09-12","isFullCredit":false},{"lineNumber":29,"author":{"gitId":"tkhahns"},"content":"            }","lastModifiedDate":"2024-09-12","isFullCredit":false},{"lineNumber":30,"author":{"gitId":"tkhahns"},"content":"        }","lastModifiedDate":"2024-09-06","isFullCredit":false},{"lineNumber":31,"author":{"gitId":"tkhahns"},"content":"","lastModifiedDate":"2024-09-06","isFullCredit":false},{"lineNumber":32,"author":{"gitId":"tkhahns"},"content":"        exit();","lastModifiedDate":"2024-09-06","isFullCredit":false},{"lineNumber":33,"author":{"gitId":"tkhahns"},"content":"    }","lastModifiedDate":"2024-09-06","isFullCredit":false},{"lineNumber":34,"author":{"gitId":"tkhahns"},"content":"","lastModifiedDate":"2024-09-06","isFullCredit":false},{"lineNumber":35,"author":{"gitId":"tkhahns"},"content":"    private boolean handleCommand(String input) throws KBotException {","lastModifiedDate":"2024-09-12","isFullCredit":false},{"lineNumber":36,"author":{"gitId":"tkhahns"},"content":"        String[] inputParts \u003d input.split(\" \", 2);","lastModifiedDate":"2024-09-06","isFullCredit":false},{"lineNumber":37,"author":{"gitId":"tkhahns"},"content":"        String command \u003d inputParts[0];","lastModifiedDate":"2024-08-31","isFullCredit":false},{"lineNumber":38,"author":{"gitId":"tkhahns"},"content":"        String argument \u003d (inputParts.length \u003e 1) ? inputParts[1] : \"\";","lastModifiedDate":"2024-09-06","isFullCredit":false},{"lineNumber":39,"author":{"gitId":"tkhahns"},"content":"","lastModifiedDate":"2024-08-31","isFullCredit":false},{"lineNumber":40,"author":{"gitId":"tkhahns"},"content":"        switch (command) {","lastModifiedDate":"2024-08-31","isFullCredit":false},{"lineNumber":41,"author":{"gitId":"tkhahns"},"content":"            case \"bye\":","lastModifiedDate":"2024-08-31","isFullCredit":false},{"lineNumber":42,"author":{"gitId":"tkhahns"},"content":"                return false;","lastModifiedDate":"2024-09-06","isFullCredit":false},{"lineNumber":43,"author":{"gitId":"tkhahns"},"content":"            case \"list\":","lastModifiedDate":"2024-08-31","isFullCredit":false},{"lineNumber":44,"author":{"gitId":"tkhahns"},"content":"                listTasks();","lastModifiedDate":"2024-08-31","isFullCredit":false},{"lineNumber":45,"author":{"gitId":"tkhahns"},"content":"                break;","lastModifiedDate":"2024-08-31","isFullCredit":false},{"lineNumber":46,"author":{"gitId":"tkhahns"},"content":"            case \"mark\":","lastModifiedDate":"2024-08-31","isFullCredit":false},{"lineNumber":47,"author":{"gitId":"tkhahns"},"content":"                try {","lastModifiedDate":"2024-09-12","isFullCredit":false},{"lineNumber":48,"author":{"gitId":"tkhahns"},"content":"                    markTaskAsDone(Integer.parseInt(argument) - 1);","lastModifiedDate":"2024-09-06","isFullCredit":false},{"lineNumber":49,"author":{"gitId":"tkhahns"},"content":"                } catch (NumberFormatException | IndexOutOfBoundsException e) {","lastModifiedDate":"2024-09-12","isFullCredit":false},{"lineNumber":50,"author":{"gitId":"tkhahns"},"content":"                    throw new KBotException(\"Invalid task number to mark.\");","lastModifiedDate":"2024-09-12","isFullCredit":false},{"lineNumber":51,"author":{"gitId":"tkhahns"},"content":"                }","lastModifiedDate":"2024-09-12","isFullCredit":false},{"lineNumber":52,"author":{"gitId":"tkhahns"},"content":"                break;","lastModifiedDate":"2024-08-31","isFullCredit":false},{"lineNumber":53,"author":{"gitId":"tkhahns"},"content":"            case \"unmark\":","lastModifiedDate":"2024-08-31","isFullCredit":false},{"lineNumber":54,"author":{"gitId":"tkhahns"},"content":"                try {","lastModifiedDate":"2024-09-12","isFullCredit":false},{"lineNumber":55,"author":{"gitId":"tkhahns"},"content":"                    markTaskAsNotDone(Integer.parseInt(argument) - 1);","lastModifiedDate":"2024-09-06","isFullCredit":false},{"lineNumber":56,"author":{"gitId":"tkhahns"},"content":"                } catch (NumberFormatException | IndexOutOfBoundsException e) {","lastModifiedDate":"2024-09-12","isFullCredit":false},{"lineNumber":57,"author":{"gitId":"tkhahns"},"content":"                    throw new KBotException(\"Invalid task number to unmark.\");","lastModifiedDate":"2024-09-12","isFullCredit":false},{"lineNumber":58,"author":{"gitId":"tkhahns"},"content":"                }","lastModifiedDate":"2024-09-12","isFullCredit":false},{"lineNumber":59,"author":{"gitId":"tkhahns"},"content":"                break;","lastModifiedDate":"2024-08-31","isFullCredit":false},{"lineNumber":60,"author":{"gitId":"tkhahns"},"content":"            case \"todo\":","lastModifiedDate":"2024-09-06","isFullCredit":false},{"lineNumber":61,"author":{"gitId":"tkhahns"},"content":"                if (argument.isEmpty()) {","lastModifiedDate":"2024-09-12","isFullCredit":false},{"lineNumber":62,"author":{"gitId":"tkhahns"},"content":"                    throw new KBotException(\"The description of a todo cannot be empty.\");","lastModifiedDate":"2024-09-12","isFullCredit":false},{"lineNumber":63,"author":{"gitId":"tkhahns"},"content":"                } else {","lastModifiedDate":"2024-09-12","isFullCredit":false},{"lineNumber":64,"author":{"gitId":"tkhahns"},"content":"                    addTodoTask(argument);","lastModifiedDate":"2024-09-06","isFullCredit":false},{"lineNumber":65,"author":{"gitId":"tkhahns"},"content":"                }","lastModifiedDate":"2024-09-12","isFullCredit":false},{"lineNumber":66,"author":{"gitId":"tkhahns"},"content":"                break;","lastModifiedDate":"2024-09-06","isFullCredit":false},{"lineNumber":67,"author":{"gitId":"tkhahns"},"content":"            case \"deadline\":","lastModifiedDate":"2024-09-06","isFullCredit":false},{"lineNumber":68,"author":{"gitId":"tkhahns"},"content":"                if (!argument.contains(\"/by \")) {","lastModifiedDate":"2024-09-12","isFullCredit":false},{"lineNumber":69,"author":{"gitId":"tkhahns"},"content":"                    throw new KBotException(\"The deadline description or date is missing.\");","lastModifiedDate":"2024-09-12","isFullCredit":false},{"lineNumber":70,"author":{"gitId":"tkhahns"},"content":"                } else {","lastModifiedDate":"2024-09-12","isFullCredit":false},{"lineNumber":71,"author":{"gitId":"tkhahns"},"content":"                    addDeadlineTask(argument);","lastModifiedDate":"2024-09-06","isFullCredit":false},{"lineNumber":72,"author":{"gitId":"tkhahns"},"content":"                }","lastModifiedDate":"2024-09-12","isFullCredit":false},{"lineNumber":73,"author":{"gitId":"tkhahns"},"content":"                break;","lastModifiedDate":"2024-09-06","isFullCredit":false},{"lineNumber":74,"author":{"gitId":"tkhahns"},"content":"            case \"event\":","lastModifiedDate":"2024-09-06","isFullCredit":false},{"lineNumber":75,"author":{"gitId":"tkhahns"},"content":"                if (!argument.contains(\"/from \") || !argument.contains(\"/to \")) {","lastModifiedDate":"2024-09-12","isFullCredit":false},{"lineNumber":76,"author":{"gitId":"tkhahns"},"content":"                    throw new KBotException(\"The event description or timing is missing.\");","lastModifiedDate":"2024-09-12","isFullCredit":false},{"lineNumber":77,"author":{"gitId":"tkhahns"},"content":"                } else {","lastModifiedDate":"2024-09-12","isFullCredit":false},{"lineNumber":78,"author":{"gitId":"tkhahns"},"content":"                    addEventTask(argument);","lastModifiedDate":"2024-09-06","isFullCredit":false},{"lineNumber":79,"author":{"gitId":"tkhahns"},"content":"                }","lastModifiedDate":"2024-09-12","isFullCredit":false},{"lineNumber":80,"author":{"gitId":"tkhahns"},"content":"                break;","lastModifiedDate":"2024-09-06","isFullCredit":false},{"lineNumber":81,"author":{"gitId":"tkhahns"},"content":"            default:","lastModifiedDate":"2024-08-31","isFullCredit":false},{"lineNumber":82,"author":{"gitId":"tkhahns"},"content":"                throw KBotException.unknownCommand();","lastModifiedDate":"2024-09-12","isFullCredit":false},{"lineNumber":83,"author":{"gitId":"tkhahns"},"content":"        }","lastModifiedDate":"2024-08-31","isFullCredit":false},{"lineNumber":84,"author":{"gitId":"tkhahns"},"content":"        return true;","lastModifiedDate":"2024-09-06","isFullCredit":false},{"lineNumber":85,"author":{"gitId":"tkhahns"},"content":"    }","lastModifiedDate":"2024-08-31","isFullCredit":false},{"lineNumber":86,"author":{"gitId":"tkhahns"},"content":"","lastModifiedDate":"2024-08-31","isFullCredit":false},{"lineNumber":87,"author":{"gitId":"tkhahns"},"content":"    // Utility Methods","lastModifiedDate":"2024-09-06","isFullCredit":false},{"lineNumber":88,"author":{"gitId":"tkhahns"},"content":"","lastModifiedDate":"2024-09-06","isFullCredit":false},{"lineNumber":89,"author":{"gitId":"tkhahns"},"content":"    private void greetUser() {","lastModifiedDate":"2024-08-31","isFullCredit":false},{"lineNumber":90,"author":{"gitId":"tkhahns"},"content":"        printSeparator();","lastModifiedDate":"2024-09-06","isFullCredit":false},{"lineNumber":91,"author":{"gitId":"tkhahns"},"content":"        System.out.println(\"Hello! I\u0027m KBot\");","lastModifiedDate":"2024-08-31","isFullCredit":false},{"lineNumber":92,"author":{"gitId":"tkhahns"},"content":"        System.out.println(\"What can I do for you?\");","lastModifiedDate":"2024-08-31","isFullCredit":false},{"lineNumber":93,"author":{"gitId":"tkhahns"},"content":"        printSeparator();","lastModifiedDate":"2024-09-06","isFullCredit":false},{"lineNumber":94,"author":{"gitId":"tkhahns"},"content":"    }","lastModifiedDate":"2024-09-06","isFullCredit":false},{"lineNumber":95,"author":{"gitId":"tkhahns"},"content":"","lastModifiedDate":"2024-09-06","isFullCredit":false},{"lineNumber":96,"author":{"gitId":"tkhahns"},"content":"    private void printSeparator() {","lastModifiedDate":"2024-09-06","isFullCredit":false},{"lineNumber":97,"author":{"gitId":"tkhahns"},"content":"        System.out.println(SEPARATOR);","lastModifiedDate":"2024-09-06","isFullCredit":false},{"lineNumber":98,"author":{"gitId":"tkhahns"},"content":"    }","lastModifiedDate":"2024-08-31","isFullCredit":false},{"lineNumber":99,"author":{"gitId":"tkhahns"},"content":"","lastModifiedDate":"2024-08-31","isFullCredit":false},{"lineNumber":100,"author":{"gitId":"tkhahns"},"content":"    private String getUserInput() {","lastModifiedDate":"2024-08-31","isFullCredit":false},{"lineNumber":101,"author":{"gitId":"tkhahns"},"content":"        return scanner.nextLine();","lastModifiedDate":"2024-08-31","isFullCredit":false},{"lineNumber":102,"author":{"gitId":"tkhahns"},"content":"    }","lastModifiedDate":"2024-08-31","isFullCredit":false},{"lineNumber":103,"author":{"gitId":"tkhahns"},"content":"","lastModifiedDate":"2024-08-31","isFullCredit":false},{"lineNumber":104,"author":{"gitId":"tkhahns"},"content":"    private void addTodoTask(String description) {","lastModifiedDate":"2024-09-06","isFullCredit":false},{"lineNumber":105,"author":{"gitId":"tkhahns"},"content":"        Task task \u003d new Todo(description);","lastModifiedDate":"2024-09-06","isFullCredit":false},{"lineNumber":106,"author":{"gitId":"tkhahns"},"content":"        tasks.add(task);","lastModifiedDate":"2024-09-06","isFullCredit":false},{"lineNumber":107,"author":{"gitId":"tkhahns"},"content":"        printTaskAddedMessage(task);","lastModifiedDate":"2024-09-06","isFullCredit":false},{"lineNumber":108,"author":{"gitId":"tkhahns"},"content":"    }","lastModifiedDate":"2024-09-06","isFullCredit":false},{"lineNumber":109,"author":{"gitId":"tkhahns"},"content":"","lastModifiedDate":"2024-09-06","isFullCredit":false},{"lineNumber":110,"author":{"gitId":"tkhahns"},"content":"    private void addDeadlineTask(String input) throws KBotException {","lastModifiedDate":"2024-09-12","isFullCredit":false},{"lineNumber":111,"author":{"gitId":"tkhahns"},"content":"        String[] parts \u003d input.split(\" /by \");","lastModifiedDate":"2024-09-06","isFullCredit":false},{"lineNumber":112,"author":{"gitId":"tkhahns"},"content":"        if (parts.length \u003c 2) {","lastModifiedDate":"2024-09-12","isFullCredit":false},{"lineNumber":113,"author":{"gitId":"tkhahns"},"content":"            throw new KBotException(\"Invalid format for deadline. Use: deadline \u003cdescription\u003e /by \u003ctime\u003e\");","lastModifiedDate":"2024-09-12","isFullCredit":false},{"lineNumber":114,"author":{"gitId":"tkhahns"},"content":"        }","lastModifiedDate":"2024-09-12","isFullCredit":false},{"lineNumber":115,"author":{"gitId":"tkhahns"},"content":"        Task task \u003d new Deadline(parts[0], parts[1]);","lastModifiedDate":"2024-09-06","isFullCredit":false},{"lineNumber":116,"author":{"gitId":"tkhahns"},"content":"        tasks.add(task);","lastModifiedDate":"2024-09-06","isFullCredit":false},{"lineNumber":117,"author":{"gitId":"tkhahns"},"content":"        printTaskAddedMessage(task);","lastModifiedDate":"2024-09-06","isFullCredit":false},{"lineNumber":118,"author":{"gitId":"tkhahns"},"content":"    }","lastModifiedDate":"2024-09-06","isFullCredit":false},{"lineNumber":119,"author":{"gitId":"tkhahns"},"content":"","lastModifiedDate":"2024-09-06","isFullCredit":false},{"lineNumber":120,"author":{"gitId":"tkhahns"},"content":"    private void addEventTask(String input) throws KBotException {","lastModifiedDate":"2024-09-12","isFullCredit":false},{"lineNumber":121,"author":{"gitId":"tkhahns"},"content":"        String[] parts \u003d input.split(\" /from | /to \");","lastModifiedDate":"2024-09-06","isFullCredit":false},{"lineNumber":122,"author":{"gitId":"tkhahns"},"content":"        if (parts.length \u003c 3) {","lastModifiedDate":"2024-09-12","isFullCredit":false},{"lineNumber":123,"author":{"gitId":"tkhahns"},"content":"            throw new KBotException(\"Invalid format for event. Use: event \u003cdescription\u003e /from \u003cstart\u003e /to \u003cend\u003e\");","lastModifiedDate":"2024-09-12","isFullCredit":false},{"lineNumber":124,"author":{"gitId":"tkhahns"},"content":"        }","lastModifiedDate":"2024-09-12","isFullCredit":false},{"lineNumber":125,"author":{"gitId":"tkhahns"},"content":"        Task task \u003d new Event(parts[0], parts[1], parts[2]);","lastModifiedDate":"2024-09-06","isFullCredit":false},{"lineNumber":126,"author":{"gitId":"tkhahns"},"content":"        tasks.add(task);","lastModifiedDate":"2024-09-06","isFullCredit":false},{"lineNumber":127,"author":{"gitId":"tkhahns"},"content":"        printTaskAddedMessage(task);","lastModifiedDate":"2024-09-06","isFullCredit":false},{"lineNumber":128,"author":{"gitId":"tkhahns"},"content":"    }","lastModifiedDate":"2024-08-31","isFullCredit":false},{"lineNumber":129,"author":{"gitId":"tkhahns"},"content":"","lastModifiedDate":"2024-08-31","isFullCredit":false},{"lineNumber":130,"author":{"gitId":"tkhahns"},"content":"    private void listTasks() {","lastModifiedDate":"2024-08-31","isFullCredit":false},{"lineNumber":131,"author":{"gitId":"tkhahns"},"content":"        printSeparator();","lastModifiedDate":"2024-09-06","isFullCredit":false},{"lineNumber":132,"author":{"gitId":"tkhahns"},"content":"        System.out.println(\"Here are the tasks in your list:\");","lastModifiedDate":"2024-08-31","isFullCredit":false},{"lineNumber":133,"author":{"gitId":"tkhahns"},"content":"        for (int i \u003d 0; i \u003c tasks.size(); i++) {","lastModifiedDate":"2024-08-31","isFullCredit":false},{"lineNumber":134,"author":{"gitId":"tkhahns"},"content":"            System.out.println((i + 1) + \".\" + tasks.get(i));","lastModifiedDate":"2024-08-31","isFullCredit":false},{"lineNumber":135,"author":{"gitId":"tkhahns"},"content":"        }","lastModifiedDate":"2024-08-31","isFullCredit":false},{"lineNumber":136,"author":{"gitId":"tkhahns"},"content":"        printSeparator();","lastModifiedDate":"2024-09-06","isFullCredit":false},{"lineNumber":137,"author":{"gitId":"tkhahns"},"content":"    }","lastModifiedDate":"2024-08-31","isFullCredit":false},{"lineNumber":138,"author":{"gitId":"tkhahns"},"content":"","lastModifiedDate":"2024-08-31","isFullCredit":false},{"lineNumber":139,"author":{"gitId":"tkhahns"},"content":"    private void markTaskAsDone(int index) throws KBotException {","lastModifiedDate":"2024-09-12","isFullCredit":false},{"lineNumber":140,"author":{"gitId":"tkhahns"},"content":"        if (index \u003e\u003d tasks.size() || index \u003c 0) {","lastModifiedDate":"2024-09-12","isFullCredit":false},{"lineNumber":141,"author":{"gitId":"tkhahns"},"content":"            throw new KBotException(\"Invalid task number.\");","lastModifiedDate":"2024-09-12","isFullCredit":false},{"lineNumber":142,"author":{"gitId":"tkhahns"},"content":"        }","lastModifiedDate":"2024-09-12","isFullCredit":false},{"lineNumber":143,"author":{"gitId":"tkhahns"},"content":"        tasks.get(index).markAsDone();","lastModifiedDate":"2024-08-31","isFullCredit":false},{"lineNumber":144,"author":{"gitId":"tkhahns"},"content":"        printMarkDoneMessage(tasks.get(index));","lastModifiedDate":"2024-09-06","isFullCredit":false},{"lineNumber":145,"author":{"gitId":"tkhahns"},"content":"    }","lastModifiedDate":"2024-08-31","isFullCredit":false},{"lineNumber":146,"author":{"gitId":"tkhahns"},"content":"","lastModifiedDate":"2024-08-31","isFullCredit":false},{"lineNumber":147,"author":{"gitId":"tkhahns"},"content":"    private void markTaskAsNotDone(int index) throws KBotException {","lastModifiedDate":"2024-09-12","isFullCredit":false},{"lineNumber":148,"author":{"gitId":"tkhahns"},"content":"        if (index \u003e\u003d tasks.size() || index \u003c 0) {","lastModifiedDate":"2024-09-12","isFullCredit":false},{"lineNumber":149,"author":{"gitId":"tkhahns"},"content":"            throw new KBotException(\"Invalid task number.\");","lastModifiedDate":"2024-09-12","isFullCredit":false},{"lineNumber":150,"author":{"gitId":"tkhahns"},"content":"        }","lastModifiedDate":"2024-09-12","isFullCredit":false},{"lineNumber":151,"author":{"gitId":"tkhahns"},"content":"        tasks.get(index).markAsNotDone();","lastModifiedDate":"2024-08-31","isFullCredit":false},{"lineNumber":152,"author":{"gitId":"tkhahns"},"content":"        printMarkNotDoneMessage(tasks.get(index));","lastModifiedDate":"2024-09-06","isFullCredit":false},{"lineNumber":153,"author":{"gitId":"tkhahns"},"content":"    }","lastModifiedDate":"2024-08-31","isFullCredit":false},{"lineNumber":154,"author":{"gitId":"tkhahns"},"content":"","lastModifiedDate":"2024-09-06","isFullCredit":false},{"lineNumber":155,"author":{"gitId":"tkhahns"},"content":"    private void showError(String errorMessage) {","lastModifiedDate":"2024-09-12","isFullCredit":false},{"lineNumber":156,"author":{"gitId":"tkhahns"},"content":"        printSeparator();","lastModifiedDate":"2024-09-06","isFullCredit":false},{"lineNumber":157,"author":{"gitId":"tkhahns"},"content":"        System.out.println(errorMessage);","lastModifiedDate":"2024-09-12","isFullCredit":false},{"lineNumber":158,"author":{"gitId":"tkhahns"},"content":"        printSeparator();","lastModifiedDate":"2024-09-06","isFullCredit":false},{"lineNumber":159,"author":{"gitId":"tkhahns"},"content":"    }","lastModifiedDate":"2024-08-31","isFullCredit":false},{"lineNumber":160,"author":{"gitId":"tkhahns"},"content":"","lastModifiedDate":"2024-08-31","isFullCredit":false},{"lineNumber":161,"author":{"gitId":"tkhahns"},"content":"    private void exit() {","lastModifiedDate":"2024-08-31","isFullCredit":false},{"lineNumber":162,"author":{"gitId":"tkhahns"},"content":"        printSeparator();","lastModifiedDate":"2024-09-06","isFullCredit":false},{"lineNumber":163,"author":{"gitId":"tkhahns"},"content":"        System.out.println(\"Bye. Hope to see you again soon!\");","lastModifiedDate":"2024-08-31","isFullCredit":false},{"lineNumber":164,"author":{"gitId":"tkhahns"},"content":"        printSeparator();","lastModifiedDate":"2024-09-06","isFullCredit":false},{"lineNumber":165,"author":{"gitId":"tkhahns"},"content":"    }","lastModifiedDate":"2024-08-31","isFullCredit":false},{"lineNumber":166,"author":{"gitId":"tkhahns"},"content":"","lastModifiedDate":"2024-08-31","isFullCredit":false},{"lineNumber":167,"author":{"gitId":"tkhahns"},"content":"    private void printTaskAddedMessage(Task task) {","lastModifiedDate":"2024-09-06","isFullCredit":false},{"lineNumber":168,"author":{"gitId":"tkhahns"},"content":"        printSeparator();","lastModifiedDate":"2024-09-06","isFullCredit":false},{"lineNumber":169,"author":{"gitId":"tkhahns"},"content":"        System.out.println(\"Got it. I\u0027ve added this task:\");","lastModifiedDate":"2024-09-06","isFullCredit":false},{"lineNumber":170,"author":{"gitId":"tkhahns"},"content":"        System.out.println(\"  \" + task);","lastModifiedDate":"2024-09-06","isFullCredit":false},{"lineNumber":171,"author":{"gitId":"tkhahns"},"content":"        System.out.println(\"Now you have \" + tasks.size() + \" tasks in the list.\");","lastModifiedDate":"2024-09-06","isFullCredit":false},{"lineNumber":172,"author":{"gitId":"tkhahns"},"content":"        printSeparator();","lastModifiedDate":"2024-09-06","isFullCredit":false},{"lineNumber":173,"author":{"gitId":"tkhahns"},"content":"    }","lastModifiedDate":"2024-09-06","isFullCredit":false},{"lineNumber":174,"author":{"gitId":"tkhahns"},"content":"","lastModifiedDate":"2024-09-06","isFullCredit":false},{"lineNumber":175,"author":{"gitId":"tkhahns"},"content":"    private void printMarkDoneMessage(Task task) {","lastModifiedDate":"2024-09-06","isFullCredit":false},{"lineNumber":176,"author":{"gitId":"tkhahns"},"content":"        printSeparator();","lastModifiedDate":"2024-09-06","isFullCredit":false},{"lineNumber":177,"author":{"gitId":"tkhahns"},"content":"        System.out.println(\"Nice! I\u0027ve marked this task as done:\");","lastModifiedDate":"2024-09-06","isFullCredit":false},{"lineNumber":178,"author":{"gitId":"tkhahns"},"content":"        System.out.println(\"  \" + task);","lastModifiedDate":"2024-09-06","isFullCredit":false},{"lineNumber":179,"author":{"gitId":"tkhahns"},"content":"        printSeparator();","lastModifiedDate":"2024-09-06","isFullCredit":false},{"lineNumber":180,"author":{"gitId":"tkhahns"},"content":"    }","lastModifiedDate":"2024-09-06","isFullCredit":false},{"lineNumber":181,"author":{"gitId":"tkhahns"},"content":"","lastModifiedDate":"2024-09-06","isFullCredit":false},{"lineNumber":182,"author":{"gitId":"tkhahns"},"content":"    private void printMarkNotDoneMessage(Task task) {","lastModifiedDate":"2024-09-06","isFullCredit":false},{"lineNumber":183,"author":{"gitId":"tkhahns"},"content":"        printSeparator();","lastModifiedDate":"2024-09-06","isFullCredit":false},{"lineNumber":184,"author":{"gitId":"tkhahns"},"content":"        System.out.println(\"OK, I\u0027ve marked this task as not done yet:\");","lastModifiedDate":"2024-09-06","isFullCredit":false},{"lineNumber":185,"author":{"gitId":"tkhahns"},"content":"        System.out.println(\"  \" + task);","lastModifiedDate":"2024-09-06","isFullCredit":false},{"lineNumber":186,"author":{"gitId":"tkhahns"},"content":"        printSeparator();","lastModifiedDate":"2024-09-06","isFullCredit":false},{"lineNumber":187,"author":{"gitId":"tkhahns"},"content":"    }","lastModifiedDate":"2024-08-31","isFullCredit":false},{"lineNumber":188,"author":{"gitId":"tkhahns"},"content":"}","lastModifiedDate":"2024-08-31","isFullCredit":false}],"authorContributionMap":{"tkhahns":188}},{"path":"src/main/java/KBotException.java","fileType":"java","lines":[{"lineNumber":1,"author":{"gitId":"tkhahns"},"content":"public class KBotException extends Exception {","lastModifiedDate":"2024-09-12","isFullCredit":false},{"lineNumber":2,"author":{"gitId":"tkhahns"},"content":"    public KBotException(String message) {","lastModifiedDate":"2024-09-12","isFullCredit":false},{"lineNumber":3,"author":{"gitId":"tkhahns"},"content":"        super(message);","lastModifiedDate":"2024-09-12","isFullCredit":false},{"lineNumber":4,"author":{"gitId":"tkhahns"},"content":"    }","lastModifiedDate":"2024-09-12","isFullCredit":false},{"lineNumber":5,"author":{"gitId":"tkhahns"},"content":"","lastModifiedDate":"2024-09-12","isFullCredit":false},{"lineNumber":6,"author":{"gitId":"tkhahns"},"content":"    // New method for handling unknown commands","lastModifiedDate":"2024-09-12","isFullCredit":false},{"lineNumber":7,"author":{"gitId":"tkhahns"},"content":"    public static KBotException unknownCommand() {","lastModifiedDate":"2024-09-12","isFullCredit":false},{"lineNumber":8,"author":{"gitId":"tkhahns"},"content":"        return new KBotException(\"OOPS!!! I\u0027m sorry, but I don\u0027t know what that means :-(\");","lastModifiedDate":"2024-09-12","isFullCredit":false},{"lineNumber":9,"author":{"gitId":"tkhahns"},"content":"    }","lastModifiedDate":"2024-09-12","isFullCredit":false},{"lineNumber":10,"author":{"gitId":"tkhahns"},"content":"}","lastModifiedDate":"2024-09-12","isFullCredit":false}],"authorContributionMap":{"tkhahns":10}},{"path":"src/main/java/Task.java","fileType":"java","lines":[{"lineNumber":1,"author":{"gitId":"tkhahns"},"content":"// Base class for tasks","lastModifiedDate":"2024-09-06","isFullCredit":false},{"lineNumber":2,"author":{"gitId":"tkhahns"},"content":"public class Task {","lastModifiedDate":"2024-09-06","isFullCredit":false},{"lineNumber":3,"author":{"gitId":"tkhahns"},"content":"    protected String description;","lastModifiedDate":"2024-09-06","isFullCredit":false},{"lineNumber":4,"author":{"gitId":"tkhahns"},"content":"    protected boolean isDone;","lastModifiedDate":"2024-09-06","isFullCredit":false},{"lineNumber":5,"author":{"gitId":"tkhahns"},"content":"","lastModifiedDate":"2024-09-06","isFullCredit":false},{"lineNumber":6,"author":{"gitId":"tkhahns"},"content":"    public Task(String description) {","lastModifiedDate":"2024-09-06","isFullCredit":false},{"lineNumber":7,"author":{"gitId":"tkhahns"},"content":"        this.description \u003d description;","lastModifiedDate":"2024-09-06","isFullCredit":false},{"lineNumber":8,"author":{"gitId":"tkhahns"},"content":"        this.isDone \u003d false;","lastModifiedDate":"2024-09-06","isFullCredit":false},{"lineNumber":9,"author":{"gitId":"tkhahns"},"content":"    }","lastModifiedDate":"2024-09-06","isFullCredit":false},{"lineNumber":10,"author":{"gitId":"tkhahns"},"content":"","lastModifiedDate":"2024-09-06","isFullCredit":false},{"lineNumber":11,"author":{"gitId":"tkhahns"},"content":"    public void markAsDone() {","lastModifiedDate":"2024-09-06","isFullCredit":false},{"lineNumber":12,"author":{"gitId":"tkhahns"},"content":"        this.isDone \u003d true;","lastModifiedDate":"2024-09-06","isFullCredit":false},{"lineNumber":13,"author":{"gitId":"tkhahns"},"content":"    }","lastModifiedDate":"2024-09-06","isFullCredit":false},{"lineNumber":14,"author":{"gitId":"tkhahns"},"content":"","lastModifiedDate":"2024-09-06","isFullCredit":false},{"lineNumber":15,"author":{"gitId":"tkhahns"},"content":"    public void markAsNotDone() {","lastModifiedDate":"2024-09-06","isFullCredit":false},{"lineNumber":16,"author":{"gitId":"tkhahns"},"content":"        this.isDone \u003d false;","lastModifiedDate":"2024-09-06","isFullCredit":false},{"lineNumber":17,"author":{"gitId":"tkhahns"},"content":"    }","lastModifiedDate":"2024-09-06","isFullCredit":false},{"lineNumber":18,"author":{"gitId":"tkhahns"},"content":"","lastModifiedDate":"2024-09-06","isFullCredit":false},{"lineNumber":19,"author":{"gitId":"tkhahns"},"content":"    public String getStatusIcon() {","lastModifiedDate":"2024-09-06","isFullCredit":false},{"lineNumber":20,"author":{"gitId":"tkhahns"},"content":"        return (isDone ? \"[X]\" : \"[ ]\");","lastModifiedDate":"2024-09-06","isFullCredit":false},{"lineNumber":21,"author":{"gitId":"tkhahns"},"content":"    }","lastModifiedDate":"2024-09-06","isFullCredit":false},{"lineNumber":22,"author":{"gitId":"tkhahns"},"content":"","lastModifiedDate":"2024-09-06","isFullCredit":false},{"lineNumber":23,"author":{"gitId":"tkhahns"},"content":"    @Override","lastModifiedDate":"2024-09-06","isFullCredit":false},{"lineNumber":24,"author":{"gitId":"tkhahns"},"content":"    public String toString() {","lastModifiedDate":"2024-09-06","isFullCredit":false},{"lineNumber":25,"author":{"gitId":"tkhahns"},"content":"        return getStatusIcon() + \" \" + description;","lastModifiedDate":"2024-09-06","isFullCredit":false},{"lineNumber":26,"author":{"gitId":"tkhahns"},"content":"    }","lastModifiedDate":"2024-09-06","isFullCredit":false},{"lineNumber":27,"author":{"gitId":"tkhahns"},"content":"}","lastModifiedDate":"2024-09-06","isFullCredit":false}],"authorContributionMap":{"tkhahns":27}},{"path":"src/main/java/Todo.java","fileType":"java","lines":[{"lineNumber":1,"author":{"gitId":"tkhahns"},"content":"public class Todo extends Task {","lastModifiedDate":"2024-09-06","isFullCredit":false},{"lineNumber":2,"author":{"gitId":"tkhahns"},"content":"    public Todo(String description) {","lastModifiedDate":"2024-09-06","isFullCredit":false},{"lineNumber":3,"author":{"gitId":"tkhahns"},"content":"        super(description);","lastModifiedDate":"2024-09-06","isFullCredit":false},{"lineNumber":4,"author":{"gitId":"tkhahns"},"content":"    }","lastModifiedDate":"2024-09-06","isFullCredit":false},{"lineNumber":5,"author":{"gitId":"tkhahns"},"content":"","lastModifiedDate":"2024-09-06","isFullCredit":false},{"lineNumber":6,"author":{"gitId":"tkhahns"},"content":"    @Override","lastModifiedDate":"2024-09-06","isFullCredit":false},{"lineNumber":7,"author":{"gitId":"tkhahns"},"content":"    public String toString() {","lastModifiedDate":"2024-09-06","isFullCredit":false},{"lineNumber":8,"author":{"gitId":"tkhahns"},"content":"        return \"[T]\" + super.toString();","lastModifiedDate":"2024-09-06","isFullCredit":false},{"lineNumber":9,"author":{"gitId":"tkhahns"},"content":"    }","lastModifiedDate":"2024-09-06","isFullCredit":false},{"lineNumber":10,"author":{"gitId":"tkhahns"},"content":"}","lastModifiedDate":"2024-09-06","isFullCredit":false}],"authorContributionMap":{"tkhahns":10}}]
