{"authorDailyContributionsMap":{"tkhahns":[{"date":"2024-08-31","commitResults":[{"hash":"ff602a7a739fdb6431bb963a50b60c2d69f4ef62","isMergeCommit":false,"messageTitle":"Level 0: Rename, Greet, Exit","messageBody":"","tags":["Level-0"],"fileTypesAndContributionMap":{"java":{"insertions":10,"deletions":10}}},{"hash":"bb0ee366328f3ef1373868184839bc9d9e60c7e2","isMergeCommit":false,"messageTitle":"Level 1. Echo","messageBody":"","tags":["Level-1"],"fileTypesAndContributionMap":{"java":{"insertions":21,"deletions":3}}},{"hash":"4f36b853c91d4c16452a651278a9325bb7aa6bb3","isMergeCommit":false,"messageTitle":"Level 2. Add, List","messageBody":"","tags":["Level-2"],"fileTypesAndContributionMap":{"java":{"insertions":61,"deletions":13}}},{"hash":"b61ea837a2417c466a07eb69a6d3af96f3ed8393","isMergeCommit":false,"messageTitle":"Level 3. Mark as Done","messageBody":"","tags":["Level-3","A-CodingStandard"],"fileTypesAndContributionMap":{"java":{"insertions":69,"deletions":11}}}]},{"date":"2024-09-06","commitResults":[{"hash":"c292d2e232656ddd916c00ed6a8359058238f90e","isMergeCommit":false,"messageTitle":"Level 4. ToDos, Events, Deadlines","messageBody":"","fileTypesAndContributionMap":{"java":{"insertions":127,"deletions":45}}},{"hash":"ffc2ebdcf8bc8be863b5a837147dbf0fc143980b","isMergeCommit":false,"messageTitle":"A-CodeQuality","messageBody":"","tags":["A-CodeQuality"],"fileTypesAndContributionMap":{"java":{"insertions":107,"deletions":91}}}]},{"date":"2024-09-12","commitResults":[{"hash":"6609834f8aec7143881ac319f67a5799ae5791c7","isMergeCommit":false,"messageTitle":"Level 5. Handle Errors","messageBody":"","fileTypesAndContributionMap":{"java":{"insertions":62,"deletions":31}}},{"hash":"64a7f715db59a64567a271ac4b5aa051fa727ebb","isMergeCommit":false,"messageTitle":"Revert \"Level 5. Handle Errors\"","messageBody":"This reverts commit 6609834f8aec7143881ac319f67a5799ae5791c7.\n","fileTypesAndContributionMap":{"java":{"insertions":31,"deletions":62}}},{"hash":"fa2dbada95361d426cff7214d363633b40de5201","isMergeCommit":false,"messageTitle":"Revert \"Revert \"Level 5. Handle Errors\"\"","messageBody":"This reverts commit 64a7f715db59a64567a271ac4b5aa051fa727ebb.\n","fileTypesAndContributionMap":{"java":{"insertions":62,"deletions":31}}},{"hash":"e904d8bb78ac19cc6a6564bb1886c52858583263","isMergeCommit":false,"messageTitle":"Revert \"Revert \"Revert \"Level 5. Handle Errors\"\"\"","messageBody":"This reverts commit fa2dbada95361d426cff7214d363633b40de5201.\n","fileTypesAndContributionMap":{"java":{"insertions":31,"deletions":62}}},{"hash":"791cdeb62a001aa64d16c2acd20365d0d48e09f7","isMergeCommit":false,"messageTitle":"Revert \"Revert \"Level 5. Handle Errors\"\"","messageBody":"This reverts commit 64a7f715db59a64567a271ac4b5aa051fa727ebb.\n","fileTypesAndContributionMap":{"java":{"insertions":62,"deletions":31}}},{"hash":"373cde04c220beee0ebbfe032183c811bae6cc0d","isMergeCommit":true,"messageTitle":"Merge branch \u0027branch-Level-5\u0027","messageBody":"","tags":["Level-5","Level-4","A-Exceptions"],"fileTypesAndContributionMap":{}}]},{"date":"2024-09-19","commitResults":[{"hash":"d06d4fc9431c37541265d7f69bb1e46d32723c29","isMergeCommit":false,"messageTitle":"Level 6. Delete","messageBody":"","tags":["Level-6","A-Collections"],"fileTypesAndContributionMap":{"java":{"insertions":23,"deletions":0}}}]},{"date":"2024-09-21","commitResults":[{"hash":"29a8151ea05081bc12d7c4665667310e5a7af8c4","isMergeCommit":false,"messageTitle":"Level 7. Save","messageBody":"","fileTypesAndContributionMap":{"txt":{"insertions":2,"deletions":0},"java":{"insertions":28,"deletions":4}}},{"hash":"1b56f25a7a68f358780c29d32de76bfe6be3ab98","isMergeCommit":false,"messageTitle":"Revert \"Level 7. Save\"","messageBody":"This reverts commit 29a8151ea05081bc12d7c4665667310e5a7af8c4.\n","fileTypesAndContributionMap":{"txt":{"insertions":0,"deletions":2},"java":{"insertions":4,"deletions":28}}},{"hash":"f65d4da78c300b5c43614f3eb2681a7474d607bc","isMergeCommit":false,"messageTitle":"Revert \"Revert \"Level 7. Save\"\"","messageBody":"This reverts commit 1b56f25a7a68f358780c29d32de76bfe6be3ab98.\n","fileTypesAndContributionMap":{"txt":{"insertions":2,"deletions":0},"java":{"insertions":28,"deletions":4}}},{"hash":"57a658a21bed7c65cac0dc68d2a83beb1f159fab","isMergeCommit":false,"messageTitle":"Level 6. Delete","messageBody":"","fileTypesAndContributionMap":{"java":{"insertions":23,"deletions":0}}},{"hash":"70ff8348cfde621c804d4c2862e5535603bdfbad","isMergeCommit":false,"messageTitle":"Level 7. Save","messageBody":"","fileTypesAndContributionMap":{"java":{"insertions":48,"deletions":1}}},{"hash":"13d44b75f32c95d738e6df171e025634c85b0356","isMergeCommit":true,"messageTitle":"Merge branch \u0027branch-Level-6\u0027","messageBody":"# Conflicts:\n#\tsrc/main/java/KBot.java\n","fileTypesAndContributionMap":{}},{"hash":"77c1593bfad37b2f4596aa7f4878ca0f0d468bc3","isMergeCommit":true,"messageTitle":"Merge branch \u0027branch-Level-7\u0027","messageBody":"# Conflicts:\n#\tsrc/main/java/KBot.java\n","fileTypesAndContributionMap":{}},{"hash":"d37d9598639ab4b9caae57e2f2e62e33561107a7","isMergeCommit":false,"messageTitle":"Remove unnecessary lines","messageBody":"","tags":["Level-7","A-Jar"],"fileTypesAndContributionMap":{"java":{"insertions":1,"deletions":10}}}]},{"date":"2024-09-22","commitResults":[{"hash":"668b5fdfb1add821d97a17d43d6dd7ab4ac0fed7","isMergeCommit":false,"messageTitle":"data/KBot.txt being updated","messageBody":"","fileTypesAndContributionMap":{"txt":{"insertions":1,"deletions":1},"java":{"insertions":1,"deletions":1}}}]}]},"authorFileTypeContributionMap":{"tkhahns":{"java":313,"md":0,"fxml":0,"sh":0,"bat":0,"gradle":0,"txt":2}},"authorContributionVariance":{"tkhahns":10166.025},"authorDisplayNameMap":{"tkhahns":"CS2113-T11-3 DAO ..HANH"}}
