{"authorDailyContributionsMap":{"shyaamald":[{"date":"2024-08-30","commitResults":[{"hash":"4978e71462686df4c837439c97f778b0b6bf6b9a","isMergeCommit":false,"messageTitle":"Change chatbot name","messageBody":"","tags":["Level-0"],"fileTypesAndContributionMap":{"java":{"insertions":11,"deletions":10}}}]},{"date":"2024-08-31","commitResults":[{"hash":"e21a12e1869b8ffb7ff0f75ce0af37f2eceee03f","isMergeCommit":false,"messageTitle":"Add echo functionality","messageBody":"","tags":["Level-1"],"fileTypesAndContributionMap":{"java":{"insertions":35,"deletions":3}}},{"hash":"e2c142cbf43fa0b6e316f79bc11a67fc2c6ac6c2","isMergeCommit":false,"messageTitle":"Add printer class for all print methods","messageBody":"","fileTypesAndContributionMap":{"java":{"insertions":24,"deletions":19}}}]},{"date":"2024-09-02","commitResults":[{"hash":"b2051a3be43d817fd11552b7ce45590f18627960","isMergeCommit":false,"messageTitle":"Add Printer, InputHandler and List classes and add() and list() methods","messageBody":"","tags":["Level-2"],"fileTypesAndContributionMap":{"java":{"insertions":48,"deletions":9}}}]}]},"authorFileTypeContributionMap":{"shyaamald":{"java":87,"md":0,"fxml":0,"sh":0,"bat":0,"gradle":0,"txt":0}},"authorContributionVariance":{"shyaamald":491.47223},"authorDisplayNameMap":{"shyaamald":"CS2113-W12-3 DWIV..AMAL"}}
