{"repoSenseVersion":"03dd38d625","reportGeneratedTime":"Fri, 20 Sep 2024 18:32:36 UTC+08:00","reportGenerationTime":" 12.79 second(s)","zoneId":"UTC+08:00","reportTitle":"CS2113 iP Code Dashboard","repos":[{"location":{"location":"https://github.com/kaboomzxc/ip.git","repoName":"ip","organization":"kaboomzxc","domainName":"github"},"branch":"master","displayName":"kaboomzxc/ip[master]","outputFolderName":"kaboomzxc_ip_master"},{"location":{"location":"https://github.com/Zhang-Zhitong/ip.git","repoName":"ip","organization":"Zhang-Zhitong","domainName":"github"},"branch":"master","displayName":"Zhang-Zhitong/ip[master]","outputFolderName":"Zhang-Zhitong_ip_master"},{"location":{"location":"https://github.com/AjayShanker-geek/ip.git","repoName":"ip","organization":"AjayShanker-geek","domainName":"github"},"branch":"master","displayName":"AjayShanker-geek/ip[master]","outputFolderName":"AjayShanker-geek_ip_master"},{"location":{"location":"https://github.com/ayushi0803/ip.git","repoName":"ip","organization":"ayushi0803","domainName":"github"},"branch":"master","displayName":"ayushi0803/ip[master]","outputFolderName":"ayushi0803_ip_master"},{"location":{"location":"https://github.com/G13nd0n/ip.git","repoName":"ip","organization":"G13nd0n","domainName":"github"},"branch":"master","displayName":"G13nd0n/ip[master]","outputFolderName":"G13nd0n_ip_master"},{"location":{"location":"https://github.com/tayjerom/ip.git","repoName":"ip","organization":"tayjerom","domainName":"github"},"branch":"master","displayName":"tayjerom/ip[master]","outputFolderName":"tayjerom_ip_master"},{"location":{"location":"https://github.com/lucas-sc0/ip.git","repoName":"ip","organization":"lucas-sc0","domainName":"github"},"branch":"master","displayName":"lucas-sc0/ip[master]","outputFolderName":"lucas-sc0_ip_master"},{"location":{"location":"https://github.com/kestryix/ip.git","repoName":"ip","organization":"kestryix","domainName":"github"},"branch":"master","displayName":"kestryix/ip[master]","outputFolderName":"kestryix_ip_master"},{"location":{"location":"https://github.com/tkhahns/ip.git","repoName":"ip","organization":"tkhahns","domainName":"github"},"branch":"master","displayName":"tkhahns/ip[master]","outputFolderName":"tkhahns_ip_master"},{"location":{"location":"https://github.com/yentheng0110/ip.git","repoName":"ip","organization":"yentheng0110","domainName":"github"},"branch":"master","displayName":"yentheng0110/ip[master]","outputFolderName":"yentheng0110_ip_master"},{"location":{"location":"https://github.com/gu0y1/ip.git","repoName":"ip","organization":"gu0y1","domainName":"github"},"branch":"master","displayName":"gu0y1/ip[master]","outputFolderName":"gu0y1_ip_master"},{"location":{"location":"https://github.com/AdiMangalam/ip.git","repoName":"ip","organization":"AdiMangalam","domainName":"github"},"branch":"master","displayName":"AdiMangalam/ip[master]","outputFolderName":"AdiMangalam_ip_master"},{"location":{"location":"https://github.com/naveen42x/ip.git","repoName":"ip","organization":"naveen42x","domainName":"github"},"branch":"master","displayName":"naveen42x/ip[master]","outputFolderName":"naveen42x_ip_master"},{"location":{"location":"https://github.com/Holy-An/ip.git","repoName":"ip","organization":"Holy-An","domainName":"github"},"branch":"master","displayName":"Holy-An/ip[master]","outputFolderName":"Holy-An_ip_master"},{"location":{"location":"https://github.com/Dri-water/ip.git","repoName":"ip","organization":"Dri-water","domainName":"github"},"branch":"master","displayName":"Dri-water/ip[master]","outputFolderName":"Dri-water_ip_master"},{"location":{"location":"https://github.com/andreusxcarvalho/ip.git","repoName":"ip","organization":"andreusxcarvalho","domainName":"github"},"branch":"master","displayName":"andreusxcarvalho/ip[master]","outputFolderName":"andreusxcarvalho_ip_master"},{"location":{"location":"https://github.com/TVageesan/ip.git","repoName":"ip","organization":"TVageesan","domainName":"github"},"branch":"master","displayName":"TVageesan/ip[master]","outputFolderName":"TVageesan_ip_master"},{"location":{"location":"https://github.com/paulktham/ip.git","repoName":"ip","organization":"paulktham","domainName":"github"},"branch":"master","displayName":"paulktham/ip[master]","outputFolderName":"paulktham_ip_master"},{"location":{"location":"https://github.com/NigelYeoTW/ip.git","repoName":"ip","organization":"NigelYeoTW","domainName":"github"},"branch":"master","displayName":"NigelYeoTW/ip[master]","outputFolderName":"NigelYeoTW_ip_master"},{"location":{"location":"https://github.com/yijiano/ip.git","repoName":"ip","organization":"yijiano","domainName":"github"},"branch":"master","displayName":"yijiano/ip[master]","outputFolderName":"yijiano_ip_master"},{"location":{"location":"https://github.com/KHsienKit/ip.git","repoName":"ip","organization":"KHsienKit","domainName":"github"},"branch":"master","displayName":"KHsienKit/ip[master]","outputFolderName":"KHsienKit_ip_master"},{"location":{"location":"https://github.com/yakultbottle/ip.git","repoName":"ip","organization":"yakultbottle","domainName":"github"},"branch":"master","displayName":"yakultbottle/ip[master]","outputFolderName":"yakultbottle_ip_master"},{"location":{"location":"https://github.com/C2linaung/ip.git","repoName":"ip","organization":"C2linaung","domainName":"github"},"branch":"master","displayName":"C2linaung/ip[master]","outputFolderName":"C2linaung_ip_master"},{"location":{"location":"https://github.com/gskang-22/ip.git","repoName":"ip","organization":"gskang-22","domainName":"github"},"branch":"master","displayName":"gskang-22/ip[master]","outputFolderName":"gskang-22_ip_master"},{"location":{"location":"https://github.com/KSanjith/ip.git","repoName":"ip","organization":"KSanjith","domainName":"github"},"branch":"master","displayName":"KSanjith/ip[master]","outputFolderName":"KSanjith_ip_master"},{"location":{"location":"https://github.com/Yisoong/ip.git","repoName":"ip","organization":"Yisoong","domainName":"github"},"branch":"master","displayName":"Yisoong/ip[master]","outputFolderName":"Yisoong_ip_master"},{"location":{"location":"https://github.com/shaunngoh/ip.git","repoName":"ip","organization":"shaunngoh","domainName":"github"},"branch":"master","displayName":"shaunngoh/ip[master]","outputFolderName":"shaunngoh_ip_master"},{"location":{"location":"https://github.com/rexkoh425/ip.git","repoName":"ip","organization":"rexkoh425","domainName":"github"},"branch":"master","displayName":"rexkoh425/ip[master]","outputFolderName":"rexkoh425_ip_master"},{"location":{"location":"https://github.com/wahkia/ip.git","repoName":"ip","organization":"wahkia","domainName":"github"},"branch":"master","displayName":"wahkia/ip[master]","outputFolderName":"wahkia_ip_master"},{"location":{"location":"https://github.com/wongwh2002/ip.git","repoName":"ip","organization":"wongwh2002","domainName":"github"},"branch":"master","displayName":"wongwh2002/ip[master]","outputFolderName":"wongwh2002_ip_master"},{"location":{"location":"https://github.com/TPH777/ip.git","repoName":"ip","organization":"TPH777","domainName":"github"},"branch":"master","displayName":"TPH777/ip[master]","outputFolderName":"TPH777_ip_master"},{"location":{"location":"https://github.com/3CCLY/ip.git","repoName":"ip","organization":"3CCLY","domainName":"github"},"branch":"master","displayName":"3CCLY/ip[master]","outputFolderName":"3CCLY_ip_master"},{"location":{"location":"https://github.com/yeekian/ip.git","repoName":"ip","organization":"yeekian","domainName":"github"},"branch":"master","displayName":"yeekian/ip[master]","outputFolderName":"yeekian_ip_master"},{"location":{"location":"https://github.com/Gao327/ip.git","repoName":"ip","organization":"Gao327","domainName":"github"},"branch":"master","displayName":"Gao327/ip[master]","outputFolderName":"Gao327_ip_master"},{"location":{"location":"https://github.com/Progresst-8/ip.git","repoName":"ip","organization":"Progresst-8","domainName":"github"},"branch":"master","displayName":"Progresst-8/ip[master]","outputFolderName":"Progresst-8_ip_master"},{"location":{"location":"https://github.com/ctzeyong/ip.git","repoName":"ip","organization":"ctzeyong","domainName":"github"},"branch":"master","displayName":"ctzeyong/ip[master]","outputFolderName":"ctzeyong_ip_master"},{"location":{"location":"https://github.com/isaacsaw25/ip.git","repoName":"ip","organization":"isaacsaw25","domainName":"github"},"branch":"master","displayName":"isaacsaw25/ip[master]","outputFolderName":"isaacsaw25_ip_master"},{"location":{"location":"https://github.com/seanngja/ip.git","repoName":"ip","organization":"seanngja","domainName":"github"},"branch":"master","displayName":"seanngja/ip[master]","outputFolderName":"seanngja_ip_master"},{"location":{"location":"https://github.com/ryan-txn/ip.git","repoName":"ip","organization":"ryan-txn","domainName":"github"},"branch":"master","displayName":"ryan-txn/ip[master]","outputFolderName":"ryan-txn_ip_master"},{"location":{"location":"https://github.com/ehz0ah/ip.git","repoName":"ip","organization":"ehz0ah","domainName":"github"},"branch":"master","displayName":"ehz0ah/ip[master]","outputFolderName":"ehz0ah_ip_master"},{"location":{"location":"https://github.com/LTK-1606/ip.git","repoName":"ip","organization":"LTK-1606","domainName":"github"},"branch":"master","displayName":"LTK-1606/ip[master]","outputFolderName":"LTK-1606_ip_master"},{"location":{"location":"https://github.com/jemehgoh/ip.git","repoName":"ip","organization":"jemehgoh","domainName":"github"},"branch":"master","displayName":"jemehgoh/ip[master]","outputFolderName":"jemehgoh_ip_master"},{"location":{"location":"https://github.com/ryryry-3302/ip.git","repoName":"ip","organization":"ryryry-3302","domainName":"github"},"branch":"master","displayName":"ryryry-3302/ip[master]","outputFolderName":"ryryry-3302_ip_master"},{"location":{"location":"https://github.com/limkongkiat/ip.git","repoName":"ip","organization":"limkongkiat","domainName":"github"},"branch":"master","displayName":"limkongkiat/ip[master]","outputFolderName":"limkongkiat_ip_master"},{"location":{"location":"https://github.com/parasytezz/ip.git","repoName":"ip","organization":"parasytezz","domainName":"github"},"branch":"master","displayName":"parasytezz/ip[master]","outputFolderName":"parasytezz_ip_master"},{"location":{"location":"https://github.com/telferang/ip.git","repoName":"ip","organization":"telferang","domainName":"github"},"branch":"master","displayName":"telferang/ip[master]","outputFolderName":"telferang_ip_master"},{"location":{"location":"https://github.com/Paulifyer/ip.git","repoName":"ip","organization":"Paulifyer","domainName":"github"},"branch":"master","displayName":"Paulifyer/ip[master]","outputFolderName":"Paulifyer_ip_master"},{"location":{"location":"https://github.com/Littleme1032/ip.git","repoName":"ip","organization":"Littleme1032","domainName":"github"},"branch":"master","displayName":"Littleme1032/ip[master]","outputFolderName":"Littleme1032_ip_master"},{"location":{"location":"https://github.com/Zackermax/ip.git","repoName":"ip","organization":"Zackermax","domainName":"github"},"branch":"master","displayName":"Zackermax/ip[master]","outputFolderName":"Zackermax_ip_master"},{"location":{"location":"https://github.com/Chinorea/ip.git","repoName":"ip","organization":"Chinorea","domainName":"github"},"branch":"master","displayName":"Chinorea/ip[master]","outputFolderName":"Chinorea_ip_master"},{"location":{"location":"https://github.com/CT9ARyan/ip.git","repoName":"ip","organization":"CT9ARyan","domainName":"github"},"branch":"master","displayName":"CT9ARyan/ip[master]","outputFolderName":"CT9ARyan_ip_master"},{"location":{"location":"https://github.com/NCF3535/ip.git","repoName":"ip","organization":"NCF3535","domainName":"github"},"branch":"master","displayName":"NCF3535/ip[master]","outputFolderName":"NCF3535_ip_master"},{"location":{"location":"https://github.com/TheDinos/ip.git","repoName":"ip","organization":"TheDinos","domainName":"github"},"branch":"master","displayName":"TheDinos/ip[master]","outputFolderName":"TheDinos_ip_master"},{"location":{"location":"https://github.com/DarkDragoon2002/ip.git","repoName":"ip","organization":"DarkDragoon2002","domainName":"github"},"branch":"master","displayName":"DarkDragoon2002/ip[master]","outputFolderName":"DarkDragoon2002_ip_master"},{"location":{"location":"https://github.com/Atulteja/ip.git","repoName":"ip","organization":"Atulteja","domainName":"github"},"branch":"master","displayName":"Atulteja/ip[master]","outputFolderName":"Atulteja_ip_master"},{"location":{"location":"https://github.com/RCPilot1604/ip.git","repoName":"ip","organization":"RCPilot1604","domainName":"github"},"branch":"master","displayName":"RCPilot1604/ip[master]","outputFolderName":"RCPilot1604_ip_master"},{"location":{"location":"https://github.com/DucPhong135/ip.git","repoName":"ip","organization":"DucPhong135","domainName":"github"},"branch":"master","displayName":"DucPhong135/ip[master]","outputFolderName":"DucPhong135_ip_master"},{"location":{"location":"https://github.com/TrungBui32/ip.git","repoName":"ip","organization":"TrungBui32","domainName":"github"},"branch":"master","displayName":"TrungBui32/ip[master]","outputFolderName":"TrungBui32_ip_master"},{"location":{"location":"https://github.com/shyaamald/ip.git","repoName":"ip","organization":"shyaamald","domainName":"github"},"branch":"master","displayName":"shyaamald/ip[master]","outputFolderName":"shyaamald_ip_master"},{"location":{"location":"https://github.com/lowjunchen/ip.git","repoName":"ip","organization":"lowjunchen","domainName":"github"},"branch":"master","displayName":"lowjunchen/ip[master]","outputFolderName":"lowjunchen_ip_master"},{"location":{"location":"https://github.com/kennethszj/ip.git","repoName":"ip","organization":"kennethszj","domainName":"github"},"branch":"master","displayName":"kennethszj/ip[master]","outputFolderName":"kennethszj_ip_master"},{"location":{"location":"https://github.com/sarahchow03/ip.git","repoName":"ip","organization":"sarahchow03","domainName":"github"},"branch":"master","displayName":"sarahchow03/ip[master]","outputFolderName":"sarahchow03_ip_master"},{"location":{"location":"https://github.com/averageandyyy/ip.git","repoName":"ip","organization":"averageandyyy","domainName":"github"},"branch":"master","displayName":"averageandyyy/ip[master]","outputFolderName":"averageandyyy_ip_master"},{"location":{"location":"https://github.com/jadenlimjc/ip.git","repoName":"ip","organization":"jadenlimjc","domainName":"github"},"branch":"master","displayName":"jadenlimjc/ip[master]","outputFolderName":"jadenlimjc_ip_master"},{"location":{"location":"https://github.com/PrinceCatt/ip.git","repoName":"ip","organization":"PrinceCatt","domainName":"github"},"branch":"master","displayName":"PrinceCatt/ip[master]","outputFolderName":"PrinceCatt_ip_master"},{"location":{"location":"https://github.com/hzxnancy/ip.git","repoName":"ip","organization":"hzxnancy","domainName":"github"},"branch":"master","displayName":"hzxnancy/ip[master]","outputFolderName":"hzxnancy_ip_master"},{"location":{"location":"https://github.com/louisjoety/ip.git","repoName":"ip","organization":"louisjoety","domainName":"github"},"branch":"master","displayName":"louisjoety/ip[master]","outputFolderName":"louisjoety_ip_master"},{"location":{"location":"https://github.com/jinzihan2002/ip.git","repoName":"ip","organization":"jinzihan2002","domainName":"github"},"branch":"master","displayName":"jinzihan2002/ip[master]","outputFolderName":"jinzihan2002_ip_master"},{"location":{"location":"https://github.com/ZiliaAJY/ip.git","repoName":"ip","organization":"ZiliaAJY","domainName":"github"},"branch":"master","displayName":"ZiliaAJY/ip[master]","outputFolderName":"ZiliaAJY_ip_master"},{"location":{"location":"https://github.com/glenda-1506/ip.git","repoName":"ip","organization":"glenda-1506","domainName":"github"},"branch":"master","displayName":"glenda-1506/ip[master]","outputFolderName":"glenda-1506_ip_master"},{"location":{"location":"https://github.com/Chiang-HuiXin/ip.git","repoName":"ip","organization":"Chiang-HuiXin","domainName":"github"},"branch":"master","displayName":"Chiang-HuiXin/ip[master]","outputFolderName":"Chiang-HuiXin_ip_master"},{"location":{"location":"https://github.com/Oshen27/ip.git","repoName":"ip","organization":"Oshen27","domainName":"github"},"branch":"master","displayName":"Oshen27/ip[master]","outputFolderName":"Oshen27_ip_master"},{"location":{"location":"https://github.com/wx-03/ip.git","repoName":"ip","organization":"wx-03","domainName":"github"},"branch":"master","displayName":"wx-03/ip[master]","outputFolderName":"wx-03_ip_master"},{"location":{"location":"https://github.com/Hackin7/ip.git","repoName":"ip","organization":"Hackin7","domainName":"github"},"branch":"master","displayName":"Hackin7/ip[master]","outputFolderName":"Hackin7_ip_master"},{"location":{"location":"https://github.com/crystal-bys/ip.git","repoName":"ip","organization":"crystal-bys","domainName":"github"},"branch":"master","displayName":"crystal-bys/ip[master]","outputFolderName":"crystal-bys_ip_master"},{"location":{"location":"https://github.com/Alfred-Goh02/ip.git","repoName":"ip","organization":"Alfred-Goh02","domainName":"github"},"branch":"master","displayName":"Alfred-Goh02/ip[master]","outputFolderName":"Alfred-Goh02_ip_master"},{"location":{"location":"https://github.com/nirala-ts/ip.git","repoName":"ip","organization":"nirala-ts","domainName":"github"},"branch":"master","displayName":"nirala-ts/ip[master]","outputFolderName":"nirala-ts_ip_master"},{"location":{"location":"https://github.com/xenthm/ip.git","repoName":"ip","organization":"xenthm","domainName":"github"},"branch":"master","displayName":"xenthm/ip[master]","outputFolderName":"xenthm_ip_master"},{"location":{"location":"https://github.com/Bev-low/ip.git","repoName":"ip","organization":"Bev-low","domainName":"github"},"branch":"master","displayName":"Bev-low/ip[master]","outputFolderName":"Bev-low_ip_master"},{"location":{"location":"https://github.com/Ridiculouswifi/ip.git","repoName":"ip","organization":"Ridiculouswifi","domainName":"github"},"branch":"master","displayName":"Ridiculouswifi/ip[master]","outputFolderName":"Ridiculouswifi_ip_master"},{"location":{"location":"https://github.com/glenn-chew/ip.git","repoName":"ip","organization":"glenn-chew","domainName":"github"},"branch":"master","displayName":"glenn-chew/ip[master]","outputFolderName":"glenn-chew_ip_master"},{"location":{"location":"https://github.com/raneeng/ip.git","repoName":"ip","organization":"raneeng","domainName":"github"},"branch":"master","displayName":"raneeng/ip[master]","outputFolderName":"raneeng_ip_master"},{"location":{"location":"https://github.com/chewycj/ip.git","repoName":"ip","organization":"chewycj","domainName":"github"},"branch":"master","displayName":"chewycj/ip[master]","outputFolderName":"chewycj_ip_master"},{"location":{"location":"https://github.com/frederickemerson/ip.git","repoName":"ip","organization":"frederickemerson","domainName":"github"},"branch":"master","displayName":"frederickemerson/ip[master]","outputFolderName":"frederickemerson_ip_master"},{"location":{"location":"https://github.com/danusan-s/ip.git","repoName":"ip","organization":"danusan-s","domainName":"github"},"branch":"master","displayName":"danusan-s/ip[master]","outputFolderName":"danusan-s_ip_master"},{"location":{"location":"https://github.com/cnivedit/ip.git","repoName":"ip","organization":"cnivedit","domainName":"github"},"branch":"master","displayName":"cnivedit/ip[master]","outputFolderName":"cnivedit_ip_master"},{"location":{"location":"https://github.com/rahuljai-05/ip.git","repoName":"ip","organization":"rahuljai-05","domainName":"github"},"branch":"master","displayName":"rahuljai-05/ip[master]","outputFolderName":"rahuljai-05_ip_master"},{"location":{"location":"https://github.com/KuanHsienn/ip.git","repoName":"ip","organization":"KuanHsienn","domainName":"github"},"branch":"master","displayName":"KuanHsienn/ip[master]","outputFolderName":"KuanHsienn_ip_master"},{"location":{"location":"https://github.com/CheeKiangg/ip.git","repoName":"ip","organization":"CheeKiangg","domainName":"github"},"branch":"master","displayName":"CheeKiangg/ip[master]","outputFolderName":"CheeKiangg_ip_master"},{"location":{"location":"https://github.com/ThienDuc3112/ip.git","repoName":"ip","organization":"ThienDuc3112","domainName":"github"},"branch":"master","displayName":"ThienDuc3112/ip[master]","outputFolderName":"ThienDuc3112_ip_master"},{"location":{"location":"https://github.com/YukeeHong/ip.git","repoName":"ip","organization":"YukeeHong","domainName":"github"},"branch":"master","displayName":"YukeeHong/ip[master]","outputFolderName":"YukeeHong_ip_master"},{"location":{"location":"https://github.com/mayfairmi6/ip.git","repoName":"ip","organization":"mayfairmi6","domainName":"github"},"branch":"master","displayName":"mayfairmi6/ip[master]","outputFolderName":"mayfairmi6_ip_master"},{"location":{"location":"https://github.com/Toby-Yu/ip.git","repoName":"ip","organization":"Toby-Yu","domainName":"github"},"branch":"master","displayName":"Toby-Yu/ip[master]","outputFolderName":"Toby-Yu_ip_master"},{"location":{"location":"https://github.com/philip1304/ip.git","repoName":"ip","organization":"philip1304","domainName":"github"},"branch":"master","displayName":"philip1304/ip[master]","outputFolderName":"philip1304_ip_master"},{"location":{"location":"https://github.com/cxc0418/ip.git","repoName":"ip","organization":"cxc0418","domainName":"github"},"branch":"master","displayName":"cxc0418/ip[master]","outputFolderName":"cxc0418_ip_master"},{"location":{"location":"https://github.com/YubotKwng/ip.git","repoName":"ip","organization":"YubotKwng","domainName":"github"},"branch":"master","displayName":"YubotKwng/ip[master]","outputFolderName":"YubotKwng_ip_master"},{"location":{"location":"https://github.com/AaronZZ10/ip.git","repoName":"ip","organization":"AaronZZ10","domainName":"github"},"branch":"master","displayName":"AaronZZ10/ip[master]","outputFolderName":"AaronZZ10_ip_master"},{"location":{"location":"https://github.com/kennethSty/ip.git","repoName":"ip","organization":"kennethSty","domainName":"github"},"branch":"master","displayName":"kennethSty/ip[master]","outputFolderName":"kennethSty_ip_master"},{"location":{"location":"https://github.com/DanLinhHuynh-Niwashi/ip.git","repoName":"ip","organization":"DanLinhHuynh-Niwashi","domainName":"github"},"branch":"master","displayName":"DanLinhHuynh-Niwashi/ip[master]","outputFolderName":"DanLinhHuynh-Niwashi_ip_master"},{"location":{"location":"https://github.com/anlamm/ip.git","repoName":"ip","organization":"anlamm","domainName":"github"},"branch":"master","displayName":"anlamm/ip[master]","outputFolderName":"anlamm_ip_master"},{"location":{"location":"https://github.com/mikolajed/ip.git","repoName":"ip","organization":"mikolajed","domainName":"github"},"branch":"master","displayName":"mikolajed/ip[master]","outputFolderName":"mikolajed_ip_master"},{"location":{"location":"https://github.com/Lucky-Yuan00/ip.git","repoName":"ip","organization":"Lucky-Yuan00","domainName":"github"},"branch":"master","displayName":"Lucky-Yuan00/ip[master]","outputFolderName":"Lucky-Yuan00_ip_master"},{"location":{"location":"https://github.com/Sukkaito/ip.git","repoName":"ip","organization":"Sukkaito","domainName":"github"},"branch":"master","displayName":"Sukkaito/ip[master]","outputFolderName":"Sukkaito_ip_master"},{"location":{"location":"https://github.com/coraleaf0602/ip.git","repoName":"ip","organization":"coraleaf0602","domainName":"github"},"branch":"master","displayName":"coraleaf0602/ip[master]","outputFolderName":"coraleaf0602_ip_master"},{"location":{"location":"https://github.com/ThisisXXZ/ip.git","repoName":"ip","organization":"ThisisXXZ","domainName":"github"},"branch":"master","displayName":"ThisisXXZ/ip[master]","outputFolderName":"ThisisXXZ_ip_master"},{"location":{"location":"https://github.com/kq2003/ip.git","repoName":"ip","organization":"kq2003","domainName":"github"},"branch":"master","displayName":"kq2003/ip[master]","outputFolderName":"kq2003_ip_master"},{"location":{"location":"https://github.com/ChuaCleon/ip.git","repoName":"ip","organization":"ChuaCleon","domainName":"github"},"branch":"master","displayName":"ChuaCleon/ip[master]","outputFolderName":"ChuaCleon_ip_master"},{"location":{"location":"https://github.com/iaso1774/ip.git","repoName":"ip","organization":"iaso1774","domainName":"github"},"branch":"master","displayName":"iaso1774/ip[master]","outputFolderName":"iaso1774_ip_master"},{"location":{"location":"https://github.com/Yvorm/ip.git","repoName":"ip","organization":"Yvorm","domainName":"github"},"branch":"master","displayName":"Yvorm/ip[master]","outputFolderName":"Yvorm_ip_master"},{"location":{"location":"https://github.com/Metanyu/ip.git","repoName":"ip","organization":"Metanyu","domainName":"github"},"branch":"master","displayName":"Metanyu/ip[master]","outputFolderName":"Metanyu_ip_master"},{"location":{"location":"https://github.com/MatchaRRR/ip.git","repoName":"ip","organization":"MatchaRRR","domainName":"github"},"branch":"master","displayName":"MatchaRRR/ip[master]","outputFolderName":"MatchaRRR_ip_master"},{"location":{"location":"https://github.com/AndrewNguyen4/ip.git","repoName":"ip","organization":"AndrewNguyen4","domainName":"github"},"branch":"master","displayName":"AndrewNguyen4/ip[master]","outputFolderName":"AndrewNguyen4_ip_master"},{"location":{"location":"https://github.com/rharwo/ip.git","repoName":"ip","organization":"rharwo","domainName":"github"},"branch":"master","displayName":"rharwo/ip[master]","outputFolderName":"rharwo_ip_master"},{"location":{"location":"https://github.com/tsoudibi/ip.git","repoName":"ip","organization":"tsoudibi","domainName":"github"},"branch":"master","displayName":"tsoudibi/ip[master]","outputFolderName":"tsoudibi_ip_master"},{"location":{"location":"https://github.com/LuxLucky7/ip.git","repoName":"ip","organization":"LuxLucky7","domainName":"github"},"branch":"master","displayName":"LuxLucky7/ip[master]","outputFolderName":"LuxLucky7_ip_master"},{"location":{"location":"https://github.com/angelinawong1210/ip.git","repoName":"ip","organization":"angelinawong1210","domainName":"github"},"branch":"master","displayName":"angelinawong1210/ip[master]","outputFolderName":"angelinawong1210_ip_master"}],"errorSet":[],"sinceDate":"2024-08-16","untilDate":"2024-09-20","isSinceDateProvided":true,"isUntilDateProvided":false,"supportedDomainUrlMap":{"NOT_RECOGNIZED":{"BRANCH":"","REPO_URL":"UNSUPPORTED","BASE_URL":"UNSUPPORTED","HISTORY_PATH":"","COMMIT_PATH":"","BLAME_PATH":""},"github":{"BRANCH":"tree/$BRANCH","REPO_URL":"https://github.com/$ORGANIZATION/$REPO_NAME/","BASE_URL":"https://github.com/","HISTORY_PATH":"commits/$BRANCH/$FILE_PATH","COMMIT_PATH":"commit/$COMMIT_HASH","BLAME_PATH":"blame/$BRANCH/$FILE_PATH"}},"isAuthorshipAnalyzed":false,"blurbs":{"urlBlurbMap":{}}}
