{"authorDailyContributionsMap":{"G13nd0n":[{"date":"2024-08-22","commitResults":[{"hash":"a87e08d42012cd8195ed1f89903d2e3035728350","isMergeCommit":false,"messageTitle":"replaced Duke with Glendon","messageBody":"","tags":["level0"],"fileTypesAndContributionMap":{"java":{"insertions":16,"deletions":10}}}]},{"date":"2024-08-23","commitResults":[{"hash":"db731b83880d8b50376f42a4246603063ca21c7c","isMergeCommit":false,"messageTitle":"Edited Glendon","messageBody":"","fileTypesAndContributionMap":{"java":{"insertions":1,"deletions":1}}}]},{"date":"2024-08-24","commitResults":[{"hash":"ad660a19ec932f709822157119af6d161ebc7ba5","isMergeCommit":false,"messageTitle":"added the echo feature","messageBody":"","tags":["Level1"],"fileTypesAndContributionMap":{"java":{"insertions":14,"deletions":2}}},{"hash":"975f7e6f1066ad11032b840aa155e00c5261cc77","isMergeCommit":false,"messageTitle":"updated echo","messageBody":"","fileTypesAndContributionMap":{"java":{"insertions":1,"deletions":0}}},{"hash":"b830f0bda77d3e8c995bbe67482c2e40ceb7abb9","isMergeCommit":false,"messageTitle":"Add, List","messageBody":"","tags":["level2"],"fileTypesAndContributionMap":{"java":{"insertions":14,"deletions":1}}},{"hash":"0ca9b029a81c39f56df9a41cf70075f93c834bed","isMergeCommit":false,"messageTitle":"Added Mark As Done","messageBody":"","tags":["level3","A-Classes"],"fileTypesAndContributionMap":{"java":{"insertions":50,"deletions":4}}}]},{"date":"2024-08-29","commitResults":[{"hash":"8ee6a2ba2d6ff9f5b42d7bc1cbddf24a1de1bb91","isMergeCommit":false,"messageTitle":"Modified the code to the coding standard","messageBody":"","tags":["A-CodingStandard"],"fileTypesAndContributionMap":{"java":{"insertions":35,"deletions":37}}}]},{"date":"2024-08-31","commitResults":[{"hash":"e7d9968215e916e9a998cb99580f02dea8e6cc24","isMergeCommit":false,"messageTitle":"Added Deadline, Event, Todo and made the code more readable","messageBody":"","tags":["level4","A-Inheritance"],"fileTypesAndContributionMap":{"java":{"insertions":151,"deletions":53}}}]},{"date":"2024-09-03","commitResults":[{"hash":"f0498e5030330c500a60bf3f3edb30e05e7ad447","isMergeCommit":false,"messageTitle":"Modified Code to the correct output and added text ui test","messageBody":"","tags":["A-TextUiTesting","A-CodeQuality"],"fileTypesAndContributionMap":{"txt":{"insertions":11,"deletions":0},"java":{"insertions":4,"deletions":3},"bat":{"insertions":3,"deletions":3}}}]},{"date":"2024-09-08","commitResults":[{"hash":"375e38b60bf43d7b4b7e08d7d4559e1f480667e4","isMergeCommit":false,"messageTitle":"Added the Exception","messageBody":"","tags":["level5","A-Exception"],"fileTypesAndContributionMap":{"java":{"insertions":67,"deletions":25}}}]},{"date":"2024-09-10","commitResults":[{"hash":"2817e1d06c6096fb96910ca2342d90aceb8e65bc","isMergeCommit":false,"messageTitle":"Revert \"Added the Exception\"","messageBody":"This reverts commit 375e38b60bf43d7b4b7e08d7d4559e1f480667e4.\n","fileTypesAndContributionMap":{"java":{"insertions":25,"deletions":67}}},{"hash":"8b50084e589838a972f788117437835f00609e04","isMergeCommit":false,"messageTitle":"Added Exception and GlendonException","messageBody":"","fileTypesAndContributionMap":{"java":{"insertions":67,"deletions":25}}}]},{"date":"2024-09-13","commitResults":[{"hash":"bb846ca11653fc4e9623aa981c57c2bba03a8cc8","isMergeCommit":false,"messageTitle":"Added Exception and GlendonException","messageBody":"(cherry picked from commit 8b50084e589838a972f788117437835f00609e04)\n","fileTypesAndContributionMap":{"java":{"insertions":67,"deletions":25}}},{"hash":"88c9dcc04a3919dc6f3f6aff734e6a1bc38c1568","isMergeCommit":false,"messageTitle":"Add header comment","messageBody":"","tags":["Level-5","A-Exceptions"],"fileTypesAndContributionMap":{"java":{"insertions":5,"deletions":0}}},{"hash":"08d7c2b9ff4897752d9c1baf9ac4bd653917d5bd","isMergeCommit":true,"messageTitle":"Merge branch \u0027branch-Level-5\u0027","messageBody":"","fileTypesAndContributionMap":{}},{"hash":"51eed9b06b05a78f8994a74984a57d46e7f57486","isMergeCommit":false,"messageTitle":"Add package and distributed the class into the packages","messageBody":"","tags":["A-Packages"],"fileTypesAndContributionMap":{"java":{"insertions":17,"deletions":0}}},{"hash":"d9a5170848fc2246d1e53d25ceeadfcae38bf331","isMergeCommit":true,"messageTitle":"Merge branch \u0027branch-package\u0027","messageBody":"","fileTypesAndContributionMap":{}}]},{"date":"2024-09-18","commitResults":[{"hash":"cc93b2cd8eb3034510e617e7c081377504373189","isMergeCommit":false,"messageTitle":"Add the delete function","messageBody":"","tags":["Level-6","A-Collections"],"fileTypesAndContributionMap":{"java":{"insertions":43,"deletions":11}}}]},{"date":"2024-09-19","commitResults":[{"hash":"ebbc50485b28a15d5a96c0996f7c0ab3c313f769","isMergeCommit":false,"messageTitle":"Add the Saving Function","messageBody":"","tags":["Level-7"],"fileTypesAndContributionMap":{"txt":{"insertions":4,"deletions":0},"java":{"insertions":153,"deletions":11}}},{"hash":"17e2875a8148519c9c1a093ef960ee593d5beca6","isMergeCommit":true,"messageTitle":"Merge branch \u0027branch-Level-6\u0027","messageBody":"","fileTypesAndContributionMap":{}},{"hash":"775a53ba5a0742d491fc4086e81f511b581b6c06","isMergeCommit":true,"messageTitle":"Merge branch \u0027branch-Level-7\u0027","messageBody":"# Conflicts:\n#\tsrc/main/java/Glendon/Glendon.java\n","fileTypesAndContributionMap":{}},{"hash":"2803cbdc9f37873ed51cc5e52654fc2cc8a52f00","isMergeCommit":false,"messageTitle":"Update Saving File","messageBody":"","tags":["A-Jar"],"fileTypesAndContributionMap":{"txt":{"insertions":0,"deletions":4},"java":{"insertions":19,"deletions":35}}}]},{"date":"2024-09-23","commitResults":[{"hash":"92a585eb5a5ae8824a7786fdc561d5b78df99448","isMergeCommit":false,"messageTitle":"Use more OOP on the code","messageBody":"","fileTypesAndContributionMap":{"java":{"insertions":485,"deletions":271}}}]}]},"authorFileTypeContributionMap":{"G13nd0n":{"java":624,"md":0,"fxml":0,"sh":0,"bat":3,"gradle":0,"txt":11}},"authorContributionVariance":{"G13nd0n":16653.48},"authorDisplayNameMap":{"G13nd0n":"CS2113-T10-2 TAN ..NDON"}}
