{"authorDailyContributionsMap":{"G13nd0n":[{"date":"2024-08-22","commitResults":[{"hash":"a87e08d42012cd8195ed1f89903d2e3035728350","isMergeCommit":false,"messageTitle":"replaced Duke with Glendon","messageBody":"","fileTypesAndContributionMap":{"java":{"insertions":16,"deletions":10}}}]},{"date":"2024-08-23","commitResults":[{"hash":"db731b83880d8b50376f42a4246603063ca21c7c","isMergeCommit":false,"messageTitle":"Edited Glendon","messageBody":"","fileTypesAndContributionMap":{"java":{"insertions":1,"deletions":1}}}]},{"date":"2024-08-24","commitResults":[{"hash":"ad660a19ec932f709822157119af6d161ebc7ba5","isMergeCommit":false,"messageTitle":"added the echo feature","messageBody":"","tags":["Level1"],"fileTypesAndContributionMap":{"java":{"insertions":14,"deletions":2}}},{"hash":"975f7e6f1066ad11032b840aa155e00c5261cc77","isMergeCommit":false,"messageTitle":"updated echo","messageBody":"","fileTypesAndContributionMap":{"java":{"insertions":1,"deletions":0}}},{"hash":"b830f0bda77d3e8c995bbe67482c2e40ceb7abb9","isMergeCommit":false,"messageTitle":"Add, List","messageBody":"","tags":["level2"],"fileTypesAndContributionMap":{"java":{"insertions":14,"deletions":1}}},{"hash":"0ca9b029a81c39f56df9a41cf70075f93c834bed","isMergeCommit":false,"messageTitle":"Added Mark As Done","messageBody":"","tags":["level3"],"fileTypesAndContributionMap":{"java":{"insertions":50,"deletions":4}}}]},{"date":"2024-08-29","commitResults":[{"hash":"8ee6a2ba2d6ff9f5b42d7bc1cbddf24a1de1bb91","isMergeCommit":false,"messageTitle":"Modified the code to the coding standard","messageBody":"","tags":["A-CodingStandard"],"fileTypesAndContributionMap":{"java":{"insertions":35,"deletions":37}}}]}]},"authorFileTypeContributionMap":{"G13nd0n":{"java":86,"md":0,"fxml":0,"sh":0,"bat":0,"gradle":0,"txt":0}},"authorContributionVariance":{"G13nd0n":770.6327},"authorDisplayNameMap":{"G13nd0n":"TAN ..NDON"}}
