[{"path":"README.md","fileType":"md","lines":[{"lineNumber":1,"author":{"gitId":"frederickemerson"},"content":"# Cassandra project template","lastModifiedDate":"2024-08-29","isFullCredit":false},{"lineNumber":2,"author":{"gitId":"-"},"content":"","lastModifiedDate":"2020-05-25","isFullCredit":false},{"lineNumber":3,"author":{"gitId":"-"},"content":"This is a project template for a greenfield Java project. It\u0027s named after the Java mascot _Duke_. Given below are instructions on how to use it.","lastModifiedDate":"2020-05-25","isFullCredit":false},{"lineNumber":4,"author":{"gitId":"-"},"content":"","lastModifiedDate":"2020-05-25","isFullCredit":false},{"lineNumber":5,"author":{"gitId":"-"},"content":"## Setting up in Intellij","lastModifiedDate":"2020-05-25","isFullCredit":false},{"lineNumber":6,"author":{"gitId":"-"},"content":"","lastModifiedDate":"2020-05-25","isFullCredit":false},{"lineNumber":7,"author":{"gitId":"-"},"content":"Prerequisites: JDK 17, update Intellij to the most recent version.","lastModifiedDate":"2024-07-11","isFullCredit":false},{"lineNumber":8,"author":{"gitId":"-"},"content":"","lastModifiedDate":"2020-05-25","isFullCredit":false},{"lineNumber":9,"author":{"gitId":"-"},"content":"1. Open Intellij (if you are not in the welcome screen, click `File` \u003e `Close Project` to close the existing project first)","lastModifiedDate":"2021-01-17","isFullCredit":false},{"lineNumber":10,"author":{"gitId":"-"},"content":"1. Open the project into Intellij as follows:","lastModifiedDate":"2021-01-17","isFullCredit":false},{"lineNumber":11,"author":{"gitId":"-"},"content":"   1. Click `Open`.","lastModifiedDate":"2021-01-17","isFullCredit":false},{"lineNumber":12,"author":{"gitId":"-"},"content":"   1. Select the project directory, and click `OK`.","lastModifiedDate":"2021-01-17","isFullCredit":false},{"lineNumber":13,"author":{"gitId":"-"},"content":"   1. If there are any further prompts, accept the defaults.","lastModifiedDate":"2020-05-25","isFullCredit":false},{"lineNumber":14,"author":{"gitId":"-"},"content":"1. Configure the project to use **JDK 17** (not other versions) as explained in [here](https://www.jetbrains.com/help/idea/sdk.html#set-up-jdk).\u003cbr\u003e","lastModifiedDate":"2024-07-11","isFullCredit":false},{"lineNumber":15,"author":{"gitId":"-"},"content":"   In the same dialog, set the **Project language level** field to the `SDK default` option.","lastModifiedDate":"2021-07-29","isFullCredit":false},{"lineNumber":16,"author":{"gitId":"frederickemerson"},"content":"3. After that, locate the `src/main/java/Cassandra.java` file, right-click it, and choose `Run Cassandra.main()` (if the code editor is showing compile errors, try restarting the IDE). If the setup is correct, you should see something like the below as the output:","lastModifiedDate":"2024-08-29","isFullCredit":false},{"lineNumber":17,"author":{"gitId":"-"},"content":"   ```","lastModifiedDate":"2020-05-25","isFullCredit":false},{"lineNumber":18,"author":{"gitId":"-"},"content":"   Hello from","lastModifiedDate":"2020-05-25","isFullCredit":false},{"lineNumber":19,"author":{"gitId":"-"},"content":"    ____        _        ","lastModifiedDate":"2020-05-25","isFullCredit":false},{"lineNumber":20,"author":{"gitId":"-"},"content":"   |  _ \\ _   _| | _____ ","lastModifiedDate":"2020-05-25","isFullCredit":false},{"lineNumber":21,"author":{"gitId":"-"},"content":"   | | | | | | | |/ / _ \\","lastModifiedDate":"2020-05-25","isFullCredit":false},{"lineNumber":22,"author":{"gitId":"-"},"content":"   | |_| | |_| |   \u003c  __/","lastModifiedDate":"2020-05-25","isFullCredit":false},{"lineNumber":23,"author":{"gitId":"-"},"content":"   |____/ \\__,_|_|\\_\\___|","lastModifiedDate":"2020-05-25","isFullCredit":false},{"lineNumber":24,"author":{"gitId":"-"},"content":"   ```","lastModifiedDate":"2020-05-25","isFullCredit":false}],"authorContributionMap":{"frederickemerson":2,"-":22}},{"path":"docs/README.md","fileType":"md","lines":[{"lineNumber":1,"author":{"gitId":"frederickemerson"},"content":"# Cassandra User Guide","lastModifiedDate":"2024-08-29","isFullCredit":false},{"lineNumber":2,"author":{"gitId":"-"},"content":"","lastModifiedDate":"2019-07-29","isFullCredit":false},{"lineNumber":3,"author":{"gitId":"-"},"content":"// Update the title above to match the actual product name","lastModifiedDate":"2024-01-07","isFullCredit":false},{"lineNumber":4,"author":{"gitId":"-"},"content":"","lastModifiedDate":"2019-07-29","isFullCredit":false},{"lineNumber":5,"author":{"gitId":"-"},"content":"// Product screenshot goes here","lastModifiedDate":"2024-01-07","isFullCredit":false},{"lineNumber":6,"author":{"gitId":"-"},"content":"","lastModifiedDate":"2021-07-17","isFullCredit":false},{"lineNumber":7,"author":{"gitId":"-"},"content":"// Product intro goes here","lastModifiedDate":"2024-01-07","isFullCredit":false},{"lineNumber":8,"author":{"gitId":"-"},"content":"","lastModifiedDate":"2021-07-17","isFullCredit":false},{"lineNumber":9,"author":{"gitId":"-"},"content":"## Adding deadlines","lastModifiedDate":"2024-01-07","isFullCredit":false},{"lineNumber":10,"author":{"gitId":"-"},"content":"","lastModifiedDate":"2021-07-17","isFullCredit":false},{"lineNumber":11,"author":{"gitId":"-"},"content":"// Describe the action and its outcome.","lastModifiedDate":"2024-01-07","isFullCredit":false},{"lineNumber":12,"author":{"gitId":"-"},"content":"","lastModifiedDate":"2019-07-29","isFullCredit":false},{"lineNumber":13,"author":{"gitId":"-"},"content":"// Give examples of usage","lastModifiedDate":"2024-01-07","isFullCredit":false},{"lineNumber":14,"author":{"gitId":"-"},"content":"","lastModifiedDate":"2019-07-29","isFullCredit":false},{"lineNumber":15,"author":{"gitId":"-"},"content":"Example: `keyword (optional arguments)`","lastModifiedDate":"2024-01-07","isFullCredit":false},{"lineNumber":16,"author":{"gitId":"-"},"content":"","lastModifiedDate":"2019-07-29","isFullCredit":false},{"lineNumber":17,"author":{"gitId":"-"},"content":"// A description of the expected outcome goes here","lastModifiedDate":"2024-01-07","isFullCredit":false},{"lineNumber":18,"author":{"gitId":"-"},"content":"","lastModifiedDate":"2019-07-29","isFullCredit":false},{"lineNumber":19,"author":{"gitId":"-"},"content":"```","lastModifiedDate":"2024-01-07","isFullCredit":false},{"lineNumber":20,"author":{"gitId":"-"},"content":"expected output","lastModifiedDate":"2024-01-07","isFullCredit":false},{"lineNumber":21,"author":{"gitId":"-"},"content":"```","lastModifiedDate":"2024-01-07","isFullCredit":false},{"lineNumber":22,"author":{"gitId":"-"},"content":"","lastModifiedDate":"2019-07-29","isFullCredit":false},{"lineNumber":23,"author":{"gitId":"-"},"content":"## Feature ABC","lastModifiedDate":"2024-01-07","isFullCredit":false},{"lineNumber":24,"author":{"gitId":"-"},"content":"","lastModifiedDate":"2019-07-29","isFullCredit":false},{"lineNumber":25,"author":{"gitId":"-"},"content":"// Feature details","lastModifiedDate":"2024-01-07","isFullCredit":false},{"lineNumber":26,"author":{"gitId":"-"},"content":"","lastModifiedDate":"2019-07-29","isFullCredit":false},{"lineNumber":27,"author":{"gitId":"-"},"content":"","lastModifiedDate":"2021-07-17","isFullCredit":false},{"lineNumber":28,"author":{"gitId":"-"},"content":"## Feature XYZ","lastModifiedDate":"2024-01-07","isFullCredit":false},{"lineNumber":29,"author":{"gitId":"-"},"content":"","lastModifiedDate":"2024-01-07","isFullCredit":false},{"lineNumber":30,"author":{"gitId":"-"},"content":"// Feature details","lastModifiedDate":"2024-01-07","isFullCredit":false}],"authorContributionMap":{"frederickemerson":1,"-":29}},{"path":"src/main/java/Cassandra.java","fileType":"java","lines":[{"lineNumber":1,"author":{"gitId":"frederickemerson"},"content":"import java.lang.reflect.Array;","lastModifiedDate":"2024-08-29","isFullCredit":false},{"lineNumber":2,"author":{"gitId":"frederickemerson"},"content":"import java.util.ArrayList;","lastModifiedDate":"2024-08-29","isFullCredit":false},{"lineNumber":3,"author":{"gitId":"frederickemerson"},"content":"import java.util.HashMap;","lastModifiedDate":"2024-08-29","isFullCredit":false},{"lineNumber":4,"author":{"gitId":"frederickemerson"},"content":"import java.util.Scanner;","lastModifiedDate":"2024-08-29","isFullCredit":false},{"lineNumber":5,"author":{"gitId":"frederickemerson"},"content":"","lastModifiedDate":"2024-08-29","isFullCredit":false},{"lineNumber":6,"author":{"gitId":"frederickemerson"},"content":"public class Cassandra {","lastModifiedDate":"2024-08-29","isFullCredit":false},{"lineNumber":7,"author":{"gitId":"frederickemerson"},"content":"","lastModifiedDate":"2024-08-29","isFullCredit":false},{"lineNumber":8,"author":{"gitId":"frederickemerson"},"content":"    private static ArrayList\u003cTask\u003e taskList \u003d new ArrayList\u003cTask\u003e();","lastModifiedDate":"2024-08-30","isFullCredit":false},{"lineNumber":9,"author":{"gitId":"frederickemerson"},"content":"","lastModifiedDate":"2024-08-30","isFullCredit":false},{"lineNumber":10,"author":{"gitId":"frederickemerson"},"content":"    private static void line(){","lastModifiedDate":"2024-08-29","isFullCredit":false},{"lineNumber":11,"author":{"gitId":"frederickemerson"},"content":"        System.out.println(\"____________________________________________________________\");","lastModifiedDate":"2024-08-29","isFullCredit":false},{"lineNumber":12,"author":{"gitId":"frederickemerson"},"content":"    }","lastModifiedDate":"2024-08-29","isFullCredit":false},{"lineNumber":13,"author":{"gitId":"frederickemerson"},"content":"","lastModifiedDate":"2024-08-29","isFullCredit":false},{"lineNumber":14,"author":{"gitId":"frederickemerson"},"content":"    private static void intro(){","lastModifiedDate":"2024-08-29","isFullCredit":false},{"lineNumber":15,"author":{"gitId":"frederickemerson"},"content":"        line();","lastModifiedDate":"2024-08-29","isFullCredit":false},{"lineNumber":16,"author":{"gitId":"frederickemerson"},"content":"        System.out.println(\" Hello! I\u0027m Cassandra\");","lastModifiedDate":"2024-08-29","isFullCredit":false},{"lineNumber":17,"author":{"gitId":"frederickemerson"},"content":"        System.out.println(\" What can I do for you?\");","lastModifiedDate":"2024-08-29","isFullCredit":false},{"lineNumber":18,"author":{"gitId":"frederickemerson"},"content":"        line();","lastModifiedDate":"2024-08-29","isFullCredit":false},{"lineNumber":19,"author":{"gitId":"frederickemerson"},"content":"    }","lastModifiedDate":"2024-08-29","isFullCredit":false},{"lineNumber":20,"author":{"gitId":"frederickemerson"},"content":"","lastModifiedDate":"2024-08-29","isFullCredit":false},{"lineNumber":21,"author":{"gitId":"frederickemerson"},"content":"    private static void exit(){","lastModifiedDate":"2024-08-29","isFullCredit":false},{"lineNumber":22,"author":{"gitId":"frederickemerson"},"content":"        System.out.println(\" Bye. Hope to see you again soon!\");","lastModifiedDate":"2024-08-29","isFullCredit":false},{"lineNumber":23,"author":{"gitId":"frederickemerson"},"content":"        line();","lastModifiedDate":"2024-08-29","isFullCredit":false},{"lineNumber":24,"author":{"gitId":"frederickemerson"},"content":"    }","lastModifiedDate":"2024-08-29","isFullCredit":false},{"lineNumber":25,"author":{"gitId":"frederickemerson"},"content":"","lastModifiedDate":"2024-08-29","isFullCredit":false},{"lineNumber":26,"author":{"gitId":"frederickemerson"},"content":"    private static void saveTask(Task input){","lastModifiedDate":"2024-08-30","isFullCredit":false},{"lineNumber":27,"author":{"gitId":"frederickemerson"},"content":"        taskList.add(input);","lastModifiedDate":"2024-08-29","isFullCredit":false},{"lineNumber":28,"author":{"gitId":"frederickemerson"},"content":"        System.out.println(\" Added : \"+ input.getTaskName());","lastModifiedDate":"2024-08-29","isFullCredit":false},{"lineNumber":29,"author":{"gitId":"frederickemerson"},"content":"        line();","lastModifiedDate":"2024-08-29","isFullCredit":false},{"lineNumber":30,"author":{"gitId":"frederickemerson"},"content":"    }","lastModifiedDate":"2024-08-29","isFullCredit":false},{"lineNumber":31,"author":{"gitId":"frederickemerson"},"content":"","lastModifiedDate":"2024-08-29","isFullCredit":false},{"lineNumber":32,"author":{"gitId":"frederickemerson"},"content":"    private static void markTask(int index){","lastModifiedDate":"2024-08-30","isFullCredit":false},{"lineNumber":33,"author":{"gitId":"frederickemerson"},"content":"        if(index\u003c\u003d0 || index\u003etaskList.size()) {","lastModifiedDate":"2024-08-29","isFullCredit":false},{"lineNumber":34,"author":{"gitId":"frederickemerson"},"content":"            System.out.println(\"Sorry, no task found\");","lastModifiedDate":"2024-08-29","isFullCredit":false},{"lineNumber":35,"author":{"gitId":"frederickemerson"},"content":"        } else if(taskList.get(index-1).getIsCompleted()){","lastModifiedDate":"2024-08-29","isFullCredit":false},{"lineNumber":36,"author":{"gitId":"frederickemerson"},"content":"            System.out.println(\"Task has already been marked complete\");","lastModifiedDate":"2024-08-29","isFullCredit":false},{"lineNumber":37,"author":{"gitId":"frederickemerson"},"content":"        } else {","lastModifiedDate":"2024-08-29","isFullCredit":false},{"lineNumber":38,"author":{"gitId":"frederickemerson"},"content":"            taskList.get(index - 1).setCompleted(true);","lastModifiedDate":"2024-08-29","isFullCredit":false},{"lineNumber":39,"author":{"gitId":"frederickemerson"},"content":"            System.out.println(\" Nice! I\u0027ve marked this task as done:\");","lastModifiedDate":"2024-08-29","isFullCredit":false},{"lineNumber":40,"author":{"gitId":"frederickemerson"},"content":"            System.out.println(\" \" + taskList.get(index - 1).printTask());","lastModifiedDate":"2024-08-29","isFullCredit":false},{"lineNumber":41,"author":{"gitId":"frederickemerson"},"content":"        }","lastModifiedDate":"2024-08-29","isFullCredit":false},{"lineNumber":42,"author":{"gitId":"frederickemerson"},"content":"        line();","lastModifiedDate":"2024-08-29","isFullCredit":false},{"lineNumber":43,"author":{"gitId":"frederickemerson"},"content":"    }","lastModifiedDate":"2024-08-29","isFullCredit":false},{"lineNumber":44,"author":{"gitId":"frederickemerson"},"content":"","lastModifiedDate":"2024-08-29","isFullCredit":false},{"lineNumber":45,"author":{"gitId":"frederickemerson"},"content":"    private static void unmarkTask(int index){","lastModifiedDate":"2024-08-30","isFullCredit":false},{"lineNumber":46,"author":{"gitId":"frederickemerson"},"content":"        if(index\u003c\u003d0 || index\u003etaskList.size()) {","lastModifiedDate":"2024-08-29","isFullCredit":false},{"lineNumber":47,"author":{"gitId":"frederickemerson"},"content":"            System.out.println(\"Sorry, no task found\");","lastModifiedDate":"2024-08-29","isFullCredit":false},{"lineNumber":48,"author":{"gitId":"frederickemerson"},"content":"        } else if(!taskList.get(index-1).getIsCompleted()){","lastModifiedDate":"2024-08-29","isFullCredit":false},{"lineNumber":49,"author":{"gitId":"frederickemerson"},"content":"            System.out.println(\"Task has already been marked incomplete\");","lastModifiedDate":"2024-08-29","isFullCredit":false},{"lineNumber":50,"author":{"gitId":"frederickemerson"},"content":"        } else {","lastModifiedDate":"2024-08-29","isFullCredit":false},{"lineNumber":51,"author":{"gitId":"frederickemerson"},"content":"            taskList.get(index - 1).setCompleted(false);","lastModifiedDate":"2024-08-29","isFullCredit":false},{"lineNumber":52,"author":{"gitId":"frederickemerson"},"content":"            System.out.println(\" OK, I\u0027ve marked this task as not done yet: \");","lastModifiedDate":"2024-08-29","isFullCredit":false},{"lineNumber":53,"author":{"gitId":"frederickemerson"},"content":"            System.out.println(\" \" + taskList.get(index - 1).printTask());","lastModifiedDate":"2024-08-29","isFullCredit":false},{"lineNumber":54,"author":{"gitId":"frederickemerson"},"content":"        }","lastModifiedDate":"2024-08-29","isFullCredit":false},{"lineNumber":55,"author":{"gitId":"frederickemerson"},"content":"        line();","lastModifiedDate":"2024-08-29","isFullCredit":false},{"lineNumber":56,"author":{"gitId":"frederickemerson"},"content":"    }","lastModifiedDate":"2024-08-29","isFullCredit":false},{"lineNumber":57,"author":{"gitId":"frederickemerson"},"content":"","lastModifiedDate":"2024-08-29","isFullCredit":false},{"lineNumber":58,"author":{"gitId":"frederickemerson"},"content":"    private static void printtaskList(){","lastModifiedDate":"2024-08-30","isFullCredit":false},{"lineNumber":59,"author":{"gitId":"frederickemerson"},"content":"        if(taskList.isEmpty()){","lastModifiedDate":"2024-08-29","isFullCredit":false},{"lineNumber":60,"author":{"gitId":"frederickemerson"},"content":"            System.out.println(\"List is empty\");","lastModifiedDate":"2024-08-29","isFullCredit":false},{"lineNumber":61,"author":{"gitId":"frederickemerson"},"content":"            return;","lastModifiedDate":"2024-08-29","isFullCredit":false},{"lineNumber":62,"author":{"gitId":"frederickemerson"},"content":"        }","lastModifiedDate":"2024-08-29","isFullCredit":false},{"lineNumber":63,"author":{"gitId":"frederickemerson"},"content":"        System.out.println(\"Here are the tasks in your list: :\");","lastModifiedDate":"2024-08-29","isFullCredit":false},{"lineNumber":64,"author":{"gitId":"frederickemerson"},"content":"        for(int i\u003d0;i\u003ctaskList.size();i++){","lastModifiedDate":"2024-08-29","isFullCredit":false},{"lineNumber":65,"author":{"gitId":"frederickemerson"},"content":"            System.out.println((i+1) + \". \"+taskList.get(i).printTask());","lastModifiedDate":"2024-08-29","isFullCredit":false},{"lineNumber":66,"author":{"gitId":"frederickemerson"},"content":"        }","lastModifiedDate":"2024-08-29","isFullCredit":false},{"lineNumber":67,"author":{"gitId":"frederickemerson"},"content":"        line();","lastModifiedDate":"2024-08-29","isFullCredit":false},{"lineNumber":68,"author":{"gitId":"frederickemerson"},"content":"    }","lastModifiedDate":"2024-08-29","isFullCredit":false},{"lineNumber":69,"author":{"gitId":"frederickemerson"},"content":"","lastModifiedDate":"2024-08-29","isFullCredit":false},{"lineNumber":70,"author":{"gitId":"frederickemerson"},"content":"    private static void directCode(String code,String input){","lastModifiedDate":"2024-08-30","isFullCredit":false},{"lineNumber":71,"author":{"gitId":"frederickemerson"},"content":"        if(code.equalsIgnoreCase(\"mark\")){","lastModifiedDate":"2024-08-30","isFullCredit":false},{"lineNumber":72,"author":{"gitId":"frederickemerson"},"content":"            markTask(Integer.parseInt(input.substring(input.indexOf(\" \")+1)));","lastModifiedDate":"2024-08-30","isFullCredit":false},{"lineNumber":73,"author":{"gitId":"frederickemerson"},"content":"        } else if(code.equalsIgnoreCase(\"unmark\")){","lastModifiedDate":"2024-08-30","isFullCredit":false},{"lineNumber":74,"author":{"gitId":"frederickemerson"},"content":"            unmarkTask(Integer.parseInt(input.substring(input.indexOf(\" \")+1)));","lastModifiedDate":"2024-08-30","isFullCredit":false},{"lineNumber":75,"author":{"gitId":"frederickemerson"},"content":"        } else if(code.equalsIgnoreCase(\"list\")){","lastModifiedDate":"2024-08-30","isFullCredit":false},{"lineNumber":76,"author":{"gitId":"frederickemerson"},"content":"            printtaskList();","lastModifiedDate":"2024-08-30","isFullCredit":false},{"lineNumber":77,"author":{"gitId":"frederickemerson"},"content":"        } else if(code.equalsIgnoreCase(\"bye\")){","lastModifiedDate":"2024-08-30","isFullCredit":false},{"lineNumber":78,"author":{"gitId":"frederickemerson"},"content":"            System.exit(0);","lastModifiedDate":"2024-08-30","isFullCredit":false},{"lineNumber":79,"author":{"gitId":"frederickemerson"},"content":"        }else {","lastModifiedDate":"2024-08-30","isFullCredit":false},{"lineNumber":80,"author":{"gitId":"frederickemerson"},"content":"            saveTask(new Task(input));","lastModifiedDate":"2024-08-30","isFullCredit":false},{"lineNumber":81,"author":{"gitId":"frederickemerson"},"content":"        }","lastModifiedDate":"2024-08-30","isFullCredit":false},{"lineNumber":82,"author":{"gitId":"frederickemerson"},"content":"    }","lastModifiedDate":"2024-08-30","isFullCredit":false},{"lineNumber":83,"author":{"gitId":"frederickemerson"},"content":"","lastModifiedDate":"2024-08-30","isFullCredit":false},{"lineNumber":84,"author":{"gitId":"frederickemerson"},"content":"    private  static void input() {","lastModifiedDate":"2024-08-30","isFullCredit":false},{"lineNumber":85,"author":{"gitId":"frederickemerson"},"content":"        String input \u003d new Scanner(System.in).nextLine().trim();","lastModifiedDate":"2024-08-29","isFullCredit":false},{"lineNumber":86,"author":{"gitId":"frederickemerson"},"content":"        String code \u003d input.split(\" \")[0];","lastModifiedDate":"2024-08-29","isFullCredit":false},{"lineNumber":87,"author":{"gitId":"frederickemerson"},"content":"        line();","lastModifiedDate":"2024-08-29","isFullCredit":false},{"lineNumber":88,"author":{"gitId":"frederickemerson"},"content":"        directCode(code,input);","lastModifiedDate":"2024-08-30","isFullCredit":false},{"lineNumber":89,"author":{"gitId":"frederickemerson"},"content":"        input();","lastModifiedDate":"2024-08-30","isFullCredit":false},{"lineNumber":90,"author":{"gitId":"frederickemerson"},"content":"    }","lastModifiedDate":"2024-08-29","isFullCredit":false},{"lineNumber":91,"author":{"gitId":"frederickemerson"},"content":"","lastModifiedDate":"2024-08-29","isFullCredit":false},{"lineNumber":92,"author":{"gitId":"frederickemerson"},"content":"    public static void main(String[] args) {","lastModifiedDate":"2024-08-29","isFullCredit":false},{"lineNumber":93,"author":{"gitId":"frederickemerson"},"content":"        intro();","lastModifiedDate":"2024-08-29","isFullCredit":false},{"lineNumber":94,"author":{"gitId":"frederickemerson"},"content":"        input();","lastModifiedDate":"2024-08-30","isFullCredit":false},{"lineNumber":95,"author":{"gitId":"frederickemerson"},"content":"        exit();","lastModifiedDate":"2024-08-29","isFullCredit":false},{"lineNumber":96,"author":{"gitId":"frederickemerson"},"content":"    }","lastModifiedDate":"2024-08-29","isFullCredit":false},{"lineNumber":97,"author":{"gitId":"frederickemerson"},"content":"}","lastModifiedDate":"2024-08-29","isFullCredit":false}],"authorContributionMap":{"frederickemerson":97}},{"path":"src/main/java/Task.java","fileType":"java","lines":[{"lineNumber":1,"author":{"gitId":"frederickemerson"},"content":"public class Task {","lastModifiedDate":"2024-08-29","isFullCredit":false},{"lineNumber":2,"author":{"gitId":"frederickemerson"},"content":"    private String taskName;","lastModifiedDate":"2024-08-29","isFullCredit":false},{"lineNumber":3,"author":{"gitId":"frederickemerson"},"content":"    private boolean isCompleted;","lastModifiedDate":"2024-08-29","isFullCredit":false},{"lineNumber":4,"author":{"gitId":"frederickemerson"},"content":"","lastModifiedDate":"2024-08-29","isFullCredit":false},{"lineNumber":5,"author":{"gitId":"frederickemerson"},"content":"    Task(String taskName){","lastModifiedDate":"2024-08-29","isFullCredit":false},{"lineNumber":6,"author":{"gitId":"frederickemerson"},"content":"        this.taskName\u003dtaskName;","lastModifiedDate":"2024-08-29","isFullCredit":false},{"lineNumber":7,"author":{"gitId":"frederickemerson"},"content":"        this.isCompleted\u003dfalse;","lastModifiedDate":"2024-08-29","isFullCredit":false},{"lineNumber":8,"author":{"gitId":"frederickemerson"},"content":"    }","lastModifiedDate":"2024-08-29","isFullCredit":false},{"lineNumber":9,"author":{"gitId":"frederickemerson"},"content":"","lastModifiedDate":"2024-08-29","isFullCredit":false},{"lineNumber":10,"author":{"gitId":"frederickemerson"},"content":"    public void setTaskName(String taskName) {","lastModifiedDate":"2024-08-29","isFullCredit":false},{"lineNumber":11,"author":{"gitId":"frederickemerson"},"content":"        this.taskName \u003d taskName;","lastModifiedDate":"2024-08-29","isFullCredit":false},{"lineNumber":12,"author":{"gitId":"frederickemerson"},"content":"    }","lastModifiedDate":"2024-08-29","isFullCredit":false},{"lineNumber":13,"author":{"gitId":"frederickemerson"},"content":"    public String getTaskName() {","lastModifiedDate":"2024-08-29","isFullCredit":false},{"lineNumber":14,"author":{"gitId":"frederickemerson"},"content":"        return this.taskName;","lastModifiedDate":"2024-08-29","isFullCredit":false},{"lineNumber":15,"author":{"gitId":"frederickemerson"},"content":"    }","lastModifiedDate":"2024-08-29","isFullCredit":false},{"lineNumber":16,"author":{"gitId":"frederickemerson"},"content":"","lastModifiedDate":"2024-08-29","isFullCredit":false},{"lineNumber":17,"author":{"gitId":"frederickemerson"},"content":"    public String getStatusIcon() {","lastModifiedDate":"2024-08-29","isFullCredit":false},{"lineNumber":18,"author":{"gitId":"frederickemerson"},"content":"        return (this.isCompleted ? \"X\" : \" \");","lastModifiedDate":"2024-08-29","isFullCredit":false},{"lineNumber":19,"author":{"gitId":"frederickemerson"},"content":"    }","lastModifiedDate":"2024-08-29","isFullCredit":false},{"lineNumber":20,"author":{"gitId":"frederickemerson"},"content":"","lastModifiedDate":"2024-08-29","isFullCredit":false},{"lineNumber":21,"author":{"gitId":"frederickemerson"},"content":"    public String printTask(){","lastModifiedDate":"2024-08-29","isFullCredit":false},{"lineNumber":22,"author":{"gitId":"frederickemerson"},"content":"        return (\"[\"+(this.getStatusIcon())+\"] \"+this.getTaskName());","lastModifiedDate":"2024-08-29","isFullCredit":false},{"lineNumber":23,"author":{"gitId":"frederickemerson"},"content":"    }","lastModifiedDate":"2024-08-29","isFullCredit":false},{"lineNumber":24,"author":{"gitId":"frederickemerson"},"content":"","lastModifiedDate":"2024-08-29","isFullCredit":false},{"lineNumber":25,"author":{"gitId":"frederickemerson"},"content":"    public void setCompleted(boolean completed) {","lastModifiedDate":"2024-08-29","isFullCredit":false},{"lineNumber":26,"author":{"gitId":"frederickemerson"},"content":"        this.isCompleted \u003d completed;","lastModifiedDate":"2024-08-29","isFullCredit":false},{"lineNumber":27,"author":{"gitId":"frederickemerson"},"content":"    }","lastModifiedDate":"2024-08-29","isFullCredit":false},{"lineNumber":28,"author":{"gitId":"frederickemerson"},"content":"","lastModifiedDate":"2024-08-29","isFullCredit":false},{"lineNumber":29,"author":{"gitId":"frederickemerson"},"content":"    public boolean getIsCompleted() {","lastModifiedDate":"2024-08-29","isFullCredit":false},{"lineNumber":30,"author":{"gitId":"frederickemerson"},"content":"        return this.isCompleted;","lastModifiedDate":"2024-08-29","isFullCredit":false},{"lineNumber":31,"author":{"gitId":"frederickemerson"},"content":"    }","lastModifiedDate":"2024-08-29","isFullCredit":false},{"lineNumber":32,"author":{"gitId":"frederickemerson"},"content":"","lastModifiedDate":"2024-08-29","isFullCredit":false},{"lineNumber":33,"author":{"gitId":"frederickemerson"},"content":"}","lastModifiedDate":"2024-08-29","isFullCredit":false}],"authorContributionMap":{"frederickemerson":33}},{"path":"text-ui-test/runtest.bat","fileType":"bat","lines":[{"lineNumber":1,"author":{"gitId":"-"},"content":"@ECHO OFF","lastModifiedDate":"2020-05-25","isFullCredit":false},{"lineNumber":2,"author":{"gitId":"-"},"content":"","lastModifiedDate":"2020-05-25","isFullCredit":false},{"lineNumber":3,"author":{"gitId":"-"},"content":"REM create bin directory if it doesn\u0027t exist","lastModifiedDate":"2020-05-25","isFullCredit":false},{"lineNumber":4,"author":{"gitId":"-"},"content":"if not exist ..\\bin mkdir ..\\bin","lastModifiedDate":"2020-05-25","isFullCredit":false},{"lineNumber":5,"author":{"gitId":"-"},"content":"","lastModifiedDate":"2020-05-25","isFullCredit":false},{"lineNumber":6,"author":{"gitId":"-"},"content":"REM delete output from previous run","lastModifiedDate":"2020-05-25","isFullCredit":false},{"lineNumber":7,"author":{"gitId":"-"},"content":"if exist ACTUAL.TXT del ACTUAL.TXT","lastModifiedDate":"2020-08-25","isFullCredit":false},{"lineNumber":8,"author":{"gitId":"-"},"content":"","lastModifiedDate":"2020-05-25","isFullCredit":false},{"lineNumber":9,"author":{"gitId":"-"},"content":"REM compile the code into the bin folder","lastModifiedDate":"2020-05-25","isFullCredit":false},{"lineNumber":10,"author":{"gitId":"-"},"content":"javac  -cp ..\\src\\main\\java -Xlint:none -d ..\\bin ..\\src\\main\\java\\*.java","lastModifiedDate":"2020-08-25","isFullCredit":false},{"lineNumber":11,"author":{"gitId":"-"},"content":"IF ERRORLEVEL 1 (","lastModifiedDate":"2020-05-25","isFullCredit":false},{"lineNumber":12,"author":{"gitId":"-"},"content":"    echo ********** BUILD FAILURE **********","lastModifiedDate":"2020-05-25","isFullCredit":false},{"lineNumber":13,"author":{"gitId":"-"},"content":"    exit /b 1","lastModifiedDate":"2020-05-25","isFullCredit":false},{"lineNumber":14,"author":{"gitId":"-"},"content":")","lastModifiedDate":"2020-05-25","isFullCredit":false},{"lineNumber":15,"author":{"gitId":"-"},"content":"REM no error here, errorlevel \u003d\u003d 0","lastModifiedDate":"2020-05-25","isFullCredit":false},{"lineNumber":16,"author":{"gitId":"-"},"content":"","lastModifiedDate":"2020-05-25","isFullCredit":false},{"lineNumber":17,"author":{"gitId":"-"},"content":"REM run the program, feed commands from input.txt file and redirect the output to the ACTUAL.TXT","lastModifiedDate":"2020-05-25","isFullCredit":false},{"lineNumber":18,"author":{"gitId":"frederickemerson"},"content":"java -classpath ..\\bin Cassandra \u003c input.txt \u003e ACTUAL.TXT","lastModifiedDate":"2024-08-29","isFullCredit":false},{"lineNumber":19,"author":{"gitId":"-"},"content":"","lastModifiedDate":"2020-05-25","isFullCredit":false},{"lineNumber":20,"author":{"gitId":"-"},"content":"REM compare the output to the expected output","lastModifiedDate":"2020-05-25","isFullCredit":false},{"lineNumber":21,"author":{"gitId":"-"},"content":"FC ACTUAL.TXT EXPECTED.TXT","lastModifiedDate":"2020-05-25","isFullCredit":false}],"authorContributionMap":{"frederickemerson":1,"-":20}}]
