{"authorDailyContributionsMap":{"frederickemerson":[{"date":"2024-08-29","commitResults":[{"hash":"48f1009c75886b6b56c6059124607249999daca3","isMergeCommit":false,"messageTitle":"added ip","messageBody":"","fileTypesAndContributionMap":{"java":{"insertions":59,"deletions":10},"bat":{"insertions":1,"deletions":1},"md":{"insertions":3,"deletions":3}}},{"hash":"0f5019e5b6d3c966eb92bb6d7621187b2f3467a3","isMergeCommit":false,"messageTitle":"renamed ram to taskList","messageBody":"","fileTypesAndContributionMap":{"java":{"insertions":12,"deletions":12}}},{"hash":"0e405fa9156810741fb170a0ac1e740df99cbcdb","isMergeCommit":false,"messageTitle":"renamed ram to taskList","messageBody":"","fileTypesAndContributionMap":{"java":{"insertions":2,"deletions":1}}},{"hash":"a2774caa139fba8526fa13624db8550add15fd2e","isMergeCommit":false,"messageTitle":"finished level 3","messageBody":"","tags":["Level-3","Level-2","Level-1","Level-0","A-CodingStandard"],"fileTypesAndContributionMap":{"java":{"insertions":81,"deletions":16}}}]},{"date":"2024-08-30","commitResults":[{"hash":"7e9623aac7073db55fc2394d1f7a0f951225141d","isMergeCommit":false,"messageTitle":"added tags as i forgot to add during the last submission, revised code to include a new function to streamline workflow","messageBody":"","fileTypesAndContributionMap":{"java":{"insertions":24,"deletions":19}}},{"hash":"8c95ffc103174dd8c8b01f941fa4f65b67ad3f89","isMergeCommit":false,"messageTitle":"added tags as i forgot to add during the last submission, revised code to include a new function to streamline workflow","messageBody":"","tags":["Level-4"],"fileTypesAndContributionMap":{"java":{"insertions":94,"deletions":42}}}]},{"date":"2024-09-01","commitResults":[{"hash":"d64255721fdbd1560afea81b792c83ca6712a43a","isMergeCommit":false,"messageTitle":"added tags as i forgot to add during the last submission, revised code to include a new function to streamline workflow","messageBody":"","fileTypesAndContributionMap":{"java":{"insertions":37,"deletions":13}}},{"hash":"51ce5655cbf80f0346bc026c2df5d2b36e163da6","isMergeCommit":false,"messageTitle":"trying to get tags to work","messageBody":"","tags":["A-CodeQuality"],"fileTypesAndContributionMap":{"java":{"insertions":2,"deletions":1}}}]},{"date":"2024-09-05","commitResults":[{"hash":"c82020b406f277775cdebd002a56712818dd4759","isMergeCommit":false,"messageTitle":"made changes as per the reviews","messageBody":"","tags":["Level-5"],"fileTypesAndContributionMap":{"java":{"insertions":84,"deletions":30}}}]},{"date":"2024-09-12","commitResults":[{"hash":"b1fb84e4b23436abd063a8f2122859397cfc1453","isMergeCommit":false,"messageTitle":"trying out branching","messageBody":"","fileTypesAndContributionMap":{"java":{"insertions":25,"deletions":4}}},{"hash":"38821c82ed7083fba61bdfe4b4fc88329dec7a6e","isMergeCommit":false,"messageTitle":"implemented packages","messageBody":"","tags":["A-Packages","A-Exceptions"],"fileTypesAndContributionMap":{"java":{"insertions":120,"deletions":60}}},{"hash":"13afbbd12159558e1a493c892c5ddbe61357325a","isMergeCommit":false,"messageTitle":"implemented level-6","messageBody":"","tags":["Level-6","A-Collections"],"fileTypesAndContributionMap":{"java":{"insertions":22,"deletions":0}}}]},{"date":"2024-09-14","commitResults":[{"hash":"a571ef979b14026bceba83957c942020c0f6e69e","isMergeCommit":false,"messageTitle":"added save functionality and refactored code","messageBody":"","tags":["Level-7"],"fileTypesAndContributionMap":{"java":{"insertions":281,"deletions":154}}},{"hash":"f48f89c40edebd0517c3f8c4cac28933a6d56228","isMergeCommit":false,"messageTitle":"refactored code","messageBody":"","fileTypesAndContributionMap":{"java":{"insertions":23,"deletions":9}}}]},{"date":"2024-09-17","commitResults":[{"hash":"7aecd1cd380c49ef6bdb46dc6f95bd8055bfb359","isMergeCommit":false,"messageTitle":"added saving to directory changes","messageBody":"","fileTypesAndContributionMap":{"java":{"insertions":43,"deletions":26}}},{"hash":"5a66ef1de173514a0e86717732878b1fdb8ffefb","isMergeCommit":false,"messageTitle":"added instructions","messageBody":"","tags":["A-Jar"],"fileTypesAndContributionMap":{"java":{"insertions":41,"deletions":2}}}]},{"date":"2024-09-28","commitResults":[{"hash":"e2ccde64fb95e792f809e268cf66165b2b7e2d52","isMergeCommit":false,"messageTitle":"added More OOP changes","messageBody":"","tags":["A-MoreOOP"],"fileTypesAndContributionMap":{"txt":{"insertions":7,"deletions":0},"java":{"insertions":436,"deletions":216}}},{"hash":"cbd0524ced16e74940321583b0d62079bbd0a55b","isMergeCommit":false,"messageTitle":"added finding functionality","messageBody":"","tags":["Level-9"],"fileTypesAndContributionMap":{"java":{"insertions":62,"deletions":8}}},{"hash":"08e3f60ddd2d5c3e46378e61d7e4c28ab6ee2795","isMergeCommit":false,"messageTitle":"added date and time functionality","messageBody":"","tags":["Level-8"],"fileTypesAndContributionMap":{"java":{"insertions":153,"deletions":34}}},{"hash":"5b60d76b54e7e4cedbbf2a9bd735a005662cedda","isMergeCommit":true,"messageTitle":"Merge pull request #1 from frederickemerson/branch-Level-9","messageBody":"Branch level 9","fileTypesAndContributionMap":{}},{"hash":"c7d29b711c7c7149186095a73f5ddd9673e987a8","isMergeCommit":true,"messageTitle":"Merge pull request #2 from frederickemerson/branch-Level-8","messageBody":"added date and time functionality","fileTypesAndContributionMap":{}}]},{"date":"2024-10-01","commitResults":[{"hash":"5e4e718366c6161ccbab6a7ffcbaeab0476600d4","isMergeCommit":false,"messageTitle":"added user guide","messageBody":"","tags":["A-UserGuide"],"fileTypesAndContributionMap":{"java":{"insertions":5,"deletions":5},"md":{"insertions":90,"deletions":13}}},{"hash":"51c7639bf01b9e96555fcfec9dcea1185cf2bb18","isMergeCommit":true,"messageTitle":"Merge pull request #3 from frederickemerson/branch-UserGuide","messageBody":"added user guide","fileTypesAndContributionMap":{}},{"hash":"dafb6d48a449977063273d8b0d0d6f3beca1ff48","isMergeCommit":false,"messageTitle":"added documentation to all classes","messageBody":"","tags":["A-JavaDoc"],"fileTypesAndContributionMap":{"java":{"insertions":548,"deletions":116},"md":{"insertions":2,"deletions":2}}},{"hash":"71839cdaa1a2d3c9ea1002d29d306d6949096ca3","isMergeCommit":true,"messageTitle":"Merge pull request #4 from frederickemerson/branch-A-JavaDoc","messageBody":"added documentation to all classes","fileTypesAndContributionMap":{}}]},{"date":"2024-10-03","commitResults":[{"hash":"cebe28f70487f4f8595a5fd0148f5038ce66fa22","isMergeCommit":false,"messageTitle":"finalized exceptions","messageBody":"","fileTypesAndContributionMap":{"java":{"insertions":72,"deletions":12}}}]}]},"authorFileTypeContributionMap":{"frederickemerson":{"java":1446,"md":88,"fxml":0,"sh":0,"bat":1,"gradle":0,"txt":7}},"authorContributionVariance":{"frederickemerson":33211.305},"authorDisplayNameMap":{"frederickemerson":"CS2113-T11-2 VASA..RSON"}}
