{"authorDailyContributionsMap":{"frederickemerson":[{"date":"2024-08-29","commitResults":[{"hash":"48f1009c75886b6b56c6059124607249999daca3","isMergeCommit":false,"messageTitle":"added ip","messageBody":"","fileTypesAndContributionMap":{"java":{"insertions":59,"deletions":10},"bat":{"insertions":1,"deletions":1},"md":{"insertions":3,"deletions":3}}},{"hash":"0f5019e5b6d3c966eb92bb6d7621187b2f3467a3","isMergeCommit":false,"messageTitle":"renamed ram to taskList","messageBody":"","fileTypesAndContributionMap":{"java":{"insertions":12,"deletions":12}}},{"hash":"0e405fa9156810741fb170a0ac1e740df99cbcdb","isMergeCommit":false,"messageTitle":"renamed ram to taskList","messageBody":"","fileTypesAndContributionMap":{"java":{"insertions":2,"deletions":1}}},{"hash":"a2774caa139fba8526fa13624db8550add15fd2e","isMergeCommit":false,"messageTitle":"finished level 3","messageBody":"","fileTypesAndContributionMap":{"java":{"insertions":81,"deletions":16}}}]},{"date":"2024-08-30","commitResults":[{"hash":"7e9623aac7073db55fc2394d1f7a0f951225141d","isMergeCommit":false,"messageTitle":"added tags as i forgot to add during the last submission, revised code to include a new function to streamline workflow","messageBody":"","fileTypesAndContributionMap":{"java":{"insertions":24,"deletions":19}}}]}]},"authorFileTypeContributionMap":{"frederickemerson":{"java":130,"md":3,"fxml":0,"sh":0,"bat":1,"gradle":0,"txt":0}},"authorContributionVariance":{"frederickemerson":2552.0625},"authorDisplayNameMap":{"frederickemerson":"VASA..RSON"}}
