[{"path":"data/duke.txt","fileType":"txt","lines":[{"lineNumber":1,"author":{"gitId":"kennethszj"},"content":"  | 1 | hi","lastModifiedDate":"2024-09-21","isFullCredit":false},{"lineNumber":2,"author":{"gitId":"kennethszj"},"content":"T | 0 | gay","lastModifiedDate":"2024-09-21","isFullCredit":false},{"lineNumber":3,"author":{"gitId":"kennethszj"},"content":"D | 0 | sex | 7","lastModifiedDate":"2024-09-21","isFullCredit":false},{"lineNumber":4,"author":{"gitId":"kennethszj"},"content":"  | 1 | lsit","lastModifiedDate":"2024-09-21","isFullCredit":false},{"lineNumber":5,"author":{"gitId":"kennethszj"},"content":"E | 0 | orgy | monday | fridat","lastModifiedDate":"2024-09-21","isFullCredit":false},{"lineNumber":6,"author":{"gitId":"kennethszj"},"content":"T | 0 | ","lastModifiedDate":"2024-09-21","isFullCredit":false}],"authorContributionMap":{"kennethszj":6}},{"path":"src/main/java/Deadline.java","fileType":"java","lines":[{"lineNumber":1,"author":{"gitId":"kennethszj"},"content":"public class Deadline extends Task {","lastModifiedDate":"2024-09-01","isFullCredit":false},{"lineNumber":2,"author":{"gitId":"kennethszj"},"content":"    protected String by;","lastModifiedDate":"2024-09-01","isFullCredit":false},{"lineNumber":3,"author":{"gitId":"kennethszj"},"content":"","lastModifiedDate":"2024-09-01","isFullCredit":false},{"lineNumber":4,"author":{"gitId":"kennethszj"},"content":"    public Deadline(String description, String by) {","lastModifiedDate":"2024-09-01","isFullCredit":false},{"lineNumber":5,"author":{"gitId":"kennethszj"},"content":"        super(description);","lastModifiedDate":"2024-09-01","isFullCredit":false},{"lineNumber":6,"author":{"gitId":"kennethszj"},"content":"        this.by \u003d by;","lastModifiedDate":"2024-09-01","isFullCredit":false},{"lineNumber":7,"author":{"gitId":"kennethszj"},"content":"    }","lastModifiedDate":"2024-09-01","isFullCredit":false},{"lineNumber":8,"author":{"gitId":"kennethszj"},"content":"","lastModifiedDate":"2024-09-01","isFullCredit":false},{"lineNumber":9,"author":{"gitId":"kennethszj"},"content":"    @Override","lastModifiedDate":"2024-09-21","isFullCredit":false},{"lineNumber":10,"author":{"gitId":"kennethszj"},"content":"    public String toString() {","lastModifiedDate":"2024-09-01","isFullCredit":false},{"lineNumber":11,"author":{"gitId":"kennethszj"},"content":"        return \"[D][\" + getStatusIcon() + \"] \" + getDescription() + \" (by: \" + by + \")\";","lastModifiedDate":"2024-09-01","isFullCredit":false},{"lineNumber":12,"author":{"gitId":"kennethszj"},"content":"    }","lastModifiedDate":"2024-09-01","isFullCredit":false},{"lineNumber":13,"author":{"gitId":"kennethszj"},"content":"","lastModifiedDate":"2024-09-18","isFullCredit":false},{"lineNumber":14,"author":{"gitId":"kennethszj"},"content":"    @Override","lastModifiedDate":"2024-09-18","isFullCredit":false},{"lineNumber":15,"author":{"gitId":"kennethszj"},"content":"    public String toSaveFormat() {","lastModifiedDate":"2024-09-18","isFullCredit":false},{"lineNumber":16,"author":{"gitId":"kennethszj"},"content":"        return \"D | \" + (isDone ? \"1\" : \"0\") + \" | \" + description + \" | \" + by;","lastModifiedDate":"2024-09-18","isFullCredit":false},{"lineNumber":17,"author":{"gitId":"kennethszj"},"content":"    }","lastModifiedDate":"2024-09-18","isFullCredit":false},{"lineNumber":18,"author":{"gitId":"kennethszj"},"content":"}","lastModifiedDate":"2024-09-01","isFullCredit":false}],"authorContributionMap":{"kennethszj":18}},{"path":"src/main/java/Event.java","fileType":"java","lines":[{"lineNumber":1,"author":{"gitId":"kennethszj"},"content":"public class Event extends Task {","lastModifiedDate":"2024-09-01","isFullCredit":false},{"lineNumber":2,"author":{"gitId":"kennethszj"},"content":"    protected String from;","lastModifiedDate":"2024-09-01","isFullCredit":false},{"lineNumber":3,"author":{"gitId":"kennethszj"},"content":"    protected String to;","lastModifiedDate":"2024-09-01","isFullCredit":false},{"lineNumber":4,"author":{"gitId":"kennethszj"},"content":"","lastModifiedDate":"2024-09-01","isFullCredit":false},{"lineNumber":5,"author":{"gitId":"kennethszj"},"content":"    public Event(String description, String from, String to) { //constructor for event.","lastModifiedDate":"2024-09-01","isFullCredit":false},{"lineNumber":6,"author":{"gitId":"kennethszj"},"content":"        super(description); //invokes the superclass constructor","lastModifiedDate":"2024-09-01","isFullCredit":false},{"lineNumber":7,"author":{"gitId":"kennethszj"},"content":"        this.from \u003d from;","lastModifiedDate":"2024-09-01","isFullCredit":false},{"lineNumber":8,"author":{"gitId":"kennethszj"},"content":"        this.to \u003d to;","lastModifiedDate":"2024-09-01","isFullCredit":false},{"lineNumber":9,"author":{"gitId":"kennethszj"},"content":"    }","lastModifiedDate":"2024-09-01","isFullCredit":false},{"lineNumber":10,"author":{"gitId":"kennethszj"},"content":"","lastModifiedDate":"2024-09-01","isFullCredit":false},{"lineNumber":11,"author":{"gitId":"kennethszj"},"content":"    @Override","lastModifiedDate":"2024-09-21","isFullCredit":false},{"lineNumber":12,"author":{"gitId":"kennethszj"},"content":"    public String toString() {","lastModifiedDate":"2024-09-01","isFullCredit":false},{"lineNumber":13,"author":{"gitId":"kennethszj"},"content":"        return \"[E][\" + getStatusIcon() + \"] \" + getDescription() + \" (from: \" + from + \" to: \" + to + \")\";","lastModifiedDate":"2024-09-01","isFullCredit":false},{"lineNumber":14,"author":{"gitId":"kennethszj"},"content":"    }","lastModifiedDate":"2024-09-01","isFullCredit":false},{"lineNumber":15,"author":{"gitId":"kennethszj"},"content":"","lastModifiedDate":"2024-09-18","isFullCredit":false},{"lineNumber":16,"author":{"gitId":"kennethszj"},"content":"    @Override","lastModifiedDate":"2024-09-21","isFullCredit":false},{"lineNumber":17,"author":{"gitId":"kennethszj"},"content":"    public String toSaveFormat() {","lastModifiedDate":"2024-09-18","isFullCredit":false},{"lineNumber":18,"author":{"gitId":"kennethszj"},"content":"        return \"E | \" + (isDone ? \"1\" : \"0\") + \" | \" + description + \" | \" + from + \" | \" + to;","lastModifiedDate":"2024-09-18","isFullCredit":false},{"lineNumber":19,"author":{"gitId":"kennethszj"},"content":"    }","lastModifiedDate":"2024-09-18","isFullCredit":false},{"lineNumber":20,"author":{"gitId":"kennethszj"},"content":"}","lastModifiedDate":"2024-09-01","isFullCredit":false}],"authorContributionMap":{"kennethszj":20}},{"path":"src/main/java/Main.java","fileType":"java","lines":[{"lineNumber":1,"author":{"gitId":"kennethszj"},"content":"import java.util.ArrayList;","lastModifiedDate":"2024-09-18","isFullCredit":false},{"lineNumber":2,"author":{"gitId":"kennethszj"},"content":"import java.io.IOException;","lastModifiedDate":"2024-09-18","isFullCredit":false},{"lineNumber":3,"author":{"gitId":"kennethszj"},"content":"import java.io.FileNotFoundException;","lastModifiedDate":"2024-09-18","isFullCredit":false},{"lineNumber":4,"author":{"gitId":"kennethszj"},"content":"","lastModifiedDate":"2024-08-26","isFullCredit":false},{"lineNumber":5,"author":{"gitId":"kennethszj"},"content":"public class Main {","lastModifiedDate":"2024-09-12","isFullCredit":false},{"lineNumber":6,"author":{"gitId":"kennethszj"},"content":"    public static void main(String[] args) {","lastModifiedDate":"2024-08-26","isFullCredit":false},{"lineNumber":7,"author":{"gitId":"kennethszj"},"content":"","lastModifiedDate":"2024-08-26","isFullCredit":false},{"lineNumber":8,"author":{"gitId":"kennethszj"},"content":"        Ui ui \u003d new Ui();","lastModifiedDate":"2024-09-21","isFullCredit":false},{"lineNumber":9,"author":{"gitId":"kennethszj"},"content":"        ui.showWelcome();","lastModifiedDate":"2024-09-21","isFullCredit":false},{"lineNumber":10,"author":{"gitId":"kennethszj"},"content":"        ArrayList\u003cTask\u003e tasks \u003d new ArrayList\u003c\u003e(); //Array of \"task\" object to store the tasks","lastModifiedDate":"2024-09-18","isFullCredit":false},{"lineNumber":11,"author":{"gitId":"kennethszj"},"content":"","lastModifiedDate":"2024-08-26","isFullCredit":false},{"lineNumber":12,"author":{"gitId":"kennethszj"},"content":"        Storage storage \u003d new Storage(\"data/duke.txt\");","lastModifiedDate":"2024-09-21","isFullCredit":false},{"lineNumber":13,"author":{"gitId":"kennethszj"},"content":"        //load tasks from file at the start","lastModifiedDate":"2024-09-18","isFullCredit":false},{"lineNumber":14,"author":{"gitId":"kennethszj"},"content":"        try {","lastModifiedDate":"2024-09-18","isFullCredit":false},{"lineNumber":15,"author":{"gitId":"kennethszj"},"content":"            tasks \u003d storage.loadTasks();","lastModifiedDate":"2024-09-21","isFullCredit":false},{"lineNumber":16,"author":{"gitId":"kennethszj"},"content":"        } catch (FileNotFoundException e) {","lastModifiedDate":"2024-09-21","isFullCredit":false},{"lineNumber":17,"author":{"gitId":"kennethszj"},"content":"            ui.showLoadingError();","lastModifiedDate":"2024-09-21","isFullCredit":false},{"lineNumber":18,"author":{"gitId":"kennethszj"},"content":"        }","lastModifiedDate":"2024-09-18","isFullCredit":false},{"lineNumber":19,"author":{"gitId":"kennethszj"},"content":"","lastModifiedDate":"2024-09-18","isFullCredit":false},{"lineNumber":20,"author":{"gitId":"kennethszj"},"content":"        Parser parser \u003d new Parser(ui, storage, tasks);","lastModifiedDate":"2024-09-21","isFullCredit":false},{"lineNumber":21,"author":{"gitId":"kennethszj"},"content":"        parser.run();","lastModifiedDate":"2024-09-21","isFullCredit":false},{"lineNumber":22,"author":{"gitId":"kennethszj"},"content":"","lastModifiedDate":"2024-08-26","isFullCredit":false},{"lineNumber":23,"author":{"gitId":"kennethszj"},"content":"    }","lastModifiedDate":"2024-09-12","isFullCredit":false},{"lineNumber":24,"author":{"gitId":"kennethszj"},"content":"}","lastModifiedDate":"2024-08-26","isFullCredit":false},{"lineNumber":25,"author":{"gitId":"kennethszj"},"content":"","lastModifiedDate":"2024-08-26","isFullCredit":false}],"authorContributionMap":{"kennethszj":25}},{"path":"src/main/java/Parser.java","fileType":"java","lines":[{"lineNumber":1,"author":{"gitId":"kennethszj"},"content":"// Parser.java","lastModifiedDate":"2024-09-21","isFullCredit":false},{"lineNumber":2,"author":{"gitId":"kennethszj"},"content":"import java.io.IOException;","lastModifiedDate":"2024-09-21","isFullCredit":false},{"lineNumber":3,"author":{"gitId":"kennethszj"},"content":"import java.util.ArrayList;","lastModifiedDate":"2024-09-21","isFullCredit":false},{"lineNumber":4,"author":{"gitId":"kennethszj"},"content":"","lastModifiedDate":"2024-09-21","isFullCredit":false},{"lineNumber":5,"author":{"gitId":"kennethszj"},"content":"public class Parser {","lastModifiedDate":"2024-09-21","isFullCredit":false},{"lineNumber":6,"author":{"gitId":"kennethszj"},"content":"    public Ui ui;","lastModifiedDate":"2024-09-21","isFullCredit":false},{"lineNumber":7,"author":{"gitId":"kennethszj"},"content":"    public Storage storage;","lastModifiedDate":"2024-09-21","isFullCredit":false},{"lineNumber":8,"author":{"gitId":"kennethszj"},"content":"    public ArrayList\u003cTask\u003e tasks;","lastModifiedDate":"2024-09-21","isFullCredit":false},{"lineNumber":9,"author":{"gitId":"kennethszj"},"content":"","lastModifiedDate":"2024-09-21","isFullCredit":false},{"lineNumber":10,"author":{"gitId":"kennethszj"},"content":"    public Parser(Ui ui, Storage storage, ArrayList\u003cTask\u003e tasks) {","lastModifiedDate":"2024-09-21","isFullCredit":false},{"lineNumber":11,"author":{"gitId":"kennethszj"},"content":"        this.ui \u003d ui;","lastModifiedDate":"2024-09-21","isFullCredit":false},{"lineNumber":12,"author":{"gitId":"kennethszj"},"content":"        this.storage \u003d storage;","lastModifiedDate":"2024-09-21","isFullCredit":false},{"lineNumber":13,"author":{"gitId":"kennethszj"},"content":"        this.tasks \u003d tasks;","lastModifiedDate":"2024-09-21","isFullCredit":false},{"lineNumber":14,"author":{"gitId":"kennethszj"},"content":"    }","lastModifiedDate":"2024-09-21","isFullCredit":false},{"lineNumber":15,"author":{"gitId":"kennethszj"},"content":"","lastModifiedDate":"2024-09-21","isFullCredit":false},{"lineNumber":16,"author":{"gitId":"kennethszj"},"content":"    public void run() {","lastModifiedDate":"2024-09-21","isFullCredit":false},{"lineNumber":17,"author":{"gitId":"kennethszj"},"content":"        String input;","lastModifiedDate":"2024-09-21","isFullCredit":false},{"lineNumber":18,"author":{"gitId":"kennethszj"},"content":"        while (true) {","lastModifiedDate":"2024-09-21","isFullCredit":false},{"lineNumber":19,"author":{"gitId":"kennethszj"},"content":"            input \u003d ui.readCommand();","lastModifiedDate":"2024-09-21","isFullCredit":false},{"lineNumber":20,"author":{"gitId":"kennethszj"},"content":"","lastModifiedDate":"2024-09-21","isFullCredit":false},{"lineNumber":21,"author":{"gitId":"kennethszj"},"content":"            try {","lastModifiedDate":"2024-09-21","isFullCredit":false},{"lineNumber":22,"author":{"gitId":"kennethszj"},"content":"                if (input.equals(\"bye\"))","lastModifiedDate":"2024-09-21","isFullCredit":false},{"lineNumber":23,"author":{"gitId":"kennethszj"},"content":"                {","lastModifiedDate":"2024-09-21","isFullCredit":false},{"lineNumber":24,"author":{"gitId":"kennethszj"},"content":"                    ui.showGoodbye();","lastModifiedDate":"2024-09-21","isFullCredit":false},{"lineNumber":25,"author":{"gitId":"kennethszj"},"content":"                    break;","lastModifiedDate":"2024-09-21","isFullCredit":false},{"lineNumber":26,"author":{"gitId":"kennethszj"},"content":"                }","lastModifiedDate":"2024-09-21","isFullCredit":false},{"lineNumber":27,"author":{"gitId":"kennethszj"},"content":"                else if (input.equals(\"list\"))","lastModifiedDate":"2024-09-21","isFullCredit":false},{"lineNumber":28,"author":{"gitId":"kennethszj"},"content":"                {","lastModifiedDate":"2024-09-21","isFullCredit":false},{"lineNumber":29,"author":{"gitId":"kennethszj"},"content":"                    ui.showTaskList(tasks);","lastModifiedDate":"2024-09-21","isFullCredit":false},{"lineNumber":30,"author":{"gitId":"kennethszj"},"content":"                }","lastModifiedDate":"2024-09-21","isFullCredit":false},{"lineNumber":31,"author":{"gitId":"kennethszj"},"content":"                else if (input.startsWith(\"mark\"))","lastModifiedDate":"2024-09-21","isFullCredit":false},{"lineNumber":32,"author":{"gitId":"kennethszj"},"content":"                {","lastModifiedDate":"2024-09-21","isFullCredit":false},{"lineNumber":33,"author":{"gitId":"kennethszj"},"content":"                    markTask(input);","lastModifiedDate":"2024-09-21","isFullCredit":false},{"lineNumber":34,"author":{"gitId":"kennethszj"},"content":"                }","lastModifiedDate":"2024-09-21","isFullCredit":false},{"lineNumber":35,"author":{"gitId":"kennethszj"},"content":"                else if (input.startsWith(\"unmark\"))","lastModifiedDate":"2024-09-21","isFullCredit":false},{"lineNumber":36,"author":{"gitId":"kennethszj"},"content":"                {","lastModifiedDate":"2024-09-21","isFullCredit":false},{"lineNumber":37,"author":{"gitId":"kennethszj"},"content":"                    unmarkTask(input);","lastModifiedDate":"2024-09-21","isFullCredit":false},{"lineNumber":38,"author":{"gitId":"kennethszj"},"content":"                }","lastModifiedDate":"2024-09-21","isFullCredit":false},{"lineNumber":39,"author":{"gitId":"kennethszj"},"content":"                else if (input.startsWith(\"todo\"))","lastModifiedDate":"2024-09-21","isFullCredit":false},{"lineNumber":40,"author":{"gitId":"kennethszj"},"content":"                {","lastModifiedDate":"2024-09-21","isFullCredit":false},{"lineNumber":41,"author":{"gitId":"kennethszj"},"content":"                    addTodoTask(input);","lastModifiedDate":"2024-09-21","isFullCredit":false},{"lineNumber":42,"author":{"gitId":"kennethszj"},"content":"                }","lastModifiedDate":"2024-09-21","isFullCredit":false},{"lineNumber":43,"author":{"gitId":"kennethszj"},"content":"                else if (input.startsWith(\"deadline\"))","lastModifiedDate":"2024-09-21","isFullCredit":false},{"lineNumber":44,"author":{"gitId":"kennethszj"},"content":"                {","lastModifiedDate":"2024-09-21","isFullCredit":false},{"lineNumber":45,"author":{"gitId":"kennethszj"},"content":"                    addDeadlineTask(input);","lastModifiedDate":"2024-09-21","isFullCredit":false},{"lineNumber":46,"author":{"gitId":"kennethszj"},"content":"                }","lastModifiedDate":"2024-09-21","isFullCredit":false},{"lineNumber":47,"author":{"gitId":"kennethszj"},"content":"                else if (input.startsWith(\"event\"))","lastModifiedDate":"2024-09-21","isFullCredit":false},{"lineNumber":48,"author":{"gitId":"kennethszj"},"content":"                {","lastModifiedDate":"2024-09-21","isFullCredit":false},{"lineNumber":49,"author":{"gitId":"kennethszj"},"content":"                    addEventTask(input);","lastModifiedDate":"2024-09-21","isFullCredit":false},{"lineNumber":50,"author":{"gitId":"kennethszj"},"content":"                }","lastModifiedDate":"2024-09-21","isFullCredit":false},{"lineNumber":51,"author":{"gitId":"kennethszj"},"content":"                else if (input.startsWith(\"delete\"))","lastModifiedDate":"2024-09-21","isFullCredit":false},{"lineNumber":52,"author":{"gitId":"kennethszj"},"content":"                {","lastModifiedDate":"2024-09-21","isFullCredit":false},{"lineNumber":53,"author":{"gitId":"kennethszj"},"content":"                    deleteTask(input);","lastModifiedDate":"2024-09-21","isFullCredit":false},{"lineNumber":54,"author":{"gitId":"kennethszj"},"content":"                }","lastModifiedDate":"2024-09-21","isFullCredit":false},{"lineNumber":55,"author":{"gitId":"kennethszj"},"content":"                else","lastModifiedDate":"2024-09-21","isFullCredit":false},{"lineNumber":56,"author":{"gitId":"kennethszj"},"content":"                {","lastModifiedDate":"2024-09-21","isFullCredit":false},{"lineNumber":57,"author":{"gitId":"kennethszj"},"content":"                    addGenericTask(input);","lastModifiedDate":"2024-09-21","isFullCredit":false},{"lineNumber":58,"author":{"gitId":"kennethszj"},"content":"                }","lastModifiedDate":"2024-09-21","isFullCredit":false},{"lineNumber":59,"author":{"gitId":"kennethszj"},"content":"            }","lastModifiedDate":"2024-09-21","isFullCredit":false},{"lineNumber":60,"author":{"gitId":"kennethszj"},"content":"            catch (NumberFormatException e) {","lastModifiedDate":"2024-09-21","isFullCredit":false},{"lineNumber":61,"author":{"gitId":"kennethszj"},"content":"                ui.showFormatError();","lastModifiedDate":"2024-09-21","isFullCredit":false},{"lineNumber":62,"author":{"gitId":"kennethszj"},"content":"            }","lastModifiedDate":"2024-09-21","isFullCredit":false},{"lineNumber":63,"author":{"gitId":"kennethszj"},"content":"            catch (ArrayIndexOutOfBoundsException | StringIndexOutOfBoundsException e) {","lastModifiedDate":"2024-09-21","isFullCredit":false},{"lineNumber":64,"author":{"gitId":"kennethszj"},"content":"                ui.showInputError();","lastModifiedDate":"2024-09-21","isFullCredit":false},{"lineNumber":65,"author":{"gitId":"kennethszj"},"content":"            }","lastModifiedDate":"2024-09-21","isFullCredit":false},{"lineNumber":66,"author":{"gitId":"kennethszj"},"content":"            catch (NullPointerException | IndexOutOfBoundsException e) {","lastModifiedDate":"2024-09-21","isFullCredit":false},{"lineNumber":67,"author":{"gitId":"kennethszj"},"content":"                ui.showIndexError();","lastModifiedDate":"2024-09-21","isFullCredit":false},{"lineNumber":68,"author":{"gitId":"kennethszj"},"content":"            }","lastModifiedDate":"2024-09-21","isFullCredit":false},{"lineNumber":69,"author":{"gitId":"kennethszj"},"content":"            catch (IOException e) {","lastModifiedDate":"2024-09-21","isFullCredit":false},{"lineNumber":70,"author":{"gitId":"kennethszj"},"content":"                ui.showSaveError();","lastModifiedDate":"2024-09-21","isFullCredit":false},{"lineNumber":71,"author":{"gitId":"kennethszj"},"content":"            }","lastModifiedDate":"2024-09-21","isFullCredit":false},{"lineNumber":72,"author":{"gitId":"kennethszj"},"content":"        }","lastModifiedDate":"2024-09-21","isFullCredit":false},{"lineNumber":73,"author":{"gitId":"kennethszj"},"content":"    }","lastModifiedDate":"2024-09-21","isFullCredit":false},{"lineNumber":74,"author":{"gitId":"kennethszj"},"content":"","lastModifiedDate":"2024-09-21","isFullCredit":false},{"lineNumber":75,"author":{"gitId":"kennethszj"},"content":"    private void markTask(String input) throws IOException {","lastModifiedDate":"2024-09-21","isFullCredit":false},{"lineNumber":76,"author":{"gitId":"kennethszj"},"content":"        int taskNumber \u003d Integer.parseInt(input.split(\" \")[1]) - 1;","lastModifiedDate":"2024-09-21","isFullCredit":false},{"lineNumber":77,"author":{"gitId":"kennethszj"},"content":"        tasks.get(taskNumber).markAsDone();","lastModifiedDate":"2024-09-21","isFullCredit":false},{"lineNumber":78,"author":{"gitId":"kennethszj"},"content":"        ui.showTaskMarked(tasks.get(taskNumber));","lastModifiedDate":"2024-09-21","isFullCredit":false},{"lineNumber":79,"author":{"gitId":"kennethszj"},"content":"        storage.saveTasks(tasks);","lastModifiedDate":"2024-09-21","isFullCredit":false},{"lineNumber":80,"author":{"gitId":"kennethszj"},"content":"    }","lastModifiedDate":"2024-09-21","isFullCredit":false},{"lineNumber":81,"author":{"gitId":"kennethszj"},"content":"","lastModifiedDate":"2024-09-21","isFullCredit":false},{"lineNumber":82,"author":{"gitId":"kennethszj"},"content":"    private void unmarkTask(String input) throws IOException {","lastModifiedDate":"2024-09-21","isFullCredit":false},{"lineNumber":83,"author":{"gitId":"kennethszj"},"content":"        int taskNumber \u003d Integer.parseInt(input.split(\" \")[1]) - 1;","lastModifiedDate":"2024-09-21","isFullCredit":false},{"lineNumber":84,"author":{"gitId":"kennethszj"},"content":"        tasks.get(taskNumber).markAsNotDone();","lastModifiedDate":"2024-09-21","isFullCredit":false},{"lineNumber":85,"author":{"gitId":"kennethszj"},"content":"        ui.showTaskUnmarked(tasks.get(taskNumber));","lastModifiedDate":"2024-09-21","isFullCredit":false},{"lineNumber":86,"author":{"gitId":"kennethszj"},"content":"        storage.saveTasks(tasks);","lastModifiedDate":"2024-09-21","isFullCredit":false},{"lineNumber":87,"author":{"gitId":"kennethszj"},"content":"    }","lastModifiedDate":"2024-09-21","isFullCredit":false},{"lineNumber":88,"author":{"gitId":"kennethszj"},"content":"","lastModifiedDate":"2024-09-21","isFullCredit":false},{"lineNumber":89,"author":{"gitId":"kennethszj"},"content":"    private void addTodoTask(String input) throws IOException {","lastModifiedDate":"2024-09-21","isFullCredit":false},{"lineNumber":90,"author":{"gitId":"kennethszj"},"content":"        String description \u003d input.substring(5);","lastModifiedDate":"2024-09-21","isFullCredit":false},{"lineNumber":91,"author":{"gitId":"kennethszj"},"content":"        Todo newTodo \u003d new Todo(description);","lastModifiedDate":"2024-09-21","isFullCredit":false},{"lineNumber":92,"author":{"gitId":"kennethszj"},"content":"        tasks.add(newTodo);","lastModifiedDate":"2024-09-21","isFullCredit":false},{"lineNumber":93,"author":{"gitId":"kennethszj"},"content":"        ui.showTaskAdded(newTodo, tasks.size());","lastModifiedDate":"2024-09-21","isFullCredit":false},{"lineNumber":94,"author":{"gitId":"kennethszj"},"content":"        storage.saveTasks(tasks);","lastModifiedDate":"2024-09-21","isFullCredit":false},{"lineNumber":95,"author":{"gitId":"kennethszj"},"content":"    }","lastModifiedDate":"2024-09-21","isFullCredit":false},{"lineNumber":96,"author":{"gitId":"kennethszj"},"content":"","lastModifiedDate":"2024-09-21","isFullCredit":false},{"lineNumber":97,"author":{"gitId":"kennethszj"},"content":"    private void addDeadlineTask(String input) throws IOException {","lastModifiedDate":"2024-09-21","isFullCredit":false},{"lineNumber":98,"author":{"gitId":"kennethszj"},"content":"        String[] parts \u003d input.substring(9).split(\" /by \");","lastModifiedDate":"2024-09-21","isFullCredit":false},{"lineNumber":99,"author":{"gitId":"kennethszj"},"content":"        Deadline newDeadline \u003d new Deadline(parts[0], parts[1]);","lastModifiedDate":"2024-09-21","isFullCredit":false},{"lineNumber":100,"author":{"gitId":"kennethszj"},"content":"        tasks.add(newDeadline);","lastModifiedDate":"2024-09-21","isFullCredit":false},{"lineNumber":101,"author":{"gitId":"kennethszj"},"content":"        ui.showTaskAdded(newDeadline, tasks.size());","lastModifiedDate":"2024-09-21","isFullCredit":false},{"lineNumber":102,"author":{"gitId":"kennethszj"},"content":"        storage.saveTasks(tasks);","lastModifiedDate":"2024-09-21","isFullCredit":false},{"lineNumber":103,"author":{"gitId":"kennethszj"},"content":"    }","lastModifiedDate":"2024-09-21","isFullCredit":false},{"lineNumber":104,"author":{"gitId":"kennethszj"},"content":"","lastModifiedDate":"2024-09-21","isFullCredit":false},{"lineNumber":105,"author":{"gitId":"kennethszj"},"content":"    private void addEventTask(String input) throws IOException {","lastModifiedDate":"2024-09-21","isFullCredit":false},{"lineNumber":106,"author":{"gitId":"kennethszj"},"content":"        String[] description \u003d input.substring(6).split(\" /from \");","lastModifiedDate":"2024-09-21","isFullCredit":false},{"lineNumber":107,"author":{"gitId":"kennethszj"},"content":"        String[] time \u003d description[1].split(\" /to \");","lastModifiedDate":"2024-09-21","isFullCredit":false},{"lineNumber":108,"author":{"gitId":"kennethszj"},"content":"        Event newEvent \u003d new Event(description[0], time[0], time[1]);","lastModifiedDate":"2024-09-21","isFullCredit":false},{"lineNumber":109,"author":{"gitId":"kennethszj"},"content":"        tasks.add(newEvent);","lastModifiedDate":"2024-09-21","isFullCredit":false},{"lineNumber":110,"author":{"gitId":"kennethszj"},"content":"        ui.showTaskAdded(newEvent, tasks.size());","lastModifiedDate":"2024-09-21","isFullCredit":false},{"lineNumber":111,"author":{"gitId":"kennethszj"},"content":"        storage.saveTasks(tasks);","lastModifiedDate":"2024-09-21","isFullCredit":false},{"lineNumber":112,"author":{"gitId":"kennethszj"},"content":"    }","lastModifiedDate":"2024-09-21","isFullCredit":false},{"lineNumber":113,"author":{"gitId":"kennethszj"},"content":"","lastModifiedDate":"2024-09-21","isFullCredit":false},{"lineNumber":114,"author":{"gitId":"kennethszj"},"content":"    private void deleteTask(String input) throws IOException {","lastModifiedDate":"2024-09-21","isFullCredit":false},{"lineNumber":115,"author":{"gitId":"kennethszj"},"content":"        int taskNumber \u003d Integer.parseInt(input.split(\" \")[1]) - 1;","lastModifiedDate":"2024-09-21","isFullCredit":false},{"lineNumber":116,"author":{"gitId":"kennethszj"},"content":"        Task taskToRemove \u003d tasks.get(taskNumber);","lastModifiedDate":"2024-09-21","isFullCredit":false},{"lineNumber":117,"author":{"gitId":"kennethszj"},"content":"        ui.showTaskDeleted(taskToRemove);","lastModifiedDate":"2024-09-21","isFullCredit":false},{"lineNumber":118,"author":{"gitId":"kennethszj"},"content":"        tasks.remove(taskNumber);","lastModifiedDate":"2024-09-21","isFullCredit":false},{"lineNumber":119,"author":{"gitId":"kennethszj"},"content":"        storage.saveTasks(tasks);","lastModifiedDate":"2024-09-21","isFullCredit":false},{"lineNumber":120,"author":{"gitId":"kennethszj"},"content":"    }","lastModifiedDate":"2024-09-21","isFullCredit":false},{"lineNumber":121,"author":{"gitId":"kennethszj"},"content":"","lastModifiedDate":"2024-09-21","isFullCredit":false},{"lineNumber":122,"author":{"gitId":"kennethszj"},"content":"    private void addGenericTask(String input) throws IOException {","lastModifiedDate":"2024-09-21","isFullCredit":false},{"lineNumber":123,"author":{"gitId":"kennethszj"},"content":"        Task newTask \u003d new Task(input);","lastModifiedDate":"2024-09-21","isFullCredit":false},{"lineNumber":124,"author":{"gitId":"kennethszj"},"content":"        tasks.add(newTask);","lastModifiedDate":"2024-09-21","isFullCredit":false},{"lineNumber":125,"author":{"gitId":"kennethszj"},"content":"        ui.showTaskAdded(newTask, tasks.size());","lastModifiedDate":"2024-09-21","isFullCredit":false},{"lineNumber":126,"author":{"gitId":"kennethszj"},"content":"        storage.saveTasks(tasks);","lastModifiedDate":"2024-09-21","isFullCredit":false},{"lineNumber":127,"author":{"gitId":"kennethszj"},"content":"    }","lastModifiedDate":"2024-09-21","isFullCredit":false},{"lineNumber":128,"author":{"gitId":"kennethszj"},"content":"}","lastModifiedDate":"2024-09-21","isFullCredit":false}],"authorContributionMap":{"kennethszj":128}},{"path":"src/main/java/Storage.java","fileType":"java","lines":[{"lineNumber":1,"author":{"gitId":"kennethszj"},"content":"import java.io.File;","lastModifiedDate":"2024-09-21","isFullCredit":false},{"lineNumber":2,"author":{"gitId":"kennethszj"},"content":"import java.io.FileWriter;","lastModifiedDate":"2024-09-21","isFullCredit":false},{"lineNumber":3,"author":{"gitId":"kennethszj"},"content":"import java.io.IOException;","lastModifiedDate":"2024-09-21","isFullCredit":false},{"lineNumber":4,"author":{"gitId":"kennethszj"},"content":"import java.io.FileNotFoundException;","lastModifiedDate":"2024-09-21","isFullCredit":false},{"lineNumber":5,"author":{"gitId":"kennethszj"},"content":"import java.util.ArrayList;","lastModifiedDate":"2024-09-21","isFullCredit":false},{"lineNumber":6,"author":{"gitId":"kennethszj"},"content":"import java.util.Scanner;","lastModifiedDate":"2024-09-21","isFullCredit":false},{"lineNumber":7,"author":{"gitId":"kennethszj"},"content":"","lastModifiedDate":"2024-09-21","isFullCredit":false},{"lineNumber":8,"author":{"gitId":"kennethszj"},"content":"public class Storage {","lastModifiedDate":"2024-09-21","isFullCredit":false},{"lineNumber":9,"author":{"gitId":"kennethszj"},"content":"    private final String filePath;","lastModifiedDate":"2024-09-21","isFullCredit":false},{"lineNumber":10,"author":{"gitId":"kennethszj"},"content":"","lastModifiedDate":"2024-09-21","isFullCredit":false},{"lineNumber":11,"author":{"gitId":"kennethszj"},"content":"    public Storage(String filePath) {","lastModifiedDate":"2024-09-21","isFullCredit":false},{"lineNumber":12,"author":{"gitId":"kennethszj"},"content":"        this.filePath \u003d filePath;","lastModifiedDate":"2024-09-21","isFullCredit":false},{"lineNumber":13,"author":{"gitId":"kennethszj"},"content":"    }","lastModifiedDate":"2024-09-21","isFullCredit":false},{"lineNumber":14,"author":{"gitId":"kennethszj"},"content":"","lastModifiedDate":"2024-09-21","isFullCredit":false},{"lineNumber":15,"author":{"gitId":"kennethszj"},"content":"    // Method to load tasks from the file","lastModifiedDate":"2024-09-21","isFullCredit":false},{"lineNumber":16,"author":{"gitId":"kennethszj"},"content":"    public ArrayList\u003cTask\u003e loadTasks() throws FileNotFoundException {","lastModifiedDate":"2024-09-21","isFullCredit":false},{"lineNumber":17,"author":{"gitId":"kennethszj"},"content":"        ArrayList\u003cTask\u003e tasks \u003d new ArrayList\u003c\u003e();","lastModifiedDate":"2024-09-21","isFullCredit":false},{"lineNumber":18,"author":{"gitId":"kennethszj"},"content":"        File file \u003d new File(filePath);","lastModifiedDate":"2024-09-21","isFullCredit":false},{"lineNumber":19,"author":{"gitId":"kennethszj"},"content":"","lastModifiedDate":"2024-09-21","isFullCredit":false},{"lineNumber":20,"author":{"gitId":"kennethszj"},"content":"        if (file.exists()) {","lastModifiedDate":"2024-09-21","isFullCredit":false},{"lineNumber":21,"author":{"gitId":"kennethszj"},"content":"            Scanner sc \u003d new Scanner(file);","lastModifiedDate":"2024-09-21","isFullCredit":false},{"lineNumber":22,"author":{"gitId":"kennethszj"},"content":"            while (sc.hasNextLine()) {","lastModifiedDate":"2024-09-21","isFullCredit":false},{"lineNumber":23,"author":{"gitId":"kennethszj"},"content":"                String line \u003d sc.nextLine();","lastModifiedDate":"2024-09-21","isFullCredit":false},{"lineNumber":24,"author":{"gitId":"kennethszj"},"content":"                String[] parts \u003d line.split(\" \\\\| \");","lastModifiedDate":"2024-09-21","isFullCredit":false},{"lineNumber":25,"author":{"gitId":"kennethszj"},"content":"                Task task;","lastModifiedDate":"2024-09-21","isFullCredit":false},{"lineNumber":26,"author":{"gitId":"kennethszj"},"content":"","lastModifiedDate":"2024-09-21","isFullCredit":false},{"lineNumber":27,"author":{"gitId":"kennethszj"},"content":"                switch (parts[0]) {","lastModifiedDate":"2024-09-21","isFullCredit":false},{"lineNumber":28,"author":{"gitId":"kennethszj"},"content":"                case \"T\":","lastModifiedDate":"2024-09-21","isFullCredit":false},{"lineNumber":29,"author":{"gitId":"kennethszj"},"content":"                    task \u003d new Todo(parts[2]);","lastModifiedDate":"2024-09-21","isFullCredit":false},{"lineNumber":30,"author":{"gitId":"kennethszj"},"content":"                    if (parts[1].equals(\"1\")) {","lastModifiedDate":"2024-09-21","isFullCredit":false},{"lineNumber":31,"author":{"gitId":"kennethszj"},"content":"                        task.markAsDone();","lastModifiedDate":"2024-09-21","isFullCredit":false},{"lineNumber":32,"author":{"gitId":"kennethszj"},"content":"                    }","lastModifiedDate":"2024-09-21","isFullCredit":false},{"lineNumber":33,"author":{"gitId":"kennethszj"},"content":"                    tasks.add(task);","lastModifiedDate":"2024-09-21","isFullCredit":false},{"lineNumber":34,"author":{"gitId":"kennethszj"},"content":"                    break;","lastModifiedDate":"2024-09-21","isFullCredit":false},{"lineNumber":35,"author":{"gitId":"kennethszj"},"content":"                case \"D\":","lastModifiedDate":"2024-09-21","isFullCredit":false},{"lineNumber":36,"author":{"gitId":"kennethszj"},"content":"                    task \u003d new Deadline(parts[2], parts[3]);","lastModifiedDate":"2024-09-21","isFullCredit":false},{"lineNumber":37,"author":{"gitId":"kennethszj"},"content":"                    if (parts[1].equals(\"1\")) {","lastModifiedDate":"2024-09-21","isFullCredit":false},{"lineNumber":38,"author":{"gitId":"kennethszj"},"content":"                        task.markAsDone();","lastModifiedDate":"2024-09-21","isFullCredit":false},{"lineNumber":39,"author":{"gitId":"kennethszj"},"content":"                    }","lastModifiedDate":"2024-09-21","isFullCredit":false},{"lineNumber":40,"author":{"gitId":"kennethszj"},"content":"                    tasks.add(task);","lastModifiedDate":"2024-09-21","isFullCredit":false},{"lineNumber":41,"author":{"gitId":"kennethszj"},"content":"                    break;","lastModifiedDate":"2024-09-21","isFullCredit":false},{"lineNumber":42,"author":{"gitId":"kennethszj"},"content":"                case \"E\":","lastModifiedDate":"2024-09-21","isFullCredit":false},{"lineNumber":43,"author":{"gitId":"kennethszj"},"content":"                    task \u003d new Event(parts[2], parts[3], parts[4]);","lastModifiedDate":"2024-09-21","isFullCredit":false},{"lineNumber":44,"author":{"gitId":"kennethszj"},"content":"                    if (parts[1].equals(\"1\")) {","lastModifiedDate":"2024-09-21","isFullCredit":false},{"lineNumber":45,"author":{"gitId":"kennethszj"},"content":"                        task.markAsDone();","lastModifiedDate":"2024-09-21","isFullCredit":false},{"lineNumber":46,"author":{"gitId":"kennethszj"},"content":"                    }","lastModifiedDate":"2024-09-21","isFullCredit":false},{"lineNumber":47,"author":{"gitId":"kennethszj"},"content":"                    tasks.add(task);","lastModifiedDate":"2024-09-21","isFullCredit":false},{"lineNumber":48,"author":{"gitId":"kennethszj"},"content":"                    break;","lastModifiedDate":"2024-09-21","isFullCredit":false},{"lineNumber":49,"author":{"gitId":"kennethszj"},"content":"                case \" \":","lastModifiedDate":"2024-09-21","isFullCredit":false},{"lineNumber":50,"author":{"gitId":"kennethszj"},"content":"                    task \u003d new Task(parts[2]);","lastModifiedDate":"2024-09-21","isFullCredit":false},{"lineNumber":51,"author":{"gitId":"kennethszj"},"content":"                    if (parts[1].equals(\"1\")) {","lastModifiedDate":"2024-09-21","isFullCredit":false},{"lineNumber":52,"author":{"gitId":"kennethszj"},"content":"                        task.markAsDone();","lastModifiedDate":"2024-09-21","isFullCredit":false},{"lineNumber":53,"author":{"gitId":"kennethszj"},"content":"                    }","lastModifiedDate":"2024-09-21","isFullCredit":false},{"lineNumber":54,"author":{"gitId":"kennethszj"},"content":"                    tasks.add(task);","lastModifiedDate":"2024-09-21","isFullCredit":false},{"lineNumber":55,"author":{"gitId":"kennethszj"},"content":"                    break;","lastModifiedDate":"2024-09-21","isFullCredit":false},{"lineNumber":56,"author":{"gitId":"kennethszj"},"content":"                }","lastModifiedDate":"2024-09-21","isFullCredit":false},{"lineNumber":57,"author":{"gitId":"kennethszj"},"content":"            }","lastModifiedDate":"2024-09-21","isFullCredit":false},{"lineNumber":58,"author":{"gitId":"kennethszj"},"content":"            sc.close();","lastModifiedDate":"2024-09-21","isFullCredit":false},{"lineNumber":59,"author":{"gitId":"kennethszj"},"content":"        }","lastModifiedDate":"2024-09-21","isFullCredit":false},{"lineNumber":60,"author":{"gitId":"kennethszj"},"content":"","lastModifiedDate":"2024-09-21","isFullCredit":false},{"lineNumber":61,"author":{"gitId":"kennethszj"},"content":"        return tasks;","lastModifiedDate":"2024-09-21","isFullCredit":false},{"lineNumber":62,"author":{"gitId":"kennethszj"},"content":"    }","lastModifiedDate":"2024-09-21","isFullCredit":false},{"lineNumber":63,"author":{"gitId":"kennethszj"},"content":"","lastModifiedDate":"2024-09-21","isFullCredit":false},{"lineNumber":64,"author":{"gitId":"kennethszj"},"content":"    // Method to save tasks to the file","lastModifiedDate":"2024-09-21","isFullCredit":false},{"lineNumber":65,"author":{"gitId":"kennethszj"},"content":"    public void saveTasks(ArrayList\u003cTask\u003e tasks) throws IOException {","lastModifiedDate":"2024-09-21","isFullCredit":false},{"lineNumber":66,"author":{"gitId":"kennethszj"},"content":"        File file \u003d new File(filePath);","lastModifiedDate":"2024-09-21","isFullCredit":false},{"lineNumber":67,"author":{"gitId":"kennethszj"},"content":"        if (!file.getParentFile().exists()) {","lastModifiedDate":"2024-09-21","isFullCredit":false},{"lineNumber":68,"author":{"gitId":"kennethszj"},"content":"            file.getParentFile().mkdirs(); // Create the directory if it doesn\u0027t exist","lastModifiedDate":"2024-09-21","isFullCredit":false},{"lineNumber":69,"author":{"gitId":"kennethszj"},"content":"        }","lastModifiedDate":"2024-09-21","isFullCredit":false},{"lineNumber":70,"author":{"gitId":"kennethszj"},"content":"","lastModifiedDate":"2024-09-21","isFullCredit":false},{"lineNumber":71,"author":{"gitId":"kennethszj"},"content":"        FileWriter fw \u003d new FileWriter(file);","lastModifiedDate":"2024-09-21","isFullCredit":false},{"lineNumber":72,"author":{"gitId":"kennethszj"},"content":"        for (Task task : tasks) {","lastModifiedDate":"2024-09-21","isFullCredit":false},{"lineNumber":73,"author":{"gitId":"kennethszj"},"content":"            fw.write(task.toSaveFormat() + \"\\n\");","lastModifiedDate":"2024-09-21","isFullCredit":false},{"lineNumber":74,"author":{"gitId":"kennethszj"},"content":"        }","lastModifiedDate":"2024-09-21","isFullCredit":false},{"lineNumber":75,"author":{"gitId":"kennethszj"},"content":"        fw.close();","lastModifiedDate":"2024-09-21","isFullCredit":false},{"lineNumber":76,"author":{"gitId":"kennethszj"},"content":"    }","lastModifiedDate":"2024-09-21","isFullCredit":false},{"lineNumber":77,"author":{"gitId":"kennethszj"},"content":"}","lastModifiedDate":"2024-09-21","isFullCredit":false}],"authorContributionMap":{"kennethszj":77}},{"path":"src/main/java/Task.java","fileType":"java","lines":[{"lineNumber":1,"author":{"gitId":"kennethszj"},"content":"public class Task {","lastModifiedDate":"2024-08-26","isFullCredit":false},{"lineNumber":2,"author":{"gitId":"kennethszj"},"content":"    protected String description;","lastModifiedDate":"2024-08-26","isFullCredit":false},{"lineNumber":3,"author":{"gitId":"kennethszj"},"content":"    protected boolean isDone;","lastModifiedDate":"2024-08-26","isFullCredit":false},{"lineNumber":4,"author":{"gitId":"kennethszj"},"content":"","lastModifiedDate":"2024-08-26","isFullCredit":false},{"lineNumber":5,"author":{"gitId":"kennethszj"},"content":"    public Task(String description) {","lastModifiedDate":"2024-08-26","isFullCredit":false},{"lineNumber":6,"author":{"gitId":"kennethszj"},"content":"        this.description \u003d description;","lastModifiedDate":"2024-08-26","isFullCredit":false},{"lineNumber":7,"author":{"gitId":"kennethszj"},"content":"        this.isDone \u003d false;","lastModifiedDate":"2024-08-26","isFullCredit":false},{"lineNumber":8,"author":{"gitId":"kennethszj"},"content":"    }","lastModifiedDate":"2024-08-26","isFullCredit":false},{"lineNumber":9,"author":{"gitId":"kennethszj"},"content":"","lastModifiedDate":"2024-08-26","isFullCredit":false},{"lineNumber":10,"author":{"gitId":"kennethszj"},"content":"    public String getStatusIcon() {","lastModifiedDate":"2024-08-26","isFullCredit":false},{"lineNumber":11,"author":{"gitId":"kennethszj"},"content":"        return (isDone ? \"X\" : \" \"); // mark done task with X","lastModifiedDate":"2024-08-26","isFullCredit":false},{"lineNumber":12,"author":{"gitId":"kennethszj"},"content":"    }","lastModifiedDate":"2024-08-26","isFullCredit":false},{"lineNumber":13,"author":{"gitId":"kennethszj"},"content":"","lastModifiedDate":"2024-08-26","isFullCredit":false},{"lineNumber":14,"author":{"gitId":"kennethszj"},"content":"    public void markAsDone() {","lastModifiedDate":"2024-08-26","isFullCredit":false},{"lineNumber":15,"author":{"gitId":"kennethszj"},"content":"        this.isDone \u003d true;","lastModifiedDate":"2024-08-26","isFullCredit":false},{"lineNumber":16,"author":{"gitId":"kennethszj"},"content":"    }","lastModifiedDate":"2024-08-26","isFullCredit":false},{"lineNumber":17,"author":{"gitId":"kennethszj"},"content":"","lastModifiedDate":"2024-08-26","isFullCredit":false},{"lineNumber":18,"author":{"gitId":"kennethszj"},"content":"    public String getDescription() {","lastModifiedDate":"2024-08-26","isFullCredit":false},{"lineNumber":19,"author":{"gitId":"kennethszj"},"content":"        return description;","lastModifiedDate":"2024-08-26","isFullCredit":false},{"lineNumber":20,"author":{"gitId":"kennethszj"},"content":"    }","lastModifiedDate":"2024-08-26","isFullCredit":false},{"lineNumber":21,"author":{"gitId":"kennethszj"},"content":"","lastModifiedDate":"2024-08-26","isFullCredit":false},{"lineNumber":22,"author":{"gitId":"kennethszj"},"content":"    public boolean isDone() {","lastModifiedDate":"2024-08-26","isFullCredit":false},{"lineNumber":23,"author":{"gitId":"kennethszj"},"content":"        return isDone;","lastModifiedDate":"2024-08-26","isFullCredit":false},{"lineNumber":24,"author":{"gitId":"kennethszj"},"content":"    }","lastModifiedDate":"2024-08-26","isFullCredit":false},{"lineNumber":25,"author":{"gitId":"kennethszj"},"content":"","lastModifiedDate":"2024-08-26","isFullCredit":false},{"lineNumber":26,"author":{"gitId":"kennethszj"},"content":"    public void markAsNotDone() {","lastModifiedDate":"2024-08-26","isFullCredit":false},{"lineNumber":27,"author":{"gitId":"kennethszj"},"content":"        this.isDone \u003d false;","lastModifiedDate":"2024-08-26","isFullCredit":false},{"lineNumber":28,"author":{"gitId":"kennethszj"},"content":"    }","lastModifiedDate":"2024-08-26","isFullCredit":false},{"lineNumber":29,"author":{"gitId":"kennethszj"},"content":"","lastModifiedDate":"2024-09-01","isFullCredit":false},{"lineNumber":30,"author":{"gitId":"kennethszj"},"content":"    public String toString() {","lastModifiedDate":"2024-09-01","isFullCredit":false},{"lineNumber":31,"author":{"gitId":"kennethszj"},"content":"        return \"[ ][\" + getStatusIcon() + \"] \" + getDescription();","lastModifiedDate":"2024-09-12","isFullCredit":false},{"lineNumber":32,"author":{"gitId":"kennethszj"},"content":"    }","lastModifiedDate":"2024-09-01","isFullCredit":false},{"lineNumber":33,"author":{"gitId":"kennethszj"},"content":"","lastModifiedDate":"2024-09-18","isFullCredit":false},{"lineNumber":34,"author":{"gitId":"kennethszj"},"content":"    // Base toSaveFormat method for generic tasks","lastModifiedDate":"2024-09-18","isFullCredit":false},{"lineNumber":35,"author":{"gitId":"kennethszj"},"content":"    public String toSaveFormat() {","lastModifiedDate":"2024-09-18","isFullCredit":false},{"lineNumber":36,"author":{"gitId":"kennethszj"},"content":"        return \"  | \" + (isDone ? \"1\" : \"0\") + \" | \" + description;","lastModifiedDate":"2024-09-18","isFullCredit":false},{"lineNumber":37,"author":{"gitId":"kennethszj"},"content":"    }","lastModifiedDate":"2024-09-18","isFullCredit":false},{"lineNumber":38,"author":{"gitId":"kennethszj"},"content":"}","lastModifiedDate":"2024-08-26","isFullCredit":false},{"lineNumber":39,"author":{"gitId":"kennethszj"},"content":"","lastModifiedDate":"2024-09-01","isFullCredit":false},{"lineNumber":40,"author":{"gitId":"kennethszj"},"content":"","lastModifiedDate":"2024-09-01","isFullCredit":false}],"authorContributionMap":{"kennethszj":40}},{"path":"src/main/java/Todo.java","fileType":"java","lines":[{"lineNumber":1,"author":{"gitId":"kennethszj"},"content":"public class Todo extends Task {","lastModifiedDate":"2024-09-01","isFullCredit":false},{"lineNumber":2,"author":{"gitId":"kennethszj"},"content":"    public Todo(String description) {","lastModifiedDate":"2024-09-01","isFullCredit":false},{"lineNumber":3,"author":{"gitId":"kennethszj"},"content":"        super(description);","lastModifiedDate":"2024-09-01","isFullCredit":false},{"lineNumber":4,"author":{"gitId":"kennethszj"},"content":"    }","lastModifiedDate":"2024-09-01","isFullCredit":false},{"lineNumber":5,"author":{"gitId":"kennethszj"},"content":"","lastModifiedDate":"2024-09-01","isFullCredit":false},{"lineNumber":6,"author":{"gitId":"kennethszj"},"content":"    @Override","lastModifiedDate":"2024-09-21","isFullCredit":false},{"lineNumber":7,"author":{"gitId":"kennethszj"},"content":"    public String toString() {","lastModifiedDate":"2024-09-01","isFullCredit":false},{"lineNumber":8,"author":{"gitId":"kennethszj"},"content":"        return \"[T][\" + getStatusIcon() + \"] \" + getDescription();","lastModifiedDate":"2024-09-01","isFullCredit":false},{"lineNumber":9,"author":{"gitId":"kennethszj"},"content":"    }","lastModifiedDate":"2024-09-01","isFullCredit":false},{"lineNumber":10,"author":{"gitId":"kennethszj"},"content":"","lastModifiedDate":"2024-09-18","isFullCredit":false},{"lineNumber":11,"author":{"gitId":"kennethszj"},"content":"    @Override","lastModifiedDate":"2024-09-18","isFullCredit":false},{"lineNumber":12,"author":{"gitId":"kennethszj"},"content":"    public String toSaveFormat() {","lastModifiedDate":"2024-09-18","isFullCredit":false},{"lineNumber":13,"author":{"gitId":"kennethszj"},"content":"        return \"T | \" + (isDone ? \"1\" : \"0\") + \" | \" + description;","lastModifiedDate":"2024-09-18","isFullCredit":false},{"lineNumber":14,"author":{"gitId":"kennethszj"},"content":"    }","lastModifiedDate":"2024-09-18","isFullCredit":false},{"lineNumber":15,"author":{"gitId":"kennethszj"},"content":"}","lastModifiedDate":"2024-09-01","isFullCredit":false}],"authorContributionMap":{"kennethszj":15}},{"path":"src/main/java/Ui.java","fileType":"java","lines":[{"lineNumber":1,"author":{"gitId":"kennethszj"},"content":"import java.util.Scanner;","lastModifiedDate":"2024-09-21","isFullCredit":false},{"lineNumber":2,"author":{"gitId":"kennethszj"},"content":"import java.util.ArrayList;","lastModifiedDate":"2024-09-21","isFullCredit":false},{"lineNumber":3,"author":{"gitId":"kennethszj"},"content":"","lastModifiedDate":"2024-09-21","isFullCredit":false},{"lineNumber":4,"author":{"gitId":"kennethszj"},"content":"public class Ui {","lastModifiedDate":"2024-09-21","isFullCredit":false},{"lineNumber":5,"author":{"gitId":"kennethszj"},"content":"    private Scanner scanner;","lastModifiedDate":"2024-09-21","isFullCredit":false},{"lineNumber":6,"author":{"gitId":"kennethszj"},"content":"","lastModifiedDate":"2024-09-21","isFullCredit":false},{"lineNumber":7,"author":{"gitId":"kennethszj"},"content":"    public Ui() {","lastModifiedDate":"2024-09-21","isFullCredit":false},{"lineNumber":8,"author":{"gitId":"kennethszj"},"content":"        this.scanner \u003d new Scanner(System.in);","lastModifiedDate":"2024-09-21","isFullCredit":false},{"lineNumber":9,"author":{"gitId":"kennethszj"},"content":"    }","lastModifiedDate":"2024-09-21","isFullCredit":false},{"lineNumber":10,"author":{"gitId":"kennethszj"},"content":"","lastModifiedDate":"2024-09-21","isFullCredit":false},{"lineNumber":11,"author":{"gitId":"kennethszj"},"content":"    public void showLine() {","lastModifiedDate":"2024-09-21","isFullCredit":false},{"lineNumber":12,"author":{"gitId":"kennethszj"},"content":"        System.out.println(\"____________________________________________________________\");","lastModifiedDate":"2024-09-21","isFullCredit":false},{"lineNumber":13,"author":{"gitId":"kennethszj"},"content":"    }","lastModifiedDate":"2024-09-21","isFullCredit":false},{"lineNumber":14,"author":{"gitId":"kennethszj"},"content":"","lastModifiedDate":"2024-09-21","isFullCredit":false},{"lineNumber":15,"author":{"gitId":"kennethszj"},"content":"    public void showWelcome() {","lastModifiedDate":"2024-09-21","isFullCredit":false},{"lineNumber":16,"author":{"gitId":"kennethszj"},"content":"        showLine();","lastModifiedDate":"2024-09-21","isFullCredit":false},{"lineNumber":17,"author":{"gitId":"kennethszj"},"content":"        System.out.println(\"I\u0027m Shrek\");","lastModifiedDate":"2024-09-21","isFullCredit":false},{"lineNumber":18,"author":{"gitId":"kennethszj"},"content":"        System.out.println(\"What are you doing in my swamp!??\");","lastModifiedDate":"2024-09-21","isFullCredit":false},{"lineNumber":19,"author":{"gitId":"kennethszj"},"content":"        showLine();","lastModifiedDate":"2024-09-21","isFullCredit":false},{"lineNumber":20,"author":{"gitId":"kennethszj"},"content":"    }","lastModifiedDate":"2024-09-21","isFullCredit":false},{"lineNumber":21,"author":{"gitId":"kennethszj"},"content":"","lastModifiedDate":"2024-09-21","isFullCredit":false},{"lineNumber":22,"author":{"gitId":"kennethszj"},"content":"    public String readCommand() {","lastModifiedDate":"2024-09-21","isFullCredit":false},{"lineNumber":23,"author":{"gitId":"kennethszj"},"content":"        return scanner.nextLine();","lastModifiedDate":"2024-09-21","isFullCredit":false},{"lineNumber":24,"author":{"gitId":"kennethszj"},"content":"    }","lastModifiedDate":"2024-09-21","isFullCredit":false},{"lineNumber":25,"author":{"gitId":"kennethszj"},"content":"","lastModifiedDate":"2024-09-21","isFullCredit":false},{"lineNumber":26,"author":{"gitId":"kennethszj"},"content":"    public void showLoadingError() {","lastModifiedDate":"2024-09-21","isFullCredit":false},{"lineNumber":27,"author":{"gitId":"kennethszj"},"content":"        System.out.println(\"No previous task data found. Starting with an empty list.\");","lastModifiedDate":"2024-09-21","isFullCredit":false},{"lineNumber":28,"author":{"gitId":"kennethszj"},"content":"    }","lastModifiedDate":"2024-09-21","isFullCredit":false},{"lineNumber":29,"author":{"gitId":"kennethszj"},"content":"","lastModifiedDate":"2024-09-21","isFullCredit":false},{"lineNumber":30,"author":{"gitId":"kennethszj"},"content":"    public void showTaskAdded(Task task, int taskCount) {","lastModifiedDate":"2024-09-21","isFullCredit":false},{"lineNumber":31,"author":{"gitId":"kennethszj"},"content":"        showLine();","lastModifiedDate":"2024-09-21","isFullCredit":false},{"lineNumber":32,"author":{"gitId":"kennethszj"},"content":"        System.out.println(\"I\u0027ve added this task to your pile of nonsense:\");","lastModifiedDate":"2024-09-21","isFullCredit":false},{"lineNumber":33,"author":{"gitId":"kennethszj"},"content":"        System.out.println(\"   \" + task);","lastModifiedDate":"2024-09-21","isFullCredit":false},{"lineNumber":34,"author":{"gitId":"kennethszj"},"content":"        System.out.println(\"Now you have \" + taskCount + \" tasks in my swamp.\");","lastModifiedDate":"2024-09-21","isFullCredit":false},{"lineNumber":35,"author":{"gitId":"kennethszj"},"content":"        showLine();","lastModifiedDate":"2024-09-21","isFullCredit":false},{"lineNumber":36,"author":{"gitId":"kennethszj"},"content":"    }","lastModifiedDate":"2024-09-21","isFullCredit":false},{"lineNumber":37,"author":{"gitId":"kennethszj"},"content":"","lastModifiedDate":"2024-09-21","isFullCredit":false},{"lineNumber":38,"author":{"gitId":"kennethszj"},"content":"    public void showTaskList(ArrayList\u003cTask\u003e tasks) {","lastModifiedDate":"2024-09-21","isFullCredit":false},{"lineNumber":39,"author":{"gitId":"kennethszj"},"content":"        showLine();","lastModifiedDate":"2024-09-21","isFullCredit":false},{"lineNumber":40,"author":{"gitId":"kennethszj"},"content":"        System.out.println(\"Here is your list of nonsense, now get out of my swamp:\");","lastModifiedDate":"2024-09-21","isFullCredit":false},{"lineNumber":41,"author":{"gitId":"kennethszj"},"content":"        for (int i \u003d 0; i \u003c tasks.size(); i++) {","lastModifiedDate":"2024-09-21","isFullCredit":false},{"lineNumber":42,"author":{"gitId":"kennethszj"},"content":"            System.out.println(\"     \" + (i + 1) + \".\" + tasks.get(i));  // Utilizes Task\u0027s toString() method","lastModifiedDate":"2024-09-21","isFullCredit":false},{"lineNumber":43,"author":{"gitId":"kennethszj"},"content":"        }","lastModifiedDate":"2024-09-21","isFullCredit":false},{"lineNumber":44,"author":{"gitId":"kennethszj"},"content":"        showLine();","lastModifiedDate":"2024-09-21","isFullCredit":false},{"lineNumber":45,"author":{"gitId":"kennethszj"},"content":"    }","lastModifiedDate":"2024-09-21","isFullCredit":false},{"lineNumber":46,"author":{"gitId":"kennethszj"},"content":"","lastModifiedDate":"2024-09-21","isFullCredit":false},{"lineNumber":47,"author":{"gitId":"kennethszj"},"content":"    public void showTaskMarked(Task task) {","lastModifiedDate":"2024-09-21","isFullCredit":false},{"lineNumber":48,"author":{"gitId":"kennethszj"},"content":"        showLine();","lastModifiedDate":"2024-09-21","isFullCredit":false},{"lineNumber":49,"author":{"gitId":"kennethszj"},"content":"        System.out.println(\"It’s done. Now, get lost before I toss you out of my swamp!\");","lastModifiedDate":"2024-09-21","isFullCredit":false},{"lineNumber":50,"author":{"gitId":"kennethszj"},"content":"        System.out.println(\"     [\" + task.getStatusIcon() + \"] \" + task.getDescription());","lastModifiedDate":"2024-09-21","isFullCredit":false},{"lineNumber":51,"author":{"gitId":"kennethszj"},"content":"        showLine();","lastModifiedDate":"2024-09-21","isFullCredit":false},{"lineNumber":52,"author":{"gitId":"kennethszj"},"content":"    }","lastModifiedDate":"2024-09-21","isFullCredit":false},{"lineNumber":53,"author":{"gitId":"kennethszj"},"content":"","lastModifiedDate":"2024-09-21","isFullCredit":false},{"lineNumber":54,"author":{"gitId":"kennethszj"},"content":"    public void showTaskUnmarked(Task task) {","lastModifiedDate":"2024-09-21","isFullCredit":false},{"lineNumber":55,"author":{"gitId":"kennethszj"},"content":"        showLine();","lastModifiedDate":"2024-09-21","isFullCredit":false},{"lineNumber":56,"author":{"gitId":"kennethszj"},"content":"        System.out.println(\"It’s unmarked. Gonna change it again? Make up your mind, or get out of my swamp!\");","lastModifiedDate":"2024-09-21","isFullCredit":false},{"lineNumber":57,"author":{"gitId":"kennethszj"},"content":"        System.out.println(\"     [\" + task.getStatusIcon() + \"] \" + task.getDescription());","lastModifiedDate":"2024-09-21","isFullCredit":false},{"lineNumber":58,"author":{"gitId":"kennethszj"},"content":"        showLine();","lastModifiedDate":"2024-09-21","isFullCredit":false},{"lineNumber":59,"author":{"gitId":"kennethszj"},"content":"    }","lastModifiedDate":"2024-09-21","isFullCredit":false},{"lineNumber":60,"author":{"gitId":"kennethszj"},"content":"","lastModifiedDate":"2024-09-21","isFullCredit":false},{"lineNumber":61,"author":{"gitId":"kennethszj"},"content":"    public void showTaskDeleted(Task task) {","lastModifiedDate":"2024-09-21","isFullCredit":false},{"lineNumber":62,"author":{"gitId":"kennethszj"},"content":"        showLine();","lastModifiedDate":"2024-09-21","isFullCredit":false},{"lineNumber":63,"author":{"gitId":"kennethszj"},"content":"        System.out.println(\"Fine I’ll remove this task donkey:\");","lastModifiedDate":"2024-09-21","isFullCredit":false},{"lineNumber":64,"author":{"gitId":"kennethszj"},"content":"        System.out.println(\"   \" + task);","lastModifiedDate":"2024-09-21","isFullCredit":false},{"lineNumber":65,"author":{"gitId":"kennethszj"},"content":"        showLine();","lastModifiedDate":"2024-09-21","isFullCredit":false},{"lineNumber":66,"author":{"gitId":"kennethszj"},"content":"    }","lastModifiedDate":"2024-09-21","isFullCredit":false},{"lineNumber":67,"author":{"gitId":"kennethszj"},"content":"","lastModifiedDate":"2024-09-21","isFullCredit":false},{"lineNumber":68,"author":{"gitId":"kennethszj"},"content":"    public void showError(String message) {","lastModifiedDate":"2024-09-21","isFullCredit":false},{"lineNumber":69,"author":{"gitId":"kennethszj"},"content":"        System.out.println(message);","lastModifiedDate":"2024-09-21","isFullCredit":false},{"lineNumber":70,"author":{"gitId":"kennethszj"},"content":"    }","lastModifiedDate":"2024-09-21","isFullCredit":false},{"lineNumber":71,"author":{"gitId":"kennethszj"},"content":"","lastModifiedDate":"2024-09-21","isFullCredit":false},{"lineNumber":72,"author":{"gitId":"kennethszj"},"content":"    public void showFormatError() {","lastModifiedDate":"2024-09-21","isFullCredit":false},{"lineNumber":73,"author":{"gitId":"kennethszj"},"content":"        showLine();","lastModifiedDate":"2024-09-21","isFullCredit":false},{"lineNumber":74,"author":{"gitId":"kennethszj"},"content":"        System.out.println(\"Wrong format, enter a valid task.\");","lastModifiedDate":"2024-09-21","isFullCredit":false},{"lineNumber":75,"author":{"gitId":"kennethszj"},"content":"        showLine();","lastModifiedDate":"2024-09-21","isFullCredit":false},{"lineNumber":76,"author":{"gitId":"kennethszj"},"content":"    }","lastModifiedDate":"2024-09-21","isFullCredit":false},{"lineNumber":77,"author":{"gitId":"kennethszj"},"content":"","lastModifiedDate":"2024-09-21","isFullCredit":false},{"lineNumber":78,"author":{"gitId":"kennethszj"},"content":"    public void showIndexError() {","lastModifiedDate":"2024-09-21","isFullCredit":false},{"lineNumber":79,"author":{"gitId":"kennethszj"},"content":"        showLine();","lastModifiedDate":"2024-09-21","isFullCredit":false},{"lineNumber":80,"author":{"gitId":"kennethszj"},"content":"        System.out.println(\"That task is not even in my swamp donkey! Try another task.\");","lastModifiedDate":"2024-09-21","isFullCredit":false},{"lineNumber":81,"author":{"gitId":"kennethszj"},"content":"        showLine();","lastModifiedDate":"2024-09-21","isFullCredit":false},{"lineNumber":82,"author":{"gitId":"kennethszj"},"content":"    }","lastModifiedDate":"2024-09-21","isFullCredit":false},{"lineNumber":83,"author":{"gitId":"kennethszj"},"content":"","lastModifiedDate":"2024-09-21","isFullCredit":false},{"lineNumber":84,"author":{"gitId":"kennethszj"},"content":"    public void showInputError() {","lastModifiedDate":"2024-09-21","isFullCredit":false},{"lineNumber":85,"author":{"gitId":"kennethszj"},"content":"        showLine();","lastModifiedDate":"2024-09-21","isFullCredit":false},{"lineNumber":86,"author":{"gitId":"kennethszj"},"content":"        System.out.println(\"What are you typing donkey? Specify the time/task right or get out of my swamp.\");","lastModifiedDate":"2024-09-21","isFullCredit":false},{"lineNumber":87,"author":{"gitId":"kennethszj"},"content":"        showLine();","lastModifiedDate":"2024-09-21","isFullCredit":false},{"lineNumber":88,"author":{"gitId":"kennethszj"},"content":"    }","lastModifiedDate":"2024-09-21","isFullCredit":false},{"lineNumber":89,"author":{"gitId":"kennethszj"},"content":"","lastModifiedDate":"2024-09-21","isFullCredit":false},{"lineNumber":90,"author":{"gitId":"kennethszj"},"content":"    public void showGoodbye() {","lastModifiedDate":"2024-09-21","isFullCredit":false},{"lineNumber":91,"author":{"gitId":"kennethszj"},"content":"        showLine();","lastModifiedDate":"2024-09-21","isFullCredit":false},{"lineNumber":92,"author":{"gitId":"kennethszj"},"content":"        System.out.println(\"Finally, you’re leaving. Now I can have some peace in my swamp.\");","lastModifiedDate":"2024-09-21","isFullCredit":false},{"lineNumber":93,"author":{"gitId":"kennethszj"},"content":"        showLine();","lastModifiedDate":"2024-09-21","isFullCredit":false},{"lineNumber":94,"author":{"gitId":"kennethszj"},"content":"    }","lastModifiedDate":"2024-09-21","isFullCredit":false},{"lineNumber":95,"author":{"gitId":"kennethszj"},"content":"","lastModifiedDate":"2024-09-21","isFullCredit":false},{"lineNumber":96,"author":{"gitId":"kennethszj"},"content":"    public void showSaveError(){","lastModifiedDate":"2024-09-21","isFullCredit":false},{"lineNumber":97,"author":{"gitId":"kennethszj"},"content":"        showLine();","lastModifiedDate":"2024-09-21","isFullCredit":false},{"lineNumber":98,"author":{"gitId":"kennethszj"},"content":"        System.out.println(\"Failed to save file.\");","lastModifiedDate":"2024-09-21","isFullCredit":false},{"lineNumber":99,"author":{"gitId":"kennethszj"},"content":"        showLine();","lastModifiedDate":"2024-09-21","isFullCredit":false},{"lineNumber":100,"author":{"gitId":"kennethszj"},"content":"    }","lastModifiedDate":"2024-09-21","isFullCredit":false},{"lineNumber":101,"author":{"gitId":"kennethszj"},"content":"","lastModifiedDate":"2024-09-21","isFullCredit":false},{"lineNumber":102,"author":{"gitId":"kennethszj"},"content":"    public void closeScanner() {","lastModifiedDate":"2024-09-21","isFullCredit":false},{"lineNumber":103,"author":{"gitId":"kennethszj"},"content":"        scanner.close();","lastModifiedDate":"2024-09-21","isFullCredit":false},{"lineNumber":104,"author":{"gitId":"kennethszj"},"content":"    }","lastModifiedDate":"2024-09-21","isFullCredit":false},{"lineNumber":105,"author":{"gitId":"kennethszj"},"content":"}","lastModifiedDate":"2024-09-21","isFullCredit":false},{"lineNumber":106,"author":{"gitId":"kennethszj"},"content":"","lastModifiedDate":"2024-09-21","isFullCredit":false}],"authorContributionMap":{"kennethszj":106}}]
