[{"path":"src/main/java/Deadline.java","fileType":"java","lines":[{"lineNumber":1,"author":{"gitId":"kennethszj"},"content":"public class Deadline extends Task {","lastModifiedDate":"2024-09-01","isFullCredit":false},{"lineNumber":2,"author":{"gitId":"kennethszj"},"content":"    protected String by;","lastModifiedDate":"2024-09-01","isFullCredit":false},{"lineNumber":3,"author":{"gitId":"kennethszj"},"content":"","lastModifiedDate":"2024-09-01","isFullCredit":false},{"lineNumber":4,"author":{"gitId":"kennethszj"},"content":"    public Deadline(String description, String by) {","lastModifiedDate":"2024-09-01","isFullCredit":false},{"lineNumber":5,"author":{"gitId":"kennethszj"},"content":"        super(description);","lastModifiedDate":"2024-09-01","isFullCredit":false},{"lineNumber":6,"author":{"gitId":"kennethszj"},"content":"        this.by \u003d by;","lastModifiedDate":"2024-09-01","isFullCredit":false},{"lineNumber":7,"author":{"gitId":"kennethszj"},"content":"    }","lastModifiedDate":"2024-09-01","isFullCredit":false},{"lineNumber":8,"author":{"gitId":"kennethszj"},"content":"","lastModifiedDate":"2024-09-01","isFullCredit":false},{"lineNumber":9,"author":{"gitId":"kennethszj"},"content":"    //overide to string in task","lastModifiedDate":"2024-09-01","isFullCredit":false},{"lineNumber":10,"author":{"gitId":"kennethszj"},"content":"    public String toString() {","lastModifiedDate":"2024-09-01","isFullCredit":false},{"lineNumber":11,"author":{"gitId":"kennethszj"},"content":"        return \"[D][\" + getStatusIcon() + \"] \" + getDescription() + \" (by: \" + by + \")\";","lastModifiedDate":"2024-09-01","isFullCredit":false},{"lineNumber":12,"author":{"gitId":"kennethszj"},"content":"    }","lastModifiedDate":"2024-09-01","isFullCredit":false},{"lineNumber":13,"author":{"gitId":"kennethszj"},"content":"}","lastModifiedDate":"2024-09-01","isFullCredit":false}],"authorContributionMap":{"kennethszj":13}},{"path":"src/main/java/Event.java","fileType":"java","lines":[{"lineNumber":1,"author":{"gitId":"kennethszj"},"content":"public class Event extends Task {","lastModifiedDate":"2024-09-01","isFullCredit":false},{"lineNumber":2,"author":{"gitId":"kennethszj"},"content":"    protected String from;","lastModifiedDate":"2024-09-01","isFullCredit":false},{"lineNumber":3,"author":{"gitId":"kennethszj"},"content":"    protected String to;","lastModifiedDate":"2024-09-01","isFullCredit":false},{"lineNumber":4,"author":{"gitId":"kennethszj"},"content":"","lastModifiedDate":"2024-09-01","isFullCredit":false},{"lineNumber":5,"author":{"gitId":"kennethszj"},"content":"    public Event(String description, String from, String to) { //constructor for event.","lastModifiedDate":"2024-09-01","isFullCredit":false},{"lineNumber":6,"author":{"gitId":"kennethszj"},"content":"        super(description); //invokes the superclass constructor","lastModifiedDate":"2024-09-01","isFullCredit":false},{"lineNumber":7,"author":{"gitId":"kennethszj"},"content":"        this.from \u003d from;","lastModifiedDate":"2024-09-01","isFullCredit":false},{"lineNumber":8,"author":{"gitId":"kennethszj"},"content":"        this.to \u003d to;","lastModifiedDate":"2024-09-01","isFullCredit":false},{"lineNumber":9,"author":{"gitId":"kennethszj"},"content":"    }","lastModifiedDate":"2024-09-01","isFullCredit":false},{"lineNumber":10,"author":{"gitId":"kennethszj"},"content":"","lastModifiedDate":"2024-09-01","isFullCredit":false},{"lineNumber":11,"author":{"gitId":"kennethszj"},"content":"    //overide to string in task class","lastModifiedDate":"2024-09-01","isFullCredit":false},{"lineNumber":12,"author":{"gitId":"kennethszj"},"content":"    public String toString() {","lastModifiedDate":"2024-09-01","isFullCredit":false},{"lineNumber":13,"author":{"gitId":"kennethszj"},"content":"        return \"[E][\" + getStatusIcon() + \"] \" + getDescription() + \" (from: \" + from + \" to: \" + to + \")\";","lastModifiedDate":"2024-09-01","isFullCredit":false},{"lineNumber":14,"author":{"gitId":"kennethszj"},"content":"    }","lastModifiedDate":"2024-09-01","isFullCredit":false},{"lineNumber":15,"author":{"gitId":"kennethszj"},"content":"}","lastModifiedDate":"2024-09-01","isFullCredit":false}],"authorContributionMap":{"kennethszj":15}},{"path":"src/main/java/Main.java","fileType":"java","lines":[{"lineNumber":1,"author":{"gitId":"kennethszj"},"content":"import java.util.Scanner;","lastModifiedDate":"2024-08-26","isFullCredit":false},{"lineNumber":2,"author":{"gitId":"kennethszj"},"content":"","lastModifiedDate":"2024-08-26","isFullCredit":false},{"lineNumber":3,"author":{"gitId":"kennethszj"},"content":"public class Main {","lastModifiedDate":"2024-09-12","isFullCredit":false},{"lineNumber":4,"author":{"gitId":"kennethszj"},"content":"    public static void main(String[] args) {","lastModifiedDate":"2024-08-26","isFullCredit":false},{"lineNumber":5,"author":{"gitId":"kennethszj"},"content":"        System.out.println(\"____________________________________________________________\");","lastModifiedDate":"2024-08-26","isFullCredit":false},{"lineNumber":6,"author":{"gitId":"kennethszj"},"content":"        System.out.println(\"Im Shrek\");","lastModifiedDate":"2024-09-01","isFullCredit":false},{"lineNumber":7,"author":{"gitId":"kennethszj"},"content":"        printShrekFace2();","lastModifiedDate":"2024-08-26","isFullCredit":false},{"lineNumber":8,"author":{"gitId":"kennethszj"},"content":"        System.out.println(\"what are you doing in my swamp!??\");","lastModifiedDate":"2024-09-01","isFullCredit":false},{"lineNumber":9,"author":{"gitId":"kennethszj"},"content":"        System.out.println(\"____________________________________________________________\");","lastModifiedDate":"2024-08-26","isFullCredit":false},{"lineNumber":10,"author":{"gitId":"kennethszj"},"content":"","lastModifiedDate":"2024-08-26","isFullCredit":false},{"lineNumber":11,"author":{"gitId":"kennethszj"},"content":"        Scanner scanner \u003d new Scanner(System.in); //Scanner object named \"scanner\"","lastModifiedDate":"2024-08-26","isFullCredit":false},{"lineNumber":12,"author":{"gitId":"kennethszj"},"content":"        Task[] tasks \u003d new Task[100]; //Array of \"task\" object to store the tasks","lastModifiedDate":"2024-08-26","isFullCredit":false},{"lineNumber":13,"author":{"gitId":"kennethszj"},"content":"        int taskCount \u003d 0; //Counter for the number of tasks","lastModifiedDate":"2024-08-26","isFullCredit":false},{"lineNumber":14,"author":{"gitId":"kennethszj"},"content":"        String input;","lastModifiedDate":"2024-08-26","isFullCredit":false},{"lineNumber":15,"author":{"gitId":"kennethszj"},"content":"","lastModifiedDate":"2024-08-26","isFullCredit":false},{"lineNumber":16,"author":{"gitId":"kennethszj"},"content":"        while (true) {","lastModifiedDate":"2024-09-01","isFullCredit":false},{"lineNumber":17,"author":{"gitId":"kennethszj"},"content":"            input \u003d scanner.nextLine();","lastModifiedDate":"2024-08-26","isFullCredit":false},{"lineNumber":18,"author":{"gitId":"kennethszj"},"content":"","lastModifiedDate":"2024-08-26","isFullCredit":false},{"lineNumber":19,"author":{"gitId":"kennethszj"},"content":"            try","lastModifiedDate":"2024-09-12","isFullCredit":false},{"lineNumber":20,"author":{"gitId":"kennethszj"},"content":"            {","lastModifiedDate":"2024-09-12","isFullCredit":false},{"lineNumber":21,"author":{"gitId":"kennethszj"},"content":"                if (input.equals(\"bye\")) //end loop when user inputs \"bye\"","lastModifiedDate":"2024-08-26","isFullCredit":false},{"lineNumber":22,"author":{"gitId":"kennethszj"},"content":"                {","lastModifiedDate":"2024-08-26","isFullCredit":false},{"lineNumber":23,"author":{"gitId":"kennethszj"},"content":"                    break;","lastModifiedDate":"2024-08-26","isFullCredit":false},{"lineNumber":24,"author":{"gitId":"kennethszj"},"content":"                }","lastModifiedDate":"2024-08-26","isFullCredit":false},{"lineNumber":25,"author":{"gitId":"kennethszj"},"content":"                else if (input.equals(\"list\")) //display tasks when user inputs \"list\"","lastModifiedDate":"2024-08-26","isFullCredit":false},{"lineNumber":26,"author":{"gitId":"kennethszj"},"content":"                {","lastModifiedDate":"2024-08-26","isFullCredit":false},{"lineNumber":27,"author":{"gitId":"kennethszj"},"content":"                    System.out.println(\"____________________________________________________________\");","lastModifiedDate":"2024-08-26","isFullCredit":false},{"lineNumber":28,"author":{"gitId":"kennethszj"},"content":"                    System.out.println(\" Here is your list of nonsense, now get out of my swamp:\");","lastModifiedDate":"2024-09-09","isFullCredit":false},{"lineNumber":29,"author":{"gitId":"kennethszj"},"content":"                    for (int i \u003d 0; i \u003c taskCount; i++) {","lastModifiedDate":"2024-09-01","isFullCredit":false},{"lineNumber":30,"author":{"gitId":"kennethszj"},"content":"                        //print each line in proper format","lastModifiedDate":"2024-08-26","isFullCredit":false},{"lineNumber":31,"author":{"gitId":"kennethszj"},"content":"                        System.out.println(\"     \" + (i + 1) + \".\" + tasks[i]);","lastModifiedDate":"2024-09-01","isFullCredit":false},{"lineNumber":32,"author":{"gitId":"kennethszj"},"content":"                        //System.out.println(\"     \" + (i + 1) + \". [\" + tasks[i].getStatusIcon() + \"] \" + tasks[i].getDescription());","lastModifiedDate":"2024-09-01","isFullCredit":false},{"lineNumber":33,"author":{"gitId":"kennethszj"},"content":"                    }","lastModifiedDate":"2024-08-26","isFullCredit":false},{"lineNumber":34,"author":{"gitId":"kennethszj"},"content":"                    System.out.println(\"____________________________________________________________\");","lastModifiedDate":"2024-08-26","isFullCredit":false},{"lineNumber":35,"author":{"gitId":"kennethszj"},"content":"                }","lastModifiedDate":"2024-08-26","isFullCredit":false},{"lineNumber":36,"author":{"gitId":"kennethszj"},"content":"                else if (input.startsWith(\"mark\")) //mark task and print acknowledge message when user marks a task","lastModifiedDate":"2024-08-26","isFullCredit":false},{"lineNumber":37,"author":{"gitId":"kennethszj"},"content":"                {","lastModifiedDate":"2024-08-26","isFullCredit":false},{"lineNumber":38,"author":{"gitId":"kennethszj"},"content":"                    int taskNumber \u003d Integer.parseInt(input.split(\" \")[1]) - 1; //get the integer in the text. minus 1 to get correct index in the \"tasks\" array","lastModifiedDate":"2024-08-26","isFullCredit":false},{"lineNumber":39,"author":{"gitId":"kennethszj"},"content":"                    tasks[taskNumber].markAsDone();","lastModifiedDate":"2024-08-26","isFullCredit":false},{"lineNumber":40,"author":{"gitId":"kennethszj"},"content":"                    System.out.println(\"____________________________________________________________\");","lastModifiedDate":"2024-08-26","isFullCredit":false},{"lineNumber":41,"author":{"gitId":"kennethszj"},"content":"                    System.out.println(\"It’s done. Now, get lost before I toss you out of my swamp!\");","lastModifiedDate":"2024-09-01","isFullCredit":false},{"lineNumber":42,"author":{"gitId":"kennethszj"},"content":"                    System.out.println(\"     [\" + tasks[taskNumber].getStatusIcon() + \"] \" + tasks[taskNumber].getDescription());","lastModifiedDate":"2024-08-26","isFullCredit":false},{"lineNumber":43,"author":{"gitId":"kennethszj"},"content":"                    System.out.println(\"____________________________________________________________\");","lastModifiedDate":"2024-08-26","isFullCredit":false},{"lineNumber":44,"author":{"gitId":"kennethszj"},"content":"                }","lastModifiedDate":"2024-08-26","isFullCredit":false},{"lineNumber":45,"author":{"gitId":"kennethszj"},"content":"                else if (input.startsWith(\"unmark\")) //unmark task and print acknowledge message when user unmarks a task","lastModifiedDate":"2024-08-26","isFullCredit":false},{"lineNumber":46,"author":{"gitId":"kennethszj"},"content":"                {","lastModifiedDate":"2024-08-26","isFullCredit":false},{"lineNumber":47,"author":{"gitId":"kennethszj"},"content":"                    int taskNumber \u003d Integer.parseInt(input.split(\" \")[1]) - 1; //get the integer in the text","lastModifiedDate":"2024-08-26","isFullCredit":false},{"lineNumber":48,"author":{"gitId":"kennethszj"},"content":"                    tasks[taskNumber].markAsNotDone();","lastModifiedDate":"2024-08-26","isFullCredit":false},{"lineNumber":49,"author":{"gitId":"kennethszj"},"content":"                    System.out.println(\"____________________________________________________________\");","lastModifiedDate":"2024-08-26","isFullCredit":false},{"lineNumber":50,"author":{"gitId":"kennethszj"},"content":"                    System.out.println(\"It’s unmarked. Gonna change it again? Make up your mind, or get out of my swamp!\");","lastModifiedDate":"2024-09-01","isFullCredit":false},{"lineNumber":51,"author":{"gitId":"kennethszj"},"content":"                    System.out.println(\"     [\" + tasks[taskNumber].getStatusIcon() + \"] \" + tasks[taskNumber].getDescription());","lastModifiedDate":"2024-08-26","isFullCredit":false},{"lineNumber":52,"author":{"gitId":"kennethszj"},"content":"                    System.out.println(\"____________________________________________________________\");","lastModifiedDate":"2024-08-26","isFullCredit":false},{"lineNumber":53,"author":{"gitId":"kennethszj"},"content":"                }","lastModifiedDate":"2024-08-26","isFullCredit":false},{"lineNumber":54,"author":{"gitId":"kennethszj"},"content":"                else if (input.startsWith(\"todo\"))","lastModifiedDate":"2024-09-01","isFullCredit":false},{"lineNumber":55,"author":{"gitId":"kennethszj"},"content":"                {","lastModifiedDate":"2024-09-01","isFullCredit":false},{"lineNumber":56,"author":{"gitId":"kennethszj"},"content":"                    String description \u003d input.substring(5); //at index 5 of the string, the description starts","lastModifiedDate":"2024-09-01","isFullCredit":false},{"lineNumber":57,"author":{"gitId":"kennethszj"},"content":"                    tasks[taskCount] \u003d new Todo(description); //put new task todo object in task array","lastModifiedDate":"2024-09-01","isFullCredit":false},{"lineNumber":58,"author":{"gitId":"kennethszj"},"content":"                    taskCount++;","lastModifiedDate":"2024-09-01","isFullCredit":false},{"lineNumber":59,"author":{"gitId":"kennethszj"},"content":"                    printAddedTask(tasks[taskCount - 1], taskCount);","lastModifiedDate":"2024-09-01","isFullCredit":false},{"lineNumber":60,"author":{"gitId":"kennethszj"},"content":"                }","lastModifiedDate":"2024-09-01","isFullCredit":false},{"lineNumber":61,"author":{"gitId":"kennethszj"},"content":"                else if (input.startsWith(\"deadline\"))","lastModifiedDate":"2024-09-12","isFullCredit":false},{"lineNumber":62,"author":{"gitId":"kennethszj"},"content":"                {","lastModifiedDate":"2024-09-12","isFullCredit":false},{"lineNumber":63,"author":{"gitId":"kennethszj"},"content":"                    String[] parts \u003d input.substring(9).split(\" /by \");","lastModifiedDate":"2024-09-01","isFullCredit":false},{"lineNumber":64,"author":{"gitId":"kennethszj"},"content":"                    tasks[taskCount] \u003d new Deadline(parts[0], parts[1]);","lastModifiedDate":"2024-09-01","isFullCredit":false},{"lineNumber":65,"author":{"gitId":"kennethszj"},"content":"                    taskCount++;","lastModifiedDate":"2024-09-01","isFullCredit":false},{"lineNumber":66,"author":{"gitId":"kennethszj"},"content":"                    printAddedTask(tasks[taskCount - 1], taskCount);","lastModifiedDate":"2024-09-01","isFullCredit":false},{"lineNumber":67,"author":{"gitId":"kennethszj"},"content":"                }","lastModifiedDate":"2024-09-01","isFullCredit":false},{"lineNumber":68,"author":{"gitId":"kennethszj"},"content":"                else if (input.startsWith(\"event\"))","lastModifiedDate":"2024-09-01","isFullCredit":false},{"lineNumber":69,"author":{"gitId":"kennethszj"},"content":"                {","lastModifiedDate":"2024-09-01","isFullCredit":false},{"lineNumber":70,"author":{"gitId":"kennethszj"},"content":"                    String[] description \u003d input.substring(6).split(\" /from \");","lastModifiedDate":"2024-09-12","isFullCredit":false},{"lineNumber":71,"author":{"gitId":"kennethszj"},"content":"                    String[] time \u003d description[1].split(\" /to \");","lastModifiedDate":"2024-09-12","isFullCredit":false},{"lineNumber":72,"author":{"gitId":"kennethszj"},"content":"                    tasks[taskCount] \u003d new Event(description[0], time[0], time[1]);","lastModifiedDate":"2024-09-12","isFullCredit":false},{"lineNumber":73,"author":{"gitId":"kennethszj"},"content":"                    taskCount++;","lastModifiedDate":"2024-09-01","isFullCredit":false},{"lineNumber":74,"author":{"gitId":"kennethszj"},"content":"                    printAddedTask(tasks[taskCount - 1], taskCount);","lastModifiedDate":"2024-09-01","isFullCredit":false},{"lineNumber":75,"author":{"gitId":"kennethszj"},"content":"                }","lastModifiedDate":"2024-09-01","isFullCredit":false},{"lineNumber":76,"author":{"gitId":"kennethszj"},"content":"                else //store whatever user input in \"tasks\" array","lastModifiedDate":"2024-08-26","isFullCredit":false},{"lineNumber":77,"author":{"gitId":"kennethszj"},"content":"                {","lastModifiedDate":"2024-08-26","isFullCredit":false},{"lineNumber":78,"author":{"gitId":"kennethszj"},"content":"                    tasks[taskCount] \u003d new Task(input);","lastModifiedDate":"2024-08-26","isFullCredit":false},{"lineNumber":79,"author":{"gitId":"kennethszj"},"content":"                    taskCount++;","lastModifiedDate":"2024-08-26","isFullCredit":false},{"lineNumber":80,"author":{"gitId":"kennethszj"},"content":"                    System.out.println(\"____________________________________________________________\");","lastModifiedDate":"2024-08-26","isFullCredit":false},{"lineNumber":81,"author":{"gitId":"kennethszj"},"content":"                    System.out.println(\" added: \" + input);","lastModifiedDate":"2024-08-26","isFullCredit":false},{"lineNumber":82,"author":{"gitId":"kennethszj"},"content":"                    System.out.println(\"____________________________________________________________\");","lastModifiedDate":"2024-08-26","isFullCredit":false},{"lineNumber":83,"author":{"gitId":"kennethszj"},"content":"                }","lastModifiedDate":"2024-08-26","isFullCredit":false},{"lineNumber":84,"author":{"gitId":"kennethszj"},"content":"            }","lastModifiedDate":"2024-08-26","isFullCredit":false},{"lineNumber":85,"author":{"gitId":"kennethszj"},"content":"            catch (NumberFormatException e){ //catch when trying to convert string to number. but i think wont happen.","lastModifiedDate":"2024-09-12","isFullCredit":false},{"lineNumber":86,"author":{"gitId":"kennethszj"},"content":"                System.out.println(\"wrong format, enter a valid task\");","lastModifiedDate":"2024-09-12","isFullCredit":false},{"lineNumber":87,"author":{"gitId":"kennethszj"},"content":"            }","lastModifiedDate":"2024-09-12","isFullCredit":false},{"lineNumber":88,"author":{"gitId":"kennethszj"},"content":"            catch (ArrayIndexOutOfBoundsException e){ //","lastModifiedDate":"2024-09-12","isFullCredit":false},{"lineNumber":89,"author":{"gitId":"kennethszj"},"content":"                System.out.println(\"the task is not even in my swamp u donkey\");","lastModifiedDate":"2024-09-12","isFullCredit":false},{"lineNumber":90,"author":{"gitId":"kennethszj"},"content":"            }","lastModifiedDate":"2024-09-12","isFullCredit":false},{"lineNumber":91,"author":{"gitId":"kennethszj"},"content":"            catch (NullPointerException e){ //when access nullptr, eg when marking task 6 but only got 5 task","lastModifiedDate":"2024-09-12","isFullCredit":false},{"lineNumber":92,"author":{"gitId":"kennethszj"},"content":"                System.out.println(\"cant mark whats not in my swamp. pick an existing task donkey\");","lastModifiedDate":"2024-09-12","isFullCredit":false},{"lineNumber":93,"author":{"gitId":"kennethszj"},"content":"            }","lastModifiedDate":"2024-09-12","isFullCredit":false},{"lineNumber":94,"author":{"gitId":"kennethszj"},"content":"            catch (StringIndexOutOfBoundsException e){ //access index in string outside valid range. happen for T/D/E commands","lastModifiedDate":"2024-09-12","isFullCredit":false},{"lineNumber":95,"author":{"gitId":"kennethszj"},"content":"                System.out.println(\"you didnt finish your sentence donkey! specify the time/task right or get out of my swamp\");","lastModifiedDate":"2024-09-12","isFullCredit":false},{"lineNumber":96,"author":{"gitId":"kennethszj"},"content":"            }","lastModifiedDate":"2024-09-12","isFullCredit":false},{"lineNumber":97,"author":{"gitId":"kennethszj"},"content":"        }","lastModifiedDate":"2024-09-12","isFullCredit":false},{"lineNumber":98,"author":{"gitId":"kennethszj"},"content":"","lastModifiedDate":"2024-08-26","isFullCredit":false},{"lineNumber":99,"author":{"gitId":"kennethszj"},"content":"        System.out.println(\"____________________________________________________________\"); //first line after \"bye\"","lastModifiedDate":"2024-08-26","isFullCredit":false},{"lineNumber":100,"author":{"gitId":"kennethszj"},"content":"        System.out.println(\" Finally, you’re leaving. Now I can have some peace in my swamp.\");","lastModifiedDate":"2024-09-01","isFullCredit":false},{"lineNumber":101,"author":{"gitId":"kennethszj"},"content":"        printShrekFace();","lastModifiedDate":"2024-08-26","isFullCredit":false},{"lineNumber":102,"author":{"gitId":"kennethszj"},"content":"        System.out.println(\"____________________________________________________________\"); //second line after \"bye\"","lastModifiedDate":"2024-08-26","isFullCredit":false},{"lineNumber":103,"author":{"gitId":"kennethszj"},"content":"","lastModifiedDate":"2024-08-26","isFullCredit":false},{"lineNumber":104,"author":{"gitId":"kennethszj"},"content":"    }","lastModifiedDate":"2024-08-26","isFullCredit":false},{"lineNumber":105,"author":{"gitId":"kennethszj"},"content":"","lastModifiedDate":"2024-08-26","isFullCredit":false},{"lineNumber":106,"author":{"gitId":"kennethszj"},"content":"    public static void printAddedTask(Task task, int taskCount) {","lastModifiedDate":"2024-09-01","isFullCredit":false},{"lineNumber":107,"author":{"gitId":"kennethszj"},"content":"        System.out.println(\"____________________________________________________________\");","lastModifiedDate":"2024-09-01","isFullCredit":false},{"lineNumber":108,"author":{"gitId":"kennethszj"},"content":"        System.out.println(\" ive added this task to your pile of nonsense:\");","lastModifiedDate":"2024-09-01","isFullCredit":false},{"lineNumber":109,"author":{"gitId":"kennethszj"},"content":"        System.out.println(\"   \" + task);","lastModifiedDate":"2024-09-01","isFullCredit":false},{"lineNumber":110,"author":{"gitId":"kennethszj"},"content":"        System.out.println(\" Now you have \" + taskCount + \" tasks in my swamp.\");","lastModifiedDate":"2024-09-12","isFullCredit":false},{"lineNumber":111,"author":{"gitId":"kennethszj"},"content":"        System.out.println(\"____________________________________________________________\");","lastModifiedDate":"2024-09-01","isFullCredit":false},{"lineNumber":112,"author":{"gitId":"kennethszj"},"content":"    }","lastModifiedDate":"2024-09-01","isFullCredit":false},{"lineNumber":113,"author":{"gitId":"kennethszj"},"content":"","lastModifiedDate":"2024-09-01","isFullCredit":false},{"lineNumber":114,"author":{"gitId":"kennethszj"},"content":"    public static void printShrekFace() {","lastModifiedDate":"2024-08-26","isFullCredit":false},{"lineNumber":115,"author":{"gitId":"kennethszj"},"content":"        System.out.println(\"⢀⡴⠑⡄⠀⠀⠀⠀⠀⠀⠀⣀⣀⣤⣤⣤⣀⡀⠀⠀⠀⠀⠀⠀⠀⠀⠀⠀⠀⠀ \");","lastModifiedDate":"2024-08-26","isFullCredit":false},{"lineNumber":116,"author":{"gitId":"kennethszj"},"content":"        System.out.println(\"⠸⡇⠀⠿⡀⠀⠀⠀⣀⡴⢿⣿⣿⣿⣿⣿⣿⣿⣷⣦⡀⠀⠀⠀⠀⠀⠀⠀⠀⠀ \");","lastModifiedDate":"2024-08-26","isFullCredit":false},{"lineNumber":117,"author":{"gitId":"kennethszj"},"content":"        System.out.println(\"⠀⠀⠀⠀⠑⢄⣠⠾⠁⣀⣄⡈⠙⣿⣿⣿⣿⣿⣿⣿⣿⣆⠀⠀⠀⠀⠀⠀⠀⠀ \");","lastModifiedDate":"2024-08-26","isFullCredit":false},{"lineNumber":118,"author":{"gitId":"kennethszj"},"content":"        System.out.println(\"⠀⠀⠀⠀⢀⡀⠁⠀⠀⠈⠙⠛⠂⠈⣿⣿⣿⣿⣿⠿⡿⢿⣆⠀⠀⠀⠀⠀⠀⠀ \");","lastModifiedDate":"2024-08-26","isFullCredit":false},{"lineNumber":119,"author":{"gitId":"kennethszj"},"content":"        System.out.println(\"⠀⠀⠀⢀⡾⣁⣀⠀⠴⠂⠙⣗⡀⠀⢻⣿⣿⠭⢤⣴⣦⣤⣹⠀⠀⠀⢀⢴⣶⣆ \");","lastModifiedDate":"2024-08-26","isFullCredit":false},{"lineNumber":120,"author":{"gitId":"kennethszj"},"content":"        System.out.println(\"⠀⠀⢀⣾⣿⣿⣿⣷⣮⣽⣾⣿⣥⣴⣿⣿⡿⢂⠔⢚⡿⢿⣿⣦⣴⣾⠁⠸⣼⡿ \");","lastModifiedDate":"2024-08-26","isFullCredit":false},{"lineNumber":121,"author":{"gitId":"kennethszj"},"content":"        System.out.println(\"⠀⢀⡞⠁⠙⠻⠿⠟⠉⠀⠛⢹⣿⣿⣿⣿⣿⣌⢤⣼⣿⣾⣿⡟⠉⠀⠀⠀⠀⠀ \");","lastModifiedDate":"2024-08-26","isFullCredit":false},{"lineNumber":122,"author":{"gitId":"kennethszj"},"content":"        System.out.println(\"⠀⣾⣷⣶⠇⠀⠀⣤⣄⣀⡀⠈⠻⣿⣿⣿⣿⣿⣿⣿⣿⣿⣿⡇⠀⠀⠀⠀⠀⠀ \");","lastModifiedDate":"2024-08-26","isFullCredit":false},{"lineNumber":123,"author":{"gitId":"kennethszj"},"content":"        System.out.println(\"⠀⠉⠈⠉⠀⠀⢦⡈⢻⣿⣿⣿⣶⣶⣶⣶⣤⣽⡹⣿⣿⣿⣿⡇⠀⠀⠀⠀⠀⠀ \");","lastModifiedDate":"2024-08-26","isFullCredit":false},{"lineNumber":124,"author":{"gitId":"kennethszj"},"content":"        System.out.println(\"⠀⠀⠀⠀⠀⠀⠀⠉⠲⣽⡻⢿⣿⣿⣿⣿⣿⣿⣷⣜⣿⣿⣿⡇⠀⠀⠀⠀⠀⠀ \");","lastModifiedDate":"2024-08-26","isFullCredit":false},{"lineNumber":125,"author":{"gitId":"kennethszj"},"content":"        System.out.println(\"⠀⠀⠀⠀⠀⠀⠀⠀⢸⣿⣿⣷⣶⣮⣭⣽⣿⣿⣿⣿⣿⣿⣿⠀⠀⠀⠀⠀⠀⠀ \");","lastModifiedDate":"2024-08-26","isFullCredit":false},{"lineNumber":126,"author":{"gitId":"kennethszj"},"content":"        System.out.println(\"⠀⠀⠀⠀⠀⠀⣀⣀⣈⣿⣿⣿⣿⣿⣿⣿⣿⣿⣿⣿⣿⣿⠇⠀⠀⠀⠀⠀⠀⠀ \");","lastModifiedDate":"2024-08-26","isFullCredit":false},{"lineNumber":127,"author":{"gitId":"kennethszj"},"content":"        System.out.println(\"⠀⠀⠀⠀⠀⠀⢿⣿⣿⣿⣿⣿⣿⣿⣿⣿⣿⣿⣿⣿⣿⠃⠀⠀⠀⠀⠀⠀⠀⠀ \");","lastModifiedDate":"2024-08-26","isFullCredit":false},{"lineNumber":128,"author":{"gitId":"kennethszj"},"content":"        System.out.println(\"⠀⠀⠀⠀⠀⠀⠀⠹⣿⣿⣿⣿⣿⣿⣿⣿⣿⣿⡿⠟⠁⠀⠀⠀⠀⠀⠀⠀⠀⠀ \");","lastModifiedDate":"2024-08-26","isFullCredit":false},{"lineNumber":129,"author":{"gitId":"kennethszj"},"content":"        System.out.println(\"⠀⠀⠀⠀⠀⠀⠀⠀⠀⠉⠛⠻⠿⠿⠿⠿⠛⠉\");","lastModifiedDate":"2024-08-26","isFullCredit":false},{"lineNumber":130,"author":{"gitId":"kennethszj"},"content":"    }","lastModifiedDate":"2024-08-26","isFullCredit":false},{"lineNumber":131,"author":{"gitId":"kennethszj"},"content":"","lastModifiedDate":"2024-08-26","isFullCredit":false},{"lineNumber":132,"author":{"gitId":"kennethszj"},"content":"","lastModifiedDate":"2024-08-26","isFullCredit":false},{"lineNumber":133,"author":{"gitId":"kennethszj"},"content":"    public static void printShrekFace2() {","lastModifiedDate":"2024-08-26","isFullCredit":false},{"lineNumber":134,"author":{"gitId":"kennethszj"},"content":"        System.out.println(\"⠀⠀⠀⠀⠀⣀⡤⠤⣀⠀⠀⠀⠀⠀⠀⠀⠀⠀⠀⠀⠀⠀⠀⠀⠀⠀⠀⠀⠀⠀⠀⠀⠀⠀⠀⠀⠀⠀⠀⠀⠀⠀⠀⠀⠀⠀⠀⠀⠀⠀⠀⠀⠀⠀⠀⠀⠀⠀⠀⠀⠀⠀⠀⠀⠀\");","lastModifiedDate":"2024-08-26","isFullCredit":false},{"lineNumber":135,"author":{"gitId":"kennethszj"},"content":"        System.out.println(\"⠀⠀⠀⡔⠋⠀⠀⠀⢠⡑⢄⠀⠀⠀⠀⠀⠀⠀⠀⠀⠀⠀⠀⠀⠀⠀⠀⠀⠀⠀⠀⠀⠀⠀⠀⠀⠀⠀⠀⠀⠀⠀⠀⠀⠀⠀⠀⠀⠀⠀⠀⠀⠀⠀⠀⠀⠀⠀⠀⠀⠀⠀⠀⠀⠀\");","lastModifiedDate":"2024-08-26","isFullCredit":false},{"lineNumber":136,"author":{"gitId":"kennethszj"},"content":"        System.out.println(\"⠀⠀⡜⠀⠀⠀⠀⠀⢸⡇⠈⡄⠀⠀⠀⠀⠀⠀⠀⠀⠀⠀⠀⠀⠀⠀⠀⠀⠀⠀⠀⠀⠀⠀⠀⠀⠀⠀⠀⠀⠀⠀⠀⠀⠀⠀⠀⠀⠀⠀⠀⠀⠀⠀⠀⠀⠀⠀⠀⠀⠀⠀⠀⠀⠀\");","lastModifiedDate":"2024-08-26","isFullCredit":false},{"lineNumber":137,"author":{"gitId":"kennethszj"},"content":"        System.out.println(\"⠀⢸⠀⠀⠀⠀⠀⠀⣨⡇⠀⠸⡀⠀⠀⠀⠀⠀⠀⠀⠀⠀⠀⠀⢀⣀⠤⠴⠒⠋⠉⠁⠈⠉⠓⠒⠤⢄⡀⠀⠀⠀⠀⠀⠀⠀⠀⠀⠀⠀⠀⠀⠀⠀⠀⠀⠀⠀⠀⠀⠀⠀⠀⠀⠀\");","lastModifiedDate":"2024-08-26","isFullCredit":false},{"lineNumber":138,"author":{"gitId":"kennethszj"},"content":"        System.out.println(\"⠀⢸⡀⠀⠀⠀⠀⣼⣿⡟⠀⠀⢡⠀⠀⠀⠀⠀⠀⠀⠀⠀⢀⠔⠉⠀⠀⠀⠀⠀⠀⠀⠀⠀⠀⠀⠀⠀⠈⠑⠢⣄⠀⠀⠀⠀⠀⠀⠀⠀⠀⠀⠀⠀⠀⠀⠀⠀⠀⠀⠀⠀⠀⠀⠀\");","lastModifiedDate":"2024-08-26","isFullCredit":false},{"lineNumber":139,"author":{"gitId":"kennethszj"},"content":"        System.out.println(\"⠀⠀⠹⠿⢿⣿⣭⡉⠭⠀⠀⠀⠀⠱⡄⠀⠀⠀⠀⠀⢀⠎⠁⠀⠀⠀⠀⠀⠀⠀⠀⠀⠀⢀⣀⠀⠀⠀⠀⠀⠀⠀⠙⠦⡀⠀⠀⠀⠀⠀⠀⠀⠀⠀⠀⠀⠀⠀⠀⠀⠀⠀⠀⠀⠀\");","lastModifiedDate":"2024-08-26","isFullCredit":false},{"lineNumber":140,"author":{"gitId":"kennethszj"},"content":"        System.out.println(\"⠀⠀⠀⠀⠀⠈⠉⠙⠓⢶⡀⠀⠀⠀⠘⢦⡀⠀⠀⡰⠃⠀⠀⠀⠀⠀⠀⠀⠀⠀⠀⠤⣀⣠⢄⢍⠒⠤⠀⠀⠀⠀⠀⠀⠈⢦⡀⠀⠀⠀⠀⠀⠀⠀⠀⠀⠀⠀⠀⠀⠀⠀⠀⠀⠀\");","lastModifiedDate":"2024-08-26","isFullCredit":false},{"lineNumber":141,"author":{"gitId":"kennethszj"},"content":"        System.out.println(\"⠀⠀⠀⠀⠀⠀⠀⠀⠀⠀⠈⠓⢦⠄⠀⠀⠙⠢⠜⠀⠀⠀⠀⠀⠀⠀⠀⠀⣀⣤⣼⣿⠾⠿⢿⣿⣿⣶⡀⠀⠐⠀⡀⠀⠀⠀⠙⣄⠀⠀⢀⢴⡄⠀⠀⠀⠀⠀⠀⠀⠀⠀\");","lastModifiedDate":"2024-08-26","isFullCredit":false},{"lineNumber":142,"author":{"gitId":"kennethszj"},"content":"        System.out.println(\"⠀⠀⠀⠀⠀⠀⠀⠀⠀⠀⠀⠀⠈⢣⡀⠀⠀⠀⠀⠀⠀⠀⠀⠀⠀⠀⠠⡾⠛⠋⠉⠁⠀⠀⠈⠙⢿⣿⣿⣷⣜⡀⠀⠀⠀⠀⠀⢨⠣⡀⠀⠀⠀⠀⠀⠀⠀⠀⠀⠀⠀⠀⠀⠀⠀\");","lastModifiedDate":"2024-08-26","isFullCredit":false},{"lineNumber":143,"author":{"gitId":"kennethszj"},"content":"        System.out.println(\"⠀⠀⠀⠀⠀⠀⠀⠀⠀⠀⠀⠀⠀⠀⠳⠀⠀⠀⠀⠀⠀⠀⠀⠀⠀⠀⠀⠀⠀⠀⠀⠀⠀⠀⠀⠀⠀⠀⠹⢿⣯⣝⡄⠀⠒⠀⠀⠀⠀⠙⢄⠀⠀⢀⢴⡄⠀⠀⠀⠀⠀⠀⠀⠀⠀\");","lastModifiedDate":"2024-08-26","isFullCredit":false},{"lineNumber":144,"author":{"gitId":"kennethszj"},"content":"        System.out.println(\"⠀⠀⠀⠀⠀⠀⠀⠀⠀⠀⠀⠀⠀⠀⠀⠧⠀⠀⠀⠀⠀⠀⠀⠀⠀⠀⠀⠀⠀⠀⠀⠀⠀⣀⣠⣤⣀⡀⠀⠈⢻⣿⣷⡄⠀⠀⠀⠀⠀⠀⠀⠱⡴⠉⡼⢸⠀⠘⠆⠀⠀⠀⠀⠀⠀\");","lastModifiedDate":"2024-08-26","isFullCredit":false},{"lineNumber":145,"author":{"gitId":"kennethszj"},"content":"        System.out.println(\"⠀⠀⠀⠀⠀⠀⠀⠀⠀⠀⠀⠀⠀⠀⣸⠀⠀⠀⠀⠀⠀⠀⠀⠀⠀⠀⠀⠀⠀⠀⣀⣴⣾⡿⠿⢿⣿⢷⣄⠀⠀⠈⠋⠀⠀⠀⠀⠀⣠⣦⡴⣤⣜⣄⡇⡇⠀⠀⠀⠀⠀⠀⠀⠀⠀\");","lastModifiedDate":"2024-08-26","isFullCredit":false},{"lineNumber":146,"author":{"gitId":"kennethszj"},"content":"        System.out.println(\"⠀⠀⠀⠀⠀⠀⠀⠀⠀⠀⠀⠀⠀⢠⠃⠀⠀⠀⠀⠀⠀⠀⠀⠀⠀⠀⠀⠀⠀⠸⡏⢼⣿⣿⣿⣞⣿⠈⣿⠀⠀⠀⠀⠀⠀⠀⠀⠠⡟⠛⠻⣿⣿⣿⠷⠇⠀⠀⠀⠀⠀⠀⠀⠀⠀\");","lastModifiedDate":"2024-08-26","isFullCredit":false},{"lineNumber":147,"author":{"gitId":"kennethszj"},"content":"        System.out.println(\"⠀⠀⠀⠀⠀⠀⠀⠀⠀⠀⠀⠀⢀⠆⠀⠀⠀⠀⠀⠀⠀⠀⠀⠀⠀⠀⠀⠀⢀⠠⣑⣾⣿⣿⣯⡾⠏⣠⡟⠀⠀⠀⠀⠀⠀⢀⣴⢋⣁⡤⣭⣵⣌⣹⠀⠀⠀⠀⠀⠀⠀⠀⠀⠀⠀\");","lastModifiedDate":"2024-08-26","isFullCredit":false},{"lineNumber":148,"author":{"gitId":"kennethszj"},"content":"        System.out.println(\"⠀⠀⠀⠀⠀⠀⠀⠀⠀⠀⠀⢀⠎⠀⠀⠀⠀⠀⠀⠀⠀⠀⠀⠀⠀⠀⠀⠀⠀⠉⠻⠿⢿⣿⣷⡶⠾⠋⠀⠀⠀⠀⠀⠀⠀⠀⢷⣿⣿⣳⡟⢈⡿⠛⠀⠀⠀⠀⠀⠀⠀⠀⠀⠀⠀\");","lastModifiedDate":"2024-08-26","isFullCredit":false},{"lineNumber":149,"author":{"gitId":"kennethszj"},"content":"        System.out.println(\"⠀⠀⠀⠀⠀⠀⠀⠀⠀⠀⢀⠎⠀⠀⠀⠀⠀⠀⠀⠀⠀⠀⠀⠀⠀⠀⠀⠀⠀⠀⠀⠀⠀⠀⠀⠀⠀⠀⠀⠀⠀⠀⠀⠀⠀⠀⠀⠙⠻⠯⣷⡿⡇⠀⠀⠀⠀⠀⠀⠀⠀⠀⠀⠀⠀\");","lastModifiedDate":"2024-08-26","isFullCredit":false},{"lineNumber":150,"author":{"gitId":"kennethszj"},"content":"        System.out.println(\"⠀⠀⠀⠀⠀⠀⠀⠀⢀⣠⡞⢀⣶⠁⠀⠀⠀⠀⠀⠀⠀⠀⠀⠀⠀⠀⠀⠀⠀⠀⠀⠀⠀⠀⠀⠀⠀⠀⠀⠀⠀⠀⠀⠀⠀⠀⠀⠀⠀⠀⠈⠱⠸⡀⠀⠀⠀⠀⠀⠀⠀⠀⠀⠀⠀\");","lastModifiedDate":"2024-08-26","isFullCredit":false},{"lineNumber":151,"author":{"gitId":"kennethszj"},"content":"        System.out.println(\"⠀⠀⠀⠀⠀⢀⣤⣾⣿⣿⠁⣘⠄⠀⠀⠀⠀⠀⠀⠀⠀⠀⠀⠀⠀⠀⠀⠀⠀⠀⠀⠀⠀⠀⠀⠀⠀⠀⠀⠀⠀⠀⠀⠀⠀⠀⠀⠀⠀⠀⠀⠀⢡⢧⠀⠀⠀⠀⠀⠀⠀⠀⠀⠀⠀\");","lastModifiedDate":"2024-08-26","isFullCredit":false},{"lineNumber":152,"author":{"gitId":"kennethszj"},"content":"        System.out.println(\"⣶⣶⣶⣾⣿⣿⣿⡿⡿⠋⢀⠋⠀⠀⠀⠀⠀⠀⠀⠀⠀⠀⠀⠀⠀⠀⠀⠀⠀⠀⠀⠀⠀⠀⠀⠀⢀⣀⣀⣀⣀⠀⠀⠀⠀⠀⠀⠀⠀⠀⠀⠀⠠⢸⠀⠀⠀⠀⠀⠀⠀⠀⠀⠀⠀\");","lastModifiedDate":"2024-08-26","isFullCredit":false},{"lineNumber":153,"author":{"gitId":"kennethszj"},"content":"        System.out.println(\"⣿⣿⣿⣿⣿⡿⠋⡾⠁⠀⡞⠰⠀⠀⠀⠀⠀⠀⠀⠀⠀⠀⠀⠀⠀⠀⠀⠀⠀⠀⠀⠀⠀⠀⠀⠀⠀⠘⠿⠿⢿⣷⣤⡀⠀⠀⠀⠀⠀⠀⠀⢠⠎⢸⠀⠀⠀⠀⠀⠀⠀⠀⠀⠀⠀\");","lastModifiedDate":"2024-08-26","isFullCredit":false},{"lineNumber":154,"author":{"gitId":"kennethszj"},"content":"        System.out.println(\"⣿⣿⣿⣿⣿⡇⣠⣿⠀⠀⣇⠀⠀⠀⠀⠀⠀⠀⠀⠀⠀⠀⠀⠀⠀⠀⠀⠀⠀⠀⠀⠀⠀⠀⠀⠀⠀⠀⠀⠀⠀⠀⠈⠛⠷⣦⣤⣤⣤⣤⢴⠏⠀⢸⠀⠀⠀⠀⠀⠀⢀⣀⣠⠤⠤\");","lastModifiedDate":"2024-08-26","isFullCredit":false},{"lineNumber":155,"author":{"gitId":"kennethszj"},"content":"        System.out.println(\"⣿⣿⢿⣿⣿⠀⣾⣟⠀⢐⡇⠀⠀⠀⠀⠀⠀⠀⠀⠀⠀⠀⠀⢀⣀⣀⠤⠔⠊⠀⠀⠀⠀⠀⠀⠀⠀⠀⠀⠀⠀⠀⠀⠀⠀⠀⠀⠀⠀⠀⠸⠀⢠⣮⠖⠒⠚⠉⠉⠉⠁⠀⠀⠀⠀\");","lastModifiedDate":"2024-08-26","isFullCredit":false},{"lineNumber":156,"author":{"gitId":"kennethszj"},"content":"        System.out.println(\"⣿⣿⣿⣿⣿⡋⣼⣯⠀⠈⣷⠀⠀⠀⠀⠀⠀⠀⠀⠀⠀⠀⠀⠀⠀⠀⠀⠀⠀⠀⠀⠀⠀⠀⠀⠀⠀⠀⠀⠀⠀⠀⠀⠀⠀⠀⠀⠀⠀⠀⠀⣿⣿⡘⡆⠀⠁⠀⠀⠀⠀⠀⠀⠐⠀\");","lastModifiedDate":"2024-08-26","isFullCredit":false},{"lineNumber":157,"author":{"gitId":"kennethszj"},"content":"        System.out.println(\"⣾⣿⣿⣿⡏⠀⢀⣻⡆⠀⢹⡂⠀⠀⠀⠀⠀⠀⠀⠀⠀⠀⠀⠀⠀⠀⠀⠀⠀⠀⠀⠀⠀⠀⠀⠀⠀⠀⠀⠀⠀⠀⠀⠀⠀⠀⠀⠀⠀⠀⣰⣿⣿⣇⣧⠀⢀⠀⠈⠀⠀⠐⠂⠀⠀\");","lastModifiedDate":"2024-08-26","isFullCredit":false},{"lineNumber":158,"author":{"gitId":"kennethszj"},"content":"        System.out.println(\"⣻⣿⣿⣿⣿⠀⡈⠸⣷⠀⠘⣷⡀⠀⠀⠀⠀⠀⠀⠀⠀⠀⠀⠀⠀⠘⠳⢶⣤⣤⣦⣤⣄⡀⠀⠀⠀⠀⠀⠀⠀⠀⠀⠀⠀⠀⠀⠀⠀⣠⠋⢿⣿⣿⢸⠞⠽⠦⠠⢆⠀⢒⠀⠀⠀\");","lastModifiedDate":"2024-08-26","isFullCredit":false},{"lineNumber":159,"author":{"gitId":"kennethszj"},"content":"        System.out.println(\"⣿⣿⣿⣿⣿⡇⠐⠐⢿⣧⠀⠘⣧⡀⠀⠀⠀⠀⠀⠀⠀⠀⠀⠀⠀⠀⠀⠀⠀⠀⠈⠉⠉⠛⠛⠿⠷⠶⣴⣄⣀⣀⣀⣠⡤⠤⠤⠶⠞⠁⣠⣼⣿⣿⣿⣁⢁⣀⡌⠀⣐⡐⠀⣀⠀\");","lastModifiedDate":"2024-08-26","isFullCredit":false},{"lineNumber":160,"author":{"gitId":"kennethszj"},"content":"        System.out.println(\"⣿⣿⣿⣿⣿⣷⢀⠀⠈⣼⣧⡀⠸⢷⣤⡀⠀⠀⠀⠀⠀⠀⠀⠀⠀⠀⠀⠀⠀⠀⠀⠀⠀⠀⠀⠀⠀⠀⠀⠀⠀⠀⠀⠀⠀⠀⠀⠀⠀⣴⣿⣿⣿⣿⣿⣾⡙⣇⣆⣴⣤⣒⣆⠤⡠\");","lastModifiedDate":"2024-08-26","isFullCredit":false},{"lineNumber":161,"author":{"gitId":"kennethszj"},"content":"        System.out.println(\"⣿⣿⣿⣿⣿⣿⡐⠀⢄⠐⢿⣿⡀⠈⢻⡈⠂⠀⠀⠀⠀⠀⠀⠀⠀⠀⠀⠀⠀⠀⠀⠀⠀⠀⠀⠀⠀⠀⠀⠀⠀⠀⠀⠀⠀⠀⠀⠀⢰⢿⣿⣿⣿⣿⣿⣯⣿⣷⣆⣛⣟⣿⣠⠈⢈\");","lastModifiedDate":"2024-08-26","isFullCredit":false},{"lineNumber":162,"author":{"gitId":"kennethszj"},"content":"        System.out.println(\"⣿⣿⣿⣿⣿⣿⣷⠈⢆⠆⠠⢿⢱⣦⠀⠻⣄⠠⡀⠀⠀⠀⠀⠀⠀⠀⠀⠀⠀⠀⠀⠀⠀⠀⠀⠀⠀⠀⠀⠀⠀⠀⠀⠀⠀⠀⠀⢠⣏⣸⣿⣿⣿⣿⣿⣿⣷⣽⣿⣿⣿⣿⣓⡶⢶\");","lastModifiedDate":"2024-08-26","isFullCredit":false},{"lineNumber":163,"author":{"gitId":"kennethszj"},"content":"        System.out.println(\"⣿⣿⣿⡿⣿⣿⣿⣧⠈⢄⠀⠀⠀⡹⣿⣀⠈⠳⣼⣄⠀⠀⠀⠀⠀⠀⠀⠀⠀⠀⠀⠀⠀⠀⠀⠀⠀⠀⠀⠀⠀⠀⠀⠀⠀⠀⢠⢎⣁⣿⣿⣿⣿⣿⣿⣿⣿⣿⣿⣿⣿⣿⣿⣃⡘\");","lastModifiedDate":"2024-08-26","isFullCredit":false},{"lineNumber":164,"author":{"gitId":"kennethszj"},"content":"        System.out.println(\"⣿⡏⠘⣆⣿⣿⣿⣿⡎⠀⠀⡀⢀⠀⠀⠛⣦⠀⠈⠛⣧⡀⠀⠀⠀⠀⠀⠀⠀⠀⠀⠀⠀⠀⠀⠀⠀⠀⠀⠀⠀⠀⠀⠀⠀⢀⠋⡌⣸⣿⣿⣿⣿⣿⣿⣿⣿⣿⣿⣿⣿⣿⣿⣯⣌\");","lastModifiedDate":"2024-08-26","isFullCredit":false},{"lineNumber":165,"author":{"gitId":"kennethszj"},"content":"        System.out.println(\"⣿⠀⠘⣿⣿⣞⣿⣿⣿⡄⠀⠁⠀⠀⡐⡐⡹⡄⠀⠀⠀⠙⢦⣄⡀⠀⠀⠀⠀⠀⠀⠀⠀⠀⠀⠀⠀⠀⠀⠀⠀⠀⠀⠀⢠⠏⠘⣴⣿⣿⣿⣿⣿⣿⣿⣿⣿⣿⣿⣿⣿⣿⣿⣿⣯\");","lastModifiedDate":"2024-08-26","isFullCredit":false},{"lineNumber":166,"author":{"gitId":"kennethszj"},"content":"        System.out.println(\"⣿⣿⣷⣿⣿⣿⣿⣿⢿⣿⣦⡀⠀⠀⠇⠀⠢⠛⢶⠷⣆⡀⠀⠈⠛⢦⡀⠀⠀⠀⠀⠀⠀⠀⠀⠀⠀⠀⠀⠀⠀⠀⣠⢔⡍⢐⣶⣿⣿⣿⣿⣿⣿⣿⣿⣿⣿⣿⣿⣿⣿⣻⣿⣿⣻\");","lastModifiedDate":"2024-08-26","isFullCredit":false},{"lineNumber":167,"author":{"gitId":"kennethszj"},"content":"        System.out.println(\"⣿⣿⣿⣿⣹⣿⣿⣷⣾⣿⢿⣷⡄⠈⠠⠀⠀⠀⠀⠀⠀⠉⠳⠿⠶⠶⡿⣷⣤⣀⣀⣀⣀⡀⢀⣀⣀⠀⠤⠔⠒⠉⠁⡠⠳⣥⣿⣿⣿⣿⣿⣿⣿⣿⣿⣿⣿⣿⣿⣿⣿⣿⣿⣿⣿\");","lastModifiedDate":"2024-08-26","isFullCredit":false},{"lineNumber":168,"author":{"gitId":"kennethszj"},"content":"        System.out.println(\"⣭⣿⣿⣿⣿⣿⡟⣿⣿⣿⣾⣿⣿⣦⠀⠀⠀⠀⠀⠀⠀⠀⠀⠀⠀⠀⠀⠀⠀⠀⠈⠀⠉⠀⠀⠀⠀⠀⠀⠀⠀⠤⠸⢀⣿⣿⣿⣿⣿⣿⣿⣿⣿⣿⣿⣿⣿⣿⣿⣿⣿⣿⣿⣿⣿\");","lastModifiedDate":"2024-08-26","isFullCredit":false},{"lineNumber":169,"author":{"gitId":"kennethszj"},"content":"        System.out.println(\"⣿⣿⣿⣿⢿⣿⣷⣿⣿⣿⣿⣽⡟⣿⣷⣬⣀⡀⠀⠀⠀⠀⠀⠀⠀⠀⠀⠀⠀⠀⠀⠀⠀⠀⠀⠀⠀⠀⠀⠀⠈⠁⢠⣾⣿⣿⣿⣿⣿⣿⣿⣿⣿⣿⣿⣿⣿⣿⣿⣿⣿⣿⣿⣿⣿\");","lastModifiedDate":"2024-08-26","isFullCredit":false},{"lineNumber":170,"author":{"gitId":"kennethszj"},"content":"","lastModifiedDate":"2024-08-26","isFullCredit":false},{"lineNumber":171,"author":{"gitId":"kennethszj"},"content":"    }","lastModifiedDate":"2024-08-26","isFullCredit":false},{"lineNumber":172,"author":{"gitId":"kennethszj"},"content":"","lastModifiedDate":"2024-08-26","isFullCredit":false},{"lineNumber":173,"author":{"gitId":"kennethszj"},"content":"}","lastModifiedDate":"2024-08-26","isFullCredit":false},{"lineNumber":174,"author":{"gitId":"kennethszj"},"content":"","lastModifiedDate":"2024-08-26","isFullCredit":false}],"authorContributionMap":{"kennethszj":174}},{"path":"src/main/java/Task.java","fileType":"java","lines":[{"lineNumber":1,"author":{"gitId":"kennethszj"},"content":"public class Task {","lastModifiedDate":"2024-08-26","isFullCredit":false},{"lineNumber":2,"author":{"gitId":"kennethszj"},"content":"    protected String description;","lastModifiedDate":"2024-08-26","isFullCredit":false},{"lineNumber":3,"author":{"gitId":"kennethszj"},"content":"    protected boolean isDone;","lastModifiedDate":"2024-08-26","isFullCredit":false},{"lineNumber":4,"author":{"gitId":"kennethszj"},"content":"","lastModifiedDate":"2024-08-26","isFullCredit":false},{"lineNumber":5,"author":{"gitId":"kennethszj"},"content":"    public Task(String description) {","lastModifiedDate":"2024-08-26","isFullCredit":false},{"lineNumber":6,"author":{"gitId":"kennethszj"},"content":"        this.description \u003d description;","lastModifiedDate":"2024-08-26","isFullCredit":false},{"lineNumber":7,"author":{"gitId":"kennethszj"},"content":"        this.isDone \u003d false;","lastModifiedDate":"2024-08-26","isFullCredit":false},{"lineNumber":8,"author":{"gitId":"kennethszj"},"content":"    }","lastModifiedDate":"2024-08-26","isFullCredit":false},{"lineNumber":9,"author":{"gitId":"kennethszj"},"content":"","lastModifiedDate":"2024-08-26","isFullCredit":false},{"lineNumber":10,"author":{"gitId":"kennethszj"},"content":"    public String getStatusIcon() {","lastModifiedDate":"2024-08-26","isFullCredit":false},{"lineNumber":11,"author":{"gitId":"kennethszj"},"content":"        return (isDone ? \"X\" : \" \"); // mark done task with X","lastModifiedDate":"2024-08-26","isFullCredit":false},{"lineNumber":12,"author":{"gitId":"kennethszj"},"content":"    }","lastModifiedDate":"2024-08-26","isFullCredit":false},{"lineNumber":13,"author":{"gitId":"kennethszj"},"content":"","lastModifiedDate":"2024-08-26","isFullCredit":false},{"lineNumber":14,"author":{"gitId":"kennethszj"},"content":"    public void markAsDone() {","lastModifiedDate":"2024-08-26","isFullCredit":false},{"lineNumber":15,"author":{"gitId":"kennethszj"},"content":"        this.isDone \u003d true;","lastModifiedDate":"2024-08-26","isFullCredit":false},{"lineNumber":16,"author":{"gitId":"kennethszj"},"content":"    }","lastModifiedDate":"2024-08-26","isFullCredit":false},{"lineNumber":17,"author":{"gitId":"kennethszj"},"content":"","lastModifiedDate":"2024-08-26","isFullCredit":false},{"lineNumber":18,"author":{"gitId":"kennethszj"},"content":"    public String getDescription() {","lastModifiedDate":"2024-08-26","isFullCredit":false},{"lineNumber":19,"author":{"gitId":"kennethszj"},"content":"        return description;","lastModifiedDate":"2024-08-26","isFullCredit":false},{"lineNumber":20,"author":{"gitId":"kennethszj"},"content":"    }","lastModifiedDate":"2024-08-26","isFullCredit":false},{"lineNumber":21,"author":{"gitId":"kennethszj"},"content":"","lastModifiedDate":"2024-08-26","isFullCredit":false},{"lineNumber":22,"author":{"gitId":"kennethszj"},"content":"    public boolean isDone() {","lastModifiedDate":"2024-08-26","isFullCredit":false},{"lineNumber":23,"author":{"gitId":"kennethszj"},"content":"        return isDone;","lastModifiedDate":"2024-08-26","isFullCredit":false},{"lineNumber":24,"author":{"gitId":"kennethszj"},"content":"    }","lastModifiedDate":"2024-08-26","isFullCredit":false},{"lineNumber":25,"author":{"gitId":"kennethszj"},"content":"","lastModifiedDate":"2024-08-26","isFullCredit":false},{"lineNumber":26,"author":{"gitId":"kennethszj"},"content":"    public void markAsNotDone() {","lastModifiedDate":"2024-08-26","isFullCredit":false},{"lineNumber":27,"author":{"gitId":"kennethszj"},"content":"        this.isDone \u003d false;","lastModifiedDate":"2024-08-26","isFullCredit":false},{"lineNumber":28,"author":{"gitId":"kennethszj"},"content":"    }","lastModifiedDate":"2024-08-26","isFullCredit":false},{"lineNumber":29,"author":{"gitId":"kennethszj"},"content":"","lastModifiedDate":"2024-09-01","isFullCredit":false},{"lineNumber":30,"author":{"gitId":"kennethszj"},"content":"    public String toString() {","lastModifiedDate":"2024-09-01","isFullCredit":false},{"lineNumber":31,"author":{"gitId":"kennethszj"},"content":"        return \"[ ][\" + getStatusIcon() + \"] \" + getDescription();","lastModifiedDate":"2024-09-12","isFullCredit":false},{"lineNumber":32,"author":{"gitId":"kennethszj"},"content":"    }","lastModifiedDate":"2024-09-01","isFullCredit":false},{"lineNumber":33,"author":{"gitId":"kennethszj"},"content":"}","lastModifiedDate":"2024-08-26","isFullCredit":false},{"lineNumber":34,"author":{"gitId":"kennethszj"},"content":"","lastModifiedDate":"2024-09-01","isFullCredit":false},{"lineNumber":35,"author":{"gitId":"kennethszj"},"content":"","lastModifiedDate":"2024-09-01","isFullCredit":false}],"authorContributionMap":{"kennethszj":35}},{"path":"src/main/java/Todo.java","fileType":"java","lines":[{"lineNumber":1,"author":{"gitId":"kennethszj"},"content":"public class Todo extends Task {","lastModifiedDate":"2024-09-01","isFullCredit":false},{"lineNumber":2,"author":{"gitId":"kennethszj"},"content":"    public Todo(String description) {","lastModifiedDate":"2024-09-01","isFullCredit":false},{"lineNumber":3,"author":{"gitId":"kennethszj"},"content":"        super(description);","lastModifiedDate":"2024-09-01","isFullCredit":false},{"lineNumber":4,"author":{"gitId":"kennethszj"},"content":"    }","lastModifiedDate":"2024-09-01","isFullCredit":false},{"lineNumber":5,"author":{"gitId":"kennethszj"},"content":"","lastModifiedDate":"2024-09-01","isFullCredit":false},{"lineNumber":6,"author":{"gitId":"kennethszj"},"content":"    //override to string in task","lastModifiedDate":"2024-09-01","isFullCredit":false},{"lineNumber":7,"author":{"gitId":"kennethszj"},"content":"    public String toString() {","lastModifiedDate":"2024-09-01","isFullCredit":false},{"lineNumber":8,"author":{"gitId":"kennethszj"},"content":"        return \"[T][\" + getStatusIcon() + \"] \" + getDescription();","lastModifiedDate":"2024-09-01","isFullCredit":false},{"lineNumber":9,"author":{"gitId":"kennethszj"},"content":"    }","lastModifiedDate":"2024-09-01","isFullCredit":false},{"lineNumber":10,"author":{"gitId":"kennethszj"},"content":"}","lastModifiedDate":"2024-09-01","isFullCredit":false}],"authorContributionMap":{"kennethszj":10}}]
