{"authorDailyContributionsMap":{"kennethszj":[{"date":"2024-08-26","commitResults":[{"hash":"8a4ec851d5a193ce79936f6c219fc2c196bf9aa9","isMergeCommit":false,"messageTitle":"Renamed Duke.java to Buddy.java and added Level-0 functionality","messageBody":"","fileTypesAndContributionMap":{"java":{"insertions":13,"deletions":10}}},{"hash":"9641b8fb0aefae2e1d47c60a9f5eed2dbf78c427","isMergeCommit":false,"messageTitle":"Implement level 1 echo functionality","messageBody":"","tags":["Level-0"],"fileTypesAndContributionMap":{"java":{"insertions":20,"deletions":4}}},{"hash":"9018f7e7054937f33623aaed4b87cf75db4b7fd8","isMergeCommit":false,"messageTitle":"Implement level 2 add,list functionality","messageBody":"","tags":["Level-1"],"fileTypesAndContributionMap":{"java":{"insertions":23,"deletions":5}}},{"hash":"5f611b322739dbcd6453fa2101f6b21eb5b62bd6","isMergeCommit":false,"messageTitle":"Implement level 3 functionality","messageBody":"","tags":["Level-2"],"fileTypesAndContributionMap":{"java":{"insertions":57,"deletions":7}}},{"hash":"ea1d97cfe10421d63a921ae20c91c701afeb0821","isMergeCommit":false,"messageTitle":"Add shrek personality","messageBody":"","tags":["Level-3","A-CodingStandard"],"fileTypesAndContributionMap":{"java":{"insertions":104,"deletions":1}}}]},{"date":"2024-09-01","commitResults":[{"hash":"abd46dc0d6e393fd3ef0bccc5f868050fffc6c40","isMergeCommit":false,"messageTitle":"Implement level 4 ToDo, Event, Deadline functionality","messageBody":"","tags":["Level-4"],"fileTypesAndContributionMap":{"java":{"insertions":85,"deletions":54}}}]},{"date":"2024-09-09","commitResults":[{"hash":"904809f41395763cb4959ea42fc9da715ab5e8db","isMergeCommit":false,"messageTitle":"implement code quality","messageBody":"","tags":["A-CodeQuality"],"fileTypesAndContributionMap":{"java":{"insertions":1,"deletions":1}}}]},{"date":"2024-09-12","commitResults":[{"hash":"d0879318e3984a2d82866ba750e7029af887f006","isMergeCommit":false,"messageTitle":"Implement level 5","messageBody":"","fileTypesAndContributionMap":{"java":{"insertions":74,"deletions":58}}},{"hash":"40d3b37c21b297c5f964eeac3b845a7daf59e1ec","isMergeCommit":true,"messageTitle":"merge branch-level-5 into master","messageBody":"","tags":["Level-5","A-Exceptions"],"fileTypesAndContributionMap":{}}]},{"date":"2024-09-13","commitResults":[{"hash":"1c09a5e8acc02eaf72f120c9a6d96f13df587db9","isMergeCommit":false,"messageTitle":"add detailed exception message","messageBody":"","fileTypesAndContributionMap":{"java":{"insertions":1,"deletions":1}}}]},{"date":"2024-09-18","commitResults":[{"hash":"7304002ceeb40a2268930e20bc828fa66bdfe87b","isMergeCommit":false,"messageTitle":"Implement Level-6","messageBody":"Delete feature and use ArrayList\n","tags":["Level-6"],"fileTypesAndContributionMap":{"java":{"insertions":29,"deletions":21}}},{"hash":"646c55644e48980c21c54b8b6277b20193695e3e","isMergeCommit":false,"messageTitle":"implement level-7 -m save task to file and load from file","messageBody":"","tags":["Level-7"],"fileTypesAndContributionMap":{"txt":{"insertions":6,"deletions":0},"java":{"insertions":136,"deletions":22}}},{"hash":"e172c05fec695d50b8e29714337b5e802d3bb007","isMergeCommit":true,"messageTitle":"merge branch-Level-6","messageBody":"","fileTypesAndContributionMap":{}},{"hash":"500604d5dea396e65b622543b175fd41456274b9","isMergeCommit":true,"messageTitle":"Merge level 7 after resolving conflicts","messageBody":"","fileTypesAndContributionMap":{}},{"hash":"7ab8978ff8efede34ac401025ce45a3ae88f4142","isMergeCommit":false,"messageTitle":"change shrek face to utf 8","messageBody":"","fileTypesAndContributionMap":{"txt":{"insertions":3,"deletions":6},"java":{"insertions":1,"deletions":41}}}]}]},"authorFileTypeContributionMap":{"kennethszj":{"java":321,"md":0,"fxml":0,"sh":0,"bat":0,"gradle":0,"txt":3}},"authorContributionVariance":{"kennethszj":4365.762},"authorDisplayNameMap":{"kennethszj":"CS2113-T11-1 SEAH..NETH"}}
