{"authorDailyContributionsMap":{"glenn-chew":[{"date":"2024-08-23","commitResults":[{"hash":"8afc6e2adbfabb67016e13d9cc6035521bed1016","isMergeCommit":false,"messageTitle":"Add hello and bye message","messageBody":"","fileTypesAndContributionMap":{"java":{"insertions":13,"deletions":6}}},{"hash":"ae6c7aab2e7bf8b7d77fdf43e0ffe133976f7675","isMergeCommit":false,"messageTitle":"Rename Duke.java to Apsea.java","messageBody":"","tags":["Level-0"],"fileTypesAndContributionMap":{"java":{"insertions":1,"deletions":1}}}]},{"date":"2024-08-28","commitResults":[{"hash":"e3d7276d63166631c86eebcb5ff977377cebce74","isMergeCommit":false,"messageTitle":"Add indentation to messages","messageBody":"","fileTypesAndContributionMap":{"java":{"insertions":10,"deletions":10}}},{"hash":"f6ee1dba61bc66248897343b331eec303d942c8d","isMergeCommit":false,"messageTitle":"Set helloMessage and byeMessage as a final String","messageBody":"","fileTypesAndContributionMap":{"java":{"insertions":2,"deletions":2}}},{"hash":"ad8e5c358cd719cb88ca955ea569630d1ea357da","isMergeCommit":false,"messageTitle":"Add functions to echo user commands","messageBody":"","tags":["Level-1"],"fileTypesAndContributionMap":{"java":{"insertions":34,"deletions":11}}},{"hash":"da5e7e282b344d2db2ce0f342303e913012f0474","isMergeCommit":false,"messageTitle":"Create functions to add and list tasks","messageBody":"","tags":["Level-2"],"fileTypesAndContributionMap":{"java":{"insertions":24,"deletions":5}}},{"hash":"790fbefea1ae772da628f73239af4473828b6a48","isMergeCommit":false,"messageTitle":"Add Task class","messageBody":"","fileTypesAndContributionMap":{"java":{"insertions":25,"deletions":0}}},{"hash":"b374b28f51f23fb10e7c1459add9ba861e5fd63f","isMergeCommit":false,"messageTitle":"Edit functions to list, add, and change task completion","messageBody":"","tags":["Level-3","A-CodingStandard"],"fileTypesAndContributionMap":{"java":{"insertions":39,"deletions":6}}}]},{"date":"2024-09-03","commitResults":[{"hash":"bd36cd6fbd7c369fbf4d9c5f13cd989e7b78c3c6","isMergeCommit":false,"messageTitle":"Add Todo, Deadline and Event subclasses and functions","messageBody":"","tags":["Level-4"],"fileTypesAndContributionMap":{"java":{"insertions":130,"deletions":20}}},{"hash":"4aedbdf43ed6435a17b8f719de6ccce1f3b3ea63","isMergeCommit":false,"messageTitle":"Create isValid functions for readability","messageBody":"","tags":["A-CodeQuality"],"fileTypesAndContributionMap":{"java":{"insertions":65,"deletions":34}}}]},{"date":"2024-09-11","commitResults":[{"hash":"ab1424c5f11230ce32ece27ba8711d4e3dd1d272","isMergeCommit":false,"messageTitle":"Add exceptions to handle invalid input","messageBody":"","fileTypesAndContributionMap":{"java":{"insertions":68,"deletions":12}}},{"hash":"dcd7232fcdfbde5b13f25efbcb1fbe34b12f25ff","isMergeCommit":false,"messageTitle":"Customise error messages for different cases","messageBody":"","fileTypesAndContributionMap":{"java":{"insertions":29,"deletions":12}}},{"hash":"a2cf7b3ee2c3d5c6a022ffd6c6e7c1254be44ba3","isMergeCommit":false,"messageTitle":"Remove unused function in Task class","messageBody":"","fileTypesAndContributionMap":{"java":{"insertions":0,"deletions":4}}},{"hash":"618c34801f7b364f317a3735039bb922bdedf3a4","isMergeCommit":true,"messageTitle":"Merge branch \u0027branch-Level-5\u0027","messageBody":"","tags":["Level-5"],"fileTypesAndContributionMap":{}}]}]},"authorFileTypeContributionMap":{"glenn-chew":{"java":325,"md":0,"fxml":0,"sh":0,"bat":0,"gradle":0,"txt":0}},"authorContributionVariance":{"glenn-chew":3501.903},"authorDisplayNameMap":{"glenn-chew":"CS2113-W13-3 GLEN..CHEW"}}
