{"authorDailyContributionsMap":{"shaunngoh":[{"date":"2024-08-29","commitResults":[{"hash":"9d20eb7d3dbc22a7c762f0d9fdae4dcb23aade79","isMergeCommit":false,"messageTitle":"Week 2 and Week 3 Assignments for IP","messageBody":"","fileTypesAndContributionMap":{"java":{"insertions":191,"deletions":10}}},{"hash":"ed5186efea090cea09df5040e3c2f95d7e84e8a2","isMergeCommit":false,"messageTitle":"edited to follow coding conventions","messageBody":"","tags":["Level-3","Level-2","Level-1","Level-0","A-CodingStandard"],"fileTypesAndContributionMap":{"java":{"insertions":5,"deletions":5}}},{"hash":"29a793780407a247dad61b556cf873b2c64960ab","isMergeCommit":false,"messageTitle":"Removed old DianaAssistant class","messageBody":"","fileTypesAndContributionMap":{"java":{"insertions":61,"deletions":129}}}]},{"date":"2024-09-03","commitResults":[{"hash":"8ded94e06a3508bc9d570e880ea8895e32b31e70","isMergeCommit":false,"messageTitle":"Added Todo, Deadline \u0026 Events Class for Week 4","messageBody":"","tags":["Level-4"],"fileTypesAndContributionMap":{"java":{"insertions":93,"deletions":15}}},{"hash":"7f700c6ad85fdf7b58573cb99beac264fb3d16cc","isMergeCommit":false,"messageTitle":"Added TextUiTesting capability, improved function of Diana","messageBody":"","tags":["A-TextUiTesting"],"fileTypesAndContributionMap":{"txt":{"insertions":9,"deletions":0},"java":{"insertions":28,"deletions":3},"sh":{"insertions":2,"deletions":2}}}]}]},"authorFileTypeContributionMap":{"shaunngoh":{"java":226,"md":0,"fxml":0,"sh":1,"bat":0,"gradle":0,"txt":9}},"authorContributionVariance":{"shaunngoh":8832.093},"authorDisplayNameMap":{"shaunngoh":"CS2113-W12-4 GOH ..HAUN"}}
