[{"path":"src/main/java/Bean.java","fileType":"java","lines":[{"lineNumber":1,"author":{"gitId":"raneeng"},"content":"import java.util.Scanner;","lastModifiedDate":"2024-08-25","isFullCredit":false},{"lineNumber":2,"author":{"gitId":"raneeng"},"content":"","lastModifiedDate":"2024-08-25","isFullCredit":false},{"lineNumber":3,"author":{"gitId":"raneeng"},"content":"public class Bean {","lastModifiedDate":"2024-08-19","isFullCredit":false},{"lineNumber":4,"author":{"gitId":"raneeng"},"content":"    // Constants","lastModifiedDate":"2024-08-25","isFullCredit":false},{"lineNumber":5,"author":{"gitId":"raneeng"},"content":"    private final static String SEPARATOR_LINE \u003d \"____________________________________________________________________\\n\";","lastModifiedDate":"2024-08-26","isFullCredit":false},{"lineNumber":6,"author":{"gitId":"raneeng"},"content":"    private final static String INDENT \u003d \"  \";","lastModifiedDate":"2024-08-26","isFullCredit":false},{"lineNumber":7,"author":{"gitId":"raneeng"},"content":"    private final static int MAX_LIST_COUNT \u003d 100;","lastModifiedDate":"2024-08-26","isFullCredit":false},{"lineNumber":8,"author":{"gitId":"raneeng"},"content":"    private final static String LOGO \u003d \"  ┏━┓\\n\" +","lastModifiedDate":"2024-08-26","isFullCredit":false},{"lineNumber":9,"author":{"gitId":"raneeng"},"content":"            \"  ┃ ┃\\n\" +","lastModifiedDate":"2024-08-19","isFullCredit":false},{"lineNumber":10,"author":{"gitId":"raneeng"},"content":"            \"  ┃ ┗━━┳━━━┳━━━━┳━━━┓\\n\" +","lastModifiedDate":"2024-08-19","isFullCredit":false},{"lineNumber":11,"author":{"gitId":"raneeng"},"content":"            \"  ┃  ┏┓┃ ┃━┫ ┏┓ ┃ ┏┓ ┓ ┏━━━━━━┓\\n\" +","lastModifiedDate":"2024-08-19","isFullCredit":false},{"lineNumber":12,"author":{"gitId":"raneeng"},"content":"            \"  ┃  ┗┛┃ ┃━┫ ┏┓ ┃ ┃┃ ┃ ┃• ᴗ • ┫\\n\" +","lastModifiedDate":"2024-08-19","isFullCredit":false},{"lineNumber":13,"author":{"gitId":"raneeng"},"content":"            \"  ┗━━ ━┻━━━┻━┛┗━┻━┛┗━┛ ┗━━━━━━┛\\n\";","lastModifiedDate":"2024-09-02","isFullCredit":false},{"lineNumber":14,"author":{"gitId":"raneeng"},"content":"","lastModifiedDate":"2024-09-01","isFullCredit":false},{"lineNumber":15,"author":{"gitId":"raneeng"},"content":"    private static Task[] toDoList \u003d new Task[MAX_LIST_COUNT];","lastModifiedDate":"2024-09-01","isFullCredit":false},{"lineNumber":16,"author":{"gitId":"raneeng"},"content":"","lastModifiedDate":"2024-08-19","isFullCredit":false},{"lineNumber":17,"author":{"gitId":"raneeng"},"content":"    // Print logo with greeting message","lastModifiedDate":"2024-08-29","isFullCredit":false},{"lineNumber":18,"author":{"gitId":"raneeng"},"content":"    public static void greet() {","lastModifiedDate":"2024-08-25","isFullCredit":false},{"lineNumber":19,"author":{"gitId":"raneeng"},"content":"        System.out.println(SEPARATOR_LINE +","lastModifiedDate":"2024-08-25","isFullCredit":false},{"lineNumber":20,"author":{"gitId":"raneeng"},"content":"                LOGO +","lastModifiedDate":"2024-08-25","isFullCredit":false},{"lineNumber":21,"author":{"gitId":"raneeng"},"content":"                INDENT + \"Howdy, mate! :) I\u0027m bean, your personal assistant.\\n\" +","lastModifiedDate":"2024-09-02","isFullCredit":false},{"lineNumber":22,"author":{"gitId":"raneeng"},"content":"                INDENT + \"Let me help you keep track of your tasks!\\n\" +","lastModifiedDate":"2024-09-02","isFullCredit":false},{"lineNumber":23,"author":{"gitId":"raneeng"},"content":"                SEPARATOR_LINE","lastModifiedDate":"2024-08-25","isFullCredit":false},{"lineNumber":24,"author":{"gitId":"raneeng"},"content":"        );","lastModifiedDate":"2024-08-19","isFullCredit":false},{"lineNumber":25,"author":{"gitId":"raneeng"},"content":"    }","lastModifiedDate":"2024-08-19","isFullCredit":false},{"lineNumber":26,"author":{"gitId":"raneeng"},"content":"","lastModifiedDate":"2024-08-19","isFullCredit":false},{"lineNumber":27,"author":{"gitId":"raneeng"},"content":"    // Print logo with exit message","lastModifiedDate":"2024-08-29","isFullCredit":false},{"lineNumber":28,"author":{"gitId":"raneeng"},"content":"    public static void exit() {","lastModifiedDate":"2024-08-19","isFullCredit":false},{"lineNumber":29,"author":{"gitId":"raneeng"},"content":"        System.out.println(SEPARATOR_LINE +","lastModifiedDate":"2024-08-25","isFullCredit":false},{"lineNumber":30,"author":{"gitId":"raneeng"},"content":"                LOGO +","lastModifiedDate":"2024-08-25","isFullCredit":false},{"lineNumber":31,"author":{"gitId":"raneeng"},"content":"                INDENT + \"Bye bye, glad I could help! See you soon? :\u0027(\\n\" +","lastModifiedDate":"2024-08-25","isFullCredit":false},{"lineNumber":32,"author":{"gitId":"raneeng"},"content":"                SEPARATOR_LINE);","lastModifiedDate":"2024-08-25","isFullCredit":false},{"lineNumber":33,"author":{"gitId":"raneeng"},"content":"    }","lastModifiedDate":"2024-08-19","isFullCredit":false},{"lineNumber":34,"author":{"gitId":"raneeng"},"content":"","lastModifiedDate":"2024-08-19","isFullCredit":false},{"lineNumber":35,"author":{"gitId":"raneeng"},"content":"    // Return command (taken as first word) from given user input","lastModifiedDate":"2024-09-02","isFullCredit":false},{"lineNumber":36,"author":{"gitId":"raneeng"},"content":"    public static String extractCommand(String userInput) {","lastModifiedDate":"2024-09-02","isFullCredit":false},{"lineNumber":37,"author":{"gitId":"raneeng"},"content":"        // Take first word of input as command","lastModifiedDate":"2024-09-02","isFullCredit":false},{"lineNumber":38,"author":{"gitId":"raneeng"},"content":"        return userInput.split(\" \")[0];","lastModifiedDate":"2024-09-02","isFullCredit":false},{"lineNumber":39,"author":{"gitId":"raneeng"},"content":"    }","lastModifiedDate":"2024-08-25","isFullCredit":false},{"lineNumber":40,"author":{"gitId":"raneeng"},"content":"","lastModifiedDate":"2024-08-25","isFullCredit":false},{"lineNumber":41,"author":{"gitId":"raneeng"},"content":"    // Print (single line) message with separator line above and below message, as well as indentation","lastModifiedDate":"2024-09-01","isFullCredit":false},{"lineNumber":42,"author":{"gitId":"raneeng"},"content":"    public static void printFormattedReply(String reply) {","lastModifiedDate":"2024-08-25","isFullCredit":false},{"lineNumber":43,"author":{"gitId":"raneeng"},"content":"        System.out.println(SEPARATOR_LINE +","lastModifiedDate":"2024-08-25","isFullCredit":false},{"lineNumber":44,"author":{"gitId":"raneeng"},"content":"                INDENT + reply + \"\\n\" +","lastModifiedDate":"2024-08-25","isFullCredit":false},{"lineNumber":45,"author":{"gitId":"raneeng"},"content":"                SEPARATOR_LINE);","lastModifiedDate":"2024-08-25","isFullCredit":false},{"lineNumber":46,"author":{"gitId":"raneeng"},"content":"    }","lastModifiedDate":"2024-08-25","isFullCredit":false},{"lineNumber":47,"author":{"gitId":"raneeng"},"content":"","lastModifiedDate":"2024-08-25","isFullCredit":false},{"lineNumber":48,"author":{"gitId":"raneeng"},"content":"    public static void printToDoList() {","lastModifiedDate":"2024-09-02","isFullCredit":false},{"lineNumber":49,"author":{"gitId":"raneeng"},"content":"        if (toDoList[0] \u003d\u003d null) {","lastModifiedDate":"2024-08-25","isFullCredit":false},{"lineNumber":50,"author":{"gitId":"raneeng"},"content":"            printFormattedReply(\"Nothing in your to do list yet!\");","lastModifiedDate":"2024-09-02","isFullCredit":false},{"lineNumber":51,"author":{"gitId":"raneeng"},"content":"            return;","lastModifiedDate":"2024-08-25","isFullCredit":false},{"lineNumber":52,"author":{"gitId":"raneeng"},"content":"        }","lastModifiedDate":"2024-08-25","isFullCredit":false},{"lineNumber":53,"author":{"gitId":"raneeng"},"content":"","lastModifiedDate":"2024-08-25","isFullCredit":false},{"lineNumber":54,"author":{"gitId":"raneeng"},"content":"        System.out.println(SEPARATOR_LINE +","lastModifiedDate":"2024-08-25","isFullCredit":false},{"lineNumber":55,"author":{"gitId":"raneeng"},"content":"                INDENT + \"TO DO LIST:\\n\");","lastModifiedDate":"2024-08-25","isFullCredit":false},{"lineNumber":56,"author":{"gitId":"raneeng"},"content":"","lastModifiedDate":"2024-08-25","isFullCredit":false},{"lineNumber":57,"author":{"gitId":"raneeng"},"content":"        for (int i \u003d 0; i \u003c toDoList.length; i++) {","lastModifiedDate":"2024-08-25","isFullCredit":false},{"lineNumber":58,"author":{"gitId":"raneeng"},"content":"            if (toDoList[i] \u003d\u003d null) {","lastModifiedDate":"2024-08-25","isFullCredit":false},{"lineNumber":59,"author":{"gitId":"raneeng"},"content":"                break;","lastModifiedDate":"2024-08-25","isFullCredit":false},{"lineNumber":60,"author":{"gitId":"raneeng"},"content":"            }","lastModifiedDate":"2024-08-25","isFullCredit":false},{"lineNumber":61,"author":{"gitId":"raneeng"},"content":"            System.out.println(INDENT + (i + 1) + \". \" + toDoList[i].toString());","lastModifiedDate":"2024-09-01","isFullCredit":false},{"lineNumber":62,"author":{"gitId":"raneeng"},"content":"        }","lastModifiedDate":"2024-08-25","isFullCredit":false},{"lineNumber":63,"author":{"gitId":"raneeng"},"content":"        System.out.println(SEPARATOR_LINE);","lastModifiedDate":"2024-08-25","isFullCredit":false},{"lineNumber":64,"author":{"gitId":"raneeng"},"content":"    }","lastModifiedDate":"2024-08-25","isFullCredit":false},{"lineNumber":65,"author":{"gitId":"raneeng"},"content":"","lastModifiedDate":"2024-08-25","isFullCredit":false},{"lineNumber":66,"author":{"gitId":"raneeng"},"content":"    // Extract task number as int from user input for mark and unmark commands","lastModifiedDate":"2024-09-02","isFullCredit":false},{"lineNumber":67,"author":{"gitId":"raneeng"},"content":"    public static int obtainTaskNum(String userInput) {","lastModifiedDate":"2024-09-02","isFullCredit":false},{"lineNumber":68,"author":{"gitId":"raneeng"},"content":"        // Obtain task number by taking second word of input and trim any spaces, then parse as int","lastModifiedDate":"2024-09-02","isFullCredit":false},{"lineNumber":69,"author":{"gitId":"raneeng"},"content":"        String[] words \u003d userInput.split(\" \");","lastModifiedDate":"2024-09-02","isFullCredit":false},{"lineNumber":70,"author":{"gitId":"raneeng"},"content":"        return Integer.parseInt(words[1].trim());","lastModifiedDate":"2024-09-02","isFullCredit":false},{"lineNumber":71,"author":{"gitId":"raneeng"},"content":"    }","lastModifiedDate":"2024-09-02","isFullCredit":false},{"lineNumber":72,"author":{"gitId":"raneeng"},"content":"","lastModifiedDate":"2024-09-02","isFullCredit":false},{"lineNumber":73,"author":{"gitId":"raneeng"},"content":"    public static void markTaskAsDone(int taskNum) {","lastModifiedDate":"2024-09-02","isFullCredit":false},{"lineNumber":74,"author":{"gitId":"raneeng"},"content":"        int taskIndex \u003d taskNum - 1;","lastModifiedDate":"2024-08-29","isFullCredit":false},{"lineNumber":75,"author":{"gitId":"raneeng"},"content":"        toDoList[taskIndex].setStatus(true);","lastModifiedDate":"2024-09-01","isFullCredit":false},{"lineNumber":76,"author":{"gitId":"raneeng"},"content":"        // Confirmation message","lastModifiedDate":"2024-08-29","isFullCredit":false},{"lineNumber":77,"author":{"gitId":"raneeng"},"content":"        printFormattedReply(\"Task \" + taskNum + \" has been marked as DONE:\\n\" +","lastModifiedDate":"2024-09-01","isFullCredit":false},{"lineNumber":78,"author":{"gitId":"raneeng"},"content":"                INDENT + INDENT + toDoList[taskIndex].toString());","lastModifiedDate":"2024-09-01","isFullCredit":false},{"lineNumber":79,"author":{"gitId":"raneeng"},"content":"    }","lastModifiedDate":"2024-08-29","isFullCredit":false},{"lineNumber":80,"author":{"gitId":"raneeng"},"content":"","lastModifiedDate":"2024-08-29","isFullCredit":false},{"lineNumber":81,"author":{"gitId":"raneeng"},"content":"    public static void unmarkTaskAsDone(int taskNum) {","lastModifiedDate":"2024-09-02","isFullCredit":false},{"lineNumber":82,"author":{"gitId":"raneeng"},"content":"        int taskIndex \u003d taskNum - 1;","lastModifiedDate":"2024-08-29","isFullCredit":false},{"lineNumber":83,"author":{"gitId":"raneeng"},"content":"        toDoList[taskIndex].setStatus(false);","lastModifiedDate":"2024-09-01","isFullCredit":false},{"lineNumber":84,"author":{"gitId":"raneeng"},"content":"        // Confirmation message","lastModifiedDate":"2024-08-29","isFullCredit":false},{"lineNumber":85,"author":{"gitId":"raneeng"},"content":"        printFormattedReply(\"Task \" + taskNum + \" has been marked as UNDONE:\\n\" +","lastModifiedDate":"2024-09-01","isFullCredit":false},{"lineNumber":86,"author":{"gitId":"raneeng"},"content":"                INDENT + INDENT + toDoList[taskIndex].toString());","lastModifiedDate":"2024-09-01","isFullCredit":false},{"lineNumber":87,"author":{"gitId":"raneeng"},"content":"    }","lastModifiedDate":"2024-08-29","isFullCredit":false},{"lineNumber":88,"author":{"gitId":"raneeng"},"content":"","lastModifiedDate":"2024-08-29","isFullCredit":false},{"lineNumber":89,"author":{"gitId":"raneeng"},"content":"    public static void addToDo(String userInput) {","lastModifiedDate":"2024-09-02","isFullCredit":false},{"lineNumber":90,"author":{"gitId":"raneeng"},"content":"        // Extract description","lastModifiedDate":"2024-09-01","isFullCredit":false},{"lineNumber":91,"author":{"gitId":"raneeng"},"content":"        String description \u003d userInput.split(\"todo \")[1].trim();","lastModifiedDate":"2024-09-01","isFullCredit":false},{"lineNumber":92,"author":{"gitId":"raneeng"},"content":"","lastModifiedDate":"2024-09-02","isFullCredit":false},{"lineNumber":93,"author":{"gitId":"raneeng"},"content":"        toDoList[Task.getNumberOfTasks()] \u003d new Todo(description);","lastModifiedDate":"2024-09-01","isFullCredit":false},{"lineNumber":94,"author":{"gitId":"raneeng"},"content":"    }","lastModifiedDate":"2024-09-01","isFullCredit":false},{"lineNumber":95,"author":{"gitId":"raneeng"},"content":"","lastModifiedDate":"2024-09-01","isFullCredit":false},{"lineNumber":96,"author":{"gitId":"raneeng"},"content":"    public static void addDeadline(String userInput) {","lastModifiedDate":"2024-09-02","isFullCredit":false},{"lineNumber":97,"author":{"gitId":"raneeng"},"content":"        // Extract description and by","lastModifiedDate":"2024-09-01","isFullCredit":false},{"lineNumber":98,"author":{"gitId":"raneeng"},"content":"        String[] parts \u003d userInput.split(\"/by \");","lastModifiedDate":"2024-09-01","isFullCredit":false},{"lineNumber":99,"author":{"gitId":"raneeng"},"content":"        // parts: [0] \u003d \"deadline {description} \", [1] \u003d \" {by}\"","lastModifiedDate":"2024-09-01","isFullCredit":false},{"lineNumber":100,"author":{"gitId":"raneeng"},"content":"        String description \u003d parts[0].substring(\"deadline \".length()).trim();","lastModifiedDate":"2024-09-01","isFullCredit":false},{"lineNumber":101,"author":{"gitId":"raneeng"},"content":"        String by \u003d parts[1].trim();","lastModifiedDate":"2024-09-01","isFullCredit":false},{"lineNumber":102,"author":{"gitId":"raneeng"},"content":"","lastModifiedDate":"2024-09-01","isFullCredit":false},{"lineNumber":103,"author":{"gitId":"raneeng"},"content":"        toDoList[Task.getNumberOfTasks()] \u003d new Deadline(description, by);","lastModifiedDate":"2024-09-01","isFullCredit":false},{"lineNumber":104,"author":{"gitId":"raneeng"},"content":"    }","lastModifiedDate":"2024-09-01","isFullCredit":false},{"lineNumber":105,"author":{"gitId":"raneeng"},"content":"","lastModifiedDate":"2024-09-01","isFullCredit":false},{"lineNumber":106,"author":{"gitId":"raneeng"},"content":"    public static void addEvent(String userInput) {","lastModifiedDate":"2024-09-02","isFullCredit":false},{"lineNumber":107,"author":{"gitId":"raneeng"},"content":"        // Extract description, from and to","lastModifiedDate":"2024-09-01","isFullCredit":false},{"lineNumber":108,"author":{"gitId":"raneeng"},"content":"        String[] splitDescription \u003d userInput.split(\"/from\");","lastModifiedDate":"2024-09-01","isFullCredit":false},{"lineNumber":109,"author":{"gitId":"raneeng"},"content":"        // splitDescription: [0] \u003d \"event {description} \", [1] \u003d \"{from} /to {to}\"","lastModifiedDate":"2024-09-01","isFullCredit":false},{"lineNumber":110,"author":{"gitId":"raneeng"},"content":"        String description \u003d splitDescription[0].substring(\"events\".length()).trim();","lastModifiedDate":"2024-09-01","isFullCredit":false},{"lineNumber":111,"author":{"gitId":"raneeng"},"content":"        String[] splitFromTo \u003d splitDescription[1].split(\"/to\");","lastModifiedDate":"2024-09-01","isFullCredit":false},{"lineNumber":112,"author":{"gitId":"raneeng"},"content":"        // splitFromTo: [0] \u003d \"{from} \", [1] \u003d \"{to}\"","lastModifiedDate":"2024-09-01","isFullCredit":false},{"lineNumber":113,"author":{"gitId":"raneeng"},"content":"        String from \u003d splitFromTo[0].trim();","lastModifiedDate":"2024-09-01","isFullCredit":false},{"lineNumber":114,"author":{"gitId":"raneeng"},"content":"        String to \u003d splitFromTo[1].trim();","lastModifiedDate":"2024-09-01","isFullCredit":false},{"lineNumber":115,"author":{"gitId":"raneeng"},"content":"","lastModifiedDate":"2024-09-01","isFullCredit":false},{"lineNumber":116,"author":{"gitId":"raneeng"},"content":"        toDoList[Task.getNumberOfTasks()] \u003d new Event(description, from, to);","lastModifiedDate":"2024-09-01","isFullCredit":false},{"lineNumber":117,"author":{"gitId":"raneeng"},"content":"    }","lastModifiedDate":"2024-09-01","isFullCredit":false},{"lineNumber":118,"author":{"gitId":"raneeng"},"content":"","lastModifiedDate":"2024-09-01","isFullCredit":false},{"lineNumber":119,"author":{"gitId":"raneeng"},"content":"    public static void printErrorMessage() {","lastModifiedDate":"2024-09-02","isFullCredit":false},{"lineNumber":120,"author":{"gitId":"raneeng"},"content":"        printFormattedReply(\"Sorry, I am not equipped to respond to that yet... :(\\n\" +","lastModifiedDate":"2024-09-02","isFullCredit":false},{"lineNumber":121,"author":{"gitId":"raneeng"},"content":"                INDENT + \"These are the commands I understand:\\n\" +","lastModifiedDate":"2024-09-02","isFullCredit":false},{"lineNumber":122,"author":{"gitId":"raneeng"},"content":"                INDENT + \"To add a new task:\\n\" +","lastModifiedDate":"2024-09-02","isFullCredit":false},{"lineNumber":123,"author":{"gitId":"raneeng"},"content":"                INDENT + INDENT + \"1. todo [description]\\n\" +","lastModifiedDate":"2024-09-02","isFullCredit":false},{"lineNumber":124,"author":{"gitId":"raneeng"},"content":"                INDENT + INDENT + \"2. deadline [description] /by [by]\\n\" +","lastModifiedDate":"2024-09-02","isFullCredit":false},{"lineNumber":125,"author":{"gitId":"raneeng"},"content":"                INDENT + INDENT + \"3. event [description] /from [from] /to [to]\\n\" +","lastModifiedDate":"2024-09-02","isFullCredit":false},{"lineNumber":126,"author":{"gitId":"raneeng"},"content":"                INDENT + INDENT + INDENT + \"example: event dinner /from 6pm /to 8pm\\n\" +","lastModifiedDate":"2024-09-02","isFullCredit":false},{"lineNumber":127,"author":{"gitId":"raneeng"},"content":"                INDENT + \"To view your to do list: list\\n\" +","lastModifiedDate":"2024-09-02","isFullCredit":false},{"lineNumber":128,"author":{"gitId":"raneeng"},"content":"                INDENT + \"To mark a task as done: mark [task number]\\n\" +","lastModifiedDate":"2024-09-02","isFullCredit":false},{"lineNumber":129,"author":{"gitId":"raneeng"},"content":"                INDENT + \"To mark a task as undone: unmark [task number]\");","lastModifiedDate":"2024-09-02","isFullCredit":false},{"lineNumber":130,"author":{"gitId":"raneeng"},"content":"    }","lastModifiedDate":"2024-09-02","isFullCredit":false},{"lineNumber":131,"author":{"gitId":"raneeng"},"content":"","lastModifiedDate":"2024-09-02","isFullCredit":false},{"lineNumber":132,"author":{"gitId":"raneeng"},"content":"    public static void main(String[] args) {","lastModifiedDate":"2024-08-19","isFullCredit":false},{"lineNumber":133,"author":{"gitId":"raneeng"},"content":"        String userInput;","lastModifiedDate":"2024-08-25","isFullCredit":false},{"lineNumber":134,"author":{"gitId":"raneeng"},"content":"        Scanner in \u003d new Scanner(System.in);","lastModifiedDate":"2024-08-25","isFullCredit":false},{"lineNumber":135,"author":{"gitId":"raneeng"},"content":"","lastModifiedDate":"2024-08-25","isFullCredit":false},{"lineNumber":136,"author":{"gitId":"raneeng"},"content":"        greet();","lastModifiedDate":"2024-08-19","isFullCredit":false},{"lineNumber":137,"author":{"gitId":"raneeng"},"content":"","lastModifiedDate":"2024-08-25","isFullCredit":false},{"lineNumber":138,"author":{"gitId":"raneeng"},"content":"        outerLoop:","lastModifiedDate":"2024-09-02","isFullCredit":false},{"lineNumber":139,"author":{"gitId":"raneeng"},"content":"        while (Task.getNumberOfTasks() \u003c MAX_LIST_COUNT) {","lastModifiedDate":"2024-08-29","isFullCredit":false},{"lineNumber":140,"author":{"gitId":"raneeng"},"content":"            userInput \u003d in.nextLine();","lastModifiedDate":"2024-08-25","isFullCredit":false},{"lineNumber":141,"author":{"gitId":"raneeng"},"content":"            String userCommand \u003d extractCommand(userInput);","lastModifiedDate":"2024-09-02","isFullCredit":false},{"lineNumber":142,"author":{"gitId":"raneeng"},"content":"","lastModifiedDate":"2024-08-25","isFullCredit":false},{"lineNumber":143,"author":{"gitId":"raneeng"},"content":"            switch (userCommand) {","lastModifiedDate":"2024-09-02","isFullCredit":false},{"lineNumber":144,"author":{"gitId":"raneeng"},"content":"            case \"bye\":","lastModifiedDate":"2024-09-02","isFullCredit":false},{"lineNumber":145,"author":{"gitId":"raneeng"},"content":"                // To exit","lastModifiedDate":"2024-08-25","isFullCredit":false},{"lineNumber":146,"author":{"gitId":"raneeng"},"content":"                break outerLoop;","lastModifiedDate":"2024-09-02","isFullCredit":false},{"lineNumber":147,"author":{"gitId":"raneeng"},"content":"","lastModifiedDate":"2024-09-01","isFullCredit":false},{"lineNumber":148,"author":{"gitId":"raneeng"},"content":"            case \"list\":","lastModifiedDate":"2024-09-02","isFullCredit":false},{"lineNumber":149,"author":{"gitId":"raneeng"},"content":"                printToDoList();","lastModifiedDate":"2024-09-02","isFullCredit":false},{"lineNumber":150,"author":{"gitId":"raneeng"},"content":"","lastModifiedDate":"2024-09-01","isFullCredit":false},{"lineNumber":151,"author":{"gitId":"raneeng"},"content":"                break;","lastModifiedDate":"2024-09-02","isFullCredit":false},{"lineNumber":152,"author":{"gitId":"raneeng"},"content":"            case \"mark\":","lastModifiedDate":"2024-09-02","isFullCredit":false},{"lineNumber":153,"author":{"gitId":"raneeng"},"content":"                markTaskAsDone(obtainTaskNum(userInput));","lastModifiedDate":"2024-09-02","isFullCredit":false},{"lineNumber":154,"author":{"gitId":"raneeng"},"content":"","lastModifiedDate":"2024-08-25","isFullCredit":false},{"lineNumber":155,"author":{"gitId":"raneeng"},"content":"                break;","lastModifiedDate":"2024-09-02","isFullCredit":false},{"lineNumber":156,"author":{"gitId":"raneeng"},"content":"            case \"unmark\":","lastModifiedDate":"2024-09-02","isFullCredit":false},{"lineNumber":157,"author":{"gitId":"raneeng"},"content":"                unmarkTaskAsDone(obtainTaskNum(userInput));","lastModifiedDate":"2024-09-02","isFullCredit":false},{"lineNumber":158,"author":{"gitId":"raneeng"},"content":"","lastModifiedDate":"2024-08-25","isFullCredit":false},{"lineNumber":159,"author":{"gitId":"raneeng"},"content":"                break;","lastModifiedDate":"2024-09-02","isFullCredit":false},{"lineNumber":160,"author":{"gitId":"raneeng"},"content":"            case \"todo\":","lastModifiedDate":"2024-09-02","isFullCredit":false},{"lineNumber":161,"author":{"gitId":"raneeng"},"content":"                addToDo(userInput);","lastModifiedDate":"2024-09-02","isFullCredit":false},{"lineNumber":162,"author":{"gitId":"raneeng"},"content":"","lastModifiedDate":"2024-09-01","isFullCredit":false},{"lineNumber":163,"author":{"gitId":"raneeng"},"content":"                break;","lastModifiedDate":"2024-09-02","isFullCredit":false},{"lineNumber":164,"author":{"gitId":"raneeng"},"content":"            case \"deadline\":","lastModifiedDate":"2024-09-02","isFullCredit":false},{"lineNumber":165,"author":{"gitId":"raneeng"},"content":"                addDeadline(userInput);","lastModifiedDate":"2024-09-02","isFullCredit":false},{"lineNumber":166,"author":{"gitId":"raneeng"},"content":"","lastModifiedDate":"2024-09-01","isFullCredit":false},{"lineNumber":167,"author":{"gitId":"raneeng"},"content":"                break;","lastModifiedDate":"2024-09-02","isFullCredit":false},{"lineNumber":168,"author":{"gitId":"raneeng"},"content":"            case \"event\":","lastModifiedDate":"2024-09-02","isFullCredit":false},{"lineNumber":169,"author":{"gitId":"raneeng"},"content":"                addEvent(userInput);","lastModifiedDate":"2024-09-02","isFullCredit":false},{"lineNumber":170,"author":{"gitId":"raneeng"},"content":"","lastModifiedDate":"2024-09-01","isFullCredit":false},{"lineNumber":171,"author":{"gitId":"raneeng"},"content":"                break;","lastModifiedDate":"2024-09-02","isFullCredit":false},{"lineNumber":172,"author":{"gitId":"raneeng"},"content":"            default:","lastModifiedDate":"2024-09-02","isFullCredit":false},{"lineNumber":173,"author":{"gitId":"raneeng"},"content":"                printErrorMessage();","lastModifiedDate":"2024-09-02","isFullCredit":false},{"lineNumber":174,"author":{"gitId":"raneeng"},"content":"            }","lastModifiedDate":"2024-08-25","isFullCredit":false},{"lineNumber":175,"author":{"gitId":"raneeng"},"content":"        }","lastModifiedDate":"2024-08-25","isFullCredit":false},{"lineNumber":176,"author":{"gitId":"raneeng"},"content":"        // exit because: userInput.equals(\"bye\") || Task.getNumberOfTasks \u003e\u003d MAX_LIST_COUNT","lastModifiedDate":"2024-09-02","isFullCredit":false},{"lineNumber":177,"author":{"gitId":"raneeng"},"content":"        exit();","lastModifiedDate":"2024-08-19","isFullCredit":false},{"lineNumber":178,"author":{"gitId":"raneeng"},"content":"    }","lastModifiedDate":"2024-08-19","isFullCredit":false},{"lineNumber":179,"author":{"gitId":"raneeng"},"content":"}","lastModifiedDate":"2024-08-19","isFullCredit":false}],"authorContributionMap":{"raneeng":179}},{"path":"src/main/java/Deadline.java","fileType":"java","lines":[{"lineNumber":1,"author":{"gitId":"raneeng"},"content":"public class Deadline extends Task {","lastModifiedDate":"2024-09-01","isFullCredit":false},{"lineNumber":2,"author":{"gitId":"raneeng"},"content":"    protected String by;","lastModifiedDate":"2024-09-01","isFullCredit":false},{"lineNumber":3,"author":{"gitId":"raneeng"},"content":"","lastModifiedDate":"2024-09-01","isFullCredit":false},{"lineNumber":4,"author":{"gitId":"raneeng"},"content":"    // Constructors","lastModifiedDate":"2024-09-01","isFullCredit":false},{"lineNumber":5,"author":{"gitId":"raneeng"},"content":"    public Deadline(String description, String by) {","lastModifiedDate":"2024-09-01","isFullCredit":false},{"lineNumber":6,"author":{"gitId":"raneeng"},"content":"        super(description);","lastModifiedDate":"2024-09-01","isFullCredit":false},{"lineNumber":7,"author":{"gitId":"raneeng"},"content":"        this.by \u003d by;","lastModifiedDate":"2024-09-01","isFullCredit":false},{"lineNumber":8,"author":{"gitId":"raneeng"},"content":"    }","lastModifiedDate":"2024-09-01","isFullCredit":false},{"lineNumber":9,"author":{"gitId":"raneeng"},"content":"","lastModifiedDate":"2024-09-01","isFullCredit":false},{"lineNumber":10,"author":{"gitId":"raneeng"},"content":"    @Override","lastModifiedDate":"2024-09-01","isFullCredit":false},{"lineNumber":11,"author":{"gitId":"raneeng"},"content":"    public String toString() {","lastModifiedDate":"2024-09-01","isFullCredit":false},{"lineNumber":12,"author":{"gitId":"raneeng"},"content":"        return \"[D]\" + super.toString() + \" (by: \" + by + \")\";","lastModifiedDate":"2024-09-01","isFullCredit":false},{"lineNumber":13,"author":{"gitId":"raneeng"},"content":"    }","lastModifiedDate":"2024-09-01","isFullCredit":false},{"lineNumber":14,"author":{"gitId":"raneeng"},"content":"}","lastModifiedDate":"2024-09-01","isFullCredit":false}],"authorContributionMap":{"raneeng":14}},{"path":"src/main/java/Event.java","fileType":"java","lines":[{"lineNumber":1,"author":{"gitId":"raneeng"},"content":"public class Event extends Task {","lastModifiedDate":"2024-09-01","isFullCredit":false},{"lineNumber":2,"author":{"gitId":"raneeng"},"content":"    protected String from;","lastModifiedDate":"2024-09-01","isFullCredit":false},{"lineNumber":3,"author":{"gitId":"raneeng"},"content":"    protected String to;","lastModifiedDate":"2024-09-01","isFullCredit":false},{"lineNumber":4,"author":{"gitId":"raneeng"},"content":"","lastModifiedDate":"2024-09-01","isFullCredit":false},{"lineNumber":5,"author":{"gitId":"raneeng"},"content":"    public Event (String description, String from, String to) {","lastModifiedDate":"2024-09-01","isFullCredit":false},{"lineNumber":6,"author":{"gitId":"raneeng"},"content":"        super(description);","lastModifiedDate":"2024-09-01","isFullCredit":false},{"lineNumber":7,"author":{"gitId":"raneeng"},"content":"        this.from \u003d from;","lastModifiedDate":"2024-09-01","isFullCredit":false},{"lineNumber":8,"author":{"gitId":"raneeng"},"content":"        this.to \u003d to;","lastModifiedDate":"2024-09-01","isFullCredit":false},{"lineNumber":9,"author":{"gitId":"raneeng"},"content":"    }","lastModifiedDate":"2024-09-01","isFullCredit":false},{"lineNumber":10,"author":{"gitId":"raneeng"},"content":"","lastModifiedDate":"2024-09-01","isFullCredit":false},{"lineNumber":11,"author":{"gitId":"raneeng"},"content":"    @Override","lastModifiedDate":"2024-09-01","isFullCredit":false},{"lineNumber":12,"author":{"gitId":"raneeng"},"content":"    public String toString() {","lastModifiedDate":"2024-09-01","isFullCredit":false},{"lineNumber":13,"author":{"gitId":"raneeng"},"content":"        return \"[E]\" + super.toString() + \" (from: \" + from + \" to \" + to + \")\";","lastModifiedDate":"2024-09-01","isFullCredit":false},{"lineNumber":14,"author":{"gitId":"raneeng"},"content":"    }","lastModifiedDate":"2024-09-01","isFullCredit":false},{"lineNumber":15,"author":{"gitId":"raneeng"},"content":"}","lastModifiedDate":"2024-09-01","isFullCredit":false}],"authorContributionMap":{"raneeng":15}},{"path":"src/main/java/Task.java","fileType":"java","lines":[{"lineNumber":1,"author":{"gitId":"raneeng"},"content":"public class Task {","lastModifiedDate":"2024-08-25","isFullCredit":false},{"lineNumber":2,"author":{"gitId":"raneeng"},"content":"","lastModifiedDate":"2024-09-01","isFullCredit":false},{"lineNumber":3,"author":{"gitId":"raneeng"},"content":"    protected String description;","lastModifiedDate":"2024-08-25","isFullCredit":false},{"lineNumber":4,"author":{"gitId":"raneeng"},"content":"    protected boolean isDone;","lastModifiedDate":"2024-08-25","isFullCredit":false},{"lineNumber":5,"author":{"gitId":"raneeng"},"content":"    protected static int numberOfTasks \u003d 0;","lastModifiedDate":"2024-09-01","isFullCredit":false},{"lineNumber":6,"author":{"gitId":"raneeng"},"content":"","lastModifiedDate":"2024-08-25","isFullCredit":false},{"lineNumber":7,"author":{"gitId":"raneeng"},"content":"    // Constant","lastModifiedDate":"2024-09-01","isFullCredit":false},{"lineNumber":8,"author":{"gitId":"raneeng"},"content":"    protected final static String SEPARATOR_LINE \u003d \"____________________________________________________________________\\n\";","lastModifiedDate":"2024-09-01","isFullCredit":false},{"lineNumber":9,"author":{"gitId":"raneeng"},"content":"    protected final static String INDENT \u003d \"  \";","lastModifiedDate":"2024-09-01","isFullCredit":false},{"lineNumber":10,"author":{"gitId":"raneeng"},"content":"","lastModifiedDate":"2024-09-01","isFullCredit":false},{"lineNumber":11,"author":{"gitId":"raneeng"},"content":"    // Constructors","lastModifiedDate":"2024-08-25","isFullCredit":false},{"lineNumber":12,"author":{"gitId":"raneeng"},"content":"    public Task(String description) {","lastModifiedDate":"2024-08-25","isFullCredit":false},{"lineNumber":13,"author":{"gitId":"raneeng"},"content":"        this.description \u003d description;","lastModifiedDate":"2024-08-25","isFullCredit":false},{"lineNumber":14,"author":{"gitId":"raneeng"},"content":"        this.isDone \u003d false;","lastModifiedDate":"2024-08-25","isFullCredit":false},{"lineNumber":15,"author":{"gitId":"raneeng"},"content":"        numberOfTasks++;","lastModifiedDate":"2024-08-29","isFullCredit":false},{"lineNumber":16,"author":{"gitId":"raneeng"},"content":"        System.out.println(SEPARATOR_LINE +","lastModifiedDate":"2024-09-01","isFullCredit":false},{"lineNumber":17,"author":{"gitId":"raneeng"},"content":"                INDENT + \"Added task: \u0027\" + description +  \"\u0027!\\n\" +","lastModifiedDate":"2024-09-01","isFullCredit":false},{"lineNumber":18,"author":{"gitId":"raneeng"},"content":"                INDENT + \"You have \" + numberOfTasks + \" tasks in your to do list.\\n\" +","lastModifiedDate":"2024-09-02","isFullCredit":false},{"lineNumber":19,"author":{"gitId":"raneeng"},"content":"                SEPARATOR_LINE);","lastModifiedDate":"2024-09-01","isFullCredit":false},{"lineNumber":20,"author":{"gitId":"raneeng"},"content":"    }","lastModifiedDate":"2024-08-25","isFullCredit":false},{"lineNumber":21,"author":{"gitId":"raneeng"},"content":"","lastModifiedDate":"2024-08-25","isFullCredit":false},{"lineNumber":22,"author":{"gitId":"raneeng"},"content":"    // Getters and Setters","lastModifiedDate":"2024-08-25","isFullCredit":false},{"lineNumber":23,"author":{"gitId":"raneeng"},"content":"    public void setDescription(String string) {","lastModifiedDate":"2024-08-25","isFullCredit":false},{"lineNumber":24,"author":{"gitId":"raneeng"},"content":"        this.description \u003d string;","lastModifiedDate":"2024-08-25","isFullCredit":false},{"lineNumber":25,"author":{"gitId":"raneeng"},"content":"    }","lastModifiedDate":"2024-08-25","isFullCredit":false},{"lineNumber":26,"author":{"gitId":"raneeng"},"content":"","lastModifiedDate":"2024-08-25","isFullCredit":false},{"lineNumber":27,"author":{"gitId":"raneeng"},"content":"    public String getDescription() {","lastModifiedDate":"2024-08-25","isFullCredit":false},{"lineNumber":28,"author":{"gitId":"raneeng"},"content":"        return description;","lastModifiedDate":"2024-08-25","isFullCredit":false},{"lineNumber":29,"author":{"gitId":"raneeng"},"content":"    }","lastModifiedDate":"2024-08-25","isFullCredit":false},{"lineNumber":30,"author":{"gitId":"raneeng"},"content":"","lastModifiedDate":"2024-08-25","isFullCredit":false},{"lineNumber":31,"author":{"gitId":"raneeng"},"content":"    public void setStatus(Boolean status) {","lastModifiedDate":"2024-08-25","isFullCredit":false},{"lineNumber":32,"author":{"gitId":"raneeng"},"content":"        this.isDone \u003d status;","lastModifiedDate":"2024-08-25","isFullCredit":false},{"lineNumber":33,"author":{"gitId":"raneeng"},"content":"    }","lastModifiedDate":"2024-08-25","isFullCredit":false},{"lineNumber":34,"author":{"gitId":"raneeng"},"content":"","lastModifiedDate":"2024-08-25","isFullCredit":false},{"lineNumber":35,"author":{"gitId":"raneeng"},"content":"    public String getStatusIcon() {","lastModifiedDate":"2024-08-25","isFullCredit":false},{"lineNumber":36,"author":{"gitId":"raneeng"},"content":"        return (isDone ? \"X\" : \" \"); // mark done task with X","lastModifiedDate":"2024-08-25","isFullCredit":false},{"lineNumber":37,"author":{"gitId":"raneeng"},"content":"    }","lastModifiedDate":"2024-08-25","isFullCredit":false},{"lineNumber":38,"author":{"gitId":"raneeng"},"content":"","lastModifiedDate":"2024-08-29","isFullCredit":false},{"lineNumber":39,"author":{"gitId":"raneeng"},"content":"    public static int getNumberOfTasks() {","lastModifiedDate":"2024-08-29","isFullCredit":false},{"lineNumber":40,"author":{"gitId":"raneeng"},"content":"        return numberOfTasks;","lastModifiedDate":"2024-08-29","isFullCredit":false},{"lineNumber":41,"author":{"gitId":"raneeng"},"content":"    }","lastModifiedDate":"2024-08-29","isFullCredit":false},{"lineNumber":42,"author":{"gitId":"raneeng"},"content":"","lastModifiedDate":"2024-09-01","isFullCredit":false},{"lineNumber":43,"author":{"gitId":"raneeng"},"content":"    // Other methods","lastModifiedDate":"2024-09-01","isFullCredit":false},{"lineNumber":44,"author":{"gitId":"raneeng"},"content":"    public String toString() {","lastModifiedDate":"2024-09-01","isFullCredit":false},{"lineNumber":45,"author":{"gitId":"raneeng"},"content":"        return \"[\" + getStatusIcon() + \"] \" + description;","lastModifiedDate":"2024-09-01","isFullCredit":false},{"lineNumber":46,"author":{"gitId":"raneeng"},"content":"    }","lastModifiedDate":"2024-09-01","isFullCredit":false},{"lineNumber":47,"author":{"gitId":"raneeng"},"content":"}","lastModifiedDate":"2024-08-25","isFullCredit":false}],"authorContributionMap":{"raneeng":47}},{"path":"src/main/java/TaskManager.java","fileType":"java","lines":[{"lineNumber":1,"author":{"gitId":"raneeng"},"content":"public class TaskManager {","lastModifiedDate":"2024-09-02","isFullCredit":false},{"lineNumber":2,"author":{"gitId":"raneeng"},"content":"    // Constants","lastModifiedDate":"2024-09-02","isFullCredit":false},{"lineNumber":3,"author":{"gitId":"raneeng"},"content":"    private final static int MAX_LIST_COUNT \u003d 100;","lastModifiedDate":"2024-09-02","isFullCredit":false},{"lineNumber":4,"author":{"gitId":"raneeng"},"content":"    private final static String SEPARATOR_LINE \u003d \"____________________________________________________________________\\n\";","lastModifiedDate":"2024-09-02","isFullCredit":false},{"lineNumber":5,"author":{"gitId":"raneeng"},"content":"    private final static String INDENT \u003d \"  \";","lastModifiedDate":"2024-09-02","isFullCredit":false},{"lineNumber":6,"author":{"gitId":"raneeng"},"content":"","lastModifiedDate":"2024-09-02","isFullCredit":false},{"lineNumber":7,"author":{"gitId":"raneeng"},"content":"    private static Task[] toDoList \u003d new Task[MAX_LIST_COUNT];","lastModifiedDate":"2024-09-02","isFullCredit":false},{"lineNumber":8,"author":{"gitId":"raneeng"},"content":"","lastModifiedDate":"2024-09-02","isFullCredit":false},{"lineNumber":9,"author":{"gitId":"raneeng"},"content":"","lastModifiedDate":"2024-09-02","isFullCredit":false},{"lineNumber":10,"author":{"gitId":"raneeng"},"content":"}","lastModifiedDate":"2024-09-02","isFullCredit":false}],"authorContributionMap":{"raneeng":10}},{"path":"src/main/java/Todo.java","fileType":"java","lines":[{"lineNumber":1,"author":{"gitId":"raneeng"},"content":"public class Todo extends Task {","lastModifiedDate":"2024-09-01","isFullCredit":false},{"lineNumber":2,"author":{"gitId":"raneeng"},"content":"","lastModifiedDate":"2024-09-01","isFullCredit":false},{"lineNumber":3,"author":{"gitId":"raneeng"},"content":"    public Todo (String description) {","lastModifiedDate":"2024-09-01","isFullCredit":false},{"lineNumber":4,"author":{"gitId":"raneeng"},"content":"        super(description);","lastModifiedDate":"2024-09-01","isFullCredit":false},{"lineNumber":5,"author":{"gitId":"raneeng"},"content":"    }","lastModifiedDate":"2024-09-01","isFullCredit":false},{"lineNumber":6,"author":{"gitId":"raneeng"},"content":"","lastModifiedDate":"2024-09-01","isFullCredit":false},{"lineNumber":7,"author":{"gitId":"raneeng"},"content":"    @Override","lastModifiedDate":"2024-09-01","isFullCredit":false},{"lineNumber":8,"author":{"gitId":"raneeng"},"content":"    public String toString () {","lastModifiedDate":"2024-09-01","isFullCredit":false},{"lineNumber":9,"author":{"gitId":"raneeng"},"content":"        return \"[T]\" + super.toString();","lastModifiedDate":"2024-09-01","isFullCredit":false},{"lineNumber":10,"author":{"gitId":"raneeng"},"content":"    }","lastModifiedDate":"2024-09-01","isFullCredit":false},{"lineNumber":11,"author":{"gitId":"raneeng"},"content":"}","lastModifiedDate":"2024-09-01","isFullCredit":false}],"authorContributionMap":{"raneeng":11}}]
