{"authorDailyContributionsMap":{"raneeng":[{"date":"2024-08-19","commitResults":[{"hash":"dab45ed0c65c392bb236957088cd80517c78e6bf","isMergeCommit":false,"messageTitle":"Renamed chatbot. Added greeting and exit.","messageBody":"","fileTypesAndContributionMap":{"java":{"insertions":29,"deletions":10}}},{"hash":"47339c5dc323aa3bbe46c572b73f3765de2cb704","isMergeCommit":false,"messageTitle":"updated logo","messageBody":"","fileTypesAndContributionMap":{"java":{"insertions":3,"deletions":3}}},{"hash":"689451197da8c915cae2f863c81626cc9dc79aeb","isMergeCommit":false,"messageTitle":"Minor changes to display format","messageBody":"","tags":["Level-0"],"fileTypesAndContributionMap":{"java":{"insertions":3,"deletions":4}}}]},{"date":"2024-08-25","commitResults":[{"hash":"090f294f3e4d8d576dd78f0e2c318c9480c2f637","isMergeCommit":false,"messageTitle":"Added echo function","messageBody":"","tags":["Level-1"],"fileTypesAndContributionMap":{"java":{"insertions":14,"deletions":1}}},{"hash":"52b70844829caa809809e00e05ec0f36f4139316","isMergeCommit":false,"messageTitle":"Level 2 increment: Add, List done","messageBody":"","tags":["Level-2"],"fileTypesAndContributionMap":{"java":{"insertions":60,"deletions":19}}},{"hash":"eaf1939af492155e6ad2ab63cd8e1951cc99c877","isMergeCommit":false,"messageTitle":"Changed representation of tasklist from String array to Task array","messageBody":"","fileTypesAndContributionMap":{"java":{"insertions":40,"deletions":5}}},{"hash":"1d07c923bcd3c41cd4e3172232a310fce1aba00f","isMergeCommit":false,"messageTitle":"Removed commented out code","messageBody":"","fileTypesAndContributionMap":{"java":{"insertions":1,"deletions":20}}},{"hash":"a2d1ddee72842c2c570ae1d0f21d37c5f0f50d43","isMergeCommit":false,"messageTitle":"Level 3 increment: Mark as Done","messageBody":"","fileTypesAndContributionMap":{"java":{"insertions":31,"deletions":2}}},{"hash":"82283d63920106ecba49468793e4df23aee2a6bb","isMergeCommit":false,"messageTitle":"Added printFormattedReply function","messageBody":"","fileTypesAndContributionMap":{"java":{"insertions":13,"deletions":11}}},{"hash":"06490cac19e239aad4bd17edc144d6a46777dae7","isMergeCommit":false,"messageTitle":"updated getters and setters","messageBody":"","tags":["Level-3"],"fileTypesAndContributionMap":{"java":{"insertions":14,"deletions":11}}}]},{"date":"2024-08-26","commitResults":[{"hash":"1137b2868ddccbb3eecb8e79759adf4c7db32ffe","isMergeCommit":false,"messageTitle":"Minor changes to constants","messageBody":"","fileTypesAndContributionMap":{"java":{"insertions":4,"deletions":4}}}]},{"date":"2024-08-29","commitResults":[{"hash":"8cf8b39e8453d93683b444950822a0d1f04d2099","isMergeCommit":false,"messageTitle":"Refactored code into functions for better organization and readability","messageBody":"","fileTypesAndContributionMap":{"java":{"insertions":24,"deletions":15}}},{"hash":"a69815d7470aa19eea1243ffe22f65dcbe847572","isMergeCommit":false,"messageTitle":"Edits to follow coding standard.","messageBody":"","tags":["A-CodingStandard"],"fileTypesAndContributionMap":{"java":{"insertions":8,"deletions":4}}}]},{"date":"2024-09-01","commitResults":[{"hash":"d60629e5fd55f695ad820e1972aaeb4b66835799","isMergeCommit":false,"messageTitle":"Added support for tracking Todos, Events, Deadlines","messageBody":"","fileTypesAndContributionMap":{"java":{"insertions":99,"deletions":15}}},{"hash":"882bf591e1ae5f61d260816c08d4052b61fd22f7","isMergeCommit":false,"messageTitle":"Cleaned up code","messageBody":"","fileTypesAndContributionMap":{"java":{"insertions":46,"deletions":35}}}]},{"date":"2024-09-02","commitResults":[{"hash":"0f692c5c1dbc4bc8b5cffc660e416d83a3e5e97c","isMergeCommit":false,"messageTitle":"Added error message","messageBody":"","fileTypesAndContributionMap":{"java":{"insertions":62,"deletions":31}}},{"hash":"664a5423ecfd90ff96653d7795fce854e1eddcee","isMergeCommit":false,"messageTitle":"Code clean up","messageBody":"","fileTypesAndContributionMap":{"java":{"insertions":28,"deletions":23}}}]},{"date":"2024-09-05","commitResults":[{"hash":"5fac531efba34c7e80a178f8b1c4f1cc514273b4","isMergeCommit":false,"messageTitle":"Removed Task Manager Class","messageBody":"","fileTypesAndContributionMap":{"java":{"insertions":0,"deletions":10}}},{"hash":"96dfb3a6c46204e190bd1a0e5f94cb388ac151a5","isMergeCommit":false,"messageTitle":"Extracted processUserInput","messageBody":"","tags":["Level-4"],"fileTypesAndContributionMap":{"java":{"insertions":7,"deletions":6}}}]},{"date":"2024-09-10","commitResults":[{"hash":"69bae271b10ab877668431169531f9ccfbd1c434","isMergeCommit":false,"messageTitle":"Code cleanup","messageBody":"","tags":["A-CodeQuality"],"fileTypesAndContributionMap":{"java":{"insertions":8,"deletions":9}}},{"hash":"1392c740d3794165d03e9b56969440b0fdbe8127","isMergeCommit":false,"messageTitle":"Implemented EmptyListException and InvalidInputException","messageBody":"","fileTypesAndContributionMap":{"java":{"insertions":53,"deletions":43}}},{"hash":"28645c484c52f3768f9236e1f7455cc9faf5c7db","isMergeCommit":false,"messageTitle":"Implemented InvalidTaskNumException","messageBody":"","fileTypesAndContributionMap":{"java":{"insertions":12,"deletions":2}}},{"hash":"87eb50f5732cdd4fac23cf1d456889f8b2671d0e","isMergeCommit":false,"messageTitle":"Implemented InsufficientSpaceException","messageBody":"","fileTypesAndContributionMap":{"java":{"insertions":54,"deletions":37},"md":{"insertions":1,"deletions":1}}}]},{"date":"2024-09-11","commitResults":[{"hash":"650faf6da061532c6285bf4ea25ac05b2118a95e","isMergeCommit":false,"messageTitle":"Implemented InsufficientSpaceException","messageBody":"","tags":["Level-5","A-Exceptions"],"fileTypesAndContributionMap":{"java":{"insertions":10,"deletions":0}}},{"hash":"a5899b6b43bea70e2613c9555d9c170c71bf2928","isMergeCommit":false,"messageTitle":"Organised into packages, removed debugging/testing code.","messageBody":"","fileTypesAndContributionMap":{"java":{"insertions":38,"deletions":3}}},{"hash":"80fc787678016f19669a6b7b385ac1654bf9e422","isMergeCommit":false,"messageTitle":"Added bean package","messageBody":"","fileTypesAndContributionMap":{"java":{"insertions":37,"deletions":37}}},{"hash":"de759b15e5e19e49741f898e221e4f286dbe2f29","isMergeCommit":true,"messageTitle":"Merge branch \u0027branch-Level-5\u0027","messageBody":"","tags":["A-packages"],"fileTypesAndContributionMap":{}}]},{"date":"2024-09-13","commitResults":[{"hash":"9747a8911d1732a02bfd0276d4687e5f58224958","isMergeCommit":false,"messageTitle":"Code clean up","messageBody":"","fileTypesAndContributionMap":{"java":{"insertions":3,"deletions":3}}},{"hash":"a25b7d6f496432f44e38707f450d22d8f0eadf6d","isMergeCommit":false,"messageTitle":"Code clean up","messageBody":"","fileTypesAndContributionMap":{"java":{"insertions":27,"deletions":12}}}]},{"date":"2024-09-18","commitResults":[{"hash":"929d4c71f9a0129574ae6a13891cce93ef4a1d92","isMergeCommit":false,"messageTitle":"Changed representation of tasklist from array to arraylist","messageBody":"","tags":["A-Collections"],"fileTypesAndContributionMap":{"java":{"insertions":38,"deletions":37}}},{"hash":"a7d364222df004bc9f56521ca3948b976d4d341e","isMergeCommit":false,"messageTitle":"Implemented basic delete function","messageBody":"","fileTypesAndContributionMap":{"java":{"insertions":16,"deletions":17}}},{"hash":"700e6f81e862f3733d13c5d629352857edbd0308","isMergeCommit":false,"messageTitle":"Added confirmation message","messageBody":"","fileTypesAndContributionMap":{"java":{"insertions":1,"deletions":0}}},{"hash":"4be3d10f20766dee676bbaa57d84273df44bf464","isMergeCommit":false,"messageTitle":"Added error catching","messageBody":"","fileTypesAndContributionMap":{"java":{"insertions":4,"deletions":1}}},{"hash":"f77f21186aba5913764059288c31dd9d66136b23","isMergeCommit":false,"messageTitle":"Implemented basic save feature -- writing to data file when adding tasks and updating tasks","messageBody":"","fileTypesAndContributionMap":{"java":{"insertions":130,"deletions":55}}}]},{"date":"2024-09-19","commitResults":[{"hash":"b79fc902bf6a8094e1038e200a2b2efc6a755fb3","isMergeCommit":false,"messageTitle":"Implemented retrieval of tasks saved in data file","messageBody":"","fileTypesAndContributionMap":{"java":{"insertions":77,"deletions":6}}},{"hash":"cced1bc2fc97fd3a7aca0b7815f2eae13669ebe4","isMergeCommit":false,"messageTitle":"Added DeserialisationErrorException","messageBody":"","fileTypesAndContributionMap":{"java":{"insertions":11,"deletions":2}}},{"hash":"a828bd18e888c796b685448739c570e76a2838a9","isMergeCommit":true,"messageTitle":"Merge branch \u0027branch-Level-6\u0027","messageBody":"","tags":["Level-6"],"fileTypesAndContributionMap":{}},{"hash":"95a560ccfe909a859232d8cddd0cd23b0665a42d","isMergeCommit":true,"messageTitle":"Merge branch \u0027branch-Level-7\u0027","messageBody":"","tags":["Level-7"],"fileTypesAndContributionMap":{}},{"hash":"bb1f5579b3ad60e9faad27eac46c14fa082fc428","isMergeCommit":false,"messageTitle":"Update bean.txt when deleting task","messageBody":"","fileTypesAndContributionMap":{"java":{"insertions":5,"deletions":7}}},{"hash":"3990120d79203e6a4437b602f2405b70702e8258","isMergeCommit":false,"messageTitle":"Updated invalid input error message","messageBody":"","fileTypesAndContributionMap":{"java":{"insertions":30,"deletions":31}}}]},{"date":"2024-10-01","commitResults":[{"hash":"89bdb85bac1af517d98a3c4a486c2e03eacd2e2a","isMergeCommit":false,"messageTitle":"Package the App as a JAR file","messageBody":"","tags":["A-Jar"],"fileTypesAndContributionMap":{"java":{"insertions":19,"deletions":10}}}]},{"date":"2024-10-02","commitResults":[{"hash":"3f3c26b68892082773fee3c33d4a14880784157a","isMergeCommit":false,"messageTitle":"Refactored into more classes: Main, Ui, Parser, Storage, TaskList","messageBody":"","tags":["A-MoreOOP"],"fileTypesAndContributionMap":{"java":{"insertions":481,"deletions":322}}},{"hash":"b4a12a89bad177d39076a4a0e73e33b9d764eb9c","isMergeCommit":false,"messageTitle":"Cleaned up code and added comments.","messageBody":"","fileTypesAndContributionMap":{"java":{"insertions":102,"deletions":28}}},{"hash":"6d7ff8b7d00134173b50e01ffe42738d257e0d81","isMergeCommit":false,"messageTitle":"Implemented find functionality.","messageBody":"","fileTypesAndContributionMap":{"java":{"insertions":40,"deletions":2}}},{"hash":"8cc6ef7c98e4d213aae86f6826230bedeabb2a2f","isMergeCommit":true,"messageTitle":"Merge pull request #1 from raneeng/branch-Level-9","messageBody":"Branch level 9","fileTypesAndContributionMap":{}}]}]},"authorFileTypeContributionMap":{"raneeng":{"java":809,"md":1,"fxml":0,"sh":0,"bat":0,"gradle":0,"txt":0}},"authorContributionVariance":{"raneeng":23340.588},"authorDisplayNameMap":{"raneeng":"CS2113-T11-2 RANE.. YEE"}}
