[{"path":"README.md","fileType":"md","lines":[{"lineNumber":1,"author":{"gitId":"gskang-22"},"content":"# XiaoMe project template","lastModifiedDate":"2024-08-19","isFullCredit":false},{"lineNumber":2,"author":{"gitId":"-"},"content":"","lastModifiedDate":"2020-05-25","isFullCredit":false},{"lineNumber":3,"author":{"gitId":"-"},"content":"This is a project template for a greenfield Java project. It\u0027s named after the Java mascot _Duke_. Given below are instructions on how to use it.","lastModifiedDate":"2020-05-25","isFullCredit":false},{"lineNumber":4,"author":{"gitId":"-"},"content":"","lastModifiedDate":"2020-05-25","isFullCredit":false},{"lineNumber":5,"author":{"gitId":"-"},"content":"## Setting up in Intellij","lastModifiedDate":"2020-05-25","isFullCredit":false},{"lineNumber":6,"author":{"gitId":"-"},"content":"","lastModifiedDate":"2020-05-25","isFullCredit":false},{"lineNumber":7,"author":{"gitId":"-"},"content":"Prerequisites: JDK 17, update Intellij to the most recent version.","lastModifiedDate":"2024-07-11","isFullCredit":false},{"lineNumber":8,"author":{"gitId":"-"},"content":"","lastModifiedDate":"2020-05-25","isFullCredit":false},{"lineNumber":9,"author":{"gitId":"-"},"content":"1. Open Intellij (if you are not in the welcome screen, click `File` \u003e `Close Project` to close the existing project first)","lastModifiedDate":"2021-01-17","isFullCredit":false},{"lineNumber":10,"author":{"gitId":"-"},"content":"1. Open the project into Intellij as follows:","lastModifiedDate":"2021-01-17","isFullCredit":false},{"lineNumber":11,"author":{"gitId":"-"},"content":"   1. Click `Open`.","lastModifiedDate":"2021-01-17","isFullCredit":false},{"lineNumber":12,"author":{"gitId":"-"},"content":"   1. Select the project directory, and click `OK`.","lastModifiedDate":"2021-01-17","isFullCredit":false},{"lineNumber":13,"author":{"gitId":"-"},"content":"   1. If there are any further prompts, accept the defaults.","lastModifiedDate":"2020-05-25","isFullCredit":false},{"lineNumber":14,"author":{"gitId":"-"},"content":"1. Configure the project to use **JDK 17** (not other versions) as explained in [here](https://www.jetbrains.com/help/idea/sdk.html#set-up-jdk).\u003cbr\u003e","lastModifiedDate":"2024-07-11","isFullCredit":false},{"lineNumber":15,"author":{"gitId":"-"},"content":"   In the same dialog, set the **Project language level** field to the `SDK default` option.","lastModifiedDate":"2021-07-29","isFullCredit":false},{"lineNumber":16,"author":{"gitId":"gskang-22"},"content":"3. After that, locate the `src/main/java/XiaoMe.java` file, right-click it, and choose `Run XiaoMe.main()` (if the code editor is showing compile errors, try restarting the IDE). If the setup is correct, you should see something like the below as the output:","lastModifiedDate":"2024-08-19","isFullCredit":false},{"lineNumber":17,"author":{"gitId":"-"},"content":"   ```","lastModifiedDate":"2020-05-25","isFullCredit":false},{"lineNumber":18,"author":{"gitId":"-"},"content":"   Hello from","lastModifiedDate":"2020-05-25","isFullCredit":false},{"lineNumber":19,"author":{"gitId":"-"},"content":"    ____        _        ","lastModifiedDate":"2020-05-25","isFullCredit":false},{"lineNumber":20,"author":{"gitId":"-"},"content":"   |  _ \\ _   _| | _____ ","lastModifiedDate":"2020-05-25","isFullCredit":false},{"lineNumber":21,"author":{"gitId":"-"},"content":"   | | | | | | | |/ / _ \\","lastModifiedDate":"2020-05-25","isFullCredit":false},{"lineNumber":22,"author":{"gitId":"-"},"content":"   | |_| | |_| |   \u003c  __/","lastModifiedDate":"2020-05-25","isFullCredit":false},{"lineNumber":23,"author":{"gitId":"-"},"content":"   |____/ \\__,_|_|\\_\\___|","lastModifiedDate":"2020-05-25","isFullCredit":false},{"lineNumber":24,"author":{"gitId":"-"},"content":"   ```","lastModifiedDate":"2020-05-25","isFullCredit":false}],"authorContributionMap":{"gskang-22":2,"-":22}},{"path":"docs/README.md","fileType":"md","lines":[{"lineNumber":1,"author":{"gitId":"gskang-22"},"content":"# XiaoMe User Guide","lastModifiedDate":"2024-08-19","isFullCredit":false},{"lineNumber":2,"author":{"gitId":"-"},"content":"","lastModifiedDate":"2019-07-29","isFullCredit":false},{"lineNumber":3,"author":{"gitId":"-"},"content":"// Update the title above to match the actual product name","lastModifiedDate":"2024-01-07","isFullCredit":false},{"lineNumber":4,"author":{"gitId":"-"},"content":"","lastModifiedDate":"2019-07-29","isFullCredit":false},{"lineNumber":5,"author":{"gitId":"-"},"content":"// Product screenshot goes here","lastModifiedDate":"2024-01-07","isFullCredit":false},{"lineNumber":6,"author":{"gitId":"-"},"content":"","lastModifiedDate":"2021-07-17","isFullCredit":false},{"lineNumber":7,"author":{"gitId":"-"},"content":"// Product intro goes here","lastModifiedDate":"2024-01-07","isFullCredit":false},{"lineNumber":8,"author":{"gitId":"-"},"content":"","lastModifiedDate":"2021-07-17","isFullCredit":false},{"lineNumber":9,"author":{"gitId":"-"},"content":"## Adding deadlines","lastModifiedDate":"2024-01-07","isFullCredit":false},{"lineNumber":10,"author":{"gitId":"-"},"content":"","lastModifiedDate":"2021-07-17","isFullCredit":false},{"lineNumber":11,"author":{"gitId":"-"},"content":"// Describe the action and its outcome.","lastModifiedDate":"2024-01-07","isFullCredit":false},{"lineNumber":12,"author":{"gitId":"-"},"content":"","lastModifiedDate":"2019-07-29","isFullCredit":false},{"lineNumber":13,"author":{"gitId":"-"},"content":"// Give examples of usage","lastModifiedDate":"2024-01-07","isFullCredit":false},{"lineNumber":14,"author":{"gitId":"-"},"content":"","lastModifiedDate":"2019-07-29","isFullCredit":false},{"lineNumber":15,"author":{"gitId":"-"},"content":"Example: `keyword (optional arguments)`","lastModifiedDate":"2024-01-07","isFullCredit":false},{"lineNumber":16,"author":{"gitId":"-"},"content":"","lastModifiedDate":"2019-07-29","isFullCredit":false},{"lineNumber":17,"author":{"gitId":"-"},"content":"// A description of the expected outcome goes here","lastModifiedDate":"2024-01-07","isFullCredit":false},{"lineNumber":18,"author":{"gitId":"-"},"content":"","lastModifiedDate":"2019-07-29","isFullCredit":false},{"lineNumber":19,"author":{"gitId":"-"},"content":"```","lastModifiedDate":"2024-01-07","isFullCredit":false},{"lineNumber":20,"author":{"gitId":"-"},"content":"expected output","lastModifiedDate":"2024-01-07","isFullCredit":false},{"lineNumber":21,"author":{"gitId":"-"},"content":"```","lastModifiedDate":"2024-01-07","isFullCredit":false},{"lineNumber":22,"author":{"gitId":"-"},"content":"","lastModifiedDate":"2019-07-29","isFullCredit":false},{"lineNumber":23,"author":{"gitId":"-"},"content":"## Feature ABC","lastModifiedDate":"2024-01-07","isFullCredit":false},{"lineNumber":24,"author":{"gitId":"-"},"content":"","lastModifiedDate":"2019-07-29","isFullCredit":false},{"lineNumber":25,"author":{"gitId":"-"},"content":"// Feature details","lastModifiedDate":"2024-01-07","isFullCredit":false},{"lineNumber":26,"author":{"gitId":"-"},"content":"","lastModifiedDate":"2019-07-29","isFullCredit":false},{"lineNumber":27,"author":{"gitId":"-"},"content":"","lastModifiedDate":"2021-07-17","isFullCredit":false},{"lineNumber":28,"author":{"gitId":"-"},"content":"## Feature XYZ","lastModifiedDate":"2024-01-07","isFullCredit":false},{"lineNumber":29,"author":{"gitId":"-"},"content":"","lastModifiedDate":"2024-01-07","isFullCredit":false},{"lineNumber":30,"author":{"gitId":"-"},"content":"// Feature details","lastModifiedDate":"2024-01-07","isFullCredit":false}],"authorContributionMap":{"gskang-22":1,"-":29}},{"path":"src/main/java/Save.java","fileType":"java","lines":[{"lineNumber":1,"author":{"gitId":"gskang-22"},"content":"import task.*;","lastModifiedDate":"2024-09-15","isFullCredit":false},{"lineNumber":2,"author":{"gitId":"gskang-22"},"content":"","lastModifiedDate":"2024-09-15","isFullCredit":false},{"lineNumber":3,"author":{"gitId":"gskang-22"},"content":"import java.io.File;","lastModifiedDate":"2024-09-15","isFullCredit":false},{"lineNumber":4,"author":{"gitId":"gskang-22"},"content":"import java.io.FileWriter;","lastModifiedDate":"2024-09-15","isFullCredit":false},{"lineNumber":5,"author":{"gitId":"gskang-22"},"content":"import java.io.IOException;","lastModifiedDate":"2024-09-15","isFullCredit":false},{"lineNumber":6,"author":{"gitId":"gskang-22"},"content":"import java.util.Objects;","lastModifiedDate":"2024-09-15","isFullCredit":false},{"lineNumber":7,"author":{"gitId":"gskang-22"},"content":"import java.util.Scanner;","lastModifiedDate":"2024-09-15","isFullCredit":false},{"lineNumber":8,"author":{"gitId":"gskang-22"},"content":"","lastModifiedDate":"2024-09-15","isFullCredit":false},{"lineNumber":9,"author":{"gitId":"gskang-22"},"content":"public class Save {","lastModifiedDate":"2024-09-15","isFullCredit":false},{"lineNumber":10,"author":{"gitId":"gskang-22"},"content":"","lastModifiedDate":"2024-09-15","isFullCredit":false},{"lineNumber":11,"author":{"gitId":"gskang-22"},"content":"    public static void saveFile() {","lastModifiedDate":"2024-09-15","isFullCredit":false},{"lineNumber":12,"author":{"gitId":"gskang-22"},"content":"        try {","lastModifiedDate":"2024-09-15","isFullCredit":false},{"lineNumber":13,"author":{"gitId":"gskang-22"},"content":"            File f \u003d new File(\"./src/main/java/tasks.txt\");","lastModifiedDate":"2024-09-15","isFullCredit":false},{"lineNumber":14,"author":{"gitId":"gskang-22"},"content":"            if (!f.exists()) {","lastModifiedDate":"2024-09-15","isFullCredit":false},{"lineNumber":15,"author":{"gitId":"gskang-22"},"content":"                // file does not exist","lastModifiedDate":"2024-09-15","isFullCredit":false},{"lineNumber":16,"author":{"gitId":"gskang-22"},"content":"                f.createNewFile();","lastModifiedDate":"2024-09-15","isFullCredit":false},{"lineNumber":17,"author":{"gitId":"gskang-22"},"content":"            }","lastModifiedDate":"2024-09-15","isFullCredit":false},{"lineNumber":18,"author":{"gitId":"gskang-22"},"content":"","lastModifiedDate":"2024-09-15","isFullCredit":false},{"lineNumber":19,"author":{"gitId":"gskang-22"},"content":"            // writing to the file","lastModifiedDate":"2024-09-15","isFullCredit":false},{"lineNumber":20,"author":{"gitId":"gskang-22"},"content":"            // opening a file using FileWriter automatically overwrites its preexisting content","lastModifiedDate":"2024-09-15","isFullCredit":false},{"lineNumber":21,"author":{"gitId":"gskang-22"},"content":"            FileWriter writer \u003d new FileWriter(\"./src/main/java/tasks.txt\");","lastModifiedDate":"2024-09-15","isFullCredit":false},{"lineNumber":22,"author":{"gitId":"gskang-22"},"content":"            for (Task task : XiaoMe.tasks) {","lastModifiedDate":"2024-09-15","isFullCredit":false},{"lineNumber":23,"author":{"gitId":"gskang-22"},"content":"                if (task instanceof Todo) {","lastModifiedDate":"2024-09-15","isFullCredit":false},{"lineNumber":24,"author":{"gitId":"gskang-22"},"content":"                    // T|\u003cicon\u003e|\u003cdescription\u003e","lastModifiedDate":"2024-09-15","isFullCredit":false},{"lineNumber":25,"author":{"gitId":"gskang-22"},"content":"                    writer.write(\"T|\" + task.getStatusIcon() + \"|\" + task.getDescription() + \"\\n\");","lastModifiedDate":"2024-09-15","isFullCredit":false},{"lineNumber":26,"author":{"gitId":"gskang-22"},"content":"                } else if (task instanceof Deadline) {","lastModifiedDate":"2024-09-15","isFullCredit":false},{"lineNumber":27,"author":{"gitId":"gskang-22"},"content":"                    // D|\u003cicon\u003e|\u003cdescription\u003e|\u003cby\u003e","lastModifiedDate":"2024-09-15","isFullCredit":false},{"lineNumber":28,"author":{"gitId":"gskang-22"},"content":"                    writer.write(\"D|\" + task.getStatusIcon() + \"|\" + task.getDescription() + \"|\"","lastModifiedDate":"2024-09-15","isFullCredit":false},{"lineNumber":29,"author":{"gitId":"gskang-22"},"content":"                            + ((Deadline) task).getBy() + \"\\n\");","lastModifiedDate":"2024-09-15","isFullCredit":false},{"lineNumber":30,"author":{"gitId":"gskang-22"},"content":"                } else if (task instanceof Event){","lastModifiedDate":"2024-09-15","isFullCredit":false},{"lineNumber":31,"author":{"gitId":"gskang-22"},"content":"                    // E|\u003cicon\u003e|\u003cdescription\u003e|\u003cstart\u003e|\u003cend\u003e","lastModifiedDate":"2024-09-15","isFullCredit":false},{"lineNumber":32,"author":{"gitId":"gskang-22"},"content":"                    writer.write(\"E|\" + task.getStatusIcon() + \"|\" + task.getDescription() + \"|\"","lastModifiedDate":"2024-09-15","isFullCredit":false},{"lineNumber":33,"author":{"gitId":"gskang-22"},"content":"                            + ((Event) task).getStart() + \"|\" + ((Event) task).getEnd() + \"\\n\");","lastModifiedDate":"2024-09-15","isFullCredit":false},{"lineNumber":34,"author":{"gitId":"gskang-22"},"content":"                }","lastModifiedDate":"2024-09-15","isFullCredit":false},{"lineNumber":35,"author":{"gitId":"gskang-22"},"content":"            }","lastModifiedDate":"2024-09-15","isFullCredit":false},{"lineNumber":36,"author":{"gitId":"gskang-22"},"content":"            writer.close();","lastModifiedDate":"2024-09-15","isFullCredit":false},{"lineNumber":37,"author":{"gitId":"gskang-22"},"content":"        } catch (IOException e) {","lastModifiedDate":"2024-09-15","isFullCredit":false},{"lineNumber":38,"author":{"gitId":"gskang-22"},"content":"            System.out.println(\"An error occurred while saving file.\");","lastModifiedDate":"2024-09-15","isFullCredit":false},{"lineNumber":39,"author":{"gitId":"gskang-22"},"content":"        }","lastModifiedDate":"2024-09-15","isFullCredit":false},{"lineNumber":40,"author":{"gitId":"gskang-22"},"content":"    }","lastModifiedDate":"2024-09-15","isFullCredit":false},{"lineNumber":41,"author":{"gitId":"gskang-22"},"content":"","lastModifiedDate":"2024-09-15","isFullCredit":false},{"lineNumber":42,"author":{"gitId":"gskang-22"},"content":"    public static void readFile() {","lastModifiedDate":"2024-09-15","isFullCredit":false},{"lineNumber":43,"author":{"gitId":"gskang-22"},"content":"        try {","lastModifiedDate":"2024-09-15","isFullCredit":false},{"lineNumber":44,"author":{"gitId":"gskang-22"},"content":"            File f \u003d new File(\"./src/main/java/tasks.txt\");","lastModifiedDate":"2024-09-15","isFullCredit":false},{"lineNumber":45,"author":{"gitId":"gskang-22"},"content":"            if (!f.exists()) {","lastModifiedDate":"2024-09-15","isFullCredit":false},{"lineNumber":46,"author":{"gitId":"gskang-22"},"content":"                // file does not exist","lastModifiedDate":"2024-09-15","isFullCredit":false},{"lineNumber":47,"author":{"gitId":"gskang-22"},"content":"                f.createNewFile();","lastModifiedDate":"2024-09-15","isFullCredit":false},{"lineNumber":48,"author":{"gitId":"gskang-22"},"content":"            }","lastModifiedDate":"2024-09-15","isFullCredit":false},{"lineNumber":49,"author":{"gitId":"gskang-22"},"content":"","lastModifiedDate":"2024-09-15","isFullCredit":false},{"lineNumber":50,"author":{"gitId":"gskang-22"},"content":"            Scanner scanner \u003d new Scanner(f);","lastModifiedDate":"2024-09-15","isFullCredit":false},{"lineNumber":51,"author":{"gitId":"gskang-22"},"content":"            while (scanner.hasNextLine()) {","lastModifiedDate":"2024-09-15","isFullCredit":false},{"lineNumber":52,"author":{"gitId":"gskang-22"},"content":"                String line \u003d scanner.nextLine();","lastModifiedDate":"2024-09-15","isFullCredit":false},{"lineNumber":53,"author":{"gitId":"gskang-22"},"content":"                String[] words \u003d line.split(\"\\\\|\");","lastModifiedDate":"2024-09-15","isFullCredit":false},{"lineNumber":54,"author":{"gitId":"gskang-22"},"content":"                if (Objects.equals(words[0], \"T\")) {","lastModifiedDate":"2024-09-15","isFullCredit":false},{"lineNumber":55,"author":{"gitId":"gskang-22"},"content":"                    XiaoMe.tasks.add(new Todo(words[2]));","lastModifiedDate":"2024-09-15","isFullCredit":false},{"lineNumber":56,"author":{"gitId":"gskang-22"},"content":"                } else if (Objects.equals(words[0], \"D\")) {","lastModifiedDate":"2024-09-15","isFullCredit":false},{"lineNumber":57,"author":{"gitId":"gskang-22"},"content":"                    XiaoMe.tasks.add(new Deadline(words[2], words[3]));","lastModifiedDate":"2024-09-15","isFullCredit":false},{"lineNumber":58,"author":{"gitId":"gskang-22"},"content":"                } else if (Objects.equals(words[0], \"E\")) {","lastModifiedDate":"2024-09-15","isFullCredit":false},{"lineNumber":59,"author":{"gitId":"gskang-22"},"content":"                    XiaoMe.tasks.add(new Event(words[2], words[3], words[4]));","lastModifiedDate":"2024-09-15","isFullCredit":false},{"lineNumber":60,"author":{"gitId":"gskang-22"},"content":"                }","lastModifiedDate":"2024-09-15","isFullCredit":false},{"lineNumber":61,"author":{"gitId":"gskang-22"},"content":"","lastModifiedDate":"2024-09-15","isFullCredit":false},{"lineNumber":62,"author":{"gitId":"gskang-22"},"content":"                if (Objects.equals(words[1], \"X\")) {","lastModifiedDate":"2024-09-15","isFullCredit":false},{"lineNumber":63,"author":{"gitId":"gskang-22"},"content":"                    XiaoMe.tasks.getLast().setDone(true);","lastModifiedDate":"2024-09-15","isFullCredit":false},{"lineNumber":64,"author":{"gitId":"gskang-22"},"content":"                }","lastModifiedDate":"2024-09-15","isFullCredit":false},{"lineNumber":65,"author":{"gitId":"gskang-22"},"content":"            }","lastModifiedDate":"2024-09-15","isFullCredit":false},{"lineNumber":66,"author":{"gitId":"gskang-22"},"content":"        } catch (IOException e) {","lastModifiedDate":"2024-09-15","isFullCredit":false},{"lineNumber":67,"author":{"gitId":"gskang-22"},"content":"            System.out.println(\"An error occurred while reading file.\");","lastModifiedDate":"2024-09-15","isFullCredit":false},{"lineNumber":68,"author":{"gitId":"gskang-22"},"content":"        } catch (ArrayIndexOutOfBoundsException e) {","lastModifiedDate":"2024-09-15","isFullCredit":false},{"lineNumber":69,"author":{"gitId":"gskang-22"},"content":"            System.out.println(\"File data is corrupted\");","lastModifiedDate":"2024-09-15","isFullCredit":false},{"lineNumber":70,"author":{"gitId":"gskang-22"},"content":"        }","lastModifiedDate":"2024-09-15","isFullCredit":false},{"lineNumber":71,"author":{"gitId":"gskang-22"},"content":"    }","lastModifiedDate":"2024-09-15","isFullCredit":false},{"lineNumber":72,"author":{"gitId":"gskang-22"},"content":"","lastModifiedDate":"2024-09-15","isFullCredit":false},{"lineNumber":73,"author":{"gitId":"gskang-22"},"content":"}","lastModifiedDate":"2024-09-15","isFullCredit":false}],"authorContributionMap":{"gskang-22":73}},{"path":"src/main/java/XiaoMe.java","fileType":"java","lines":[{"lineNumber":1,"author":{"gitId":"gskang-22"},"content":"import task.Task;","lastModifiedDate":"2024-09-12","isFullCredit":false},{"lineNumber":2,"author":{"gitId":"gskang-22"},"content":"","lastModifiedDate":"2024-09-12","isFullCredit":false},{"lineNumber":3,"author":{"gitId":"gskang-22"},"content":"import java.util.ArrayList;","lastModifiedDate":"2024-09-15","isFullCredit":false},{"lineNumber":4,"author":{"gitId":"gskang-22"},"content":"import java.util.Objects;","lastModifiedDate":"2024-08-26","isFullCredit":false},{"lineNumber":5,"author":{"gitId":"gskang-22"},"content":"import java.util.Scanner;","lastModifiedDate":"2024-08-26","isFullCredit":false},{"lineNumber":6,"author":{"gitId":"gskang-22"},"content":"import task.*;","lastModifiedDate":"2024-09-12","isFullCredit":false},{"lineNumber":7,"author":{"gitId":"gskang-22"},"content":"","lastModifiedDate":"2024-08-26","isFullCredit":false},{"lineNumber":8,"author":{"gitId":"gskang-22"},"content":"","lastModifiedDate":"2024-08-26","isFullCredit":false},{"lineNumber":9,"author":{"gitId":"gskang-22"},"content":"public class XiaoMe {","lastModifiedDate":"2024-08-19","isFullCredit":false},{"lineNumber":10,"author":{"gitId":"gskang-22"},"content":"    static ArrayList\u003cTask\u003e tasks \u003d new ArrayList\u003c\u003e();","lastModifiedDate":"2024-09-15","isFullCredit":false},{"lineNumber":11,"author":{"gitId":"gskang-22"},"content":"","lastModifiedDate":"2024-09-03","isFullCredit":false},{"lineNumber":12,"author":{"gitId":"gskang-22"},"content":"    public enum Type {","lastModifiedDate":"2024-09-03","isFullCredit":false},{"lineNumber":13,"author":{"gitId":"gskang-22"},"content":"        MARK,","lastModifiedDate":"2024-09-03","isFullCredit":false},{"lineNumber":14,"author":{"gitId":"gskang-22"},"content":"        LIST,","lastModifiedDate":"2024-09-03","isFullCredit":false},{"lineNumber":15,"author":{"gitId":"gskang-22"},"content":"        TODO,","lastModifiedDate":"2024-09-03","isFullCredit":false},{"lineNumber":16,"author":{"gitId":"gskang-22"},"content":"        EVENT,","lastModifiedDate":"2024-09-03","isFullCredit":false},{"lineNumber":17,"author":{"gitId":"gskang-22"},"content":"        DEADLINE,","lastModifiedDate":"2024-09-03","isFullCredit":false},{"lineNumber":18,"author":{"gitId":"gskang-22"},"content":"        BYE,","lastModifiedDate":"2024-09-15","isFullCredit":false},{"lineNumber":19,"author":{"gitId":"gskang-22"},"content":"        DELETE","lastModifiedDate":"2024-09-15","isFullCredit":false},{"lineNumber":20,"author":{"gitId":"gskang-22"},"content":"    }","lastModifiedDate":"2024-09-03","isFullCredit":false},{"lineNumber":21,"author":{"gitId":"gskang-22"},"content":"","lastModifiedDate":"2024-08-27","isFullCredit":false},{"lineNumber":22,"author":{"gitId":"gskang-22"},"content":"    public static Type checkType(String line) throws XiaoMeException {","lastModifiedDate":"2024-09-12","isFullCredit":false},{"lineNumber":23,"author":{"gitId":"gskang-22"},"content":"        // checks what kind of command was received by XiaoMe","lastModifiedDate":"2024-09-03","isFullCredit":false},{"lineNumber":24,"author":{"gitId":"gskang-22"},"content":"","lastModifiedDate":"2024-08-27","isFullCredit":false},{"lineNumber":25,"author":{"gitId":"gskang-22"},"content":"        if (Objects.equals(line, \"bye\")) {","lastModifiedDate":"2024-09-03","isFullCredit":false},{"lineNumber":26,"author":{"gitId":"gskang-22"},"content":"            return Type.BYE;","lastModifiedDate":"2024-09-03","isFullCredit":false},{"lineNumber":27,"author":{"gitId":"gskang-22"},"content":"        } else if (Objects.equals(line, \"list\")) {","lastModifiedDate":"2024-09-03","isFullCredit":false},{"lineNumber":28,"author":{"gitId":"gskang-22"},"content":"            return Type.LIST;","lastModifiedDate":"2024-09-03","isFullCredit":false},{"lineNumber":29,"author":{"gitId":"gskang-22"},"content":"        }","lastModifiedDate":"2024-09-03","isFullCredit":false},{"lineNumber":30,"author":{"gitId":"gskang-22"},"content":"","lastModifiedDate":"2024-08-27","isFullCredit":false},{"lineNumber":31,"author":{"gitId":"gskang-22"},"content":"        String[] words \u003d line.trim().split(\" \");","lastModifiedDate":"2024-09-03","isFullCredit":false},{"lineNumber":32,"author":{"gitId":"gskang-22"},"content":"        String first \u003d words[0];","lastModifiedDate":"2024-09-03","isFullCredit":false},{"lineNumber":33,"author":{"gitId":"gskang-22"},"content":"","lastModifiedDate":"2024-09-03","isFullCredit":false},{"lineNumber":34,"author":{"gitId":"gskang-22"},"content":"        if (Objects.equals(first, \"todo\")) {","lastModifiedDate":"2024-09-03","isFullCredit":false},{"lineNumber":35,"author":{"gitId":"gskang-22"},"content":"            return Type.TODO;","lastModifiedDate":"2024-09-03","isFullCredit":false},{"lineNumber":36,"author":{"gitId":"gskang-22"},"content":"        } else if (Objects.equals(first, \"deadline\")) {","lastModifiedDate":"2024-09-03","isFullCredit":false},{"lineNumber":37,"author":{"gitId":"gskang-22"},"content":"            return Type.DEADLINE;","lastModifiedDate":"2024-09-03","isFullCredit":false},{"lineNumber":38,"author":{"gitId":"gskang-22"},"content":"        } else if (Objects.equals(first, \"event\")) {","lastModifiedDate":"2024-09-03","isFullCredit":false},{"lineNumber":39,"author":{"gitId":"gskang-22"},"content":"            return Type.EVENT;","lastModifiedDate":"2024-09-03","isFullCredit":false},{"lineNumber":40,"author":{"gitId":"gskang-22"},"content":"        } else if (Objects.equals(first, \"mark\") || Objects.equals(first, \"unmark\")) {","lastModifiedDate":"2024-09-03","isFullCredit":false},{"lineNumber":41,"author":{"gitId":"gskang-22"},"content":"            return Type.MARK;","lastModifiedDate":"2024-09-03","isFullCredit":false},{"lineNumber":42,"author":{"gitId":"gskang-22"},"content":"        } else if (Objects.equals(first, \"delete\")) {","lastModifiedDate":"2024-09-15","isFullCredit":false},{"lineNumber":43,"author":{"gitId":"gskang-22"},"content":"            return Type.DELETE;","lastModifiedDate":"2024-09-15","isFullCredit":false},{"lineNumber":44,"author":{"gitId":"gskang-22"},"content":"        }","lastModifiedDate":"2024-08-27","isFullCredit":false},{"lineNumber":45,"author":{"gitId":"gskang-22"},"content":"","lastModifiedDate":"2024-08-27","isFullCredit":false},{"lineNumber":46,"author":{"gitId":"gskang-22"},"content":"        throw new XiaoMeException();","lastModifiedDate":"2024-09-12","isFullCredit":false},{"lineNumber":47,"author":{"gitId":"gskang-22"},"content":"    }","lastModifiedDate":"2024-08-27","isFullCredit":false},{"lineNumber":48,"author":{"gitId":"gskang-22"},"content":"","lastModifiedDate":"2024-08-27","isFullCredit":false},{"lineNumber":49,"author":{"gitId":"-"},"content":"    public static void main(String[] args) {","lastModifiedDate":"2019-07-29","isFullCredit":false},{"lineNumber":50,"author":{"gitId":"gskang-22"},"content":"","lastModifiedDate":"2024-08-19","isFullCredit":false},{"lineNumber":51,"author":{"gitId":"gskang-22"},"content":"        Save.readFile();","lastModifiedDate":"2024-09-15","isFullCredit":false},{"lineNumber":52,"author":{"gitId":"gskang-22"},"content":"","lastModifiedDate":"2024-09-15","isFullCredit":false},{"lineNumber":53,"author":{"gitId":"gskang-22"},"content":"        String line;","lastModifiedDate":"2024-08-26","isFullCredit":false},{"lineNumber":54,"author":{"gitId":"gskang-22"},"content":"        Scanner in \u003d new Scanner(System.in);","lastModifiedDate":"2024-08-26","isFullCredit":false},{"lineNumber":55,"author":{"gitId":"gskang-22"},"content":"","lastModifiedDate":"2024-08-26","isFullCredit":false},{"lineNumber":56,"author":{"gitId":"gskang-22"},"content":"        System.out.println(\"\"\"               ","lastModifiedDate":"2024-08-26","isFullCredit":false},{"lineNumber":57,"author":{"gitId":"gskang-22"},"content":"                \\t____________________________________________________________","lastModifiedDate":"2024-09-03","isFullCredit":false},{"lineNumber":58,"author":{"gitId":"gskang-22"},"content":"                \\tHello! I\u0027m XiaoMe","lastModifiedDate":"2024-09-03","isFullCredit":false},{"lineNumber":59,"author":{"gitId":"gskang-22"},"content":"                \\tWhat can I do for you?","lastModifiedDate":"2024-09-03","isFullCredit":false},{"lineNumber":60,"author":{"gitId":"gskang-22"},"content":"                \\t____________________________________________________________","lastModifiedDate":"2024-09-03","isFullCredit":false},{"lineNumber":61,"author":{"gitId":"gskang-22"},"content":"                \"\"\");","lastModifiedDate":"2024-08-26","isFullCredit":false},{"lineNumber":62,"author":{"gitId":"gskang-22"},"content":"","lastModifiedDate":"2024-09-03","isFullCredit":false},{"lineNumber":63,"author":{"gitId":"gskang-22"},"content":"        while (true) {","lastModifiedDate":"2024-08-26","isFullCredit":false},{"lineNumber":64,"author":{"gitId":"gskang-22"},"content":"            line \u003d in.nextLine();","lastModifiedDate":"2024-08-26","isFullCredit":false},{"lineNumber":65,"author":{"gitId":"gskang-22"},"content":"            Type type;","lastModifiedDate":"2024-09-12","isFullCredit":false},{"lineNumber":66,"author":{"gitId":"gskang-22"},"content":"            try {","lastModifiedDate":"2024-09-12","isFullCredit":false},{"lineNumber":67,"author":{"gitId":"gskang-22"},"content":"                type \u003d checkType(line);","lastModifiedDate":"2024-09-12","isFullCredit":false},{"lineNumber":68,"author":{"gitId":"gskang-22"},"content":"            } catch (XiaoMeException e) {","lastModifiedDate":"2024-09-12","isFullCredit":false},{"lineNumber":69,"author":{"gitId":"gskang-22"},"content":"                // invalid command","lastModifiedDate":"2024-09-12","isFullCredit":false},{"lineNumber":70,"author":{"gitId":"gskang-22"},"content":"                System.out.println(\"\"\"","lastModifiedDate":"2024-09-12","isFullCredit":false},{"lineNumber":71,"author":{"gitId":"gskang-22"},"content":"                            \\t____________________________________________________________","lastModifiedDate":"2024-09-12","isFullCredit":false},{"lineNumber":72,"author":{"gitId":"gskang-22"},"content":"                            Invalid command :(","lastModifiedDate":"2024-09-12","isFullCredit":false},{"lineNumber":73,"author":{"gitId":"gskang-22"},"content":"                            \\t____________________________________________________________","lastModifiedDate":"2024-09-12","isFullCredit":false},{"lineNumber":74,"author":{"gitId":"gskang-22"},"content":"                            \"\"\");","lastModifiedDate":"2024-09-12","isFullCredit":false},{"lineNumber":75,"author":{"gitId":"gskang-22"},"content":"                continue;","lastModifiedDate":"2024-09-12","isFullCredit":false},{"lineNumber":76,"author":{"gitId":"gskang-22"},"content":"            }","lastModifiedDate":"2024-09-12","isFullCredit":false},{"lineNumber":77,"author":{"gitId":"gskang-22"},"content":"            switch (type) {","lastModifiedDate":"2024-09-12","isFullCredit":false},{"lineNumber":78,"author":{"gitId":"gskang-22"},"content":"                case BYE:","lastModifiedDate":"2024-09-12","isFullCredit":false},{"lineNumber":79,"author":{"gitId":"gskang-22"},"content":"                    // user input is bye: end programme","lastModifiedDate":"2024-08-26","isFullCredit":false},{"lineNumber":80,"author":{"gitId":"gskang-22"},"content":"                    System.out.println(\"\"\"","lastModifiedDate":"2024-08-26","isFullCredit":false},{"lineNumber":81,"author":{"gitId":"gskang-22"},"content":"                            \\t____________________________________________________________","lastModifiedDate":"2024-09-03","isFullCredit":false},{"lineNumber":82,"author":{"gitId":"gskang-22"},"content":"                            \\tBye. Hope to see you again soon!","lastModifiedDate":"2024-09-03","isFullCredit":false},{"lineNumber":83,"author":{"gitId":"gskang-22"},"content":"                            \\t____________________________________________________________","lastModifiedDate":"2024-09-03","isFullCredit":false},{"lineNumber":84,"author":{"gitId":"gskang-22"},"content":"                            \"\"\");","lastModifiedDate":"2024-09-03","isFullCredit":false},{"lineNumber":85,"author":{"gitId":"gskang-22"},"content":"                    return; // stop programme","lastModifiedDate":"2024-09-12","isFullCredit":false},{"lineNumber":86,"author":{"gitId":"gskang-22"},"content":"","lastModifiedDate":"2024-09-03","isFullCredit":false},{"lineNumber":87,"author":{"gitId":"gskang-22"},"content":"                case LIST:","lastModifiedDate":"2024-09-12","isFullCredit":false},{"lineNumber":88,"author":{"gitId":"gskang-22"},"content":"","lastModifiedDate":"2024-09-03","isFullCredit":false},{"lineNumber":89,"author":{"gitId":"gskang-22"},"content":"                    // user input is list: display past tasks","lastModifiedDate":"2024-08-27","isFullCredit":false},{"lineNumber":90,"author":{"gitId":"gskang-22"},"content":"                    System.out.println(\"\"\"","lastModifiedDate":"2024-08-27","isFullCredit":false},{"lineNumber":91,"author":{"gitId":"gskang-22"},"content":"                            \\t____________________________________________________________","lastModifiedDate":"2024-09-03","isFullCredit":false},{"lineNumber":92,"author":{"gitId":"gskang-22"},"content":"                            \\tHere are the tasks in your list:\"\"\");","lastModifiedDate":"2024-09-03","isFullCredit":false},{"lineNumber":93,"author":{"gitId":"gskang-22"},"content":"                    for (int i \u003d 0; i \u003c tasks.size(); i++) {","lastModifiedDate":"2024-09-15","isFullCredit":false},{"lineNumber":94,"author":{"gitId":"gskang-22"},"content":"                        System.out.println(\"\\t\\t\" + (i + 1) + \".\" + tasks.get(i));","lastModifiedDate":"2024-09-15","isFullCredit":false},{"lineNumber":95,"author":{"gitId":"gskang-22"},"content":"                    }","lastModifiedDate":"2024-08-27","isFullCredit":false},{"lineNumber":96,"author":{"gitId":"gskang-22"},"content":"                    System.out.println(\"\\t____________________________________________________________\\n\");","lastModifiedDate":"2024-09-03","isFullCredit":false},{"lineNumber":97,"author":{"gitId":"gskang-22"},"content":"                    break;","lastModifiedDate":"2024-09-12","isFullCredit":false},{"lineNumber":98,"author":{"gitId":"gskang-22"},"content":"","lastModifiedDate":"2024-09-03","isFullCredit":false},{"lineNumber":99,"author":{"gitId":"gskang-22"},"content":"                case MARK:","lastModifiedDate":"2024-09-12","isFullCredit":false},{"lineNumber":100,"author":{"gitId":"gskang-22"},"content":"                    try {","lastModifiedDate":"2024-09-12","isFullCredit":false},{"lineNumber":101,"author":{"gitId":"gskang-22"},"content":"                        // user input is mark/unmark x: mark corresponding task as done or undone","lastModifiedDate":"2024-08-27","isFullCredit":false},{"lineNumber":102,"author":{"gitId":"gskang-22"},"content":"                        String[] markWords \u003d line.split(\" \");","lastModifiedDate":"2024-09-12","isFullCredit":false},{"lineNumber":103,"author":{"gitId":"gskang-22"},"content":"                        int index \u003d Integer.parseInt(markWords[1]) - 1;","lastModifiedDate":"2024-09-12","isFullCredit":false},{"lineNumber":104,"author":{"gitId":"gskang-22"},"content":"","lastModifiedDate":"2024-09-03","isFullCredit":false},{"lineNumber":105,"author":{"gitId":"gskang-22"},"content":"                        if (Objects.equals(markWords[0], \"mark\")) {","lastModifiedDate":"2024-09-12","isFullCredit":false},{"lineNumber":106,"author":{"gitId":"gskang-22"},"content":"                            tasks.get(index).setDone(true);","lastModifiedDate":"2024-09-15","isFullCredit":false},{"lineNumber":107,"author":{"gitId":"gskang-22"},"content":"","lastModifiedDate":"2024-08-27","isFullCredit":false},{"lineNumber":108,"author":{"gitId":"gskang-22"},"content":"                            System.out.println(\"\\t____________________________________________________________\\n\"","lastModifiedDate":"2024-09-03","isFullCredit":false},{"lineNumber":109,"author":{"gitId":"gskang-22"},"content":"                                    + \"\\tNice! I\u0027ve marked this task as done:\\n\"","lastModifiedDate":"2024-09-03","isFullCredit":false},{"lineNumber":110,"author":{"gitId":"gskang-22"},"content":"                                    + \"\\t\\t\" + tasks.get(index)","lastModifiedDate":"2024-09-15","isFullCredit":false},{"lineNumber":111,"author":{"gitId":"gskang-22"},"content":"                                    + \"\\n\\t____________________________________________________________\\n\");","lastModifiedDate":"2024-09-03","isFullCredit":false},{"lineNumber":112,"author":{"gitId":"gskang-22"},"content":"                        } else {","lastModifiedDate":"2024-08-27","isFullCredit":false},{"lineNumber":113,"author":{"gitId":"gskang-22"},"content":"                            tasks.get(index).setDone(false);","lastModifiedDate":"2024-09-15","isFullCredit":false},{"lineNumber":114,"author":{"gitId":"gskang-22"},"content":"","lastModifiedDate":"2024-08-27","isFullCredit":false},{"lineNumber":115,"author":{"gitId":"gskang-22"},"content":"                            System.out.println(\"\\t____________________________________________________________\\n\"","lastModifiedDate":"2024-09-03","isFullCredit":false},{"lineNumber":116,"author":{"gitId":"gskang-22"},"content":"                                    + \"\\tOK, I\u0027ve marked this task as not done yet:\\n\"","lastModifiedDate":"2024-09-03","isFullCredit":false},{"lineNumber":117,"author":{"gitId":"gskang-22"},"content":"                                    + \"\\t\\t\" + tasks.get(index)","lastModifiedDate":"2024-09-15","isFullCredit":false},{"lineNumber":118,"author":{"gitId":"gskang-22"},"content":"                                    + \"\\n\\t____________________________________________________________\\n\");","lastModifiedDate":"2024-09-03","isFullCredit":false},{"lineNumber":119,"author":{"gitId":"gskang-22"},"content":"                        }","lastModifiedDate":"2024-08-26","isFullCredit":false},{"lineNumber":120,"author":{"gitId":"gskang-22"},"content":"","lastModifiedDate":"2024-09-15","isFullCredit":false},{"lineNumber":121,"author":{"gitId":"gskang-22"},"content":"                        Save.saveFile();","lastModifiedDate":"2024-09-15","isFullCredit":false},{"lineNumber":122,"author":{"gitId":"gskang-22"},"content":"","lastModifiedDate":"2024-09-15","isFullCredit":false},{"lineNumber":123,"author":{"gitId":"gskang-22"},"content":"                    } catch (NumberFormatException | ArrayIndexOutOfBoundsException e) {","lastModifiedDate":"2024-09-12","isFullCredit":false},{"lineNumber":124,"author":{"gitId":"gskang-22"},"content":"                        System.out.println(\"\"\"","lastModifiedDate":"2024-09-12","isFullCredit":false},{"lineNumber":125,"author":{"gitId":"gskang-22"},"content":"                                \\t____________________________________________________________","lastModifiedDate":"2024-09-12","isFullCredit":false},{"lineNumber":126,"author":{"gitId":"gskang-22"},"content":"                                \\tHEY mark/unmark should be followed by a valid integer","lastModifiedDate":"2024-09-12","isFullCredit":false},{"lineNumber":127,"author":{"gitId":"gskang-22"},"content":"                                \\t____________________________________________________________","lastModifiedDate":"2024-09-12","isFullCredit":false},{"lineNumber":128,"author":{"gitId":"gskang-22"},"content":"                                \"\"\");","lastModifiedDate":"2024-09-12","isFullCredit":false},{"lineNumber":129,"author":{"gitId":"gskang-22"},"content":"                    } catch (NullPointerException | IndexOutOfBoundsException e) {","lastModifiedDate":"2024-09-15","isFullCredit":false},{"lineNumber":130,"author":{"gitId":"gskang-22"},"content":"                        System.out.println(\"\"\"","lastModifiedDate":"2024-09-12","isFullCredit":false},{"lineNumber":131,"author":{"gitId":"gskang-22"},"content":"                                \\t____________________________________________________________","lastModifiedDate":"2024-09-12","isFullCredit":false},{"lineNumber":132,"author":{"gitId":"gskang-22"},"content":"                                \\tInteger provided does not have a corresponding task","lastModifiedDate":"2024-09-12","isFullCredit":false},{"lineNumber":133,"author":{"gitId":"gskang-22"},"content":"                                \\t____________________________________________________________","lastModifiedDate":"2024-09-12","isFullCredit":false},{"lineNumber":134,"author":{"gitId":"gskang-22"},"content":"                                \"\"\");","lastModifiedDate":"2024-09-12","isFullCredit":false},{"lineNumber":135,"author":{"gitId":"gskang-22"},"content":"                    }","lastModifiedDate":"2024-09-12","isFullCredit":false},{"lineNumber":136,"author":{"gitId":"gskang-22"},"content":"                    break;","lastModifiedDate":"2024-09-12","isFullCredit":false},{"lineNumber":137,"author":{"gitId":"gskang-22"},"content":"","lastModifiedDate":"2024-08-27","isFullCredit":false},{"lineNumber":138,"author":{"gitId":"gskang-22"},"content":"                case EVENT:","lastModifiedDate":"2024-09-12","isFullCredit":false},{"lineNumber":139,"author":{"gitId":"gskang-22"},"content":"","lastModifiedDate":"2024-09-03","isFullCredit":false},{"lineNumber":140,"author":{"gitId":"gskang-22"},"content":"                    try {","lastModifiedDate":"2024-09-12","isFullCredit":false},{"lineNumber":141,"author":{"gitId":"gskang-22"},"content":"                        // user is creating a new event","lastModifiedDate":"2024-09-03","isFullCredit":false},{"lineNumber":142,"author":{"gitId":"gskang-22"},"content":"                        String[] eventWords \u003d line.split(\"/\");","lastModifiedDate":"2024-09-12","isFullCredit":false},{"lineNumber":143,"author":{"gitId":"gskang-22"},"content":"","lastModifiedDate":"2024-09-03","isFullCredit":false},{"lineNumber":144,"author":{"gitId":"gskang-22"},"content":"                        if (eventWords.length !\u003d 3 ||","lastModifiedDate":"2024-09-12","isFullCredit":false},{"lineNumber":145,"author":{"gitId":"gskang-22"},"content":"                                !eventWords[1].startsWith(\"from \") ||","lastModifiedDate":"2024-09-12","isFullCredit":false},{"lineNumber":146,"author":{"gitId":"gskang-22"},"content":"                                !eventWords[2].startsWith(\"to \")) {","lastModifiedDate":"2024-09-12","isFullCredit":false},{"lineNumber":147,"author":{"gitId":"gskang-22"},"content":"                            throw new IllegalArgumentException();","lastModifiedDate":"2024-09-12","isFullCredit":false},{"lineNumber":148,"author":{"gitId":"gskang-22"},"content":"                        }","lastModifiedDate":"2024-09-12","isFullCredit":false},{"lineNumber":149,"author":{"gitId":"gskang-22"},"content":"","lastModifiedDate":"2024-09-12","isFullCredit":false},{"lineNumber":150,"author":{"gitId":"gskang-22"},"content":"                        tasks.add(new Event(eventWords[0].replace(\"event\", \"\").trim(), eventWords[1].replace(\"from \", \"\").trim(), eventWords[2].replace(\"to \", \"\").trim())); // add task to storage","lastModifiedDate":"2024-09-15","isFullCredit":false},{"lineNumber":151,"author":{"gitId":"gskang-22"},"content":"","lastModifiedDate":"2024-09-03","isFullCredit":false},{"lineNumber":152,"author":{"gitId":"gskang-22"},"content":"                        System.out.println(\"\\t____________________________________________________________\\n\"","lastModifiedDate":"2024-09-03","isFullCredit":false},{"lineNumber":153,"author":{"gitId":"gskang-22"},"content":"                                + \"\\tGot it. I\u0027ve added this task:\\n\"","lastModifiedDate":"2024-09-03","isFullCredit":false},{"lineNumber":154,"author":{"gitId":"gskang-22"},"content":"                                + \"\\t\\t\" + tasks.getLast() + \"\\n\"","lastModifiedDate":"2024-09-15","isFullCredit":false},{"lineNumber":155,"author":{"gitId":"gskang-22"},"content":"                                + \"\\tNow you have \" + tasks.size() + \" tasks in the list.\\n\"","lastModifiedDate":"2024-09-15","isFullCredit":false},{"lineNumber":156,"author":{"gitId":"gskang-22"},"content":"                                + \"\\t____________________________________________________________\\n\");","lastModifiedDate":"2024-09-03","isFullCredit":false},{"lineNumber":157,"author":{"gitId":"gskang-22"},"content":"","lastModifiedDate":"2024-09-15","isFullCredit":false},{"lineNumber":158,"author":{"gitId":"gskang-22"},"content":"                        Save.saveFile();","lastModifiedDate":"2024-09-15","isFullCredit":false},{"lineNumber":159,"author":{"gitId":"gskang-22"},"content":"","lastModifiedDate":"2024-09-15","isFullCredit":false},{"lineNumber":160,"author":{"gitId":"gskang-22"},"content":"                    } catch (Exception e) {","lastModifiedDate":"2024-09-12","isFullCredit":false},{"lineNumber":161,"author":{"gitId":"gskang-22"},"content":"                        System.out.println(\"\"\"","lastModifiedDate":"2024-09-12","isFullCredit":false},{"lineNumber":162,"author":{"gitId":"gskang-22"},"content":"                                \\t____________________________________________________________","lastModifiedDate":"2024-09-12","isFullCredit":false},{"lineNumber":163,"author":{"gitId":"gskang-22"},"content":"                                \\tInvalid format to create an event:","lastModifiedDate":"2024-09-12","isFullCredit":false},{"lineNumber":164,"author":{"gitId":"gskang-22"},"content":"                                \\tUse \u0027event \u003cdescription\u003e /from \u003cstart_time\u003e /to \u003cend_time\u003e\u0027","lastModifiedDate":"2024-09-12","isFullCredit":false},{"lineNumber":165,"author":{"gitId":"gskang-22"},"content":"                                \\t____________________________________________________________","lastModifiedDate":"2024-09-12","isFullCredit":false},{"lineNumber":166,"author":{"gitId":"gskang-22"},"content":"                                \"\"\");","lastModifiedDate":"2024-09-12","isFullCredit":false},{"lineNumber":167,"author":{"gitId":"gskang-22"},"content":"                    }","lastModifiedDate":"2024-09-12","isFullCredit":false},{"lineNumber":168,"author":{"gitId":"gskang-22"},"content":"                    break;","lastModifiedDate":"2024-09-12","isFullCredit":false},{"lineNumber":169,"author":{"gitId":"gskang-22"},"content":"","lastModifiedDate":"2024-09-03","isFullCredit":false},{"lineNumber":170,"author":{"gitId":"gskang-22"},"content":"                case DEADLINE:","lastModifiedDate":"2024-09-12","isFullCredit":false},{"lineNumber":171,"author":{"gitId":"gskang-22"},"content":"                    try {","lastModifiedDate":"2024-09-12","isFullCredit":false},{"lineNumber":172,"author":{"gitId":"gskang-22"},"content":"                        // user is creating a new deadline","lastModifiedDate":"2024-09-03","isFullCredit":false},{"lineNumber":173,"author":{"gitId":"gskang-22"},"content":"                        String[] lineWords \u003d line.split(\"/by\");","lastModifiedDate":"2024-09-12","isFullCredit":false},{"lineNumber":174,"author":{"gitId":"gskang-22"},"content":"                        if (lineWords.length !\u003d 2) {","lastModifiedDate":"2024-09-12","isFullCredit":false},{"lineNumber":175,"author":{"gitId":"gskang-22"},"content":"                            throw new IllegalArgumentException();","lastModifiedDate":"2024-09-12","isFullCredit":false},{"lineNumber":176,"author":{"gitId":"gskang-22"},"content":"                        }","lastModifiedDate":"2024-09-12","isFullCredit":false},{"lineNumber":177,"author":{"gitId":"gskang-22"},"content":"","lastModifiedDate":"2024-09-03","isFullCredit":false},{"lineNumber":178,"author":{"gitId":"gskang-22"},"content":"                        tasks.add(new Deadline(lineWords[0].replace(\"deadline\", \"\").trim(), lineWords[1].trim())); // add task to storage","lastModifiedDate":"2024-09-15","isFullCredit":false},{"lineNumber":179,"author":{"gitId":"gskang-22"},"content":"","lastModifiedDate":"2024-09-03","isFullCredit":false},{"lineNumber":180,"author":{"gitId":"gskang-22"},"content":"                        System.out.println(\"\\t____________________________________________________________\\n\"","lastModifiedDate":"2024-09-03","isFullCredit":false},{"lineNumber":181,"author":{"gitId":"gskang-22"},"content":"                                + \"\\tGot it. I\u0027ve added this task:\\n\"","lastModifiedDate":"2024-09-03","isFullCredit":false},{"lineNumber":182,"author":{"gitId":"gskang-22"},"content":"                                + \"\\t\\t\" + tasks.getLast() + \"\\n\"","lastModifiedDate":"2024-09-15","isFullCredit":false},{"lineNumber":183,"author":{"gitId":"gskang-22"},"content":"                                + \"\\tNow you have \" + tasks.size() + \" tasks in the list.\\n\"","lastModifiedDate":"2024-09-15","isFullCredit":false},{"lineNumber":184,"author":{"gitId":"gskang-22"},"content":"                                + \"\\t____________________________________________________________\\n\");","lastModifiedDate":"2024-09-03","isFullCredit":false},{"lineNumber":185,"author":{"gitId":"gskang-22"},"content":"","lastModifiedDate":"2024-09-15","isFullCredit":false},{"lineNumber":186,"author":{"gitId":"gskang-22"},"content":"                        Save.saveFile();","lastModifiedDate":"2024-09-15","isFullCredit":false},{"lineNumber":187,"author":{"gitId":"gskang-22"},"content":"","lastModifiedDate":"2024-09-15","isFullCredit":false},{"lineNumber":188,"author":{"gitId":"gskang-22"},"content":"                    } catch (Exception e) {","lastModifiedDate":"2024-09-12","isFullCredit":false},{"lineNumber":189,"author":{"gitId":"gskang-22"},"content":"                        System.out.println(\"\"\"","lastModifiedDate":"2024-09-12","isFullCredit":false},{"lineNumber":190,"author":{"gitId":"gskang-22"},"content":"                                \\t____________________________________________________________","lastModifiedDate":"2024-09-12","isFullCredit":false},{"lineNumber":191,"author":{"gitId":"gskang-22"},"content":"                                \\tInvalid format to create a deadline:","lastModifiedDate":"2024-09-12","isFullCredit":false},{"lineNumber":192,"author":{"gitId":"gskang-22"},"content":"                                \\tUse \u0027deadline \u003cdescription\u003e /by \u003cdue_date\u003e\u0027","lastModifiedDate":"2024-09-12","isFullCredit":false},{"lineNumber":193,"author":{"gitId":"gskang-22"},"content":"                                \\t____________________________________________________________","lastModifiedDate":"2024-09-12","isFullCredit":false},{"lineNumber":194,"author":{"gitId":"gskang-22"},"content":"                                \"\"\");","lastModifiedDate":"2024-09-12","isFullCredit":false},{"lineNumber":195,"author":{"gitId":"gskang-22"},"content":"                    }","lastModifiedDate":"2024-09-12","isFullCredit":false},{"lineNumber":196,"author":{"gitId":"gskang-22"},"content":"                    break;","lastModifiedDate":"2024-09-12","isFullCredit":false},{"lineNumber":197,"author":{"gitId":"gskang-22"},"content":"","lastModifiedDate":"2024-09-03","isFullCredit":false},{"lineNumber":198,"author":{"gitId":"gskang-22"},"content":"                case TODO:","lastModifiedDate":"2024-09-12","isFullCredit":false},{"lineNumber":199,"author":{"gitId":"gskang-22"},"content":"                    try {","lastModifiedDate":"2024-09-12","isFullCredit":false},{"lineNumber":200,"author":{"gitId":"gskang-22"},"content":"                        // user is creating a new  Task.Todo","lastModifiedDate":"2024-09-12","isFullCredit":false},{"lineNumber":201,"author":{"gitId":"gskang-22"},"content":"                        String string \u003d line.replace(\"todo\", \"\").trim();","lastModifiedDate":"2024-09-12","isFullCredit":false},{"lineNumber":202,"author":{"gitId":"gskang-22"},"content":"","lastModifiedDate":"2024-09-12","isFullCredit":false},{"lineNumber":203,"author":{"gitId":"gskang-22"},"content":"                        if (string.isEmpty()) {","lastModifiedDate":"2024-09-12","isFullCredit":false},{"lineNumber":204,"author":{"gitId":"gskang-22"},"content":"                            throw new IllegalArgumentException();","lastModifiedDate":"2024-09-12","isFullCredit":false},{"lineNumber":205,"author":{"gitId":"gskang-22"},"content":"                        }","lastModifiedDate":"2024-09-12","isFullCredit":false},{"lineNumber":206,"author":{"gitId":"gskang-22"},"content":"","lastModifiedDate":"2024-09-12","isFullCredit":false},{"lineNumber":207,"author":{"gitId":"gskang-22"},"content":"                        tasks.add(new Todo(string)); // add task to storage","lastModifiedDate":"2024-09-15","isFullCredit":false},{"lineNumber":208,"author":{"gitId":"gskang-22"},"content":"","lastModifiedDate":"2024-09-03","isFullCredit":false},{"lineNumber":209,"author":{"gitId":"gskang-22"},"content":"                        System.out.println(\"\\t____________________________________________________________\\n\"","lastModifiedDate":"2024-09-03","isFullCredit":false},{"lineNumber":210,"author":{"gitId":"gskang-22"},"content":"                                + \"\\tGot it. I\u0027ve added this task:\\n\"","lastModifiedDate":"2024-09-03","isFullCredit":false},{"lineNumber":211,"author":{"gitId":"gskang-22"},"content":"                                + \"\\t\\t\" + tasks.getLast() + \"\\n\"","lastModifiedDate":"2024-09-15","isFullCredit":false},{"lineNumber":212,"author":{"gitId":"gskang-22"},"content":"                                + \"\\tNow you have \" + tasks.size() + \" tasks in the list.\\n\"","lastModifiedDate":"2024-09-15","isFullCredit":false},{"lineNumber":213,"author":{"gitId":"gskang-22"},"content":"                                + \"\\t____________________________________________________________\\n\");","lastModifiedDate":"2024-09-03","isFullCredit":false},{"lineNumber":214,"author":{"gitId":"gskang-22"},"content":"","lastModifiedDate":"2024-09-15","isFullCredit":false},{"lineNumber":215,"author":{"gitId":"gskang-22"},"content":"                        Save.saveFile();","lastModifiedDate":"2024-09-15","isFullCredit":false},{"lineNumber":216,"author":{"gitId":"gskang-22"},"content":"","lastModifiedDate":"2024-09-15","isFullCredit":false},{"lineNumber":217,"author":{"gitId":"gskang-22"},"content":"                    } catch (Exception e) {","lastModifiedDate":"2024-09-12","isFullCredit":false},{"lineNumber":218,"author":{"gitId":"gskang-22"},"content":"                        System.out.println(\"\"\"","lastModifiedDate":"2024-09-12","isFullCredit":false},{"lineNumber":219,"author":{"gitId":"gskang-22"},"content":"                                \\t____________________________________________________________","lastModifiedDate":"2024-09-12","isFullCredit":false},{"lineNumber":220,"author":{"gitId":"gskang-22"},"content":"                                \\tInvalid format to create a todo:","lastModifiedDate":"2024-09-12","isFullCredit":false},{"lineNumber":221,"author":{"gitId":"gskang-22"},"content":"                                \\tUse \u0027todo \u003ctask\u003e\u0027","lastModifiedDate":"2024-09-12","isFullCredit":false},{"lineNumber":222,"author":{"gitId":"gskang-22"},"content":"                                \\t____________________________________________________________","lastModifiedDate":"2024-09-12","isFullCredit":false},{"lineNumber":223,"author":{"gitId":"gskang-22"},"content":"                                \"\"\");","lastModifiedDate":"2024-09-12","isFullCredit":false},{"lineNumber":224,"author":{"gitId":"gskang-22"},"content":"                    }","lastModifiedDate":"2024-09-12","isFullCredit":false},{"lineNumber":225,"author":{"gitId":"gskang-22"},"content":"                    break;","lastModifiedDate":"2024-09-12","isFullCredit":false},{"lineNumber":226,"author":{"gitId":"gskang-22"},"content":"","lastModifiedDate":"2024-09-03","isFullCredit":false},{"lineNumber":227,"author":{"gitId":"gskang-22"},"content":"                case DELETE:","lastModifiedDate":"2024-09-15","isFullCredit":false},{"lineNumber":228,"author":{"gitId":"gskang-22"},"content":"                    try {","lastModifiedDate":"2024-09-15","isFullCredit":false},{"lineNumber":229,"author":{"gitId":"gskang-22"},"content":"                        String[] markWords \u003d line.split(\" \");","lastModifiedDate":"2024-09-15","isFullCredit":false},{"lineNumber":230,"author":{"gitId":"gskang-22"},"content":"                        int index \u003d Integer.parseInt(markWords[1]) - 1;","lastModifiedDate":"2024-09-15","isFullCredit":false},{"lineNumber":231,"author":{"gitId":"gskang-22"},"content":"                        Task temp \u003d tasks.get(index);","lastModifiedDate":"2024-09-15","isFullCredit":false},{"lineNumber":232,"author":{"gitId":"gskang-22"},"content":"","lastModifiedDate":"2024-09-15","isFullCredit":false},{"lineNumber":233,"author":{"gitId":"gskang-22"},"content":"                        tasks.remove(index);","lastModifiedDate":"2024-09-15","isFullCredit":false},{"lineNumber":234,"author":{"gitId":"gskang-22"},"content":"","lastModifiedDate":"2024-09-15","isFullCredit":false},{"lineNumber":235,"author":{"gitId":"gskang-22"},"content":"","lastModifiedDate":"2024-09-15","isFullCredit":false},{"lineNumber":236,"author":{"gitId":"gskang-22"},"content":"                        System.out.println(\"\\t____________________________________________________________\\n\"","lastModifiedDate":"2024-09-15","isFullCredit":false},{"lineNumber":237,"author":{"gitId":"gskang-22"},"content":"                                + \"\\tNoted. I\u0027ve removed this task:\\n\"","lastModifiedDate":"2024-09-15","isFullCredit":false},{"lineNumber":238,"author":{"gitId":"gskang-22"},"content":"                                + \"\\t\\t\" + temp + \"\\n\"","lastModifiedDate":"2024-09-15","isFullCredit":false},{"lineNumber":239,"author":{"gitId":"gskang-22"},"content":"                                + \"\\tNow you have \" + tasks.size() + \" tasks in the list.\\n\"","lastModifiedDate":"2024-09-15","isFullCredit":false},{"lineNumber":240,"author":{"gitId":"gskang-22"},"content":"                                + \"\\t____________________________________________________________\\n\");","lastModifiedDate":"2024-09-15","isFullCredit":false},{"lineNumber":241,"author":{"gitId":"gskang-22"},"content":"","lastModifiedDate":"2024-09-15","isFullCredit":false},{"lineNumber":242,"author":{"gitId":"gskang-22"},"content":"                    } catch (NumberFormatException e) {","lastModifiedDate":"2024-09-15","isFullCredit":false},{"lineNumber":243,"author":{"gitId":"gskang-22"},"content":"                        System.out.println(\"\"\"","lastModifiedDate":"2024-09-15","isFullCredit":false},{"lineNumber":244,"author":{"gitId":"gskang-22"},"content":"                                \\t____________________________________________________________","lastModifiedDate":"2024-09-15","isFullCredit":false},{"lineNumber":245,"author":{"gitId":"gskang-22"},"content":"                                \\tHEY delete should be followed by a valid integer","lastModifiedDate":"2024-09-15","isFullCredit":false},{"lineNumber":246,"author":{"gitId":"gskang-22"},"content":"                                \\t____________________________________________________________","lastModifiedDate":"2024-09-15","isFullCredit":false},{"lineNumber":247,"author":{"gitId":"gskang-22"},"content":"                                \"\"\");","lastModifiedDate":"2024-09-15","isFullCredit":false},{"lineNumber":248,"author":{"gitId":"gskang-22"},"content":"                    } catch (NullPointerException | IndexOutOfBoundsException e) {","lastModifiedDate":"2024-09-15","isFullCredit":false},{"lineNumber":249,"author":{"gitId":"gskang-22"},"content":"                        System.out.println(\"\"\"","lastModifiedDate":"2024-09-15","isFullCredit":false},{"lineNumber":250,"author":{"gitId":"gskang-22"},"content":"                                \\t____________________________________________________________","lastModifiedDate":"2024-09-15","isFullCredit":false},{"lineNumber":251,"author":{"gitId":"gskang-22"},"content":"                                \\tInteger provided does not have a corresponding task","lastModifiedDate":"2024-09-15","isFullCredit":false},{"lineNumber":252,"author":{"gitId":"gskang-22"},"content":"                                \\t____________________________________________________________","lastModifiedDate":"2024-09-15","isFullCredit":false},{"lineNumber":253,"author":{"gitId":"gskang-22"},"content":"                                \"\"\");","lastModifiedDate":"2024-09-15","isFullCredit":false},{"lineNumber":254,"author":{"gitId":"gskang-22"},"content":"                    }","lastModifiedDate":"2024-09-15","isFullCredit":false},{"lineNumber":255,"author":{"gitId":"gskang-22"},"content":"                    break;","lastModifiedDate":"2024-09-15","isFullCredit":false},{"lineNumber":256,"author":{"gitId":"gskang-22"},"content":"            }","lastModifiedDate":"2024-08-26","isFullCredit":false},{"lineNumber":257,"author":{"gitId":"gskang-22"},"content":"        }","lastModifiedDate":"2024-08-26","isFullCredit":false},{"lineNumber":258,"author":{"gitId":"-"},"content":"    }","lastModifiedDate":"2019-07-29","isFullCredit":false},{"lineNumber":259,"author":{"gitId":"-"},"content":"}","lastModifiedDate":"2019-07-29","isFullCredit":false}],"authorContributionMap":{"gskang-22":256,"-":3}},{"path":"src/main/java/XiaoMeException.java","fileType":"java","lines":[{"lineNumber":1,"author":{"gitId":"gskang-22"},"content":"public class XiaoMeException extends Exception {","lastModifiedDate":"2024-09-12","isFullCredit":false},{"lineNumber":2,"author":{"gitId":"gskang-22"},"content":"}","lastModifiedDate":"2024-09-12","isFullCredit":false}],"authorContributionMap":{"gskang-22":2}},{"path":"src/main/java/task/Deadline.java","fileType":"java","lines":[{"lineNumber":1,"author":{"gitId":"gskang-22"},"content":"package task;","lastModifiedDate":"2024-09-12","isFullCredit":false},{"lineNumber":2,"author":{"gitId":"gskang-22"},"content":"","lastModifiedDate":"2024-09-12","isFullCredit":false},{"lineNumber":3,"author":{"gitId":"gskang-22"},"content":"public class Deadline extends Task {","lastModifiedDate":"2024-09-03","isFullCredit":false},{"lineNumber":4,"author":{"gitId":"gskang-22"},"content":"    protected String by;","lastModifiedDate":"2024-09-03","isFullCredit":false},{"lineNumber":5,"author":{"gitId":"gskang-22"},"content":"","lastModifiedDate":"2024-09-03","isFullCredit":false},{"lineNumber":6,"author":{"gitId":"gskang-22"},"content":"    public Deadline(String description, String by) {","lastModifiedDate":"2024-09-03","isFullCredit":false},{"lineNumber":7,"author":{"gitId":"gskang-22"},"content":"        super(description);","lastModifiedDate":"2024-09-03","isFullCredit":false},{"lineNumber":8,"author":{"gitId":"gskang-22"},"content":"        this.by \u003d by;","lastModifiedDate":"2024-09-03","isFullCredit":false},{"lineNumber":9,"author":{"gitId":"gskang-22"},"content":"    }","lastModifiedDate":"2024-09-03","isFullCredit":false},{"lineNumber":10,"author":{"gitId":"gskang-22"},"content":"","lastModifiedDate":"2024-09-03","isFullCredit":false},{"lineNumber":11,"author":{"gitId":"gskang-22"},"content":"    public String getBy() {","lastModifiedDate":"2024-09-15","isFullCredit":false},{"lineNumber":12,"author":{"gitId":"gskang-22"},"content":"        return by;","lastModifiedDate":"2024-09-15","isFullCredit":false},{"lineNumber":13,"author":{"gitId":"gskang-22"},"content":"    }","lastModifiedDate":"2024-09-15","isFullCredit":false},{"lineNumber":14,"author":{"gitId":"gskang-22"},"content":"","lastModifiedDate":"2024-09-15","isFullCredit":false},{"lineNumber":15,"author":{"gitId":"gskang-22"},"content":"    @Override","lastModifiedDate":"2024-09-03","isFullCredit":false},{"lineNumber":16,"author":{"gitId":"gskang-22"},"content":"    public String toString() {","lastModifiedDate":"2024-09-03","isFullCredit":false},{"lineNumber":17,"author":{"gitId":"gskang-22"},"content":"        return \"[D]\" + super.toString() + \" (by: \" + by + \")\";","lastModifiedDate":"2024-09-03","isFullCredit":false},{"lineNumber":18,"author":{"gitId":"gskang-22"},"content":"    }","lastModifiedDate":"2024-09-03","isFullCredit":false},{"lineNumber":19,"author":{"gitId":"gskang-22"},"content":"}","lastModifiedDate":"2024-09-03","isFullCredit":false}],"authorContributionMap":{"gskang-22":19}},{"path":"src/main/java/task/Event.java","fileType":"java","lines":[{"lineNumber":1,"author":{"gitId":"gskang-22"},"content":"package task;","lastModifiedDate":"2024-09-12","isFullCredit":false},{"lineNumber":2,"author":{"gitId":"gskang-22"},"content":"","lastModifiedDate":"2024-09-12","isFullCredit":false},{"lineNumber":3,"author":{"gitId":"gskang-22"},"content":"public class Event extends Task {","lastModifiedDate":"2024-09-03","isFullCredit":false},{"lineNumber":4,"author":{"gitId":"gskang-22"},"content":"    protected String start;","lastModifiedDate":"2024-09-03","isFullCredit":false},{"lineNumber":5,"author":{"gitId":"gskang-22"},"content":"    protected String end;","lastModifiedDate":"2024-09-03","isFullCredit":false},{"lineNumber":6,"author":{"gitId":"gskang-22"},"content":"","lastModifiedDate":"2024-09-03","isFullCredit":false},{"lineNumber":7,"author":{"gitId":"gskang-22"},"content":"    public Event(String description, String start, String end) {","lastModifiedDate":"2024-09-03","isFullCredit":false},{"lineNumber":8,"author":{"gitId":"gskang-22"},"content":"        super(description);","lastModifiedDate":"2024-09-03","isFullCredit":false},{"lineNumber":9,"author":{"gitId":"gskang-22"},"content":"        this.start \u003d start;","lastModifiedDate":"2024-09-03","isFullCredit":false},{"lineNumber":10,"author":{"gitId":"gskang-22"},"content":"        this.end \u003d end;","lastModifiedDate":"2024-09-03","isFullCredit":false},{"lineNumber":11,"author":{"gitId":"gskang-22"},"content":"    }","lastModifiedDate":"2024-09-03","isFullCredit":false},{"lineNumber":12,"author":{"gitId":"gskang-22"},"content":"","lastModifiedDate":"2024-09-03","isFullCredit":false},{"lineNumber":13,"author":{"gitId":"gskang-22"},"content":"    public String getStart() {","lastModifiedDate":"2024-09-15","isFullCredit":false},{"lineNumber":14,"author":{"gitId":"gskang-22"},"content":"        return start;","lastModifiedDate":"2024-09-15","isFullCredit":false},{"lineNumber":15,"author":{"gitId":"gskang-22"},"content":"    }","lastModifiedDate":"2024-09-15","isFullCredit":false},{"lineNumber":16,"author":{"gitId":"gskang-22"},"content":"","lastModifiedDate":"2024-09-15","isFullCredit":false},{"lineNumber":17,"author":{"gitId":"gskang-22"},"content":"    public String getEnd() {","lastModifiedDate":"2024-09-15","isFullCredit":false},{"lineNumber":18,"author":{"gitId":"gskang-22"},"content":"        return end;","lastModifiedDate":"2024-09-15","isFullCredit":false},{"lineNumber":19,"author":{"gitId":"gskang-22"},"content":"    }","lastModifiedDate":"2024-09-15","isFullCredit":false},{"lineNumber":20,"author":{"gitId":"gskang-22"},"content":"","lastModifiedDate":"2024-09-15","isFullCredit":false},{"lineNumber":21,"author":{"gitId":"gskang-22"},"content":"    @Override","lastModifiedDate":"2024-09-03","isFullCredit":false},{"lineNumber":22,"author":{"gitId":"gskang-22"},"content":"    public String toString() {","lastModifiedDate":"2024-09-03","isFullCredit":false},{"lineNumber":23,"author":{"gitId":"gskang-22"},"content":"        return \"[E]\" + super.toString() + \" (from: \" + start + \" to: \" + end + \")\";","lastModifiedDate":"2024-09-03","isFullCredit":false},{"lineNumber":24,"author":{"gitId":"gskang-22"},"content":"    }","lastModifiedDate":"2024-09-03","isFullCredit":false},{"lineNumber":25,"author":{"gitId":"gskang-22"},"content":"}","lastModifiedDate":"2024-09-03","isFullCredit":false}],"authorContributionMap":{"gskang-22":25}},{"path":"src/main/java/task/Task.java","fileType":"java","lines":[{"lineNumber":1,"author":{"gitId":"gskang-22"},"content":"package task;","lastModifiedDate":"2024-09-12","isFullCredit":false},{"lineNumber":2,"author":{"gitId":"gskang-22"},"content":"","lastModifiedDate":"2024-09-12","isFullCredit":false},{"lineNumber":3,"author":{"gitId":"gskang-22"},"content":"public class Task {","lastModifiedDate":"2024-08-27","isFullCredit":false},{"lineNumber":4,"author":{"gitId":"gskang-22"},"content":"    protected String description;","lastModifiedDate":"2024-08-27","isFullCredit":false},{"lineNumber":5,"author":{"gitId":"gskang-22"},"content":"    protected boolean isDone;","lastModifiedDate":"2024-08-27","isFullCredit":false},{"lineNumber":6,"author":{"gitId":"gskang-22"},"content":"","lastModifiedDate":"2024-08-27","isFullCredit":false},{"lineNumber":7,"author":{"gitId":"gskang-22"},"content":"    public Task(String description) {","lastModifiedDate":"2024-08-27","isFullCredit":false},{"lineNumber":8,"author":{"gitId":"gskang-22"},"content":"        this.description \u003d description;","lastModifiedDate":"2024-08-27","isFullCredit":false},{"lineNumber":9,"author":{"gitId":"gskang-22"},"content":"        this.isDone \u003d false;","lastModifiedDate":"2024-08-27","isFullCredit":false},{"lineNumber":10,"author":{"gitId":"gskang-22"},"content":"    }","lastModifiedDate":"2024-08-27","isFullCredit":false},{"lineNumber":11,"author":{"gitId":"gskang-22"},"content":"","lastModifiedDate":"2024-08-27","isFullCredit":false},{"lineNumber":12,"author":{"gitId":"gskang-22"},"content":"    public String getStatusIcon() {","lastModifiedDate":"2024-08-27","isFullCredit":false},{"lineNumber":13,"author":{"gitId":"gskang-22"},"content":"        if (isDone) {","lastModifiedDate":"2024-09-03","isFullCredit":false},{"lineNumber":14,"author":{"gitId":"gskang-22"},"content":"            return \"X\";","lastModifiedDate":"2024-09-03","isFullCredit":false},{"lineNumber":15,"author":{"gitId":"gskang-22"},"content":"        } else {","lastModifiedDate":"2024-09-03","isFullCredit":false},{"lineNumber":16,"author":{"gitId":"gskang-22"},"content":"            return \" \";","lastModifiedDate":"2024-09-03","isFullCredit":false},{"lineNumber":17,"author":{"gitId":"gskang-22"},"content":"        }","lastModifiedDate":"2024-08-27","isFullCredit":false},{"lineNumber":18,"author":{"gitId":"gskang-22"},"content":"    }","lastModifiedDate":"2024-08-27","isFullCredit":false},{"lineNumber":19,"author":{"gitId":"gskang-22"},"content":"","lastModifiedDate":"2024-08-27","isFullCredit":false},{"lineNumber":20,"author":{"gitId":"gskang-22"},"content":"    public String getDescription() {","lastModifiedDate":"2024-09-15","isFullCredit":false},{"lineNumber":21,"author":{"gitId":"gskang-22"},"content":"        return description;","lastModifiedDate":"2024-09-15","isFullCredit":false},{"lineNumber":22,"author":{"gitId":"gskang-22"},"content":"    }","lastModifiedDate":"2024-09-15","isFullCredit":false},{"lineNumber":23,"author":{"gitId":"gskang-22"},"content":"","lastModifiedDate":"2024-09-15","isFullCredit":false},{"lineNumber":24,"author":{"gitId":"gskang-22"},"content":"    public void setDone(boolean isDone) {","lastModifiedDate":"2024-08-27","isFullCredit":false},{"lineNumber":25,"author":{"gitId":"gskang-22"},"content":"        this.isDone \u003d isDone;","lastModifiedDate":"2024-08-27","isFullCredit":false},{"lineNumber":26,"author":{"gitId":"gskang-22"},"content":"    }","lastModifiedDate":"2024-08-27","isFullCredit":false},{"lineNumber":27,"author":{"gitId":"gskang-22"},"content":"","lastModifiedDate":"2024-09-03","isFullCredit":false},{"lineNumber":28,"author":{"gitId":"gskang-22"},"content":"    @Override","lastModifiedDate":"2024-09-03","isFullCredit":false},{"lineNumber":29,"author":{"gitId":"gskang-22"},"content":"    public String toString() {","lastModifiedDate":"2024-09-03","isFullCredit":false},{"lineNumber":30,"author":{"gitId":"gskang-22"},"content":"        return \"[\" + getStatusIcon() + \"] \" + description;","lastModifiedDate":"2024-09-03","isFullCredit":false},{"lineNumber":31,"author":{"gitId":"gskang-22"},"content":"    }","lastModifiedDate":"2024-09-03","isFullCredit":false},{"lineNumber":32,"author":{"gitId":"gskang-22"},"content":"}","lastModifiedDate":"2024-08-27","isFullCredit":false}],"authorContributionMap":{"gskang-22":32}},{"path":"src/main/java/task/Todo.java","fileType":"java","lines":[{"lineNumber":1,"author":{"gitId":"gskang-22"},"content":"package task;","lastModifiedDate":"2024-09-12","isFullCredit":false},{"lineNumber":2,"author":{"gitId":"gskang-22"},"content":"","lastModifiedDate":"2024-09-12","isFullCredit":false},{"lineNumber":3,"author":{"gitId":"gskang-22"},"content":"public class Todo extends Task {","lastModifiedDate":"2024-09-03","isFullCredit":false},{"lineNumber":4,"author":{"gitId":"gskang-22"},"content":"    public Todo(String description) {","lastModifiedDate":"2024-09-03","isFullCredit":false},{"lineNumber":5,"author":{"gitId":"gskang-22"},"content":"        super(description);","lastModifiedDate":"2024-09-03","isFullCredit":false},{"lineNumber":6,"author":{"gitId":"gskang-22"},"content":"    }","lastModifiedDate":"2024-09-03","isFullCredit":false},{"lineNumber":7,"author":{"gitId":"gskang-22"},"content":"","lastModifiedDate":"2024-09-03","isFullCredit":false},{"lineNumber":8,"author":{"gitId":"gskang-22"},"content":"    @Override","lastModifiedDate":"2024-09-03","isFullCredit":false},{"lineNumber":9,"author":{"gitId":"gskang-22"},"content":"    public String toString() {","lastModifiedDate":"2024-09-03","isFullCredit":false},{"lineNumber":10,"author":{"gitId":"gskang-22"},"content":"        return \"[T]\" + super.toString();","lastModifiedDate":"2024-09-03","isFullCredit":false},{"lineNumber":11,"author":{"gitId":"gskang-22"},"content":"    }","lastModifiedDate":"2024-09-03","isFullCredit":false},{"lineNumber":12,"author":{"gitId":"gskang-22"},"content":"}","lastModifiedDate":"2024-09-03","isFullCredit":false}],"authorContributionMap":{"gskang-22":12}},{"path":"text-ui-test/input.txt","fileType":"txt","lines":[{"lineNumber":1,"author":{"gitId":"gskang-22"},"content":"todo borrow book","lastModifiedDate":"2024-09-03","isFullCredit":false},{"lineNumber":2,"author":{"gitId":"gskang-22"},"content":"list","lastModifiedDate":"2024-09-03","isFullCredit":false},{"lineNumber":3,"author":{"gitId":"gskang-22"},"content":"deadline return book /by Sunday","lastModifiedDate":"2024-09-03","isFullCredit":false},{"lineNumber":4,"author":{"gitId":"gskang-22"},"content":"event project meeting /from Mon 2pm /to 4pm","lastModifiedDate":"2024-09-03","isFullCredit":false},{"lineNumber":5,"author":{"gitId":"gskang-22"},"content":"list","lastModifiedDate":"2024-09-03","isFullCredit":false},{"lineNumber":6,"author":{"gitId":"gskang-22"},"content":"mark 1","lastModifiedDate":"2024-09-03","isFullCredit":false},{"lineNumber":7,"author":{"gitId":"gskang-22"},"content":"mark 3","lastModifiedDate":"2024-09-03","isFullCredit":false},{"lineNumber":8,"author":{"gitId":"gskang-22"},"content":"list","lastModifiedDate":"2024-09-03","isFullCredit":false},{"lineNumber":9,"author":{"gitId":"gskang-22"},"content":"unmark 1","lastModifiedDate":"2024-09-03","isFullCredit":false},{"lineNumber":10,"author":{"gitId":"gskang-22"},"content":"list","lastModifiedDate":"2024-09-03","isFullCredit":false},{"lineNumber":11,"author":{"gitId":"gskang-22"},"content":"bye","lastModifiedDate":"2024-09-03","isFullCredit":false}],"authorContributionMap":{"gskang-22":11}},{"path":"text-ui-test/runtest.bat","fileType":"bat","lines":[{"lineNumber":1,"author":{"gitId":"-"},"content":"@ECHO OFF","lastModifiedDate":"2020-05-25","isFullCredit":false},{"lineNumber":2,"author":{"gitId":"-"},"content":"","lastModifiedDate":"2020-05-25","isFullCredit":false},{"lineNumber":3,"author":{"gitId":"-"},"content":"REM create bin directory if it doesn\u0027t exist","lastModifiedDate":"2020-05-25","isFullCredit":false},{"lineNumber":4,"author":{"gitId":"-"},"content":"if not exist ..\\bin mkdir ..\\bin","lastModifiedDate":"2020-05-25","isFullCredit":false},{"lineNumber":5,"author":{"gitId":"-"},"content":"","lastModifiedDate":"2020-05-25","isFullCredit":false},{"lineNumber":6,"author":{"gitId":"-"},"content":"REM delete output from previous run","lastModifiedDate":"2020-05-25","isFullCredit":false},{"lineNumber":7,"author":{"gitId":"-"},"content":"if exist ACTUAL.TXT del ACTUAL.TXT","lastModifiedDate":"2020-08-25","isFullCredit":false},{"lineNumber":8,"author":{"gitId":"-"},"content":"","lastModifiedDate":"2020-05-25","isFullCredit":false},{"lineNumber":9,"author":{"gitId":"-"},"content":"REM compile the code into the bin folder","lastModifiedDate":"2020-05-25","isFullCredit":false},{"lineNumber":10,"author":{"gitId":"-"},"content":"javac  -cp ..\\src\\main\\java -Xlint:none -d ..\\bin ..\\src\\main\\java\\*.java","lastModifiedDate":"2020-08-25","isFullCredit":false},{"lineNumber":11,"author":{"gitId":"-"},"content":"IF ERRORLEVEL 1 (","lastModifiedDate":"2020-05-25","isFullCredit":false},{"lineNumber":12,"author":{"gitId":"-"},"content":"    echo ********** BUILD FAILURE **********","lastModifiedDate":"2020-05-25","isFullCredit":false},{"lineNumber":13,"author":{"gitId":"-"},"content":"    exit /b 1","lastModifiedDate":"2020-05-25","isFullCredit":false},{"lineNumber":14,"author":{"gitId":"-"},"content":")","lastModifiedDate":"2020-05-25","isFullCredit":false},{"lineNumber":15,"author":{"gitId":"-"},"content":"REM no error here, errorlevel \u003d\u003d 0","lastModifiedDate":"2020-05-25","isFullCredit":false},{"lineNumber":16,"author":{"gitId":"-"},"content":"","lastModifiedDate":"2020-05-25","isFullCredit":false},{"lineNumber":17,"author":{"gitId":"-"},"content":"REM run the program, feed commands from input.txt file and redirect the output to the ACTUAL.TXT","lastModifiedDate":"2020-05-25","isFullCredit":false},{"lineNumber":18,"author":{"gitId":"gskang-22"},"content":"java -classpath ..\\bin XiaoMe \u003c input.txt \u003e ACTUAL.TXT","lastModifiedDate":"2024-08-19","isFullCredit":false},{"lineNumber":19,"author":{"gitId":"-"},"content":"","lastModifiedDate":"2020-05-25","isFullCredit":false},{"lineNumber":20,"author":{"gitId":"-"},"content":"REM compare the output to the expected output","lastModifiedDate":"2020-05-25","isFullCredit":false},{"lineNumber":21,"author":{"gitId":"-"},"content":"FC ACTUAL.TXT EXPECTED.TXT","lastModifiedDate":"2020-05-25","isFullCredit":false}],"authorContributionMap":{"gskang-22":1,"-":20}},{"path":"text-ui-test/runtest.sh","fileType":"sh","lines":[{"lineNumber":1,"author":{"gitId":"-"},"content":"#!/usr/bin/env bash","lastModifiedDate":"2020-05-25","isFullCredit":false},{"lineNumber":2,"author":{"gitId":"-"},"content":"","lastModifiedDate":"2020-05-25","isFullCredit":false},{"lineNumber":3,"author":{"gitId":"-"},"content":"# create bin directory if it doesn\u0027t exist","lastModifiedDate":"2020-05-25","isFullCredit":false},{"lineNumber":4,"author":{"gitId":"-"},"content":"if [ ! -d \"../bin\" ]","lastModifiedDate":"2020-05-25","isFullCredit":false},{"lineNumber":5,"author":{"gitId":"-"},"content":"then","lastModifiedDate":"2020-05-25","isFullCredit":false},{"lineNumber":6,"author":{"gitId":"-"},"content":"    mkdir ../bin","lastModifiedDate":"2020-05-25","isFullCredit":false},{"lineNumber":7,"author":{"gitId":"-"},"content":"fi","lastModifiedDate":"2020-05-25","isFullCredit":false},{"lineNumber":8,"author":{"gitId":"-"},"content":"","lastModifiedDate":"2020-05-25","isFullCredit":false},{"lineNumber":9,"author":{"gitId":"-"},"content":"# delete output from previous run","lastModifiedDate":"2020-05-25","isFullCredit":false},{"lineNumber":10,"author":{"gitId":"-"},"content":"if [ -e \"./ACTUAL.TXT\" ]","lastModifiedDate":"2020-05-25","isFullCredit":false},{"lineNumber":11,"author":{"gitId":"-"},"content":"then","lastModifiedDate":"2020-05-25","isFullCredit":false},{"lineNumber":12,"author":{"gitId":"-"},"content":"    rm ACTUAL.TXT","lastModifiedDate":"2020-05-25","isFullCredit":false},{"lineNumber":13,"author":{"gitId":"-"},"content":"fi","lastModifiedDate":"2020-05-25","isFullCredit":false},{"lineNumber":14,"author":{"gitId":"-"},"content":"","lastModifiedDate":"2020-05-25","isFullCredit":false},{"lineNumber":15,"author":{"gitId":"-"},"content":"# compile the code into the bin folder, terminates if error occurred","lastModifiedDate":"2020-05-25","isFullCredit":false},{"lineNumber":16,"author":{"gitId":"-"},"content":"if ! javac -cp ../src/main/java -Xlint:none -d ../bin ../src/main/java/*.java","lastModifiedDate":"2020-08-25","isFullCredit":false},{"lineNumber":17,"author":{"gitId":"-"},"content":"then","lastModifiedDate":"2020-05-25","isFullCredit":false},{"lineNumber":18,"author":{"gitId":"-"},"content":"    echo \"********** BUILD FAILURE **********\"","lastModifiedDate":"2020-05-25","isFullCredit":false},{"lineNumber":19,"author":{"gitId":"-"},"content":"    exit 1","lastModifiedDate":"2020-05-25","isFullCredit":false},{"lineNumber":20,"author":{"gitId":"-"},"content":"fi","lastModifiedDate":"2020-05-25","isFullCredit":false},{"lineNumber":21,"author":{"gitId":"-"},"content":"","lastModifiedDate":"2020-05-25","isFullCredit":false},{"lineNumber":22,"author":{"gitId":"-"},"content":"# run the program, feed commands from input.txt file and redirect the output to the ACTUAL.TXT","lastModifiedDate":"2020-05-25","isFullCredit":false},{"lineNumber":23,"author":{"gitId":"gskang-22"},"content":"java -classpath ../bin XiaoMe \u003c input.txt \u003e ACTUAL.TXT","lastModifiedDate":"2024-08-19","isFullCredit":false},{"lineNumber":24,"author":{"gitId":"-"},"content":"","lastModifiedDate":"2020-05-25","isFullCredit":false},{"lineNumber":25,"author":{"gitId":"-"},"content":"# convert to UNIX format","lastModifiedDate":"2020-05-25","isFullCredit":false},{"lineNumber":26,"author":{"gitId":"-"},"content":"cp EXPECTED.TXT EXPECTED-UNIX.TXT","lastModifiedDate":"2020-05-25","isFullCredit":false},{"lineNumber":27,"author":{"gitId":"-"},"content":"dos2unix ACTUAL.TXT EXPECTED-UNIX.TXT","lastModifiedDate":"2020-05-25","isFullCredit":false},{"lineNumber":28,"author":{"gitId":"-"},"content":"","lastModifiedDate":"2020-05-25","isFullCredit":false},{"lineNumber":29,"author":{"gitId":"-"},"content":"# compare the output to the expected output","lastModifiedDate":"2020-05-25","isFullCredit":false},{"lineNumber":30,"author":{"gitId":"-"},"content":"diff ACTUAL.TXT EXPECTED-UNIX.TXT","lastModifiedDate":"2020-05-25","isFullCredit":false},{"lineNumber":31,"author":{"gitId":"-"},"content":"if [ $? -eq 0 ]","lastModifiedDate":"2020-05-25","isFullCredit":false},{"lineNumber":32,"author":{"gitId":"-"},"content":"then","lastModifiedDate":"2020-05-25","isFullCredit":false},{"lineNumber":33,"author":{"gitId":"-"},"content":"    echo \"Test result: PASSED\"","lastModifiedDate":"2020-05-25","isFullCredit":false},{"lineNumber":34,"author":{"gitId":"-"},"content":"    exit 0","lastModifiedDate":"2020-05-25","isFullCredit":false},{"lineNumber":35,"author":{"gitId":"-"},"content":"else","lastModifiedDate":"2020-05-25","isFullCredit":false},{"lineNumber":36,"author":{"gitId":"-"},"content":"    echo \"Test result: FAILED\"","lastModifiedDate":"2020-05-25","isFullCredit":false},{"lineNumber":37,"author":{"gitId":"-"},"content":"    exit 1","lastModifiedDate":"2020-05-25","isFullCredit":false},{"lineNumber":38,"author":{"gitId":"-"},"content":"fi","lastModifiedDate":"2020-05-25","isFullCredit":false}],"authorContributionMap":{"gskang-22":1,"-":37}}]
