[{"path":"src/main/java/Atom.java","fileType":"java","lines":[{"lineNumber":1,"author":{"gitId":"CT9ARyan"},"content":"import java.util.Scanner;","lastModifiedDate":"2024-08-28","isFullCredit":false},{"lineNumber":2,"author":{"gitId":"CT9ARyan"},"content":"import java.util.Arrays;","lastModifiedDate":"2024-08-29","isFullCredit":false},{"lineNumber":3,"author":{"gitId":"CT9ARyan"},"content":"","lastModifiedDate":"2024-08-28","isFullCredit":false},{"lineNumber":4,"author":{"gitId":"CT9ARyan"},"content":"public class Atom {","lastModifiedDate":"2024-08-26","isFullCredit":false},{"lineNumber":5,"author":{"gitId":"CT9ARyan"},"content":"","lastModifiedDate":"2024-09-05","isFullCredit":false},{"lineNumber":6,"author":{"gitId":"CT9ARyan"},"content":"    public static final int TODO_START_INDEX \u003d 5;","lastModifiedDate":"2024-09-05","isFullCredit":false},{"lineNumber":7,"author":{"gitId":"CT9ARyan"},"content":"    public static final int DEADLINE_START_INDEX \u003d 9;","lastModifiedDate":"2024-09-05","isFullCredit":false},{"lineNumber":8,"author":{"gitId":"CT9ARyan"},"content":"    public static final int BY_START_INDEX_OFFSET \u003d 4;","lastModifiedDate":"2024-09-05","isFullCredit":false},{"lineNumber":9,"author":{"gitId":"CT9ARyan"},"content":"    public static final int EVENT_START_INDEX \u003d 6;","lastModifiedDate":"2024-09-05","isFullCredit":false},{"lineNumber":10,"author":{"gitId":"CT9ARyan"},"content":"    public static final int FROM_START_INDEX_OFFSET \u003d 6;","lastModifiedDate":"2024-09-05","isFullCredit":false},{"lineNumber":11,"author":{"gitId":"CT9ARyan"},"content":"    public static final int TO_START_INDEX_OFFSET \u003d 4;","lastModifiedDate":"2024-09-05","isFullCredit":false},{"lineNumber":12,"author":{"gitId":"CT9ARyan"},"content":"","lastModifiedDate":"2024-09-05","isFullCredit":false},{"lineNumber":13,"author":{"gitId":"CT9ARyan"},"content":"    public static void printDivider() {","lastModifiedDate":"2024-08-31","isFullCredit":false},{"lineNumber":14,"author":{"gitId":"CT9ARyan"},"content":"        System.out.println(\"__________________________________________________\");","lastModifiedDate":"2024-08-28","isFullCredit":false},{"lineNumber":15,"author":{"gitId":"CT9ARyan"},"content":"    }","lastModifiedDate":"2024-08-28","isFullCredit":false},{"lineNumber":16,"author":{"gitId":"CT9ARyan"},"content":"","lastModifiedDate":"2024-08-28","isFullCredit":false},{"lineNumber":17,"author":{"gitId":"CT9ARyan"},"content":"    private static void printExceptionMessage() {","lastModifiedDate":"2024-09-06","isFullCredit":false},{"lineNumber":18,"author":{"gitId":"CT9ARyan"},"content":"        System.out.println(\"Oops! Incorrect command format.\");","lastModifiedDate":"2024-09-06","isFullCredit":false},{"lineNumber":19,"author":{"gitId":"CT9ARyan"},"content":"        System.out.println(\"Check out the user guide for command format!\");","lastModifiedDate":"2024-09-06","isFullCredit":false},{"lineNumber":20,"author":{"gitId":"CT9ARyan"},"content":"    }","lastModifiedDate":"2024-09-06","isFullCredit":false},{"lineNumber":21,"author":{"gitId":"CT9ARyan"},"content":"","lastModifiedDate":"2024-09-06","isFullCredit":false},{"lineNumber":22,"author":{"gitId":"CT9ARyan"},"content":"    public static void printList(Task[] list) {","lastModifiedDate":"2024-08-30","isFullCredit":false},{"lineNumber":23,"author":{"gitId":"CT9ARyan"},"content":"        int index \u003d 1;","lastModifiedDate":"2024-08-29","isFullCredit":false},{"lineNumber":24,"author":{"gitId":"CT9ARyan"},"content":"","lastModifiedDate":"2024-08-29","isFullCredit":false},{"lineNumber":25,"author":{"gitId":"CT9ARyan"},"content":"        System.out.println(\"Here is your list:\\n\");","lastModifiedDate":"2024-08-29","isFullCredit":false},{"lineNumber":26,"author":{"gitId":"CT9ARyan"},"content":"        for (Task item : list) {","lastModifiedDate":"2024-08-30","isFullCredit":false},{"lineNumber":27,"author":{"gitId":"CT9ARyan"},"content":"","lastModifiedDate":"2024-09-05","isFullCredit":false},{"lineNumber":28,"author":{"gitId":"CT9ARyan"},"content":"            System.out.print(index + \".\" + \"[\" + item.setTaskType() + \"]\" +","lastModifiedDate":"2024-09-05","isFullCredit":false},{"lineNumber":29,"author":{"gitId":"CT9ARyan"},"content":"                    \"[\" + item.getStatus() + \"] \" + item.getItem());","lastModifiedDate":"2024-09-05","isFullCredit":false},{"lineNumber":30,"author":{"gitId":"CT9ARyan"},"content":"","lastModifiedDate":"2024-09-05","isFullCredit":false},{"lineNumber":31,"author":{"gitId":"CT9ARyan"},"content":"            if (item.setTaskType().equals(\"D\")) {","lastModifiedDate":"2024-09-05","isFullCredit":false},{"lineNumber":32,"author":{"gitId":"CT9ARyan"},"content":"                System.out.print(\" (by: \" + item.getBy() + \")\");","lastModifiedDate":"2024-09-05","isFullCredit":false},{"lineNumber":33,"author":{"gitId":"CT9ARyan"},"content":"            } else if (item.setTaskType().equals(\"E\")) {","lastModifiedDate":"2024-09-05","isFullCredit":false},{"lineNumber":34,"author":{"gitId":"CT9ARyan"},"content":"                System.out.print(\" (from: \" + item.getFrom() + \"to: \" + item.getTo() + \")\");","lastModifiedDate":"2024-09-05","isFullCredit":false},{"lineNumber":35,"author":{"gitId":"CT9ARyan"},"content":"            }","lastModifiedDate":"2024-09-05","isFullCredit":false},{"lineNumber":36,"author":{"gitId":"CT9ARyan"},"content":"","lastModifiedDate":"2024-09-05","isFullCredit":false},{"lineNumber":37,"author":{"gitId":"CT9ARyan"},"content":"            System.out.println();","lastModifiedDate":"2024-09-05","isFullCredit":false},{"lineNumber":38,"author":{"gitId":"CT9ARyan"},"content":"            index++;","lastModifiedDate":"2024-08-29","isFullCredit":false},{"lineNumber":39,"author":{"gitId":"CT9ARyan"},"content":"        }","lastModifiedDate":"2024-08-29","isFullCredit":false},{"lineNumber":40,"author":{"gitId":"CT9ARyan"},"content":"    }","lastModifiedDate":"2024-08-29","isFullCredit":false},{"lineNumber":41,"author":{"gitId":"CT9ARyan"},"content":"","lastModifiedDate":"2024-08-29","isFullCredit":false},{"lineNumber":42,"author":{"gitId":"CT9ARyan"},"content":"    public static void markAsDone(Task[] list, int id) {","lastModifiedDate":"2024-09-06","isFullCredit":false},{"lineNumber":43,"author":{"gitId":"CT9ARyan"},"content":"        if (id \u003e\u003d Task.getTaskCount() || id \u003c 0) {","lastModifiedDate":"2024-09-06","isFullCredit":false},{"lineNumber":44,"author":{"gitId":"CT9ARyan"},"content":"            System.out.println(\"Whoops! Task id not found.\");","lastModifiedDate":"2024-09-06","isFullCredit":false},{"lineNumber":45,"author":{"gitId":"CT9ARyan"},"content":"            return;","lastModifiedDate":"2024-09-06","isFullCredit":false},{"lineNumber":46,"author":{"gitId":"CT9ARyan"},"content":"        }","lastModifiedDate":"2024-09-06","isFullCredit":false},{"lineNumber":47,"author":{"gitId":"CT9ARyan"},"content":"","lastModifiedDate":"2024-09-06","isFullCredit":false},{"lineNumber":48,"author":{"gitId":"CT9ARyan"},"content":"        Task currTask \u003d list[id];","lastModifiedDate":"2024-09-06","isFullCredit":false},{"lineNumber":49,"author":{"gitId":"CT9ARyan"},"content":"        currTask.markAsDone();","lastModifiedDate":"2024-09-06","isFullCredit":false},{"lineNumber":50,"author":{"gitId":"CT9ARyan"},"content":"","lastModifiedDate":"2024-09-06","isFullCredit":false},{"lineNumber":51,"author":{"gitId":"CT9ARyan"},"content":"        System.out.println(\"Wonderful! Task successfully marked as DONE!\");","lastModifiedDate":"2024-09-06","isFullCredit":false},{"lineNumber":52,"author":{"gitId":"CT9ARyan"},"content":"        System.out.println(\"\u003e [\" + currTask.setTaskType() + \"][\"","lastModifiedDate":"2024-09-06","isFullCredit":false},{"lineNumber":53,"author":{"gitId":"CT9ARyan"},"content":"                + currTask.getStatus() + \"] \" + currTask.getItem());","lastModifiedDate":"2024-09-06","isFullCredit":false},{"lineNumber":54,"author":{"gitId":"CT9ARyan"},"content":"","lastModifiedDate":"2024-09-06","isFullCredit":false},{"lineNumber":55,"author":{"gitId":"CT9ARyan"},"content":"    }","lastModifiedDate":"2024-09-06","isFullCredit":false},{"lineNumber":56,"author":{"gitId":"CT9ARyan"},"content":"","lastModifiedDate":"2024-09-06","isFullCredit":false},{"lineNumber":57,"author":{"gitId":"CT9ARyan"},"content":"    public static void markAsUndone(Task[] list, int id) {","lastModifiedDate":"2024-09-06","isFullCredit":false},{"lineNumber":58,"author":{"gitId":"CT9ARyan"},"content":"        if (id \u003e\u003d Task.getTaskCount() || id \u003c 0) {","lastModifiedDate":"2024-09-06","isFullCredit":false},{"lineNumber":59,"author":{"gitId":"CT9ARyan"},"content":"            System.out.println(\"Whoops! Task id not found.\");","lastModifiedDate":"2024-09-06","isFullCredit":false},{"lineNumber":60,"author":{"gitId":"CT9ARyan"},"content":"            return;","lastModifiedDate":"2024-09-06","isFullCredit":false},{"lineNumber":61,"author":{"gitId":"CT9ARyan"},"content":"        }","lastModifiedDate":"2024-09-06","isFullCredit":false},{"lineNumber":62,"author":{"gitId":"CT9ARyan"},"content":"","lastModifiedDate":"2024-09-06","isFullCredit":false},{"lineNumber":63,"author":{"gitId":"CT9ARyan"},"content":"        Task currTask \u003d list[id];","lastModifiedDate":"2024-09-06","isFullCredit":false},{"lineNumber":64,"author":{"gitId":"CT9ARyan"},"content":"        currTask.markAsUndone();","lastModifiedDate":"2024-09-06","isFullCredit":false},{"lineNumber":65,"author":{"gitId":"CT9ARyan"},"content":"","lastModifiedDate":"2024-09-06","isFullCredit":false},{"lineNumber":66,"author":{"gitId":"CT9ARyan"},"content":"        System.out.println(\"Got it. Task successfully marked as UNDONE!\");","lastModifiedDate":"2024-09-06","isFullCredit":false},{"lineNumber":67,"author":{"gitId":"CT9ARyan"},"content":"        System.out.println(\"\u003e [\" + currTask.setTaskType() + \"][\"","lastModifiedDate":"2024-09-06","isFullCredit":false},{"lineNumber":68,"author":{"gitId":"CT9ARyan"},"content":"                + currTask.getStatus() + \"] \" + currTask.getItem());","lastModifiedDate":"2024-09-06","isFullCredit":false},{"lineNumber":69,"author":{"gitId":"CT9ARyan"},"content":"","lastModifiedDate":"2024-09-06","isFullCredit":false},{"lineNumber":70,"author":{"gitId":"CT9ARyan"},"content":"    }","lastModifiedDate":"2024-09-06","isFullCredit":false},{"lineNumber":71,"author":{"gitId":"CT9ARyan"},"content":"","lastModifiedDate":"2024-09-06","isFullCredit":false},{"lineNumber":72,"author":{"gitId":"CT9ARyan"},"content":"    public static void main(String[] args) {","lastModifiedDate":"2024-08-26","isFullCredit":false},{"lineNumber":73,"author":{"gitId":"CT9ARyan"},"content":"","lastModifiedDate":"2024-08-26","isFullCredit":false},{"lineNumber":74,"author":{"gitId":"CT9ARyan"},"content":"        printDivider();","lastModifiedDate":"2024-08-31","isFullCredit":false},{"lineNumber":75,"author":{"gitId":"CT9ARyan"},"content":"","lastModifiedDate":"2024-08-26","isFullCredit":false},{"lineNumber":76,"author":{"gitId":"CT9ARyan"},"content":"        String logo \u003d \"    ____   __________  ________  __       __\\n\"","lastModifiedDate":"2024-08-26","isFullCredit":false},{"lineNumber":77,"author":{"gitId":"CT9ARyan"},"content":"                + \"   / __ \\\\ |___    ___||  ____  ||  \\\\     /  |\\n\"","lastModifiedDate":"2024-08-26","isFullCredit":false},{"lineNumber":78,"author":{"gitId":"CT9ARyan"},"content":"                + \"  / /__\\\\ \\\\    |  |    | |    | || |\\\\\\\\   //| |\\n\"","lastModifiedDate":"2024-08-26","isFullCredit":false},{"lineNumber":79,"author":{"gitId":"CT9ARyan"},"content":"                + \" / /    \\\\ \\\\   |  |    | |____| || | \\\\\\\\_// | |\\n\"","lastModifiedDate":"2024-08-26","isFullCredit":false},{"lineNumber":80,"author":{"gitId":"CT9ARyan"},"content":"                + \"/_/      \\\\_\\\\  |__|    |________||_|  \\\\_/  |_|\\n\";","lastModifiedDate":"2024-08-26","isFullCredit":false},{"lineNumber":81,"author":{"gitId":"CT9ARyan"},"content":"","lastModifiedDate":"2024-08-26","isFullCredit":false},{"lineNumber":82,"author":{"gitId":"CT9ARyan"},"content":"        System.out.println(logo);","lastModifiedDate":"2024-08-26","isFullCredit":false},{"lineNumber":83,"author":{"gitId":"CT9ARyan"},"content":"","lastModifiedDate":"2024-08-26","isFullCredit":false},{"lineNumber":84,"author":{"gitId":"CT9ARyan"},"content":"        printDivider();","lastModifiedDate":"2024-08-31","isFullCredit":false},{"lineNumber":85,"author":{"gitId":"CT9ARyan"},"content":"","lastModifiedDate":"2024-08-26","isFullCredit":false},{"lineNumber":86,"author":{"gitId":"CT9ARyan"},"content":"        System.out.println(\"Hey there! I\u0027m your friendly chatbot, ATOM!\");","lastModifiedDate":"2024-08-26","isFullCredit":false},{"lineNumber":87,"author":{"gitId":"CT9ARyan"},"content":"        System.out.println(\"How can i assist you today?\");","lastModifiedDate":"2024-08-26","isFullCredit":false},{"lineNumber":88,"author":{"gitId":"CT9ARyan"},"content":"        System.out.println(\"\\nUSER GUIDE:\");","lastModifiedDate":"2024-08-31","isFullCredit":false},{"lineNumber":89,"author":{"gitId":"CT9ARyan"},"content":"        System.out.println(\"* \\\"bye\\\" -\u003e exit program\");","lastModifiedDate":"2024-08-29","isFullCredit":false},{"lineNumber":90,"author":{"gitId":"CT9ARyan"},"content":"        System.out.println(\"* \\\"list\\\" -\u003e view list of tasks\");","lastModifiedDate":"2024-08-29","isFullCredit":false},{"lineNumber":91,"author":{"gitId":"CT9ARyan"},"content":"        System.out.println(\"* \\\"mark \u003ctask id\u003e\\\" -\u003e mark task as DONE\");","lastModifiedDate":"2024-08-31","isFullCredit":false},{"lineNumber":92,"author":{"gitId":"CT9ARyan"},"content":"        System.out.println(\"* \\\"unmark \u003ctask id\u003e\\\" -\u003e mark task as UNDONE\");","lastModifiedDate":"2024-08-31","isFullCredit":false},{"lineNumber":93,"author":{"gitId":"CT9ARyan"},"content":"        System.out.println(\"* \\\"todo \u003ctask\u003e\\\" -\u003e set task as TODO\");","lastModifiedDate":"2024-09-05","isFullCredit":false},{"lineNumber":94,"author":{"gitId":"CT9ARyan"},"content":"        System.out.println(\"* \\\"deadline \u003ctask\u003e /by \u003cdate/time\u003e\\\" -\u003e set task as DEADLINE\");","lastModifiedDate":"2024-09-05","isFullCredit":false},{"lineNumber":95,"author":{"gitId":"CT9ARyan"},"content":"        System.out.println(\"* \\\"event \u003ctask\u003e /from \u003cdate/time\u003e /to \u003cdate/time\u003e\\\" -\u003e set task as EVENT\");","lastModifiedDate":"2024-09-05","isFullCredit":false},{"lineNumber":96,"author":{"gitId":"CT9ARyan"},"content":"","lastModifiedDate":"2024-08-28","isFullCredit":false},{"lineNumber":97,"author":{"gitId":"CT9ARyan"},"content":"        printDivider();","lastModifiedDate":"2024-08-31","isFullCredit":false},{"lineNumber":98,"author":{"gitId":"CT9ARyan"},"content":"","lastModifiedDate":"2024-08-28","isFullCredit":false},{"lineNumber":99,"author":{"gitId":"CT9ARyan"},"content":"        String line;","lastModifiedDate":"2024-08-28","isFullCredit":false},{"lineNumber":100,"author":{"gitId":"CT9ARyan"},"content":"        Scanner scanner \u003d new Scanner(System.in);","lastModifiedDate":"2024-08-31","isFullCredit":false},{"lineNumber":101,"author":{"gitId":"CT9ARyan"},"content":"        Task[] tasksList \u003d new Task[100];","lastModifiedDate":"2024-08-30","isFullCredit":false},{"lineNumber":102,"author":{"gitId":"CT9ARyan"},"content":"","lastModifiedDate":"2024-08-28","isFullCredit":false},{"lineNumber":103,"author":{"gitId":"CT9ARyan"},"content":"        System.out.print(\"Enter command: \");","lastModifiedDate":"2024-08-28","isFullCredit":false},{"lineNumber":104,"author":{"gitId":"CT9ARyan"},"content":"","lastModifiedDate":"2024-08-31","isFullCredit":false},{"lineNumber":105,"author":{"gitId":"CT9ARyan"},"content":"        line \u003d scanner.nextLine().trim();","lastModifiedDate":"2024-08-31","isFullCredit":false},{"lineNumber":106,"author":{"gitId":"CT9ARyan"},"content":"        String[] words \u003d line.split(\" \");","lastModifiedDate":"2024-08-31","isFullCredit":false},{"lineNumber":107,"author":{"gitId":"CT9ARyan"},"content":"        String keyword \u003d words[0].toLowerCase();","lastModifiedDate":"2024-09-05","isFullCredit":false},{"lineNumber":108,"author":{"gitId":"CT9ARyan"},"content":"","lastModifiedDate":"2024-08-28","isFullCredit":false},{"lineNumber":109,"author":{"gitId":"CT9ARyan"},"content":"        while (!line.equalsIgnoreCase(\"bye\")) {","lastModifiedDate":"2024-08-31","isFullCredit":false},{"lineNumber":110,"author":{"gitId":"CT9ARyan"},"content":"","lastModifiedDate":"2024-09-05","isFullCredit":false},{"lineNumber":111,"author":{"gitId":"CT9ARyan"},"content":"            printDivider();","lastModifiedDate":"2024-08-31","isFullCredit":false},{"lineNumber":112,"author":{"gitId":"CT9ARyan"},"content":"","lastModifiedDate":"2024-08-29","isFullCredit":false},{"lineNumber":113,"author":{"gitId":"CT9ARyan"},"content":"            if (line.equalsIgnoreCase(\"list\")) {","lastModifiedDate":"2024-08-31","isFullCredit":false},{"lineNumber":114,"author":{"gitId":"CT9ARyan"},"content":"                if (Task.getTaskCount() \u003d\u003d 0) {","lastModifiedDate":"2024-09-06","isFullCredit":false},{"lineNumber":115,"author":{"gitId":"CT9ARyan"},"content":"                    System.out.println(\"Oh oh! List is empty.\");","lastModifiedDate":"2024-08-29","isFullCredit":false},{"lineNumber":116,"author":{"gitId":"CT9ARyan"},"content":"                    return;","lastModifiedDate":"2024-09-06","isFullCredit":false},{"lineNumber":117,"author":{"gitId":"CT9ARyan"},"content":"                }","lastModifiedDate":"2024-08-29","isFullCredit":false},{"lineNumber":118,"author":{"gitId":"CT9ARyan"},"content":"","lastModifiedDate":"2024-09-06","isFullCredit":false},{"lineNumber":119,"author":{"gitId":"CT9ARyan"},"content":"                printList(Arrays.copyOf(tasksList, Task.getTaskCount()));","lastModifiedDate":"2024-09-06","isFullCredit":false},{"lineNumber":120,"author":{"gitId":"CT9ARyan"},"content":"","lastModifiedDate":"2024-09-06","isFullCredit":false},{"lineNumber":121,"author":{"gitId":"CT9ARyan"},"content":"            } else if (keyword.equals(\"mark\") || (keyword.equals(\"unmark\"))) {","lastModifiedDate":"2024-09-05","isFullCredit":false},{"lineNumber":122,"author":{"gitId":"CT9ARyan"},"content":"                try {","lastModifiedDate":"2024-08-31","isFullCredit":false},{"lineNumber":123,"author":{"gitId":"CT9ARyan"},"content":"                    int taskId \u003d Integer.parseInt(words[1]) - 1;","lastModifiedDate":"2024-08-31","isFullCredit":false},{"lineNumber":124,"author":{"gitId":"CT9ARyan"},"content":"","lastModifiedDate":"2024-08-31","isFullCredit":false},{"lineNumber":125,"author":{"gitId":"CT9ARyan"},"content":"                    if (keyword.equals(\"mark\")) {","lastModifiedDate":"2024-08-30","isFullCredit":false},{"lineNumber":126,"author":{"gitId":"CT9ARyan"},"content":"                        markAsDone(tasksList, taskId);","lastModifiedDate":"2024-09-06","isFullCredit":false},{"lineNumber":127,"author":{"gitId":"CT9ARyan"},"content":"                    } else {","lastModifiedDate":"2024-08-31","isFullCredit":false},{"lineNumber":128,"author":{"gitId":"CT9ARyan"},"content":"                        markAsUndone(tasksList, taskId);","lastModifiedDate":"2024-09-06","isFullCredit":false},{"lineNumber":129,"author":{"gitId":"CT9ARyan"},"content":"                    }","lastModifiedDate":"2024-08-30","isFullCredit":false},{"lineNumber":130,"author":{"gitId":"CT9ARyan"},"content":"                } catch (Exception exception) {","lastModifiedDate":"2024-08-31","isFullCredit":false},{"lineNumber":131,"author":{"gitId":"CT9ARyan"},"content":"                    printExceptionMessage();","lastModifiedDate":"2024-09-06","isFullCredit":false},{"lineNumber":132,"author":{"gitId":"CT9ARyan"},"content":"                }","lastModifiedDate":"2024-08-30","isFullCredit":false},{"lineNumber":133,"author":{"gitId":"CT9ARyan"},"content":"","lastModifiedDate":"2024-09-05","isFullCredit":false},{"lineNumber":134,"author":{"gitId":"CT9ARyan"},"content":"            } else if (keyword.equals(\"todo\")) {","lastModifiedDate":"2024-09-05","isFullCredit":false},{"lineNumber":135,"author":{"gitId":"CT9ARyan"},"content":"                Todo todo \u003d new Todo(line.substring(TODO_START_INDEX));","lastModifiedDate":"2024-09-05","isFullCredit":false},{"lineNumber":136,"author":{"gitId":"CT9ARyan"},"content":"                tasksList[Task.getTaskCount() - 1] \u003d todo;","lastModifiedDate":"2024-09-05","isFullCredit":false},{"lineNumber":137,"author":{"gitId":"CT9ARyan"},"content":"","lastModifiedDate":"2024-09-05","isFullCredit":false},{"lineNumber":138,"author":{"gitId":"CT9ARyan"},"content":"                System.out.println(\"Gotcha! TODO task added to list!\");","lastModifiedDate":"2024-09-05","isFullCredit":false},{"lineNumber":139,"author":{"gitId":"CT9ARyan"},"content":"                System.out.println(\"\u003e [\" + todo.setTaskType() + \"]\" + \"[ ] \" + todo.getItem());","lastModifiedDate":"2024-09-05","isFullCredit":false},{"lineNumber":140,"author":{"gitId":"CT9ARyan"},"content":"                System.out.println(\"You now have \" + Task.getTaskCount() + \" tasks in your list!\");","lastModifiedDate":"2024-09-05","isFullCredit":false},{"lineNumber":141,"author":{"gitId":"CT9ARyan"},"content":"","lastModifiedDate":"2024-09-05","isFullCredit":false},{"lineNumber":142,"author":{"gitId":"CT9ARyan"},"content":"            } else if (keyword.equals(\"deadline\")) {","lastModifiedDate":"2024-09-05","isFullCredit":false},{"lineNumber":143,"author":{"gitId":"CT9ARyan"},"content":"                try {","lastModifiedDate":"2024-09-06","isFullCredit":false},{"lineNumber":144,"author":{"gitId":"CT9ARyan"},"content":"                    int deadlineEndIndex \u003d line.indexOf(\u0027/\u0027);","lastModifiedDate":"2024-09-05","isFullCredit":false},{"lineNumber":145,"author":{"gitId":"CT9ARyan"},"content":"                    String deadlineName \u003d line.substring(DEADLINE_START_INDEX, deadlineEndIndex - 1);","lastModifiedDate":"2024-09-06","isFullCredit":false},{"lineNumber":146,"author":{"gitId":"CT9ARyan"},"content":"                    String by \u003d line.substring(deadlineEndIndex + BY_START_INDEX_OFFSET);","lastModifiedDate":"2024-09-05","isFullCredit":false},{"lineNumber":147,"author":{"gitId":"CT9ARyan"},"content":"","lastModifiedDate":"2024-09-05","isFullCredit":false},{"lineNumber":148,"author":{"gitId":"CT9ARyan"},"content":"                    Deadline deadline \u003d new Deadline(deadlineName, by);","lastModifiedDate":"2024-09-05","isFullCredit":false},{"lineNumber":149,"author":{"gitId":"CT9ARyan"},"content":"                    tasksList[Task.getTaskCount() - 1] \u003d deadline;","lastModifiedDate":"2024-09-05","isFullCredit":false},{"lineNumber":150,"author":{"gitId":"CT9ARyan"},"content":"","lastModifiedDate":"2024-09-05","isFullCredit":false},{"lineNumber":151,"author":{"gitId":"CT9ARyan"},"content":"                    System.out.println(\"Gotcha! DEADLINE task added to list\");","lastModifiedDate":"2024-09-05","isFullCredit":false},{"lineNumber":152,"author":{"gitId":"CT9ARyan"},"content":"                    System.out.println(\"\u003e [\" + deadline.setTaskType() + \"]\" + \"[ ] \"","lastModifiedDate":"2024-09-05","isFullCredit":false},{"lineNumber":153,"author":{"gitId":"CT9ARyan"},"content":"                            + deadline.getItem() + \" (by: \" + deadline.getBy() + \")\");","lastModifiedDate":"2024-09-05","isFullCredit":false},{"lineNumber":154,"author":{"gitId":"CT9ARyan"},"content":"                    System.out.println(\"You now have \" + Task.getTaskCount() + \" tasks in your list!\");","lastModifiedDate":"2024-09-05","isFullCredit":false},{"lineNumber":155,"author":{"gitId":"CT9ARyan"},"content":"","lastModifiedDate":"2024-09-05","isFullCredit":false},{"lineNumber":156,"author":{"gitId":"CT9ARyan"},"content":"                } catch (Exception exception) {","lastModifiedDate":"2024-09-06","isFullCredit":false},{"lineNumber":157,"author":{"gitId":"CT9ARyan"},"content":"                    printExceptionMessage();","lastModifiedDate":"2024-09-06","isFullCredit":false},{"lineNumber":158,"author":{"gitId":"CT9ARyan"},"content":"                }","lastModifiedDate":"2024-09-06","isFullCredit":false},{"lineNumber":159,"author":{"gitId":"CT9ARyan"},"content":"","lastModifiedDate":"2024-09-06","isFullCredit":false},{"lineNumber":160,"author":{"gitId":"CT9ARyan"},"content":"            } else if (keyword.equals(\"event\")) {","lastModifiedDate":"2024-09-05","isFullCredit":false},{"lineNumber":161,"author":{"gitId":"CT9ARyan"},"content":"                try {","lastModifiedDate":"2024-09-06","isFullCredit":false},{"lineNumber":162,"author":{"gitId":"CT9ARyan"},"content":"                    int eventEndIndex \u003d line.indexOf(\u0027/\u0027);","lastModifiedDate":"2024-09-05","isFullCredit":false},{"lineNumber":163,"author":{"gitId":"CT9ARyan"},"content":"                    String eventName \u003d line.substring(EVENT_START_INDEX, eventEndIndex - 1);","lastModifiedDate":"2024-09-06","isFullCredit":false},{"lineNumber":164,"author":{"gitId":"CT9ARyan"},"content":"","lastModifiedDate":"2024-09-05","isFullCredit":false},{"lineNumber":165,"author":{"gitId":"CT9ARyan"},"content":"                    int fromEndIndex \u003d line.lastIndexOf(\u0027/\u0027);","lastModifiedDate":"2024-09-05","isFullCredit":false},{"lineNumber":166,"author":{"gitId":"CT9ARyan"},"content":"                    String from \u003d line.substring(eventEndIndex + FROM_START_INDEX_OFFSET, fromEndIndex);","lastModifiedDate":"2024-09-05","isFullCredit":false},{"lineNumber":167,"author":{"gitId":"CT9ARyan"},"content":"                    String to \u003d line.substring(fromEndIndex + TO_START_INDEX_OFFSET);","lastModifiedDate":"2024-09-05","isFullCredit":false},{"lineNumber":168,"author":{"gitId":"CT9ARyan"},"content":"","lastModifiedDate":"2024-09-05","isFullCredit":false},{"lineNumber":169,"author":{"gitId":"CT9ARyan"},"content":"                    Event event \u003d new Event(eventName, from, to);","lastModifiedDate":"2024-09-05","isFullCredit":false},{"lineNumber":170,"author":{"gitId":"CT9ARyan"},"content":"                    tasksList[Task.getTaskCount() - 1] \u003d event;","lastModifiedDate":"2024-09-05","isFullCredit":false},{"lineNumber":171,"author":{"gitId":"CT9ARyan"},"content":"","lastModifiedDate":"2024-09-05","isFullCredit":false},{"lineNumber":172,"author":{"gitId":"CT9ARyan"},"content":"                    System.out.println(\"Gotcha! EVENT task added to list\");","lastModifiedDate":"2024-09-05","isFullCredit":false},{"lineNumber":173,"author":{"gitId":"CT9ARyan"},"content":"                    System.out.println(\"\u003e [\" + event.setTaskType() + \"]\" + \"[ ] \" + event.getItem()","lastModifiedDate":"2024-09-05","isFullCredit":false},{"lineNumber":174,"author":{"gitId":"CT9ARyan"},"content":"                            + \" (from: \" + event.getFrom() + \"to: \" + event.getTo() + \")\");","lastModifiedDate":"2024-09-05","isFullCredit":false},{"lineNumber":175,"author":{"gitId":"CT9ARyan"},"content":"                    System.out.println(\"You now have \" + Task.getTaskCount() + \" tasks in your list!\");","lastModifiedDate":"2024-09-05","isFullCredit":false},{"lineNumber":176,"author":{"gitId":"CT9ARyan"},"content":"","lastModifiedDate":"2024-09-05","isFullCredit":false},{"lineNumber":177,"author":{"gitId":"CT9ARyan"},"content":"                } catch (Exception exception) {","lastModifiedDate":"2024-09-06","isFullCredit":false},{"lineNumber":178,"author":{"gitId":"CT9ARyan"},"content":"                    printExceptionMessage();","lastModifiedDate":"2024-09-06","isFullCredit":false},{"lineNumber":179,"author":{"gitId":"CT9ARyan"},"content":"                }","lastModifiedDate":"2024-09-06","isFullCredit":false},{"lineNumber":180,"author":{"gitId":"CT9ARyan"},"content":"","lastModifiedDate":"2024-09-06","isFullCredit":false},{"lineNumber":181,"author":{"gitId":"CT9ARyan"},"content":"            } else {","lastModifiedDate":"2024-08-31","isFullCredit":false},{"lineNumber":182,"author":{"gitId":"CT9ARyan"},"content":"                Task task \u003d new Task(line);","lastModifiedDate":"2024-08-30","isFullCredit":false},{"lineNumber":183,"author":{"gitId":"CT9ARyan"},"content":"                tasksList[Task.getTaskCount() - 1] \u003d task;","lastModifiedDate":"2024-08-30","isFullCredit":false},{"lineNumber":184,"author":{"gitId":"CT9ARyan"},"content":"","lastModifiedDate":"2024-09-06","isFullCredit":false},{"lineNumber":185,"author":{"gitId":"CT9ARyan"},"content":"                System.out.println(\"Added \\\"\" + line + \"\\\" to list\");","lastModifiedDate":"2024-08-29","isFullCredit":false},{"lineNumber":186,"author":{"gitId":"CT9ARyan"},"content":"            }","lastModifiedDate":"2024-08-29","isFullCredit":false},{"lineNumber":187,"author":{"gitId":"CT9ARyan"},"content":"","lastModifiedDate":"2024-08-29","isFullCredit":false},{"lineNumber":188,"author":{"gitId":"CT9ARyan"},"content":"            printDivider();","lastModifiedDate":"2024-08-31","isFullCredit":false},{"lineNumber":189,"author":{"gitId":"CT9ARyan"},"content":"","lastModifiedDate":"2024-08-30","isFullCredit":false},{"lineNumber":190,"author":{"gitId":"CT9ARyan"},"content":"            System.out.print(\"Enter command: \");","lastModifiedDate":"2024-08-28","isFullCredit":false},{"lineNumber":191,"author":{"gitId":"CT9ARyan"},"content":"","lastModifiedDate":"2024-08-31","isFullCredit":false},{"lineNumber":192,"author":{"gitId":"CT9ARyan"},"content":"            line \u003d scanner.nextLine().trim();","lastModifiedDate":"2024-08-31","isFullCredit":false},{"lineNumber":193,"author":{"gitId":"CT9ARyan"},"content":"            words \u003d line.split(\" \");","lastModifiedDate":"2024-08-31","isFullCredit":false},{"lineNumber":194,"author":{"gitId":"CT9ARyan"},"content":"            keyword \u003d words[0].toLowerCase();","lastModifiedDate":"2024-08-30","isFullCredit":false},{"lineNumber":195,"author":{"gitId":"CT9ARyan"},"content":"        }","lastModifiedDate":"2024-08-28","isFullCredit":false},{"lineNumber":196,"author":{"gitId":"CT9ARyan"},"content":"","lastModifiedDate":"2024-08-26","isFullCredit":false},{"lineNumber":197,"author":{"gitId":"CT9ARyan"},"content":"        printDivider();","lastModifiedDate":"2024-08-31","isFullCredit":false},{"lineNumber":198,"author":{"gitId":"CT9ARyan"},"content":"","lastModifiedDate":"2024-08-26","isFullCredit":false},{"lineNumber":199,"author":{"gitId":"CT9ARyan"},"content":"        System.out.println(\"Bye Bye. See ya soon!\");","lastModifiedDate":"2024-08-26","isFullCredit":false},{"lineNumber":200,"author":{"gitId":"CT9ARyan"},"content":"","lastModifiedDate":"2024-08-26","isFullCredit":false},{"lineNumber":201,"author":{"gitId":"CT9ARyan"},"content":"        printDivider();","lastModifiedDate":"2024-08-31","isFullCredit":false},{"lineNumber":202,"author":{"gitId":"CT9ARyan"},"content":"","lastModifiedDate":"2024-08-28","isFullCredit":false},{"lineNumber":203,"author":{"gitId":"CT9ARyan"},"content":"    }","lastModifiedDate":"2024-08-26","isFullCredit":false},{"lineNumber":204,"author":{"gitId":"CT9ARyan"},"content":"}","lastModifiedDate":"2024-08-26","isFullCredit":false}],"authorContributionMap":{"CT9ARyan":204}},{"path":"src/main/java/Deadline.java","fileType":"java","lines":[{"lineNumber":1,"author":{"gitId":"CT9ARyan"},"content":"public class Deadline extends Task{","lastModifiedDate":"2024-09-05","isFullCredit":false},{"lineNumber":2,"author":{"gitId":"CT9ARyan"},"content":"","lastModifiedDate":"2024-09-05","isFullCredit":false},{"lineNumber":3,"author":{"gitId":"CT9ARyan"},"content":"    String by;","lastModifiedDate":"2024-09-05","isFullCredit":false},{"lineNumber":4,"author":{"gitId":"CT9ARyan"},"content":"","lastModifiedDate":"2024-09-05","isFullCredit":false},{"lineNumber":5,"author":{"gitId":"CT9ARyan"},"content":"    public Deadline(String item, String by) {","lastModifiedDate":"2024-09-05","isFullCredit":false},{"lineNumber":6,"author":{"gitId":"CT9ARyan"},"content":"        super(item);","lastModifiedDate":"2024-09-05","isFullCredit":false},{"lineNumber":7,"author":{"gitId":"CT9ARyan"},"content":"        this.by \u003d by;","lastModifiedDate":"2024-09-05","isFullCredit":false},{"lineNumber":8,"author":{"gitId":"CT9ARyan"},"content":"    }","lastModifiedDate":"2024-09-05","isFullCredit":false},{"lineNumber":9,"author":{"gitId":"CT9ARyan"},"content":"","lastModifiedDate":"2024-09-05","isFullCredit":false},{"lineNumber":10,"author":{"gitId":"CT9ARyan"},"content":"    @Override","lastModifiedDate":"2024-09-05","isFullCredit":false},{"lineNumber":11,"author":{"gitId":"CT9ARyan"},"content":"    public String getBy() {","lastModifiedDate":"2024-09-05","isFullCredit":false},{"lineNumber":12,"author":{"gitId":"CT9ARyan"},"content":"        return by;","lastModifiedDate":"2024-09-05","isFullCredit":false},{"lineNumber":13,"author":{"gitId":"CT9ARyan"},"content":"    }","lastModifiedDate":"2024-09-05","isFullCredit":false},{"lineNumber":14,"author":{"gitId":"CT9ARyan"},"content":"","lastModifiedDate":"2024-09-05","isFullCredit":false},{"lineNumber":15,"author":{"gitId":"CT9ARyan"},"content":"    @Override","lastModifiedDate":"2024-09-05","isFullCredit":false},{"lineNumber":16,"author":{"gitId":"CT9ARyan"},"content":"    public String setTaskType() {","lastModifiedDate":"2024-09-05","isFullCredit":false},{"lineNumber":17,"author":{"gitId":"CT9ARyan"},"content":"        return \"D\";","lastModifiedDate":"2024-09-05","isFullCredit":false},{"lineNumber":18,"author":{"gitId":"CT9ARyan"},"content":"    }","lastModifiedDate":"2024-09-05","isFullCredit":false},{"lineNumber":19,"author":{"gitId":"CT9ARyan"},"content":"}","lastModifiedDate":"2024-09-05","isFullCredit":false}],"authorContributionMap":{"CT9ARyan":19}},{"path":"src/main/java/Event.java","fileType":"java","lines":[{"lineNumber":1,"author":{"gitId":"CT9ARyan"},"content":"public class Event extends Task{","lastModifiedDate":"2024-09-05","isFullCredit":false},{"lineNumber":2,"author":{"gitId":"CT9ARyan"},"content":"","lastModifiedDate":"2024-09-05","isFullCredit":false},{"lineNumber":3,"author":{"gitId":"CT9ARyan"},"content":"    protected String from;","lastModifiedDate":"2024-09-05","isFullCredit":false},{"lineNumber":4,"author":{"gitId":"CT9ARyan"},"content":"    protected String to;","lastModifiedDate":"2024-09-05","isFullCredit":false},{"lineNumber":5,"author":{"gitId":"CT9ARyan"},"content":"","lastModifiedDate":"2024-09-05","isFullCredit":false},{"lineNumber":6,"author":{"gitId":"CT9ARyan"},"content":"    public Event(String item, String from, String to) {","lastModifiedDate":"2024-09-05","isFullCredit":false},{"lineNumber":7,"author":{"gitId":"CT9ARyan"},"content":"        super(item);","lastModifiedDate":"2024-09-05","isFullCredit":false},{"lineNumber":8,"author":{"gitId":"CT9ARyan"},"content":"        this.from \u003d from;","lastModifiedDate":"2024-09-05","isFullCredit":false},{"lineNumber":9,"author":{"gitId":"CT9ARyan"},"content":"        this.to \u003d to;","lastModifiedDate":"2024-09-05","isFullCredit":false},{"lineNumber":10,"author":{"gitId":"CT9ARyan"},"content":"    }","lastModifiedDate":"2024-09-05","isFullCredit":false},{"lineNumber":11,"author":{"gitId":"CT9ARyan"},"content":"","lastModifiedDate":"2024-09-05","isFullCredit":false},{"lineNumber":12,"author":{"gitId":"CT9ARyan"},"content":"    @Override","lastModifiedDate":"2024-09-05","isFullCredit":false},{"lineNumber":13,"author":{"gitId":"CT9ARyan"},"content":"    public String getFrom() {","lastModifiedDate":"2024-09-05","isFullCredit":false},{"lineNumber":14,"author":{"gitId":"CT9ARyan"},"content":"        return from;","lastModifiedDate":"2024-09-05","isFullCredit":false},{"lineNumber":15,"author":{"gitId":"CT9ARyan"},"content":"    }","lastModifiedDate":"2024-09-05","isFullCredit":false},{"lineNumber":16,"author":{"gitId":"CT9ARyan"},"content":"","lastModifiedDate":"2024-09-05","isFullCredit":false},{"lineNumber":17,"author":{"gitId":"CT9ARyan"},"content":"    @Override","lastModifiedDate":"2024-09-05","isFullCredit":false},{"lineNumber":18,"author":{"gitId":"CT9ARyan"},"content":"    public String getTo() {","lastModifiedDate":"2024-09-05","isFullCredit":false},{"lineNumber":19,"author":{"gitId":"CT9ARyan"},"content":"        return to;","lastModifiedDate":"2024-09-05","isFullCredit":false},{"lineNumber":20,"author":{"gitId":"CT9ARyan"},"content":"    }","lastModifiedDate":"2024-09-05","isFullCredit":false},{"lineNumber":21,"author":{"gitId":"CT9ARyan"},"content":"","lastModifiedDate":"2024-09-05","isFullCredit":false},{"lineNumber":22,"author":{"gitId":"CT9ARyan"},"content":"    @Override","lastModifiedDate":"2024-09-05","isFullCredit":false},{"lineNumber":23,"author":{"gitId":"CT9ARyan"},"content":"    public String setTaskType() {","lastModifiedDate":"2024-09-05","isFullCredit":false},{"lineNumber":24,"author":{"gitId":"CT9ARyan"},"content":"        return \"E\";","lastModifiedDate":"2024-09-05","isFullCredit":false},{"lineNumber":25,"author":{"gitId":"CT9ARyan"},"content":"    }","lastModifiedDate":"2024-09-05","isFullCredit":false},{"lineNumber":26,"author":{"gitId":"CT9ARyan"},"content":"}","lastModifiedDate":"2024-09-05","isFullCredit":false}],"authorContributionMap":{"CT9ARyan":26}},{"path":"src/main/java/Task.java","fileType":"java","lines":[{"lineNumber":1,"author":{"gitId":"CT9ARyan"},"content":"public class Task {","lastModifiedDate":"2024-08-29","isFullCredit":false},{"lineNumber":2,"author":{"gitId":"CT9ARyan"},"content":"    protected String item;","lastModifiedDate":"2024-09-05","isFullCredit":false},{"lineNumber":3,"author":{"gitId":"CT9ARyan"},"content":"    protected boolean isDone;","lastModifiedDate":"2024-09-05","isFullCredit":false},{"lineNumber":4,"author":{"gitId":"CT9ARyan"},"content":"","lastModifiedDate":"2024-08-29","isFullCredit":false},{"lineNumber":5,"author":{"gitId":"CT9ARyan"},"content":"    public static int taskCount \u003d 0;","lastModifiedDate":"2024-08-29","isFullCredit":false},{"lineNumber":6,"author":{"gitId":"CT9ARyan"},"content":"","lastModifiedDate":"2024-08-29","isFullCredit":false},{"lineNumber":7,"author":{"gitId":"CT9ARyan"},"content":"    public Task(String item) {","lastModifiedDate":"2024-08-29","isFullCredit":false},{"lineNumber":8,"author":{"gitId":"CT9ARyan"},"content":"        this.item \u003d item;","lastModifiedDate":"2024-08-29","isFullCredit":false},{"lineNumber":9,"author":{"gitId":"CT9ARyan"},"content":"        this.isDone \u003d false;","lastModifiedDate":"2024-08-29","isFullCredit":false},{"lineNumber":10,"author":{"gitId":"CT9ARyan"},"content":"        taskCount++;","lastModifiedDate":"2024-08-29","isFullCredit":false},{"lineNumber":11,"author":{"gitId":"CT9ARyan"},"content":"    }","lastModifiedDate":"2024-08-29","isFullCredit":false},{"lineNumber":12,"author":{"gitId":"CT9ARyan"},"content":"","lastModifiedDate":"2024-08-29","isFullCredit":false},{"lineNumber":13,"author":{"gitId":"CT9ARyan"},"content":"    public static int getTaskCount() {","lastModifiedDate":"2024-08-29","isFullCredit":false},{"lineNumber":14,"author":{"gitId":"CT9ARyan"},"content":"        return taskCount;","lastModifiedDate":"2024-08-29","isFullCredit":false},{"lineNumber":15,"author":{"gitId":"CT9ARyan"},"content":"    }","lastModifiedDate":"2024-08-29","isFullCredit":false},{"lineNumber":16,"author":{"gitId":"CT9ARyan"},"content":"","lastModifiedDate":"2024-08-29","isFullCredit":false},{"lineNumber":17,"author":{"gitId":"CT9ARyan"},"content":"    public String getItem() {","lastModifiedDate":"2024-08-30","isFullCredit":false},{"lineNumber":18,"author":{"gitId":"CT9ARyan"},"content":"        return item;","lastModifiedDate":"2024-08-30","isFullCredit":false},{"lineNumber":19,"author":{"gitId":"CT9ARyan"},"content":"    }","lastModifiedDate":"2024-08-30","isFullCredit":false},{"lineNumber":20,"author":{"gitId":"CT9ARyan"},"content":"","lastModifiedDate":"2024-08-30","isFullCredit":false},{"lineNumber":21,"author":{"gitId":"CT9ARyan"},"content":"    public String getStatus() {","lastModifiedDate":"2024-08-29","isFullCredit":false},{"lineNumber":22,"author":{"gitId":"CT9ARyan"},"content":"        return (isDone ? \"X\" : \" \");","lastModifiedDate":"2024-08-29","isFullCredit":false},{"lineNumber":23,"author":{"gitId":"CT9ARyan"},"content":"    }","lastModifiedDate":"2024-08-29","isFullCredit":false},{"lineNumber":24,"author":{"gitId":"CT9ARyan"},"content":"","lastModifiedDate":"2024-08-29","isFullCredit":false},{"lineNumber":25,"author":{"gitId":"CT9ARyan"},"content":"    public void markAsDone() {","lastModifiedDate":"2024-08-29","isFullCredit":false},{"lineNumber":26,"author":{"gitId":"CT9ARyan"},"content":"        isDone \u003d true;","lastModifiedDate":"2024-08-29","isFullCredit":false},{"lineNumber":27,"author":{"gitId":"CT9ARyan"},"content":"    }","lastModifiedDate":"2024-08-29","isFullCredit":false},{"lineNumber":28,"author":{"gitId":"CT9ARyan"},"content":"","lastModifiedDate":"2024-08-29","isFullCredit":false},{"lineNumber":29,"author":{"gitId":"CT9ARyan"},"content":"    public void markAsUndone() {","lastModifiedDate":"2024-08-29","isFullCredit":false},{"lineNumber":30,"author":{"gitId":"CT9ARyan"},"content":"        isDone \u003d false;","lastModifiedDate":"2024-08-29","isFullCredit":false},{"lineNumber":31,"author":{"gitId":"CT9ARyan"},"content":"    }","lastModifiedDate":"2024-08-29","isFullCredit":false},{"lineNumber":32,"author":{"gitId":"CT9ARyan"},"content":"","lastModifiedDate":"2024-08-29","isFullCredit":false},{"lineNumber":33,"author":{"gitId":"CT9ARyan"},"content":"    public String setTaskType() {","lastModifiedDate":"2024-09-05","isFullCredit":false},{"lineNumber":34,"author":{"gitId":"CT9ARyan"},"content":"        return \"-\";","lastModifiedDate":"2024-09-05","isFullCredit":false},{"lineNumber":35,"author":{"gitId":"CT9ARyan"},"content":"    }","lastModifiedDate":"2024-09-05","isFullCredit":false},{"lineNumber":36,"author":{"gitId":"CT9ARyan"},"content":"","lastModifiedDate":"2024-09-05","isFullCredit":false},{"lineNumber":37,"author":{"gitId":"CT9ARyan"},"content":"    public String getBy() {","lastModifiedDate":"2024-09-05","isFullCredit":false},{"lineNumber":38,"author":{"gitId":"CT9ARyan"},"content":"        return \"\";","lastModifiedDate":"2024-09-05","isFullCredit":false},{"lineNumber":39,"author":{"gitId":"CT9ARyan"},"content":"    }","lastModifiedDate":"2024-09-05","isFullCredit":false},{"lineNumber":40,"author":{"gitId":"CT9ARyan"},"content":"","lastModifiedDate":"2024-09-05","isFullCredit":false},{"lineNumber":41,"author":{"gitId":"CT9ARyan"},"content":"    public String getFrom() {","lastModifiedDate":"2024-09-05","isFullCredit":false},{"lineNumber":42,"author":{"gitId":"CT9ARyan"},"content":"        return \"\";","lastModifiedDate":"2024-09-05","isFullCredit":false},{"lineNumber":43,"author":{"gitId":"CT9ARyan"},"content":"    }","lastModifiedDate":"2024-09-05","isFullCredit":false},{"lineNumber":44,"author":{"gitId":"CT9ARyan"},"content":"","lastModifiedDate":"2024-09-05","isFullCredit":false},{"lineNumber":45,"author":{"gitId":"CT9ARyan"},"content":"    public String getTo() {","lastModifiedDate":"2024-09-05","isFullCredit":false},{"lineNumber":46,"author":{"gitId":"CT9ARyan"},"content":"        return \"\";","lastModifiedDate":"2024-09-05","isFullCredit":false},{"lineNumber":47,"author":{"gitId":"CT9ARyan"},"content":"    }","lastModifiedDate":"2024-09-05","isFullCredit":false},{"lineNumber":48,"author":{"gitId":"CT9ARyan"},"content":"}","lastModifiedDate":"2024-08-29","isFullCredit":false}],"authorContributionMap":{"CT9ARyan":48}},{"path":"src/main/java/Todo.java","fileType":"java","lines":[{"lineNumber":1,"author":{"gitId":"CT9ARyan"},"content":"public class Todo extends Task{","lastModifiedDate":"2024-09-05","isFullCredit":false},{"lineNumber":2,"author":{"gitId":"CT9ARyan"},"content":"","lastModifiedDate":"2024-09-05","isFullCredit":false},{"lineNumber":3,"author":{"gitId":"CT9ARyan"},"content":"    public Todo(String item) {","lastModifiedDate":"2024-09-05","isFullCredit":false},{"lineNumber":4,"author":{"gitId":"CT9ARyan"},"content":"        super(item);","lastModifiedDate":"2024-09-05","isFullCredit":false},{"lineNumber":5,"author":{"gitId":"CT9ARyan"},"content":"    }","lastModifiedDate":"2024-09-05","isFullCredit":false},{"lineNumber":6,"author":{"gitId":"CT9ARyan"},"content":"","lastModifiedDate":"2024-09-05","isFullCredit":false},{"lineNumber":7,"author":{"gitId":"CT9ARyan"},"content":"    @Override","lastModifiedDate":"2024-09-05","isFullCredit":false},{"lineNumber":8,"author":{"gitId":"CT9ARyan"},"content":"    public String setTaskType() {","lastModifiedDate":"2024-09-05","isFullCredit":false},{"lineNumber":9,"author":{"gitId":"CT9ARyan"},"content":"        return \"T\";","lastModifiedDate":"2024-09-05","isFullCredit":false},{"lineNumber":10,"author":{"gitId":"CT9ARyan"},"content":"    }","lastModifiedDate":"2024-09-05","isFullCredit":false},{"lineNumber":11,"author":{"gitId":"CT9ARyan"},"content":"}","lastModifiedDate":"2024-09-05","isFullCredit":false}],"authorContributionMap":{"CT9ARyan":11}},{"path":"text-ui-test/input.txt","fileType":"txt","lines":[{"lineNumber":1,"author":{"gitId":"CT9ARyan"},"content":"todo read book","lastModifiedDate":"2024-09-06","isFullCredit":false},{"lineNumber":2,"author":{"gitId":"CT9ARyan"},"content":"list","lastModifiedDate":"2024-09-06","isFullCredit":false},{"lineNumber":3,"author":{"gitId":"CT9ARyan"},"content":"deadline","lastModifiedDate":"2024-09-06","isFullCredit":false},{"lineNumber":4,"author":{"gitId":"CT9ARyan"},"content":"deadline return book by Sunday 23 59","lastModifiedDate":"2024-09-06","isFullCredit":false},{"lineNumber":5,"author":{"gitId":"CT9ARyan"},"content":"deadline return book /by Sunday 23 59","lastModifiedDate":"2024-09-06","isFullCredit":false},{"lineNumber":6,"author":{"gitId":"CT9ARyan"},"content":"event","lastModifiedDate":"2024-09-06","isFullCredit":false},{"lineNumber":7,"author":{"gitId":"CT9ARyan"},"content":"event project meeting from Monday 12pm to 1pm","lastModifiedDate":"2024-09-06","isFullCredit":false},{"lineNumber":8,"author":{"gitId":"CT9ARyan"},"content":"event project meeting /from Monday 12pm to 1pm","lastModifiedDate":"2024-09-06","isFullCredit":false},{"lineNumber":9,"author":{"gitId":"CT9ARyan"},"content":"event project meeting from Monday 12pm /to 1pm","lastModifiedDate":"2024-09-06","isFullCredit":false},{"lineNumber":10,"author":{"gitId":"CT9ARyan"},"content":"event project meeting /from Monday 12pm /to 1pm","lastModifiedDate":"2024-09-06","isFullCredit":false},{"lineNumber":11,"author":{"gitId":"CT9ARyan"},"content":"list","lastModifiedDate":"2024-09-06","isFullCredit":false},{"lineNumber":12,"author":{"gitId":"CT9ARyan"},"content":"mark","lastModifiedDate":"2024-09-06","isFullCredit":false},{"lineNumber":13,"author":{"gitId":"CT9ARyan"},"content":"mark 5","lastModifiedDate":"2024-09-06","isFullCredit":false},{"lineNumber":14,"author":{"gitId":"CT9ARyan"},"content":"mark 1","lastModifiedDate":"2024-09-06","isFullCredit":false},{"lineNumber":15,"author":{"gitId":"CT9ARyan"},"content":"mark 2","lastModifiedDate":"2024-09-06","isFullCredit":false},{"lineNumber":16,"author":{"gitId":"CT9ARyan"},"content":"mark 3","lastModifiedDate":"2024-09-06","isFullCredit":false},{"lineNumber":17,"author":{"gitId":"CT9ARyan"},"content":"list","lastModifiedDate":"2024-09-06","isFullCredit":false},{"lineNumber":18,"author":{"gitId":"CT9ARyan"},"content":"unmark 1","lastModifiedDate":"2024-09-06","isFullCredit":false},{"lineNumber":19,"author":{"gitId":"CT9ARyan"},"content":"unmark 2","lastModifiedDate":"2024-09-06","isFullCredit":false},{"lineNumber":20,"author":{"gitId":"CT9ARyan"},"content":"unmark 3","lastModifiedDate":"2024-09-06","isFullCredit":false},{"lineNumber":21,"author":{"gitId":"CT9ARyan"},"content":"list","lastModifiedDate":"2024-09-06","isFullCredit":false},{"lineNumber":22,"author":{"gitId":"CT9ARyan"},"content":"bye","lastModifiedDate":"2024-09-06","isFullCredit":false}],"authorContributionMap":{"CT9ARyan":22}}]
