[{"path":"Pat.cmd","fileType":"md","lines":[{"lineNumber":1,"author":{"gitId":"xenthm"},"content":"java -cp .\\out\\production\\ip\\ Pat","lastModifiedDate":"2024-09-05","isFullCredit":false}],"authorContributionMap":{"xenthm":1}},{"path":"docs/README.md","fileType":"md","lines":[{"lineNumber":1,"author":{"gitId":"xenthm"},"content":"# Pat User Guide","lastModifiedDate":"2024-08-31","isFullCredit":false},{"lineNumber":2,"author":{"gitId":"-"},"content":"","lastModifiedDate":"2019-07-29","isFullCredit":false},{"lineNumber":3,"author":{"gitId":"-"},"content":"// Update the title above to match the actual product name","lastModifiedDate":"2024-01-07","isFullCredit":false},{"lineNumber":4,"author":{"gitId":"-"},"content":"","lastModifiedDate":"2019-07-29","isFullCredit":false},{"lineNumber":5,"author":{"gitId":"-"},"content":"// Product screenshot goes here","lastModifiedDate":"2024-01-07","isFullCredit":false},{"lineNumber":6,"author":{"gitId":"-"},"content":"","lastModifiedDate":"2021-07-17","isFullCredit":false},{"lineNumber":7,"author":{"gitId":"-"},"content":"// Product intro goes here","lastModifiedDate":"2024-01-07","isFullCredit":false},{"lineNumber":8,"author":{"gitId":"-"},"content":"","lastModifiedDate":"2021-07-17","isFullCredit":false},{"lineNumber":9,"author":{"gitId":"-"},"content":"## Adding deadlines","lastModifiedDate":"2024-01-07","isFullCredit":false},{"lineNumber":10,"author":{"gitId":"-"},"content":"","lastModifiedDate":"2021-07-17","isFullCredit":false},{"lineNumber":11,"author":{"gitId":"-"},"content":"// Describe the action and its outcome.","lastModifiedDate":"2024-01-07","isFullCredit":false},{"lineNumber":12,"author":{"gitId":"-"},"content":"","lastModifiedDate":"2019-07-29","isFullCredit":false},{"lineNumber":13,"author":{"gitId":"-"},"content":"// Give examples of usage","lastModifiedDate":"2024-01-07","isFullCredit":false},{"lineNumber":14,"author":{"gitId":"-"},"content":"","lastModifiedDate":"2019-07-29","isFullCredit":false},{"lineNumber":15,"author":{"gitId":"-"},"content":"Example: `keyword (optional arguments)`","lastModifiedDate":"2024-01-07","isFullCredit":false},{"lineNumber":16,"author":{"gitId":"-"},"content":"","lastModifiedDate":"2019-07-29","isFullCredit":false},{"lineNumber":17,"author":{"gitId":"-"},"content":"// A description of the expected outcome goes here","lastModifiedDate":"2024-01-07","isFullCredit":false},{"lineNumber":18,"author":{"gitId":"-"},"content":"","lastModifiedDate":"2019-07-29","isFullCredit":false},{"lineNumber":19,"author":{"gitId":"-"},"content":"```","lastModifiedDate":"2024-01-07","isFullCredit":false},{"lineNumber":20,"author":{"gitId":"-"},"content":"expected output","lastModifiedDate":"2024-01-07","isFullCredit":false},{"lineNumber":21,"author":{"gitId":"-"},"content":"```","lastModifiedDate":"2024-01-07","isFullCredit":false},{"lineNumber":22,"author":{"gitId":"-"},"content":"","lastModifiedDate":"2019-07-29","isFullCredit":false},{"lineNumber":23,"author":{"gitId":"-"},"content":"## Feature ABC","lastModifiedDate":"2024-01-07","isFullCredit":false},{"lineNumber":24,"author":{"gitId":"-"},"content":"","lastModifiedDate":"2019-07-29","isFullCredit":false},{"lineNumber":25,"author":{"gitId":"-"},"content":"// Feature details","lastModifiedDate":"2024-01-07","isFullCredit":false},{"lineNumber":26,"author":{"gitId":"-"},"content":"","lastModifiedDate":"2019-07-29","isFullCredit":false},{"lineNumber":27,"author":{"gitId":"-"},"content":"","lastModifiedDate":"2021-07-17","isFullCredit":false},{"lineNumber":28,"author":{"gitId":"-"},"content":"## Feature XYZ","lastModifiedDate":"2024-01-07","isFullCredit":false},{"lineNumber":29,"author":{"gitId":"-"},"content":"","lastModifiedDate":"2024-01-07","isFullCredit":false},{"lineNumber":30,"author":{"gitId":"-"},"content":"// Feature details","lastModifiedDate":"2024-01-07","isFullCredit":false}],"authorContributionMap":{"xenthm":1,"-":29}},{"path":"src/pat/Parser.java","fileType":"java","lines":[{"lineNumber":1,"author":{"gitId":"xenthm"},"content":"import exceptions.EmptyDateException;","lastModifiedDate":"2024-09-19","isFullCredit":false},{"lineNumber":2,"author":{"gitId":"xenthm"},"content":"import exceptions.InvalidCommandException;","lastModifiedDate":"2024-09-19","isFullCredit":false},{"lineNumber":3,"author":{"gitId":"xenthm"},"content":"import types.Deadline;","lastModifiedDate":"2024-09-19","isFullCredit":false},{"lineNumber":4,"author":{"gitId":"xenthm"},"content":"import types.Event;","lastModifiedDate":"2024-09-19","isFullCredit":false},{"lineNumber":5,"author":{"gitId":"xenthm"},"content":"import types.Task;","lastModifiedDate":"2024-09-19","isFullCredit":false},{"lineNumber":6,"author":{"gitId":"xenthm"},"content":"import types.Todo;","lastModifiedDate":"2024-09-19","isFullCredit":false},{"lineNumber":7,"author":{"gitId":"xenthm"},"content":"","lastModifiedDate":"2024-09-19","isFullCredit":false},{"lineNumber":8,"author":{"gitId":"xenthm"},"content":"public class Parser {","lastModifiedDate":"2024-09-19","isFullCredit":false},{"lineNumber":9,"author":{"gitId":"xenthm"},"content":"    private static String[] splitCommandArgs(String line) {","lastModifiedDate":"2024-09-19","isFullCredit":false},{"lineNumber":10,"author":{"gitId":"xenthm"},"content":"        return line.split(\" \", 2);","lastModifiedDate":"2024-09-19","isFullCredit":false},{"lineNumber":11,"author":{"gitId":"xenthm"},"content":"    }","lastModifiedDate":"2024-09-19","isFullCredit":false},{"lineNumber":12,"author":{"gitId":"xenthm"},"content":"","lastModifiedDate":"2024-09-19","isFullCredit":false},{"lineNumber":13,"author":{"gitId":"xenthm"},"content":"    public static boolean saidBye(String line) {","lastModifiedDate":"2024-09-19","isFullCredit":false},{"lineNumber":14,"author":{"gitId":"xenthm"},"content":"        return splitCommandArgs(line)[0].equals(\"bye\");","lastModifiedDate":"2024-09-19","isFullCredit":false},{"lineNumber":15,"author":{"gitId":"xenthm"},"content":"    }","lastModifiedDate":"2024-09-19","isFullCredit":false},{"lineNumber":16,"author":{"gitId":"xenthm"},"content":"","lastModifiedDate":"2024-09-19","isFullCredit":false},{"lineNumber":17,"author":{"gitId":"xenthm"},"content":"    public static void parseCommand(TaskList taskList, String line) {","lastModifiedDate":"2024-09-19","isFullCredit":false},{"lineNumber":18,"author":{"gitId":"xenthm"},"content":"        String[] commandArgsPair \u003d splitCommandArgs(line);","lastModifiedDate":"2024-09-19","isFullCredit":false},{"lineNumber":19,"author":{"gitId":"xenthm"},"content":"        String command \u003d commandArgsPair[0];","lastModifiedDate":"2024-09-19","isFullCredit":false},{"lineNumber":20,"author":{"gitId":"xenthm"},"content":"        switch (command) {","lastModifiedDate":"2024-09-19","isFullCredit":false},{"lineNumber":21,"author":{"gitId":"xenthm"},"content":"        case \"list\":","lastModifiedDate":"2024-09-19","isFullCredit":false},{"lineNumber":22,"author":{"gitId":"xenthm"},"content":"            taskList.printList();","lastModifiedDate":"2024-09-19","isFullCredit":false},{"lineNumber":23,"author":{"gitId":"xenthm"},"content":"            break;","lastModifiedDate":"2024-09-19","isFullCredit":false},{"lineNumber":24,"author":{"gitId":"xenthm"},"content":"        case \"todo\":","lastModifiedDate":"2024-09-19","isFullCredit":false},{"lineNumber":25,"author":{"gitId":"xenthm"},"content":"            handleTodo(taskList, commandArgsPair);","lastModifiedDate":"2024-09-19","isFullCredit":false},{"lineNumber":26,"author":{"gitId":"xenthm"},"content":"            break;","lastModifiedDate":"2024-09-19","isFullCredit":false},{"lineNumber":27,"author":{"gitId":"xenthm"},"content":"        case \"deadline\":","lastModifiedDate":"2024-09-19","isFullCredit":false},{"lineNumber":28,"author":{"gitId":"xenthm"},"content":"            handleDeadline(taskList, commandArgsPair);","lastModifiedDate":"2024-09-19","isFullCredit":false},{"lineNumber":29,"author":{"gitId":"xenthm"},"content":"            break;","lastModifiedDate":"2024-09-19","isFullCredit":false},{"lineNumber":30,"author":{"gitId":"xenthm"},"content":"        case \"event\":","lastModifiedDate":"2024-09-19","isFullCredit":false},{"lineNumber":31,"author":{"gitId":"xenthm"},"content":"            handleEvent(taskList, commandArgsPair);","lastModifiedDate":"2024-09-19","isFullCredit":false},{"lineNumber":32,"author":{"gitId":"xenthm"},"content":"            break;","lastModifiedDate":"2024-09-19","isFullCredit":false},{"lineNumber":33,"author":{"gitId":"xenthm"},"content":"        case \"mark\":","lastModifiedDate":"2024-09-19","isFullCredit":false},{"lineNumber":34,"author":{"gitId":"xenthm"},"content":"            markTask(taskList, commandArgsPair);","lastModifiedDate":"2024-09-19","isFullCredit":false},{"lineNumber":35,"author":{"gitId":"xenthm"},"content":"            break;","lastModifiedDate":"2024-09-19","isFullCredit":false},{"lineNumber":36,"author":{"gitId":"xenthm"},"content":"        case \"unmark\":","lastModifiedDate":"2024-09-19","isFullCredit":false},{"lineNumber":37,"author":{"gitId":"xenthm"},"content":"            unmarkTask(taskList, commandArgsPair);","lastModifiedDate":"2024-09-19","isFullCredit":false},{"lineNumber":38,"author":{"gitId":"xenthm"},"content":"            break;","lastModifiedDate":"2024-09-19","isFullCredit":false},{"lineNumber":39,"author":{"gitId":"xenthm"},"content":"        case \"delete\":","lastModifiedDate":"2024-09-19","isFullCredit":false},{"lineNumber":40,"author":{"gitId":"xenthm"},"content":"            deleteTask(taskList, commandArgsPair);","lastModifiedDate":"2024-09-19","isFullCredit":false},{"lineNumber":41,"author":{"gitId":"xenthm"},"content":"            break;","lastModifiedDate":"2024-09-19","isFullCredit":false},{"lineNumber":42,"author":{"gitId":"xenthm"},"content":"        case \"find\":","lastModifiedDate":"2024-09-19","isFullCredit":false},{"lineNumber":43,"author":{"gitId":"xenthm"},"content":"            findTask(taskList, commandArgsPair);","lastModifiedDate":"2024-09-19","isFullCredit":false},{"lineNumber":44,"author":{"gitId":"xenthm"},"content":"            break;","lastModifiedDate":"2024-09-19","isFullCredit":false},{"lineNumber":45,"author":{"gitId":"xenthm"},"content":"        default:","lastModifiedDate":"2024-09-19","isFullCredit":false},{"lineNumber":46,"author":{"gitId":"xenthm"},"content":"            Ui.sayln(\"Please give me a valid command!\");","lastModifiedDate":"2024-09-19","isFullCredit":false},{"lineNumber":47,"author":{"gitId":"xenthm"},"content":"            Ui.sayln(\"[bye/list/todo/deadline/event/mark/unmark/delete/find]\");","lastModifiedDate":"2024-09-19","isFullCredit":false},{"lineNumber":48,"author":{"gitId":"xenthm"},"content":"        }","lastModifiedDate":"2024-09-19","isFullCredit":false},{"lineNumber":49,"author":{"gitId":"xenthm"},"content":"    }","lastModifiedDate":"2024-09-19","isFullCredit":false},{"lineNumber":50,"author":{"gitId":"xenthm"},"content":"","lastModifiedDate":"2024-09-19","isFullCredit":false},{"lineNumber":51,"author":{"gitId":"xenthm"},"content":"    public static String parseOneArg(String[] commandArgsPair) throws InvalidCommandException, IndexOutOfBoundsException {","lastModifiedDate":"2024-09-19","isFullCredit":false},{"lineNumber":52,"author":{"gitId":"xenthm"},"content":"        String arg \u003d commandArgsPair[1].trim();","lastModifiedDate":"2024-09-19","isFullCredit":false},{"lineNumber":53,"author":{"gitId":"xenthm"},"content":"        if (arg.isEmpty()) {","lastModifiedDate":"2024-09-19","isFullCredit":false},{"lineNumber":54,"author":{"gitId":"xenthm"},"content":"            throw new InvalidCommandException();","lastModifiedDate":"2024-09-19","isFullCredit":false},{"lineNumber":55,"author":{"gitId":"xenthm"},"content":"        }","lastModifiedDate":"2024-09-19","isFullCredit":false},{"lineNumber":56,"author":{"gitId":"xenthm"},"content":"        return arg;","lastModifiedDate":"2024-09-19","isFullCredit":false},{"lineNumber":57,"author":{"gitId":"xenthm"},"content":"    }","lastModifiedDate":"2024-09-19","isFullCredit":false},{"lineNumber":58,"author":{"gitId":"xenthm"},"content":"","lastModifiedDate":"2024-09-19","isFullCredit":false},{"lineNumber":59,"author":{"gitId":"xenthm"},"content":"    private static void handleTodo(TaskList taskList, String[] commandArgsPair) {","lastModifiedDate":"2024-09-19","isFullCredit":false},{"lineNumber":60,"author":{"gitId":"xenthm"},"content":"        try {","lastModifiedDate":"2024-09-19","isFullCredit":false},{"lineNumber":61,"author":{"gitId":"xenthm"},"content":"            String todo \u003d parseOneArg(commandArgsPair);","lastModifiedDate":"2024-09-19","isFullCredit":false},{"lineNumber":62,"author":{"gitId":"xenthm"},"content":"            taskList.addToList(new Todo(todo));","lastModifiedDate":"2024-09-19","isFullCredit":false},{"lineNumber":63,"author":{"gitId":"xenthm"},"content":"        } catch (InvalidCommandException | IndexOutOfBoundsException e) {","lastModifiedDate":"2024-09-19","isFullCredit":false},{"lineNumber":64,"author":{"gitId":"xenthm"},"content":"            Ui.sayln(\"Please give me a valid todo to add!\");","lastModifiedDate":"2024-09-19","isFullCredit":false},{"lineNumber":65,"author":{"gitId":"xenthm"},"content":"            Ui.sayln(\"todo [task]\");","lastModifiedDate":"2024-09-19","isFullCredit":false},{"lineNumber":66,"author":{"gitId":"xenthm"},"content":"        }","lastModifiedDate":"2024-09-19","isFullCredit":false},{"lineNumber":67,"author":{"gitId":"xenthm"},"content":"    }","lastModifiedDate":"2024-09-19","isFullCredit":false},{"lineNumber":68,"author":{"gitId":"xenthm"},"content":"","lastModifiedDate":"2024-09-19","isFullCredit":false},{"lineNumber":69,"author":{"gitId":"xenthm"},"content":"    public static String[] parseDeadline(String[] commandArgsPair) throws InvalidCommandException, EmptyDateException,","lastModifiedDate":"2024-09-19","isFullCredit":false},{"lineNumber":70,"author":{"gitId":"xenthm"},"content":"            IndexOutOfBoundsException {","lastModifiedDate":"2024-09-19","isFullCredit":false},{"lineNumber":71,"author":{"gitId":"xenthm"},"content":"        String[] deadlineByPair \u003d commandArgsPair[1].split(\"/by\", 2);","lastModifiedDate":"2024-09-19","isFullCredit":false},{"lineNumber":72,"author":{"gitId":"xenthm"},"content":"        String deadline \u003d deadlineByPair[0].trim();","lastModifiedDate":"2024-09-19","isFullCredit":false},{"lineNumber":73,"author":{"gitId":"xenthm"},"content":"        String by \u003d deadlineByPair[1].trim();","lastModifiedDate":"2024-09-19","isFullCredit":false},{"lineNumber":74,"author":{"gitId":"xenthm"},"content":"        if (deadline.isEmpty()) {","lastModifiedDate":"2024-09-19","isFullCredit":false},{"lineNumber":75,"author":{"gitId":"xenthm"},"content":"            throw new InvalidCommandException();","lastModifiedDate":"2024-09-19","isFullCredit":false},{"lineNumber":76,"author":{"gitId":"xenthm"},"content":"        } else if (by.isEmpty()) {","lastModifiedDate":"2024-09-19","isFullCredit":false},{"lineNumber":77,"author":{"gitId":"xenthm"},"content":"            throw new EmptyDateException(\"By\");","lastModifiedDate":"2024-09-19","isFullCredit":false},{"lineNumber":78,"author":{"gitId":"xenthm"},"content":"        }","lastModifiedDate":"2024-09-19","isFullCredit":false},{"lineNumber":79,"author":{"gitId":"xenthm"},"content":"        return new String[]{deadline, by};","lastModifiedDate":"2024-09-19","isFullCredit":false},{"lineNumber":80,"author":{"gitId":"xenthm"},"content":"    }","lastModifiedDate":"2024-09-19","isFullCredit":false},{"lineNumber":81,"author":{"gitId":"xenthm"},"content":"","lastModifiedDate":"2024-09-19","isFullCredit":false},{"lineNumber":82,"author":{"gitId":"xenthm"},"content":"    private static void handleDeadline(TaskList taskList, String[] commandArgsPair) {","lastModifiedDate":"2024-09-19","isFullCredit":false},{"lineNumber":83,"author":{"gitId":"xenthm"},"content":"        try {","lastModifiedDate":"2024-09-19","isFullCredit":false},{"lineNumber":84,"author":{"gitId":"xenthm"},"content":"            String[] deadlineByPair \u003d Parser.parseDeadline(commandArgsPair);","lastModifiedDate":"2024-09-19","isFullCredit":false},{"lineNumber":85,"author":{"gitId":"xenthm"},"content":"            taskList.addToList(new Deadline(deadlineByPair));","lastModifiedDate":"2024-09-19","isFullCredit":false},{"lineNumber":86,"author":{"gitId":"xenthm"},"content":"        } catch (InvalidCommandException | IndexOutOfBoundsException e) {","lastModifiedDate":"2024-09-19","isFullCredit":false},{"lineNumber":87,"author":{"gitId":"xenthm"},"content":"            Ui.sayln(\"Please give me a valid deadline to add!\");","lastModifiedDate":"2024-09-19","isFullCredit":false},{"lineNumber":88,"author":{"gitId":"xenthm"},"content":"            Ui.sayln(\"deadline [task] /by [deadline]\");","lastModifiedDate":"2024-09-19","isFullCredit":false},{"lineNumber":89,"author":{"gitId":"xenthm"},"content":"        } catch (EmptyDateException e) {","lastModifiedDate":"2024-09-19","isFullCredit":false},{"lineNumber":90,"author":{"gitId":"xenthm"},"content":"            Ui.sayln(\"Please give me a valid due date/time\");","lastModifiedDate":"2024-09-19","isFullCredit":false},{"lineNumber":91,"author":{"gitId":"xenthm"},"content":"            Ui.sayln(\"deadline [task] /by [deadline]\");","lastModifiedDate":"2024-09-19","isFullCredit":false},{"lineNumber":92,"author":{"gitId":"xenthm"},"content":"        }","lastModifiedDate":"2024-09-19","isFullCredit":false},{"lineNumber":93,"author":{"gitId":"xenthm"},"content":"    }","lastModifiedDate":"2024-09-19","isFullCredit":false},{"lineNumber":94,"author":{"gitId":"xenthm"},"content":"","lastModifiedDate":"2024-09-19","isFullCredit":false},{"lineNumber":95,"author":{"gitId":"xenthm"},"content":"    public static String[] parseEvent(String[] commandArgsPair) throws InvalidCommandException, EmptyDateException,","lastModifiedDate":"2024-09-19","isFullCredit":false},{"lineNumber":96,"author":{"gitId":"xenthm"},"content":"            IndexOutOfBoundsException {","lastModifiedDate":"2024-09-19","isFullCredit":false},{"lineNumber":97,"author":{"gitId":"xenthm"},"content":"        String[] eventArgsPair \u003d commandArgsPair[1].split(\"/from\", 2);","lastModifiedDate":"2024-09-19","isFullCredit":false},{"lineNumber":98,"author":{"gitId":"xenthm"},"content":"        String event \u003d eventArgsPair[0].trim();","lastModifiedDate":"2024-09-19","isFullCredit":false},{"lineNumber":99,"author":{"gitId":"xenthm"},"content":"        String[] fromToPair \u003d eventArgsPair[1].split(\"/to\", 2);","lastModifiedDate":"2024-09-19","isFullCredit":false},{"lineNumber":100,"author":{"gitId":"xenthm"},"content":"        String from \u003d fromToPair[0].trim();","lastModifiedDate":"2024-09-19","isFullCredit":false},{"lineNumber":101,"author":{"gitId":"xenthm"},"content":"        String to \u003d fromToPair[1].trim();","lastModifiedDate":"2024-09-19","isFullCredit":false},{"lineNumber":102,"author":{"gitId":"xenthm"},"content":"        if (event.isEmpty()) {","lastModifiedDate":"2024-09-19","isFullCredit":false},{"lineNumber":103,"author":{"gitId":"xenthm"},"content":"            throw new InvalidCommandException();","lastModifiedDate":"2024-09-19","isFullCredit":false},{"lineNumber":104,"author":{"gitId":"xenthm"},"content":"        } else if (from.isEmpty()) {","lastModifiedDate":"2024-09-19","isFullCredit":false},{"lineNumber":105,"author":{"gitId":"xenthm"},"content":"            throw new EmptyDateException(\"Empty from\");","lastModifiedDate":"2024-09-19","isFullCredit":false},{"lineNumber":106,"author":{"gitId":"xenthm"},"content":"        } else if (to.isEmpty()) {","lastModifiedDate":"2024-09-19","isFullCredit":false},{"lineNumber":107,"author":{"gitId":"xenthm"},"content":"            throw new EmptyDateException(\"Empty to\");","lastModifiedDate":"2024-09-19","isFullCredit":false},{"lineNumber":108,"author":{"gitId":"xenthm"},"content":"        }","lastModifiedDate":"2024-09-19","isFullCredit":false},{"lineNumber":109,"author":{"gitId":"xenthm"},"content":"        return new String[]{event, from, to};","lastModifiedDate":"2024-09-19","isFullCredit":false},{"lineNumber":110,"author":{"gitId":"xenthm"},"content":"    }","lastModifiedDate":"2024-09-19","isFullCredit":false},{"lineNumber":111,"author":{"gitId":"xenthm"},"content":"","lastModifiedDate":"2024-09-19","isFullCredit":false},{"lineNumber":112,"author":{"gitId":"xenthm"},"content":"    private static void handleEvent(TaskList taskList, String[] commandArgsPair) {","lastModifiedDate":"2024-09-19","isFullCredit":false},{"lineNumber":113,"author":{"gitId":"xenthm"},"content":"        try {","lastModifiedDate":"2024-09-19","isFullCredit":false},{"lineNumber":114,"author":{"gitId":"xenthm"},"content":"            String[] eventFromToTriplet \u003d Parser.parseEvent(commandArgsPair);","lastModifiedDate":"2024-09-19","isFullCredit":false},{"lineNumber":115,"author":{"gitId":"xenthm"},"content":"            taskList.addToList(new Event(eventFromToTriplet));","lastModifiedDate":"2024-09-19","isFullCredit":false},{"lineNumber":116,"author":{"gitId":"xenthm"},"content":"        } catch (InvalidCommandException | IndexOutOfBoundsException e) {","lastModifiedDate":"2024-09-19","isFullCredit":false},{"lineNumber":117,"author":{"gitId":"xenthm"},"content":"            Ui.sayln(\"Please give me a valid event to add!\");","lastModifiedDate":"2024-09-19","isFullCredit":false},{"lineNumber":118,"author":{"gitId":"xenthm"},"content":"            Ui.sayln(\"event [task] /from [start] /to [end]\");","lastModifiedDate":"2024-09-19","isFullCredit":false},{"lineNumber":119,"author":{"gitId":"xenthm"},"content":"        } catch (EmptyDateException e) {","lastModifiedDate":"2024-09-19","isFullCredit":false},{"lineNumber":120,"author":{"gitId":"xenthm"},"content":"            Ui.sayln(\"Please give me a valid start and end date/time\");","lastModifiedDate":"2024-09-19","isFullCredit":false},{"lineNumber":121,"author":{"gitId":"xenthm"},"content":"            Ui.sayln(\"event [task] /from [start] /to [end]\");","lastModifiedDate":"2024-09-19","isFullCredit":false},{"lineNumber":122,"author":{"gitId":"xenthm"},"content":"        }","lastModifiedDate":"2024-09-19","isFullCredit":false},{"lineNumber":123,"author":{"gitId":"xenthm"},"content":"    }","lastModifiedDate":"2024-09-19","isFullCredit":false},{"lineNumber":124,"author":{"gitId":"xenthm"},"content":"","lastModifiedDate":"2024-09-19","isFullCredit":false},{"lineNumber":125,"author":{"gitId":"xenthm"},"content":"    private static int parseTaskNumber(String[] commandArgsPair) throws NumberFormatException, InvalidCommandException,","lastModifiedDate":"2024-09-19","isFullCredit":false},{"lineNumber":126,"author":{"gitId":"xenthm"},"content":"            IndexOutOfBoundsException {","lastModifiedDate":"2024-09-19","isFullCredit":false},{"lineNumber":127,"author":{"gitId":"xenthm"},"content":"        if (commandArgsPair.length \u003c 2) {   // No task number provided","lastModifiedDate":"2024-09-19","isFullCredit":false},{"lineNumber":128,"author":{"gitId":"xenthm"},"content":"            throw new InvalidCommandException();","lastModifiedDate":"2024-09-19","isFullCredit":false},{"lineNumber":129,"author":{"gitId":"xenthm"},"content":"        }","lastModifiedDate":"2024-09-19","isFullCredit":false},{"lineNumber":130,"author":{"gitId":"xenthm"},"content":"        return Integer.parseInt(commandArgsPair[1]);","lastModifiedDate":"2024-09-19","isFullCredit":false},{"lineNumber":131,"author":{"gitId":"xenthm"},"content":"    }","lastModifiedDate":"2024-09-19","isFullCredit":false},{"lineNumber":132,"author":{"gitId":"xenthm"},"content":"","lastModifiedDate":"2024-09-19","isFullCredit":false},{"lineNumber":133,"author":{"gitId":"xenthm"},"content":"    private static void markTask(TaskList taskList, String[] commandArgsPair) {","lastModifiedDate":"2024-09-19","isFullCredit":false},{"lineNumber":134,"author":{"gitId":"xenthm"},"content":"        if (taskList.isEmpty()) {","lastModifiedDate":"2024-09-19","isFullCredit":false},{"lineNumber":135,"author":{"gitId":"xenthm"},"content":"            Ui.sayln(\"Your task list is empty, please add a task before marking!\");","lastModifiedDate":"2024-09-19","isFullCredit":false},{"lineNumber":136,"author":{"gitId":"xenthm"},"content":"            return;","lastModifiedDate":"2024-09-19","isFullCredit":false},{"lineNumber":137,"author":{"gitId":"xenthm"},"content":"        }","lastModifiedDate":"2024-09-19","isFullCredit":false},{"lineNumber":138,"author":{"gitId":"xenthm"},"content":"        try {","lastModifiedDate":"2024-09-19","isFullCredit":false},{"lineNumber":139,"author":{"gitId":"xenthm"},"content":"            int taskNumber \u003d parseTaskNumber(commandArgsPair);","lastModifiedDate":"2024-09-19","isFullCredit":false},{"lineNumber":140,"author":{"gitId":"xenthm"},"content":"            Task task \u003d taskList.get(taskNumber - 1);","lastModifiedDate":"2024-09-19","isFullCredit":false},{"lineNumber":141,"author":{"gitId":"xenthm"},"content":"            task.markDone();","lastModifiedDate":"2024-09-19","isFullCredit":false},{"lineNumber":142,"author":{"gitId":"xenthm"},"content":"            Ui.sayln(\"Nice! I\u0027ve marked this task as done:\");","lastModifiedDate":"2024-09-19","isFullCredit":false},{"lineNumber":143,"author":{"gitId":"xenthm"},"content":"            Ui.sayln(task.getTask());","lastModifiedDate":"2024-09-19","isFullCredit":false},{"lineNumber":144,"author":{"gitId":"xenthm"},"content":"        } catch (NumberFormatException | InvalidCommandException e) {","lastModifiedDate":"2024-09-19","isFullCredit":false},{"lineNumber":145,"author":{"gitId":"xenthm"},"content":"            Ui.sayln(\"Please tell me a valid task number to mark!\");","lastModifiedDate":"2024-09-19","isFullCredit":false},{"lineNumber":146,"author":{"gitId":"xenthm"},"content":"            Ui.sayln(\"Run `list` to see all available tasks.\");","lastModifiedDate":"2024-09-19","isFullCredit":false},{"lineNumber":147,"author":{"gitId":"xenthm"},"content":"            Ui.sayln(\"mark [task number from list]\");","lastModifiedDate":"2024-09-19","isFullCredit":false},{"lineNumber":148,"author":{"gitId":"xenthm"},"content":"        } catch (IndexOutOfBoundsException e) {","lastModifiedDate":"2024-09-19","isFullCredit":false},{"lineNumber":149,"author":{"gitId":"xenthm"},"content":"            Ui.sayln(\"Task does not exist!\");","lastModifiedDate":"2024-09-19","isFullCredit":false},{"lineNumber":150,"author":{"gitId":"xenthm"},"content":"            Ui.say(\"Please provide a task number from 1 to \");","lastModifiedDate":"2024-09-19","isFullCredit":false},{"lineNumber":151,"author":{"gitId":"xenthm"},"content":"            Ui.sayln(String.valueOf(taskList.size()));","lastModifiedDate":"2024-09-19","isFullCredit":false},{"lineNumber":152,"author":{"gitId":"xenthm"},"content":"        }","lastModifiedDate":"2024-09-19","isFullCredit":false},{"lineNumber":153,"author":{"gitId":"xenthm"},"content":"    }","lastModifiedDate":"2024-09-19","isFullCredit":false},{"lineNumber":154,"author":{"gitId":"xenthm"},"content":"","lastModifiedDate":"2024-09-19","isFullCredit":false},{"lineNumber":155,"author":{"gitId":"xenthm"},"content":"    private static void unmarkTask(TaskList taskList, String[] commandArgsPair) {","lastModifiedDate":"2024-09-19","isFullCredit":false},{"lineNumber":156,"author":{"gitId":"xenthm"},"content":"        if (taskList.isEmpty()) {","lastModifiedDate":"2024-09-19","isFullCredit":false},{"lineNumber":157,"author":{"gitId":"xenthm"},"content":"            Ui.sayln(\"Your task list is empty, please add a task before unmarking!\");","lastModifiedDate":"2024-09-19","isFullCredit":false},{"lineNumber":158,"author":{"gitId":"xenthm"},"content":"            return;","lastModifiedDate":"2024-09-19","isFullCredit":false},{"lineNumber":159,"author":{"gitId":"xenthm"},"content":"        }","lastModifiedDate":"2024-09-19","isFullCredit":false},{"lineNumber":160,"author":{"gitId":"xenthm"},"content":"        try {","lastModifiedDate":"2024-09-19","isFullCredit":false},{"lineNumber":161,"author":{"gitId":"xenthm"},"content":"            int taskNumber \u003d parseTaskNumber(commandArgsPair);","lastModifiedDate":"2024-09-19","isFullCredit":false},{"lineNumber":162,"author":{"gitId":"xenthm"},"content":"            Task task \u003d taskList.get(taskNumber - 1);","lastModifiedDate":"2024-09-19","isFullCredit":false},{"lineNumber":163,"author":{"gitId":"xenthm"},"content":"            task.markNotDone();","lastModifiedDate":"2024-09-19","isFullCredit":false},{"lineNumber":164,"author":{"gitId":"xenthm"},"content":"            Ui.sayln(\"OK, I\u0027ve marked this task as not done yet:\");","lastModifiedDate":"2024-09-19","isFullCredit":false},{"lineNumber":165,"author":{"gitId":"xenthm"},"content":"            Ui.sayln(task.getTask());","lastModifiedDate":"2024-09-19","isFullCredit":false},{"lineNumber":166,"author":{"gitId":"xenthm"},"content":"        } catch (NumberFormatException | InvalidCommandException e) {","lastModifiedDate":"2024-09-19","isFullCredit":false},{"lineNumber":167,"author":{"gitId":"xenthm"},"content":"            Ui.sayln(\"Please tell me a valid task number to unmark!\");","lastModifiedDate":"2024-09-19","isFullCredit":false},{"lineNumber":168,"author":{"gitId":"xenthm"},"content":"            Ui.sayln(\"Run `list` to see all available tasks.\");","lastModifiedDate":"2024-09-19","isFullCredit":false},{"lineNumber":169,"author":{"gitId":"xenthm"},"content":"            Ui.sayln(\"unmark [task number from list]\");","lastModifiedDate":"2024-09-19","isFullCredit":false},{"lineNumber":170,"author":{"gitId":"xenthm"},"content":"        } catch (IndexOutOfBoundsException e) {","lastModifiedDate":"2024-09-19","isFullCredit":false},{"lineNumber":171,"author":{"gitId":"xenthm"},"content":"            Ui.sayln(\"Task does not exist!\");","lastModifiedDate":"2024-09-19","isFullCredit":false},{"lineNumber":172,"author":{"gitId":"xenthm"},"content":"            Ui.say(\"Please provide a task number from 1 to \");","lastModifiedDate":"2024-09-19","isFullCredit":false},{"lineNumber":173,"author":{"gitId":"xenthm"},"content":"            Ui.sayln(String.valueOf(taskList.size()));","lastModifiedDate":"2024-09-19","isFullCredit":false},{"lineNumber":174,"author":{"gitId":"xenthm"},"content":"        }","lastModifiedDate":"2024-09-19","isFullCredit":false},{"lineNumber":175,"author":{"gitId":"xenthm"},"content":"    }","lastModifiedDate":"2024-09-19","isFullCredit":false},{"lineNumber":176,"author":{"gitId":"xenthm"},"content":"","lastModifiedDate":"2024-09-19","isFullCredit":false},{"lineNumber":177,"author":{"gitId":"xenthm"},"content":"    private static void deleteTask(TaskList taskList, String[] commandArgsPair) {","lastModifiedDate":"2024-09-19","isFullCredit":false},{"lineNumber":178,"author":{"gitId":"xenthm"},"content":"        if (taskList.isEmpty()) {","lastModifiedDate":"2024-09-19","isFullCredit":false},{"lineNumber":179,"author":{"gitId":"xenthm"},"content":"            Ui.sayln(\"Your task list is empty, please add a task before deleting!\");","lastModifiedDate":"2024-09-19","isFullCredit":false},{"lineNumber":180,"author":{"gitId":"xenthm"},"content":"            return;","lastModifiedDate":"2024-09-19","isFullCredit":false},{"lineNumber":181,"author":{"gitId":"xenthm"},"content":"        }","lastModifiedDate":"2024-09-19","isFullCredit":false},{"lineNumber":182,"author":{"gitId":"xenthm"},"content":"        try {","lastModifiedDate":"2024-09-19","isFullCredit":false},{"lineNumber":183,"author":{"gitId":"xenthm"},"content":"            if (commandArgsPair.length \u003c 2) {   // No task number provided","lastModifiedDate":"2024-09-19","isFullCredit":false},{"lineNumber":184,"author":{"gitId":"xenthm"},"content":"                throw new InvalidCommandException();","lastModifiedDate":"2024-09-19","isFullCredit":false},{"lineNumber":185,"author":{"gitId":"xenthm"},"content":"            }","lastModifiedDate":"2024-09-19","isFullCredit":false},{"lineNumber":186,"author":{"gitId":"xenthm"},"content":"            int taskNumber \u003d parseTaskNumber(commandArgsPair);","lastModifiedDate":"2024-09-19","isFullCredit":false},{"lineNumber":187,"author":{"gitId":"xenthm"},"content":"            Task task \u003d taskList.remove(taskNumber - 1);","lastModifiedDate":"2024-09-19","isFullCredit":false},{"lineNumber":188,"author":{"gitId":"xenthm"},"content":"            Ui.sayln(\"OK, I\u0027ve removed this task:\");","lastModifiedDate":"2024-09-19","isFullCredit":false},{"lineNumber":189,"author":{"gitId":"xenthm"},"content":"            Ui.sayln(task.getTask());","lastModifiedDate":"2024-09-19","isFullCredit":false},{"lineNumber":190,"author":{"gitId":"xenthm"},"content":"            int size \u003d taskList.size();","lastModifiedDate":"2024-09-19","isFullCredit":false},{"lineNumber":191,"author":{"gitId":"xenthm"},"content":"            if (size \u003e 0) {","lastModifiedDate":"2024-09-19","isFullCredit":false},{"lineNumber":192,"author":{"gitId":"xenthm"},"content":"                Ui.sayln(\"Now you have \" + size + (size \u003d\u003d 1 ? \" task\" : \" tasks\") + \" in the list\");","lastModifiedDate":"2024-09-19","isFullCredit":false},{"lineNumber":193,"author":{"gitId":"xenthm"},"content":"            } else {","lastModifiedDate":"2024-09-19","isFullCredit":false},{"lineNumber":194,"author":{"gitId":"xenthm"},"content":"                Ui.sayln(\"Your task list is empty. \");","lastModifiedDate":"2024-09-19","isFullCredit":false},{"lineNumber":195,"author":{"gitId":"xenthm"},"content":"            }","lastModifiedDate":"2024-09-19","isFullCredit":false},{"lineNumber":196,"author":{"gitId":"xenthm"},"content":"        } catch (NumberFormatException | InvalidCommandException e) {","lastModifiedDate":"2024-09-19","isFullCredit":false},{"lineNumber":197,"author":{"gitId":"xenthm"},"content":"            Ui.sayln(\"Please tell me a valid task number to delete!\");","lastModifiedDate":"2024-09-19","isFullCredit":false},{"lineNumber":198,"author":{"gitId":"xenthm"},"content":"            Ui.sayln(\"Run `list` to see all available tasks.\");","lastModifiedDate":"2024-09-19","isFullCredit":false},{"lineNumber":199,"author":{"gitId":"xenthm"},"content":"            Ui.sayln(\"delete [task number from list]\");","lastModifiedDate":"2024-09-19","isFullCredit":false},{"lineNumber":200,"author":{"gitId":"xenthm"},"content":"        } catch (IndexOutOfBoundsException e) {","lastModifiedDate":"2024-09-19","isFullCredit":false},{"lineNumber":201,"author":{"gitId":"xenthm"},"content":"            Ui.sayln(\"Task does not exist!\");","lastModifiedDate":"2024-09-19","isFullCredit":false},{"lineNumber":202,"author":{"gitId":"xenthm"},"content":"            Ui.say(\"Please provide a task number from 1 to \");","lastModifiedDate":"2024-09-19","isFullCredit":false},{"lineNumber":203,"author":{"gitId":"xenthm"},"content":"            Ui.sayln(String.valueOf(taskList.size()));","lastModifiedDate":"2024-09-19","isFullCredit":false},{"lineNumber":204,"author":{"gitId":"xenthm"},"content":"        }","lastModifiedDate":"2024-09-19","isFullCredit":false},{"lineNumber":205,"author":{"gitId":"xenthm"},"content":"    }","lastModifiedDate":"2024-09-19","isFullCredit":false},{"lineNumber":206,"author":{"gitId":"xenthm"},"content":"","lastModifiedDate":"2024-09-19","isFullCredit":false},{"lineNumber":207,"author":{"gitId":"xenthm"},"content":"    private static void findTask(TaskList taskList, String[] commandArgsPair) {","lastModifiedDate":"2024-09-19","isFullCredit":false},{"lineNumber":208,"author":{"gitId":"xenthm"},"content":"        if (taskList.isEmpty()) {","lastModifiedDate":"2024-09-19","isFullCredit":false},{"lineNumber":209,"author":{"gitId":"xenthm"},"content":"            Ui.sayln(\"Your task list is empty, please add a task before finding!\");","lastModifiedDate":"2024-09-19","isFullCredit":false},{"lineNumber":210,"author":{"gitId":"xenthm"},"content":"            return;","lastModifiedDate":"2024-09-19","isFullCredit":false},{"lineNumber":211,"author":{"gitId":"xenthm"},"content":"        }","lastModifiedDate":"2024-09-19","isFullCredit":false},{"lineNumber":212,"author":{"gitId":"xenthm"},"content":"        try {","lastModifiedDate":"2024-09-19","isFullCredit":false},{"lineNumber":213,"author":{"gitId":"xenthm"},"content":"            String keyword \u003d parseOneArg(commandArgsPair);","lastModifiedDate":"2024-09-19","isFullCredit":false},{"lineNumber":214,"author":{"gitId":"xenthm"},"content":"            taskList.printAllWithKeyword(keyword);","lastModifiedDate":"2024-09-19","isFullCredit":false},{"lineNumber":215,"author":{"gitId":"xenthm"},"content":"        } catch (InvalidCommandException | IndexOutOfBoundsException e) {","lastModifiedDate":"2024-09-19","isFullCredit":false},{"lineNumber":216,"author":{"gitId":"xenthm"},"content":"            Ui.sayln(\"Please give me a valid keyword to find!\");","lastModifiedDate":"2024-09-19","isFullCredit":false},{"lineNumber":217,"author":{"gitId":"xenthm"},"content":"            Ui.sayln(\"find [keyword]\");","lastModifiedDate":"2024-09-19","isFullCredit":false},{"lineNumber":218,"author":{"gitId":"xenthm"},"content":"        }","lastModifiedDate":"2024-09-19","isFullCredit":false},{"lineNumber":219,"author":{"gitId":"xenthm"},"content":"    }","lastModifiedDate":"2024-09-19","isFullCredit":false},{"lineNumber":220,"author":{"gitId":"xenthm"},"content":"}","lastModifiedDate":"2024-09-19","isFullCredit":false}],"authorContributionMap":{"xenthm":220}},{"path":"src/pat/Pat.java","fileType":"java","lines":[{"lineNumber":1,"author":{"gitId":"xenthm"},"content":"import java.nio.file.Path;","lastModifiedDate":"2024-09-15","isFullCredit":false},{"lineNumber":2,"author":{"gitId":"xenthm"},"content":"import java.nio.file.Paths;","lastModifiedDate":"2024-09-15","isFullCredit":false},{"lineNumber":3,"author":{"gitId":"xenthm"},"content":"import java.util.Scanner;","lastModifiedDate":"2024-08-24","isFullCredit":false},{"lineNumber":4,"author":{"gitId":"xenthm"},"content":"","lastModifiedDate":"2024-08-24","isFullCredit":false},{"lineNumber":5,"author":{"gitId":"xenthm"},"content":"public class Pat {","lastModifiedDate":"2024-08-17","isFullCredit":false},{"lineNumber":6,"author":{"gitId":"xenthm"},"content":"    TaskList taskList;","lastModifiedDate":"2024-09-19","isFullCredit":false},{"lineNumber":7,"author":{"gitId":"xenthm"},"content":"    Storage storage;","lastModifiedDate":"2024-09-18","isFullCredit":false},{"lineNumber":8,"author":{"gitId":"xenthm"},"content":"","lastModifiedDate":"2024-08-31","isFullCredit":false},{"lineNumber":9,"author":{"gitId":"xenthm"},"content":"    public Pat(Path dataPath) {","lastModifiedDate":"2024-09-18","isFullCredit":false},{"lineNumber":10,"author":{"gitId":"xenthm"},"content":"        taskList \u003d new TaskList();","lastModifiedDate":"2024-09-19","isFullCredit":false},{"lineNumber":11,"author":{"gitId":"xenthm"},"content":"        storage \u003d new Storage(taskList, dataPath);","lastModifiedDate":"2024-09-19","isFullCredit":false},{"lineNumber":12,"author":{"gitId":"xenthm"},"content":"    }","lastModifiedDate":"2024-08-24","isFullCredit":false},{"lineNumber":13,"author":{"gitId":"xenthm"},"content":"","lastModifiedDate":"2024-08-24","isFullCredit":false},{"lineNumber":14,"author":{"gitId":"xenthm"},"content":"    public void runChat() {","lastModifiedDate":"2024-09-18","isFullCredit":false},{"lineNumber":15,"author":{"gitId":"xenthm"},"content":"        Ui.greet();","lastModifiedDate":"2024-09-18","isFullCredit":false},{"lineNumber":16,"author":{"gitId":"xenthm"},"content":"        String line;","lastModifiedDate":"2024-09-18","isFullCredit":false},{"lineNumber":17,"author":{"gitId":"xenthm"},"content":"        Scanner in \u003d new Scanner(System.in);","lastModifiedDate":"2024-09-18","isFullCredit":false},{"lineNumber":18,"author":{"gitId":"xenthm"},"content":"        do {","lastModifiedDate":"2024-09-18","isFullCredit":false},{"lineNumber":19,"author":{"gitId":"xenthm"},"content":"            line \u003d Ui.readCommand(in);","lastModifiedDate":"2024-09-19","isFullCredit":false},{"lineNumber":20,"author":{"gitId":"xenthm"},"content":"            Parser.parseCommand(taskList, line);","lastModifiedDate":"2024-09-19","isFullCredit":false},{"lineNumber":21,"author":{"gitId":"xenthm"},"content":"        } while (!Parser.saidBye(line));","lastModifiedDate":"2024-09-19","isFullCredit":false},{"lineNumber":22,"author":{"gitId":"xenthm"},"content":"        storage.writeListToFile();","lastModifiedDate":"2024-09-18","isFullCredit":false},{"lineNumber":23,"author":{"gitId":"xenthm"},"content":"        Ui.bye();","lastModifiedDate":"2024-09-18","isFullCredit":false},{"lineNumber":24,"author":{"gitId":"xenthm"},"content":"    }","lastModifiedDate":"2024-09-18","isFullCredit":false},{"lineNumber":25,"author":{"gitId":"xenthm"},"content":"","lastModifiedDate":"2024-09-18","isFullCredit":false},{"lineNumber":26,"author":{"gitId":"xenthm"},"content":"    public static void main(String[] args) {","lastModifiedDate":"2024-09-18","isFullCredit":false},{"lineNumber":27,"author":{"gitId":"xenthm"},"content":"        Path dataPath \u003d Paths.get(\"data\", \"list.txt\");","lastModifiedDate":"2024-09-18","isFullCredit":false},{"lineNumber":28,"author":{"gitId":"xenthm"},"content":"        new Pat(dataPath).runChat();","lastModifiedDate":"2024-09-18","isFullCredit":false},{"lineNumber":29,"author":{"gitId":"xenthm"},"content":"    }","lastModifiedDate":"2024-08-17","isFullCredit":false},{"lineNumber":30,"author":{"gitId":"xenthm"},"content":"}","lastModifiedDate":"2024-08-17","isFullCredit":false}],"authorContributionMap":{"xenthm":30}},{"path":"src/pat/Storage.java","fileType":"java","lines":[{"lineNumber":1,"author":{"gitId":"xenthm"},"content":"import types.Deadline;","lastModifiedDate":"2024-09-18","isFullCredit":false},{"lineNumber":2,"author":{"gitId":"xenthm"},"content":"import types.Event;","lastModifiedDate":"2024-09-18","isFullCredit":false},{"lineNumber":3,"author":{"gitId":"xenthm"},"content":"import types.Task;","lastModifiedDate":"2024-09-18","isFullCredit":false},{"lineNumber":4,"author":{"gitId":"xenthm"},"content":"import types.Todo;","lastModifiedDate":"2024-09-18","isFullCredit":false},{"lineNumber":5,"author":{"gitId":"xenthm"},"content":"","lastModifiedDate":"2024-09-18","isFullCredit":false},{"lineNumber":6,"author":{"gitId":"xenthm"},"content":"import java.io.File;","lastModifiedDate":"2024-09-18","isFullCredit":false},{"lineNumber":7,"author":{"gitId":"xenthm"},"content":"import java.io.FileNotFoundException;","lastModifiedDate":"2024-09-18","isFullCredit":false},{"lineNumber":8,"author":{"gitId":"xenthm"},"content":"import java.io.FileWriter;","lastModifiedDate":"2024-09-18","isFullCredit":false},{"lineNumber":9,"author":{"gitId":"xenthm"},"content":"import java.io.IOException;","lastModifiedDate":"2024-09-18","isFullCredit":false},{"lineNumber":10,"author":{"gitId":"xenthm"},"content":"import java.nio.file.Path;","lastModifiedDate":"2024-09-18","isFullCredit":false},{"lineNumber":11,"author":{"gitId":"xenthm"},"content":"import java.util.Scanner;","lastModifiedDate":"2024-09-18","isFullCredit":false},{"lineNumber":12,"author":{"gitId":"xenthm"},"content":"","lastModifiedDate":"2024-09-18","isFullCredit":false},{"lineNumber":13,"author":{"gitId":"xenthm"},"content":"public class Storage {","lastModifiedDate":"2024-09-18","isFullCredit":false},{"lineNumber":14,"author":{"gitId":"xenthm"},"content":"    TaskList taskList;","lastModifiedDate":"2024-09-19","isFullCredit":false},{"lineNumber":15,"author":{"gitId":"xenthm"},"content":"    Path dataPath;","lastModifiedDate":"2024-09-18","isFullCredit":false},{"lineNumber":16,"author":{"gitId":"xenthm"},"content":"    File dataFile;","lastModifiedDate":"2024-09-18","isFullCredit":false},{"lineNumber":17,"author":{"gitId":"xenthm"},"content":"","lastModifiedDate":"2024-09-18","isFullCredit":false},{"lineNumber":18,"author":{"gitId":"xenthm"},"content":"    public Storage(TaskList tasklist, Path dataPath) {","lastModifiedDate":"2024-09-18","isFullCredit":false},{"lineNumber":19,"author":{"gitId":"xenthm"},"content":"        this.taskList \u003d tasklist;","lastModifiedDate":"2024-09-19","isFullCredit":false},{"lineNumber":20,"author":{"gitId":"xenthm"},"content":"        this.dataPath \u003d dataPath;","lastModifiedDate":"2024-09-18","isFullCredit":false},{"lineNumber":21,"author":{"gitId":"xenthm"},"content":"        dataFile \u003d dataPath.toFile();","lastModifiedDate":"2024-09-18","isFullCredit":false},{"lineNumber":22,"author":{"gitId":"xenthm"},"content":"        readList();","lastModifiedDate":"2024-09-18","isFullCredit":false},{"lineNumber":23,"author":{"gitId":"xenthm"},"content":"    }","lastModifiedDate":"2024-09-18","isFullCredit":false},{"lineNumber":24,"author":{"gitId":"xenthm"},"content":"","lastModifiedDate":"2024-09-18","isFullCredit":false},{"lineNumber":25,"author":{"gitId":"xenthm"},"content":"    public void checkDataFile() throws IOException, RuntimeException {","lastModifiedDate":"2024-09-18","isFullCredit":false},{"lineNumber":26,"author":{"gitId":"xenthm"},"content":"        // Checks if data directory exists","lastModifiedDate":"2024-09-18","isFullCredit":false},{"lineNumber":27,"author":{"gitId":"xenthm"},"content":"        if (dataFile.getParentFile().mkdirs()) {","lastModifiedDate":"2024-09-18","isFullCredit":false},{"lineNumber":28,"author":{"gitId":"xenthm"},"content":"            Ui.sayRedln(\"Directory \\\"\" + dataFile.getParentFile() + \"\\\" created.\");","lastModifiedDate":"2024-09-18","isFullCredit":false},{"lineNumber":29,"author":{"gitId":"xenthm"},"content":"        }","lastModifiedDate":"2024-09-18","isFullCredit":false},{"lineNumber":30,"author":{"gitId":"xenthm"},"content":"","lastModifiedDate":"2024-09-18","isFullCredit":false},{"lineNumber":31,"author":{"gitId":"xenthm"},"content":"        // Checks if file exists","lastModifiedDate":"2024-09-18","isFullCredit":false},{"lineNumber":32,"author":{"gitId":"xenthm"},"content":"        if (dataFile.createNewFile()) {","lastModifiedDate":"2024-09-18","isFullCredit":false},{"lineNumber":33,"author":{"gitId":"xenthm"},"content":"            Ui.sayRedln(\"File \\\"\" + dataFile.getName() + \"\\\" created.\");","lastModifiedDate":"2024-09-18","isFullCredit":false},{"lineNumber":34,"author":{"gitId":"xenthm"},"content":"        }","lastModifiedDate":"2024-09-18","isFullCredit":false},{"lineNumber":35,"author":{"gitId":"xenthm"},"content":"    }","lastModifiedDate":"2024-09-18","isFullCredit":false},{"lineNumber":36,"author":{"gitId":"xenthm"},"content":"","lastModifiedDate":"2024-09-18","isFullCredit":false},{"lineNumber":37,"author":{"gitId":"xenthm"},"content":"    public void appendTask(StringBuilder result, Task task) {","lastModifiedDate":"2024-09-18","isFullCredit":false},{"lineNumber":38,"author":{"gitId":"xenthm"},"content":"        Object taskClass \u003d task.getClass();","lastModifiedDate":"2024-09-18","isFullCredit":false},{"lineNumber":39,"author":{"gitId":"xenthm"},"content":"        if (taskClass.equals(Todo.class)) {","lastModifiedDate":"2024-09-18","isFullCredit":false},{"lineNumber":40,"author":{"gitId":"xenthm"},"content":"            result.append(\"T|\")","lastModifiedDate":"2024-09-18","isFullCredit":false},{"lineNumber":41,"author":{"gitId":"xenthm"},"content":"                    .append(task.getDescription())","lastModifiedDate":"2024-09-18","isFullCredit":false},{"lineNumber":42,"author":{"gitId":"xenthm"},"content":"                    .append(\"|\")","lastModifiedDate":"2024-09-18","isFullCredit":false},{"lineNumber":43,"author":{"gitId":"xenthm"},"content":"                    .append(task.isDone() ? \"y\" : \"n\")","lastModifiedDate":"2024-09-18","isFullCredit":false},{"lineNumber":44,"author":{"gitId":"xenthm"},"content":"                    .append(System.lineSeparator());","lastModifiedDate":"2024-09-18","isFullCredit":false},{"lineNumber":45,"author":{"gitId":"xenthm"},"content":"        } else if (taskClass.equals(Deadline.class)) {","lastModifiedDate":"2024-09-18","isFullCredit":false},{"lineNumber":46,"author":{"gitId":"xenthm"},"content":"            result.append(\"D|\")","lastModifiedDate":"2024-09-18","isFullCredit":false},{"lineNumber":47,"author":{"gitId":"xenthm"},"content":"                    .append(task.getDescription())","lastModifiedDate":"2024-09-18","isFullCredit":false},{"lineNumber":48,"author":{"gitId":"xenthm"},"content":"                    .append(\"|\")","lastModifiedDate":"2024-09-18","isFullCredit":false},{"lineNumber":49,"author":{"gitId":"xenthm"},"content":"                    .append(((Deadline) task).getBy())","lastModifiedDate":"2024-09-18","isFullCredit":false},{"lineNumber":50,"author":{"gitId":"xenthm"},"content":"                    .append(\"|\")","lastModifiedDate":"2024-09-18","isFullCredit":false},{"lineNumber":51,"author":{"gitId":"xenthm"},"content":"                    .append(task.isDone() ? \"y\" : \"n\")","lastModifiedDate":"2024-09-18","isFullCredit":false},{"lineNumber":52,"author":{"gitId":"xenthm"},"content":"                    .append(System.lineSeparator());","lastModifiedDate":"2024-09-18","isFullCredit":false},{"lineNumber":53,"author":{"gitId":"xenthm"},"content":"","lastModifiedDate":"2024-09-18","isFullCredit":false},{"lineNumber":54,"author":{"gitId":"xenthm"},"content":"        } else if (taskClass.equals(Event.class)) {","lastModifiedDate":"2024-09-18","isFullCredit":false},{"lineNumber":55,"author":{"gitId":"xenthm"},"content":"            result.append(\"E|\")","lastModifiedDate":"2024-09-18","isFullCredit":false},{"lineNumber":56,"author":{"gitId":"xenthm"},"content":"                    .append(task.getDescription())","lastModifiedDate":"2024-09-18","isFullCredit":false},{"lineNumber":57,"author":{"gitId":"xenthm"},"content":"                    .append(\"|\")","lastModifiedDate":"2024-09-18","isFullCredit":false},{"lineNumber":58,"author":{"gitId":"xenthm"},"content":"                    .append(((Event) task).getFrom())","lastModifiedDate":"2024-09-18","isFullCredit":false},{"lineNumber":59,"author":{"gitId":"xenthm"},"content":"                    .append(\"|\")","lastModifiedDate":"2024-09-18","isFullCredit":false},{"lineNumber":60,"author":{"gitId":"xenthm"},"content":"                    .append(((Event) task).getTo())","lastModifiedDate":"2024-09-18","isFullCredit":false},{"lineNumber":61,"author":{"gitId":"xenthm"},"content":"                    .append(\"|\")","lastModifiedDate":"2024-09-18","isFullCredit":false},{"lineNumber":62,"author":{"gitId":"xenthm"},"content":"                    .append(task.isDone() ? \"y\" : \"n\")","lastModifiedDate":"2024-09-18","isFullCredit":false},{"lineNumber":63,"author":{"gitId":"xenthm"},"content":"                    .append(System.lineSeparator());","lastModifiedDate":"2024-09-18","isFullCredit":false},{"lineNumber":64,"author":{"gitId":"xenthm"},"content":"","lastModifiedDate":"2024-09-18","isFullCredit":false},{"lineNumber":65,"author":{"gitId":"xenthm"},"content":"        } else {","lastModifiedDate":"2024-09-18","isFullCredit":false},{"lineNumber":66,"author":{"gitId":"xenthm"},"content":"            System.out.println(\"invalid task\");","lastModifiedDate":"2024-09-18","isFullCredit":false},{"lineNumber":67,"author":{"gitId":"xenthm"},"content":"        }","lastModifiedDate":"2024-09-18","isFullCredit":false},{"lineNumber":68,"author":{"gitId":"xenthm"},"content":"    }","lastModifiedDate":"2024-09-18","isFullCredit":false},{"lineNumber":69,"author":{"gitId":"xenthm"},"content":"","lastModifiedDate":"2024-09-18","isFullCredit":false},{"lineNumber":70,"author":{"gitId":"xenthm"},"content":"    public String listToFile() {","lastModifiedDate":"2024-09-18","isFullCredit":false},{"lineNumber":71,"author":{"gitId":"xenthm"},"content":"        StringBuilder result \u003d new StringBuilder();","lastModifiedDate":"2024-09-18","isFullCredit":false},{"lineNumber":72,"author":{"gitId":"xenthm"},"content":"        for (Task task : taskList) {","lastModifiedDate":"2024-09-19","isFullCredit":false},{"lineNumber":73,"author":{"gitId":"xenthm"},"content":"            appendTask(result, task);","lastModifiedDate":"2024-09-18","isFullCredit":false},{"lineNumber":74,"author":{"gitId":"xenthm"},"content":"        }","lastModifiedDate":"2024-09-18","isFullCredit":false},{"lineNumber":75,"author":{"gitId":"xenthm"},"content":"        return result.toString();","lastModifiedDate":"2024-09-18","isFullCredit":false},{"lineNumber":76,"author":{"gitId":"xenthm"},"content":"    }","lastModifiedDate":"2024-09-18","isFullCredit":false},{"lineNumber":77,"author":{"gitId":"xenthm"},"content":"","lastModifiedDate":"2024-09-18","isFullCredit":false},{"lineNumber":78,"author":{"gitId":"xenthm"},"content":"    public void writeListToFile() {","lastModifiedDate":"2024-09-18","isFullCredit":false},{"lineNumber":79,"author":{"gitId":"xenthm"},"content":"        FileWriter fw \u003d null;","lastModifiedDate":"2024-09-18","isFullCredit":false},{"lineNumber":80,"author":{"gitId":"xenthm"},"content":"        try {","lastModifiedDate":"2024-09-18","isFullCredit":false},{"lineNumber":81,"author":{"gitId":"xenthm"},"content":"            checkDataFile();","lastModifiedDate":"2024-09-18","isFullCredit":false},{"lineNumber":82,"author":{"gitId":"xenthm"},"content":"            fw \u003d new FileWriter(dataFile);","lastModifiedDate":"2024-09-18","isFullCredit":false},{"lineNumber":83,"author":{"gitId":"xenthm"},"content":"            fw.write(listToFile());","lastModifiedDate":"2024-09-18","isFullCredit":false},{"lineNumber":84,"author":{"gitId":"xenthm"},"content":"        } catch (IOException e) {","lastModifiedDate":"2024-09-18","isFullCredit":false},{"lineNumber":85,"author":{"gitId":"xenthm"},"content":"            Ui.sayRedln(\"Cannot write to file: \" + e.getMessage());","lastModifiedDate":"2024-09-18","isFullCredit":false},{"lineNumber":86,"author":{"gitId":"xenthm"},"content":"        } catch (RuntimeException e) {","lastModifiedDate":"2024-09-18","isFullCredit":false},{"lineNumber":87,"author":{"gitId":"xenthm"},"content":"            Ui.sayRedln(\"Other error writing to file: \" + e.getMessage());","lastModifiedDate":"2024-09-18","isFullCredit":false},{"lineNumber":88,"author":{"gitId":"xenthm"},"content":"        } finally {","lastModifiedDate":"2024-09-18","isFullCredit":false},{"lineNumber":89,"author":{"gitId":"xenthm"},"content":"            if (fw !\u003d null) {","lastModifiedDate":"2024-09-18","isFullCredit":false},{"lineNumber":90,"author":{"gitId":"xenthm"},"content":"                try {","lastModifiedDate":"2024-09-18","isFullCredit":false},{"lineNumber":91,"author":{"gitId":"xenthm"},"content":"                    fw.close();","lastModifiedDate":"2024-09-18","isFullCredit":false},{"lineNumber":92,"author":{"gitId":"xenthm"},"content":"                } catch (IOException e) {","lastModifiedDate":"2024-09-18","isFullCredit":false},{"lineNumber":93,"author":{"gitId":"xenthm"},"content":"                    Ui.sayRedln(\"Cannot close file: \" + e.getMessage());","lastModifiedDate":"2024-09-18","isFullCredit":false},{"lineNumber":94,"author":{"gitId":"xenthm"},"content":"                }","lastModifiedDate":"2024-09-18","isFullCredit":false},{"lineNumber":95,"author":{"gitId":"xenthm"},"content":"            }","lastModifiedDate":"2024-09-18","isFullCredit":false},{"lineNumber":96,"author":{"gitId":"xenthm"},"content":"        }","lastModifiedDate":"2024-09-18","isFullCredit":false},{"lineNumber":97,"author":{"gitId":"xenthm"},"content":"    }","lastModifiedDate":"2024-09-18","isFullCredit":false},{"lineNumber":98,"author":{"gitId":"xenthm"},"content":"","lastModifiedDate":"2024-09-18","isFullCredit":false},{"lineNumber":99,"author":{"gitId":"xenthm"},"content":"    public void readList() {","lastModifiedDate":"2024-09-18","isFullCredit":false},{"lineNumber":100,"author":{"gitId":"xenthm"},"content":"        if (dataFile.exists()) {","lastModifiedDate":"2024-09-18","isFullCredit":false},{"lineNumber":101,"author":{"gitId":"xenthm"},"content":"            try {","lastModifiedDate":"2024-09-18","isFullCredit":false},{"lineNumber":102,"author":{"gitId":"xenthm"},"content":"                Scanner s \u003d new Scanner(dataFile);","lastModifiedDate":"2024-09-18","isFullCredit":false},{"lineNumber":103,"author":{"gitId":"xenthm"},"content":"                while (s.hasNextLine()) {","lastModifiedDate":"2024-09-18","isFullCredit":false},{"lineNumber":104,"author":{"gitId":"xenthm"},"content":"                    String line \u003d s.nextLine();","lastModifiedDate":"2024-09-18","isFullCredit":false},{"lineNumber":105,"author":{"gitId":"xenthm"},"content":"                    if (line.equals(System.lineSeparator())) {","lastModifiedDate":"2024-09-18","isFullCredit":false},{"lineNumber":106,"author":{"gitId":"xenthm"},"content":"                        break;","lastModifiedDate":"2024-09-18","isFullCredit":false},{"lineNumber":107,"author":{"gitId":"xenthm"},"content":"                    }","lastModifiedDate":"2024-09-18","isFullCredit":false},{"lineNumber":108,"author":{"gitId":"xenthm"},"content":"                    String[] taskParams \u003d line.split(\"\\\\|\");","lastModifiedDate":"2024-09-18","isFullCredit":false},{"lineNumber":109,"author":{"gitId":"xenthm"},"content":"                    char taskType \u003d taskParams[0].charAt(0);","lastModifiedDate":"2024-09-18","isFullCredit":false},{"lineNumber":110,"author":{"gitId":"xenthm"},"content":"                    String description \u003d taskParams[1];","lastModifiedDate":"2024-09-18","isFullCredit":false},{"lineNumber":111,"author":{"gitId":"xenthm"},"content":"                    boolean isDone;","lastModifiedDate":"2024-09-18","isFullCredit":false},{"lineNumber":112,"author":{"gitId":"xenthm"},"content":"                    switch (taskType) {","lastModifiedDate":"2024-09-18","isFullCredit":false},{"lineNumber":113,"author":{"gitId":"xenthm"},"content":"                    case \u0027T\u0027:","lastModifiedDate":"2024-09-18","isFullCredit":false},{"lineNumber":114,"author":{"gitId":"xenthm"},"content":"                        isDone \u003d taskParams[2].equals(\"y\");","lastModifiedDate":"2024-09-18","isFullCredit":false},{"lineNumber":115,"author":{"gitId":"xenthm"},"content":"                        taskList.add(new Todo(description, isDone));","lastModifiedDate":"2024-09-19","isFullCredit":false},{"lineNumber":116,"author":{"gitId":"xenthm"},"content":"                        break;","lastModifiedDate":"2024-09-18","isFullCredit":false},{"lineNumber":117,"author":{"gitId":"xenthm"},"content":"                    case \u0027D\u0027:","lastModifiedDate":"2024-09-18","isFullCredit":false},{"lineNumber":118,"author":{"gitId":"xenthm"},"content":"                        String by \u003d taskParams[2];","lastModifiedDate":"2024-09-18","isFullCredit":false},{"lineNumber":119,"author":{"gitId":"xenthm"},"content":"                        isDone \u003d taskParams[3].equals(\"y\");","lastModifiedDate":"2024-09-18","isFullCredit":false},{"lineNumber":120,"author":{"gitId":"xenthm"},"content":"                        taskList.add(new Deadline(description, by, isDone));","lastModifiedDate":"2024-09-19","isFullCredit":false},{"lineNumber":121,"author":{"gitId":"xenthm"},"content":"                        break;","lastModifiedDate":"2024-09-18","isFullCredit":false},{"lineNumber":122,"author":{"gitId":"xenthm"},"content":"                    case \u0027E\u0027:","lastModifiedDate":"2024-09-18","isFullCredit":false},{"lineNumber":123,"author":{"gitId":"xenthm"},"content":"                        String from \u003d taskParams[2];","lastModifiedDate":"2024-09-18","isFullCredit":false},{"lineNumber":124,"author":{"gitId":"xenthm"},"content":"                        String to \u003d taskParams[3];","lastModifiedDate":"2024-09-18","isFullCredit":false},{"lineNumber":125,"author":{"gitId":"xenthm"},"content":"                        isDone \u003d taskParams[4].equals(\"y\");","lastModifiedDate":"2024-09-18","isFullCredit":false},{"lineNumber":126,"author":{"gitId":"xenthm"},"content":"                        taskList.add(new Event(description, from, to, isDone));","lastModifiedDate":"2024-09-19","isFullCredit":false},{"lineNumber":127,"author":{"gitId":"xenthm"},"content":"                        break;","lastModifiedDate":"2024-09-18","isFullCredit":false},{"lineNumber":128,"author":{"gitId":"xenthm"},"content":"                    default:","lastModifiedDate":"2024-09-18","isFullCredit":false},{"lineNumber":129,"author":{"gitId":"xenthm"},"content":"                        System.out.println(\"Invalid task type in data file\");","lastModifiedDate":"2024-09-18","isFullCredit":false},{"lineNumber":130,"author":{"gitId":"xenthm"},"content":"                        break;","lastModifiedDate":"2024-09-18","isFullCredit":false},{"lineNumber":131,"author":{"gitId":"xenthm"},"content":"                    }","lastModifiedDate":"2024-09-18","isFullCredit":false},{"lineNumber":132,"author":{"gitId":"xenthm"},"content":"                }","lastModifiedDate":"2024-09-18","isFullCredit":false},{"lineNumber":133,"author":{"gitId":"xenthm"},"content":"                Ui.sayRedln(\"Previous list data restored!\");","lastModifiedDate":"2024-09-18","isFullCredit":false},{"lineNumber":134,"author":{"gitId":"xenthm"},"content":"            } catch (FileNotFoundException e) {","lastModifiedDate":"2024-09-18","isFullCredit":false},{"lineNumber":135,"author":{"gitId":"xenthm"},"content":"                Ui.sayRedln(\"File not found: \" + e.getMessage());","lastModifiedDate":"2024-09-18","isFullCredit":false},{"lineNumber":136,"author":{"gitId":"xenthm"},"content":"            }","lastModifiedDate":"2024-09-18","isFullCredit":false},{"lineNumber":137,"author":{"gitId":"xenthm"},"content":"        }","lastModifiedDate":"2024-09-18","isFullCredit":false},{"lineNumber":138,"author":{"gitId":"xenthm"},"content":"    }","lastModifiedDate":"2024-09-18","isFullCredit":false},{"lineNumber":139,"author":{"gitId":"xenthm"},"content":"}","lastModifiedDate":"2024-09-18","isFullCredit":false}],"authorContributionMap":{"xenthm":139}},{"path":"src/pat/TaskList.java","fileType":"java","lines":[{"lineNumber":1,"author":{"gitId":"xenthm"},"content":"import types.Task;","lastModifiedDate":"2024-09-18","isFullCredit":false},{"lineNumber":2,"author":{"gitId":"xenthm"},"content":"","lastModifiedDate":"2024-09-18","isFullCredit":false},{"lineNumber":3,"author":{"gitId":"xenthm"},"content":"import java.util.ArrayList;","lastModifiedDate":"2024-09-18","isFullCredit":false},{"lineNumber":4,"author":{"gitId":"xenthm"},"content":"","lastModifiedDate":"2024-09-18","isFullCredit":false},{"lineNumber":5,"author":{"gitId":"xenthm"},"content":"public class TaskList extends ArrayList\u003cTask\u003e {","lastModifiedDate":"2024-09-18","isFullCredit":false},{"lineNumber":6,"author":{"gitId":"xenthm"},"content":"    public void addToList(Task task) {","lastModifiedDate":"2024-09-18","isFullCredit":false},{"lineNumber":7,"author":{"gitId":"xenthm"},"content":"        add(task);","lastModifiedDate":"2024-09-18","isFullCredit":false},{"lineNumber":8,"author":{"gitId":"xenthm"},"content":"        Ui.sayln(\"Added this task: \");","lastModifiedDate":"2024-09-18","isFullCredit":false},{"lineNumber":9,"author":{"gitId":"xenthm"},"content":"        Ui.sayln(Ui.INDENT + task.getTask());","lastModifiedDate":"2024-09-18","isFullCredit":false},{"lineNumber":10,"author":{"gitId":"xenthm"},"content":"        int size \u003d size();","lastModifiedDate":"2024-09-18","isFullCredit":false},{"lineNumber":11,"author":{"gitId":"xenthm"},"content":"        Ui.sayln(\"Now you have \" + size + (size \u003d\u003d 1 ? \" task\" : \" tasks\") + \" in the list\");","lastModifiedDate":"2024-09-18","isFullCredit":false},{"lineNumber":12,"author":{"gitId":"xenthm"},"content":"    }","lastModifiedDate":"2024-09-18","isFullCredit":false},{"lineNumber":13,"author":{"gitId":"xenthm"},"content":"","lastModifiedDate":"2024-09-18","isFullCredit":false},{"lineNumber":14,"author":{"gitId":"xenthm"},"content":"    public void printList() {","lastModifiedDate":"2024-09-18","isFullCredit":false},{"lineNumber":15,"author":{"gitId":"xenthm"},"content":"        if (isEmpty()) {","lastModifiedDate":"2024-09-18","isFullCredit":false},{"lineNumber":16,"author":{"gitId":"xenthm"},"content":"            Ui.sayln(\"Your todo list is empty!\");","lastModifiedDate":"2024-09-18","isFullCredit":false},{"lineNumber":17,"author":{"gitId":"xenthm"},"content":"            return;","lastModifiedDate":"2024-09-18","isFullCredit":false},{"lineNumber":18,"author":{"gitId":"xenthm"},"content":"        }","lastModifiedDate":"2024-09-18","isFullCredit":false},{"lineNumber":19,"author":{"gitId":"xenthm"},"content":"        Ui.sayln(\"Here\u0027s your todo list!\");","lastModifiedDate":"2024-09-18","isFullCredit":false},{"lineNumber":20,"author":{"gitId":"xenthm"},"content":"        for (int i \u003d 0; i \u003c size(); i++) {","lastModifiedDate":"2024-09-18","isFullCredit":false},{"lineNumber":21,"author":{"gitId":"xenthm"},"content":"            Ui.sayln(Ui.INDENT + (i + 1) + \".\" + get(i).getTask());","lastModifiedDate":"2024-09-18","isFullCredit":false},{"lineNumber":22,"author":{"gitId":"xenthm"},"content":"        }","lastModifiedDate":"2024-09-18","isFullCredit":false},{"lineNumber":23,"author":{"gitId":"xenthm"},"content":"    }","lastModifiedDate":"2024-09-18","isFullCredit":false},{"lineNumber":24,"author":{"gitId":"xenthm"},"content":"","lastModifiedDate":"2024-09-19","isFullCredit":false},{"lineNumber":25,"author":{"gitId":"xenthm"},"content":"    public void printAllWithKeyword(String keyword) {","lastModifiedDate":"2024-09-19","isFullCredit":false},{"lineNumber":26,"author":{"gitId":"xenthm"},"content":"        boolean atLeastOneFound \u003d false;","lastModifiedDate":"2024-09-19","isFullCredit":false},{"lineNumber":27,"author":{"gitId":"xenthm"},"content":"        Ui.sayln(\"Here are the matching tasks in your list:\");","lastModifiedDate":"2024-09-19","isFullCredit":false},{"lineNumber":28,"author":{"gitId":"xenthm"},"content":"        for (int i \u003d 0; i \u003c size(); i++) {","lastModifiedDate":"2024-09-19","isFullCredit":false},{"lineNumber":29,"author":{"gitId":"xenthm"},"content":"            Task task \u003d this.get(i);","lastModifiedDate":"2024-09-19","isFullCredit":false},{"lineNumber":30,"author":{"gitId":"xenthm"},"content":"            if (task.getDescription().toLowerCase().contains(keyword.toLowerCase())) {","lastModifiedDate":"2024-09-19","isFullCredit":false},{"lineNumber":31,"author":{"gitId":"xenthm"},"content":"                atLeastOneFound \u003d true;","lastModifiedDate":"2024-09-19","isFullCredit":false},{"lineNumber":32,"author":{"gitId":"xenthm"},"content":"                Ui.sayln(Ui.INDENT + (i + 1) + \".\" + this.get(i).getTask());","lastModifiedDate":"2024-09-19","isFullCredit":false},{"lineNumber":33,"author":{"gitId":"xenthm"},"content":"            }","lastModifiedDate":"2024-09-19","isFullCredit":false},{"lineNumber":34,"author":{"gitId":"xenthm"},"content":"        }","lastModifiedDate":"2024-09-19","isFullCredit":false},{"lineNumber":35,"author":{"gitId":"xenthm"},"content":"        if (!atLeastOneFound) {","lastModifiedDate":"2024-09-19","isFullCredit":false},{"lineNumber":36,"author":{"gitId":"xenthm"},"content":"            Ui.say(Ui.ANSI_MOVE_TO_START_OF_PREVIOUS_LINE + Ui.ANSI_ERASE_LINE);","lastModifiedDate":"2024-09-19","isFullCredit":false},{"lineNumber":37,"author":{"gitId":"xenthm"},"content":"            Ui.sayln(\"No tasks with keyword \\\"\" + keyword + \"\\\" found!\");","lastModifiedDate":"2024-09-19","isFullCredit":false},{"lineNumber":38,"author":{"gitId":"xenthm"},"content":"        }","lastModifiedDate":"2024-09-19","isFullCredit":false},{"lineNumber":39,"author":{"gitId":"xenthm"},"content":"    }","lastModifiedDate":"2024-09-19","isFullCredit":false},{"lineNumber":40,"author":{"gitId":"xenthm"},"content":"}","lastModifiedDate":"2024-09-18","isFullCredit":false}],"authorContributionMap":{"xenthm":40}},{"path":"src/pat/Ui.java","fileType":"java","lines":[{"lineNumber":1,"author":{"gitId":"xenthm"},"content":"import java.util.Scanner;","lastModifiedDate":"2024-09-19","isFullCredit":false},{"lineNumber":2,"author":{"gitId":"xenthm"},"content":"","lastModifiedDate":"2024-09-19","isFullCredit":false},{"lineNumber":3,"author":{"gitId":"xenthm"},"content":"public class Ui {","lastModifiedDate":"2024-09-18","isFullCredit":false},{"lineNumber":4,"author":{"gitId":"xenthm"},"content":"    // ANSI escape codes to change chat format","lastModifiedDate":"2024-09-18","isFullCredit":false},{"lineNumber":5,"author":{"gitId":"xenthm"},"content":"    public static final String ANSI_RED \u003d \"\\033[31m\";","lastModifiedDate":"2024-09-18","isFullCredit":false},{"lineNumber":6,"author":{"gitId":"xenthm"},"content":"    public static final String ANSI_PINK \u003d \"\\033[95m\";","lastModifiedDate":"2024-09-18","isFullCredit":false},{"lineNumber":7,"author":{"gitId":"xenthm"},"content":"    public static final String ANSI_RESET \u003d \"\\033[0m\";","lastModifiedDate":"2024-09-18","isFullCredit":false},{"lineNumber":8,"author":{"gitId":"xenthm"},"content":"    public static final String ANSI_ERASE_LINE \u003d \"\\033[2K\";","lastModifiedDate":"2024-09-18","isFullCredit":false},{"lineNumber":9,"author":{"gitId":"xenthm"},"content":"    public static final String ANSI_MOVE_TO_START_OF_PREVIOUS_LINE \u003d \"\\033[F\";","lastModifiedDate":"2024-09-18","isFullCredit":false},{"lineNumber":10,"author":{"gitId":"xenthm"},"content":"    public static final String ANSI_MOVE_TO_START_OF_NEXT_LINE \u003d \"\\033[E\";","lastModifiedDate":"2024-09-18","isFullCredit":false},{"lineNumber":11,"author":{"gitId":"xenthm"},"content":"    public static final String INDENT \u003d \"    \";","lastModifiedDate":"2024-09-18","isFullCredit":false},{"lineNumber":12,"author":{"gitId":"xenthm"},"content":"","lastModifiedDate":"2024-09-18","isFullCredit":false},{"lineNumber":13,"author":{"gitId":"xenthm"},"content":"    public static void say(String message) {","lastModifiedDate":"2024-09-18","isFullCredit":false},{"lineNumber":14,"author":{"gitId":"xenthm"},"content":"        System.out.print(ANSI_PINK + message + ANSI_RESET);","lastModifiedDate":"2024-09-18","isFullCredit":false},{"lineNumber":15,"author":{"gitId":"xenthm"},"content":"    }","lastModifiedDate":"2024-09-18","isFullCredit":false},{"lineNumber":16,"author":{"gitId":"xenthm"},"content":"","lastModifiedDate":"2024-09-18","isFullCredit":false},{"lineNumber":17,"author":{"gitId":"xenthm"},"content":"    public static void sayln(String message) {","lastModifiedDate":"2024-09-18","isFullCredit":false},{"lineNumber":18,"author":{"gitId":"xenthm"},"content":"        System.out.println(ANSI_PINK + message + ANSI_RESET);","lastModifiedDate":"2024-09-18","isFullCredit":false},{"lineNumber":19,"author":{"gitId":"xenthm"},"content":"    }","lastModifiedDate":"2024-09-18","isFullCredit":false},{"lineNumber":20,"author":{"gitId":"xenthm"},"content":"","lastModifiedDate":"2024-09-18","isFullCredit":false},{"lineNumber":21,"author":{"gitId":"xenthm"},"content":"    public static void sayRedln(String message) {","lastModifiedDate":"2024-09-18","isFullCredit":false},{"lineNumber":22,"author":{"gitId":"xenthm"},"content":"        System.out.println(ANSI_RED + message + ANSI_RESET);","lastModifiedDate":"2024-09-18","isFullCredit":false},{"lineNumber":23,"author":{"gitId":"xenthm"},"content":"    }","lastModifiedDate":"2024-09-18","isFullCredit":false},{"lineNumber":24,"author":{"gitId":"xenthm"},"content":"","lastModifiedDate":"2024-09-18","isFullCredit":false},{"lineNumber":25,"author":{"gitId":"xenthm"},"content":"    public static void greet() {","lastModifiedDate":"2024-09-18","isFullCredit":false},{"lineNumber":26,"author":{"gitId":"xenthm"},"content":"        sayRedln(\"(Type \\\"bye\\\" to end the chat)\");","lastModifiedDate":"2024-09-18","isFullCredit":false},{"lineNumber":27,"author":{"gitId":"xenthm"},"content":"        sayln(\"Hello! This is Pat!\");","lastModifiedDate":"2024-09-18","isFullCredit":false},{"lineNumber":28,"author":{"gitId":"xenthm"},"content":"        sayln(\"What can I do for you?\");","lastModifiedDate":"2024-09-18","isFullCredit":false},{"lineNumber":29,"author":{"gitId":"xenthm"},"content":"    }","lastModifiedDate":"2024-09-18","isFullCredit":false},{"lineNumber":30,"author":{"gitId":"xenthm"},"content":"","lastModifiedDate":"2024-09-18","isFullCredit":false},{"lineNumber":31,"author":{"gitId":"xenthm"},"content":"    public static void bye() {","lastModifiedDate":"2024-09-18","isFullCredit":false},{"lineNumber":32,"author":{"gitId":"xenthm"},"content":"        sayln(\"Bye! Remember, this is Pat!\");","lastModifiedDate":"2024-09-18","isFullCredit":false},{"lineNumber":33,"author":{"gitId":"xenthm"},"content":"    }","lastModifiedDate":"2024-09-18","isFullCredit":false},{"lineNumber":34,"author":{"gitId":"xenthm"},"content":"","lastModifiedDate":"2024-09-19","isFullCredit":false},{"lineNumber":35,"author":{"gitId":"xenthm"},"content":"    public static String readCommand(Scanner scanner) {","lastModifiedDate":"2024-09-19","isFullCredit":false},{"lineNumber":36,"author":{"gitId":"xenthm"},"content":"        String line;","lastModifiedDate":"2024-09-19","isFullCredit":false},{"lineNumber":37,"author":{"gitId":"xenthm"},"content":"        System.out.print(\"Type your command: \");","lastModifiedDate":"2024-09-19","isFullCredit":false},{"lineNumber":38,"author":{"gitId":"xenthm"},"content":"        line \u003d scanner.nextLine().trim();","lastModifiedDate":"2024-09-19","isFullCredit":false},{"lineNumber":39,"author":{"gitId":"xenthm"},"content":"        if (line.isEmpty()) {","lastModifiedDate":"2024-09-19","isFullCredit":false},{"lineNumber":40,"author":{"gitId":"xenthm"},"content":"            System.out.print(ANSI_MOVE_TO_START_OF_PREVIOUS_LINE);","lastModifiedDate":"2024-09-19","isFullCredit":false},{"lineNumber":41,"author":{"gitId":"xenthm"},"content":"        }","lastModifiedDate":"2024-09-19","isFullCredit":false},{"lineNumber":42,"author":{"gitId":"xenthm"},"content":"        System.out.print(ANSI_MOVE_TO_START_OF_PREVIOUS_LINE + ANSI_ERASE_LINE + line","lastModifiedDate":"2024-09-19","isFullCredit":false},{"lineNumber":43,"author":{"gitId":"xenthm"},"content":"                + ANSI_MOVE_TO_START_OF_NEXT_LINE);","lastModifiedDate":"2024-09-19","isFullCredit":false},{"lineNumber":44,"author":{"gitId":"xenthm"},"content":"        return line;","lastModifiedDate":"2024-09-19","isFullCredit":false},{"lineNumber":45,"author":{"gitId":"xenthm"},"content":"    }","lastModifiedDate":"2024-09-19","isFullCredit":false},{"lineNumber":46,"author":{"gitId":"xenthm"},"content":"}","lastModifiedDate":"2024-09-18","isFullCredit":false}],"authorContributionMap":{"xenthm":46}},{"path":"src/pat/exceptions/EmptyDateException.java","fileType":"java","lines":[{"lineNumber":1,"author":{"gitId":"xenthm"},"content":"package exceptions;","lastModifiedDate":"2024-09-06","isFullCredit":false},{"lineNumber":2,"author":{"gitId":"xenthm"},"content":"","lastModifiedDate":"2024-09-06","isFullCredit":false},{"lineNumber":3,"author":{"gitId":"xenthm"},"content":"public class EmptyDateException extends Exception {","lastModifiedDate":"2024-09-05","isFullCredit":false},{"lineNumber":4,"author":{"gitId":"xenthm"},"content":"    public EmptyDateException(String message) {","lastModifiedDate":"2024-09-05","isFullCredit":false},{"lineNumber":5,"author":{"gitId":"xenthm"},"content":"        super(message);","lastModifiedDate":"2024-09-05","isFullCredit":false},{"lineNumber":6,"author":{"gitId":"xenthm"},"content":"    }","lastModifiedDate":"2024-09-05","isFullCredit":false},{"lineNumber":7,"author":{"gitId":"xenthm"},"content":"}","lastModifiedDate":"2024-09-05","isFullCredit":false}],"authorContributionMap":{"xenthm":7}},{"path":"src/pat/exceptions/InvalidCommandException.java","fileType":"java","lines":[{"lineNumber":1,"author":{"gitId":"xenthm"},"content":"package exceptions;","lastModifiedDate":"2024-09-06","isFullCredit":false},{"lineNumber":2,"author":{"gitId":"xenthm"},"content":"","lastModifiedDate":"2024-09-06","isFullCredit":false},{"lineNumber":3,"author":{"gitId":"xenthm"},"content":"public class InvalidCommandException extends Exception {","lastModifiedDate":"2024-09-05","isFullCredit":false},{"lineNumber":4,"author":{"gitId":"xenthm"},"content":"    public InvalidCommandException() {","lastModifiedDate":"2024-09-05","isFullCredit":false},{"lineNumber":5,"author":{"gitId":"xenthm"},"content":"        super();","lastModifiedDate":"2024-09-05","isFullCredit":false},{"lineNumber":6,"author":{"gitId":"xenthm"},"content":"    }","lastModifiedDate":"2024-09-05","isFullCredit":false},{"lineNumber":7,"author":{"gitId":"xenthm"},"content":"}","lastModifiedDate":"2024-09-05","isFullCredit":false}],"authorContributionMap":{"xenthm":7}},{"path":"src/pat/types/Deadline.java","fileType":"java","lines":[{"lineNumber":1,"author":{"gitId":"xenthm"},"content":"package types;","lastModifiedDate":"2024-09-06","isFullCredit":false},{"lineNumber":2,"author":{"gitId":"xenthm"},"content":"","lastModifiedDate":"2024-09-06","isFullCredit":false},{"lineNumber":3,"author":{"gitId":"xenthm"},"content":"public class Deadline extends Task {","lastModifiedDate":"2024-08-31","isFullCredit":false},{"lineNumber":4,"author":{"gitId":"xenthm"},"content":"    private String by;","lastModifiedDate":"2024-08-31","isFullCredit":false},{"lineNumber":5,"author":{"gitId":"xenthm"},"content":"","lastModifiedDate":"2024-08-31","isFullCredit":false},{"lineNumber":6,"author":{"gitId":"xenthm"},"content":"    public Deadline(String description, String by) {","lastModifiedDate":"2024-08-31","isFullCredit":false},{"lineNumber":7,"author":{"gitId":"xenthm"},"content":"        super(description);","lastModifiedDate":"2024-08-31","isFullCredit":false},{"lineNumber":8,"author":{"gitId":"xenthm"},"content":"        this.by \u003d by;","lastModifiedDate":"2024-08-31","isFullCredit":false},{"lineNumber":9,"author":{"gitId":"xenthm"},"content":"    }","lastModifiedDate":"2024-08-31","isFullCredit":false},{"lineNumber":10,"author":{"gitId":"xenthm"},"content":"","lastModifiedDate":"2024-08-31","isFullCredit":false},{"lineNumber":11,"author":{"gitId":"xenthm"},"content":"    public Deadline(String[] deadlineByPair) {","lastModifiedDate":"2024-09-19","isFullCredit":false},{"lineNumber":12,"author":{"gitId":"xenthm"},"content":"        this(deadlineByPair[0], deadlineByPair[1]);","lastModifiedDate":"2024-09-19","isFullCredit":false},{"lineNumber":13,"author":{"gitId":"xenthm"},"content":"    }","lastModifiedDate":"2024-09-19","isFullCredit":false},{"lineNumber":14,"author":{"gitId":"xenthm"},"content":"","lastModifiedDate":"2024-09-19","isFullCredit":false},{"lineNumber":15,"author":{"gitId":"xenthm"},"content":"    public Deadline(String description, String by, boolean isDone) {","lastModifiedDate":"2024-09-15","isFullCredit":false},{"lineNumber":16,"author":{"gitId":"xenthm"},"content":"        super(description, isDone);","lastModifiedDate":"2024-09-15","isFullCredit":false},{"lineNumber":17,"author":{"gitId":"xenthm"},"content":"        this.by \u003d by;","lastModifiedDate":"2024-09-15","isFullCredit":false},{"lineNumber":18,"author":{"gitId":"xenthm"},"content":"    }","lastModifiedDate":"2024-09-15","isFullCredit":false},{"lineNumber":19,"author":{"gitId":"xenthm"},"content":"","lastModifiedDate":"2024-09-15","isFullCredit":false},{"lineNumber":20,"author":{"gitId":"xenthm"},"content":"    public String getBy() {","lastModifiedDate":"2024-09-20","isFullCredit":false},{"lineNumber":21,"author":{"gitId":"xenthm"},"content":"        return by;","lastModifiedDate":"2024-09-20","isFullCredit":false},{"lineNumber":22,"author":{"gitId":"xenthm"},"content":"    }","lastModifiedDate":"2024-09-20","isFullCredit":false},{"lineNumber":23,"author":{"gitId":"xenthm"},"content":"","lastModifiedDate":"2024-09-20","isFullCredit":false},{"lineNumber":24,"author":{"gitId":"xenthm"},"content":"    public void setBy(String by) {","lastModifiedDate":"2024-09-20","isFullCredit":false},{"lineNumber":25,"author":{"gitId":"xenthm"},"content":"        this.by \u003d by;","lastModifiedDate":"2024-09-20","isFullCredit":false},{"lineNumber":26,"author":{"gitId":"xenthm"},"content":"    }","lastModifiedDate":"2024-09-20","isFullCredit":false},{"lineNumber":27,"author":{"gitId":"xenthm"},"content":"","lastModifiedDate":"2024-09-20","isFullCredit":false},{"lineNumber":28,"author":{"gitId":"xenthm"},"content":"    @Override","lastModifiedDate":"2024-08-31","isFullCredit":false},{"lineNumber":29,"author":{"gitId":"xenthm"},"content":"    public String getTask() {","lastModifiedDate":"2024-08-31","isFullCredit":false},{"lineNumber":30,"author":{"gitId":"xenthm"},"content":"        return \"[D]\" + super.getTask() + \" (by: \" + by + \")\";","lastModifiedDate":"2024-08-31","isFullCredit":false},{"lineNumber":31,"author":{"gitId":"xenthm"},"content":"    }","lastModifiedDate":"2024-08-31","isFullCredit":false},{"lineNumber":32,"author":{"gitId":"xenthm"},"content":"}","lastModifiedDate":"2024-08-31","isFullCredit":false}],"authorContributionMap":{"xenthm":32}},{"path":"src/pat/types/Event.java","fileType":"java","lines":[{"lineNumber":1,"author":{"gitId":"xenthm"},"content":"package types;","lastModifiedDate":"2024-09-06","isFullCredit":false},{"lineNumber":2,"author":{"gitId":"xenthm"},"content":"","lastModifiedDate":"2024-09-06","isFullCredit":false},{"lineNumber":3,"author":{"gitId":"xenthm"},"content":"public class Event extends Task {","lastModifiedDate":"2024-08-31","isFullCredit":false},{"lineNumber":4,"author":{"gitId":"xenthm"},"content":"    private String from;","lastModifiedDate":"2024-08-31","isFullCredit":false},{"lineNumber":5,"author":{"gitId":"xenthm"},"content":"    private String to;","lastModifiedDate":"2024-08-31","isFullCredit":false},{"lineNumber":6,"author":{"gitId":"xenthm"},"content":"","lastModifiedDate":"2024-08-31","isFullCredit":false},{"lineNumber":7,"author":{"gitId":"xenthm"},"content":"    public Event(String description, String from, String to) {","lastModifiedDate":"2024-08-31","isFullCredit":false},{"lineNumber":8,"author":{"gitId":"xenthm"},"content":"        super(description);","lastModifiedDate":"2024-08-31","isFullCredit":false},{"lineNumber":9,"author":{"gitId":"xenthm"},"content":"        this.from \u003d from;","lastModifiedDate":"2024-08-31","isFullCredit":false},{"lineNumber":10,"author":{"gitId":"xenthm"},"content":"        this.to \u003d to;","lastModifiedDate":"2024-08-31","isFullCredit":false},{"lineNumber":11,"author":{"gitId":"xenthm"},"content":"    }","lastModifiedDate":"2024-08-31","isFullCredit":false},{"lineNumber":12,"author":{"gitId":"xenthm"},"content":"","lastModifiedDate":"2024-08-31","isFullCredit":false},{"lineNumber":13,"author":{"gitId":"xenthm"},"content":"    public Event(String[] eventFromToTriplet) {","lastModifiedDate":"2024-09-19","isFullCredit":false},{"lineNumber":14,"author":{"gitId":"xenthm"},"content":"        this(eventFromToTriplet[0], eventFromToTriplet[1], eventFromToTriplet[2]);","lastModifiedDate":"2024-09-19","isFullCredit":false},{"lineNumber":15,"author":{"gitId":"xenthm"},"content":"    }","lastModifiedDate":"2024-09-19","isFullCredit":false},{"lineNumber":16,"author":{"gitId":"xenthm"},"content":"","lastModifiedDate":"2024-09-19","isFullCredit":false},{"lineNumber":17,"author":{"gitId":"xenthm"},"content":"    public Event(String description, String from, String to, boolean isDone) {","lastModifiedDate":"2024-09-15","isFullCredit":false},{"lineNumber":18,"author":{"gitId":"xenthm"},"content":"        super(description, isDone);","lastModifiedDate":"2024-09-15","isFullCredit":false},{"lineNumber":19,"author":{"gitId":"xenthm"},"content":"        this.from \u003d from;","lastModifiedDate":"2024-09-15","isFullCredit":false},{"lineNumber":20,"author":{"gitId":"xenthm"},"content":"        this.to \u003d to;","lastModifiedDate":"2024-09-15","isFullCredit":false},{"lineNumber":21,"author":{"gitId":"xenthm"},"content":"    }","lastModifiedDate":"2024-09-15","isFullCredit":false},{"lineNumber":22,"author":{"gitId":"xenthm"},"content":"","lastModifiedDate":"2024-09-15","isFullCredit":false},{"lineNumber":23,"author":{"gitId":"xenthm"},"content":"    public String getFrom() {","lastModifiedDate":"2024-09-20","isFullCredit":false},{"lineNumber":24,"author":{"gitId":"xenthm"},"content":"        return from;","lastModifiedDate":"2024-09-20","isFullCredit":false},{"lineNumber":25,"author":{"gitId":"xenthm"},"content":"    }","lastModifiedDate":"2024-09-20","isFullCredit":false},{"lineNumber":26,"author":{"gitId":"xenthm"},"content":"","lastModifiedDate":"2024-09-20","isFullCredit":false},{"lineNumber":27,"author":{"gitId":"xenthm"},"content":"    public void setFrom(String from) {","lastModifiedDate":"2024-09-20","isFullCredit":false},{"lineNumber":28,"author":{"gitId":"xenthm"},"content":"        this.from \u003d from;","lastModifiedDate":"2024-09-20","isFullCredit":false},{"lineNumber":29,"author":{"gitId":"xenthm"},"content":"    }","lastModifiedDate":"2024-09-20","isFullCredit":false},{"lineNumber":30,"author":{"gitId":"xenthm"},"content":"","lastModifiedDate":"2024-09-20","isFullCredit":false},{"lineNumber":31,"author":{"gitId":"xenthm"},"content":"    public String getTo() {","lastModifiedDate":"2024-09-20","isFullCredit":false},{"lineNumber":32,"author":{"gitId":"xenthm"},"content":"        return to;","lastModifiedDate":"2024-09-20","isFullCredit":false},{"lineNumber":33,"author":{"gitId":"xenthm"},"content":"    }","lastModifiedDate":"2024-09-20","isFullCredit":false},{"lineNumber":34,"author":{"gitId":"xenthm"},"content":"","lastModifiedDate":"2024-09-20","isFullCredit":false},{"lineNumber":35,"author":{"gitId":"xenthm"},"content":"    public void setTo(String to) {","lastModifiedDate":"2024-09-20","isFullCredit":false},{"lineNumber":36,"author":{"gitId":"xenthm"},"content":"        this.to \u003d to;","lastModifiedDate":"2024-09-20","isFullCredit":false},{"lineNumber":37,"author":{"gitId":"xenthm"},"content":"    }","lastModifiedDate":"2024-09-20","isFullCredit":false},{"lineNumber":38,"author":{"gitId":"xenthm"},"content":"","lastModifiedDate":"2024-09-20","isFullCredit":false},{"lineNumber":39,"author":{"gitId":"xenthm"},"content":"    @Override","lastModifiedDate":"2024-08-31","isFullCredit":false},{"lineNumber":40,"author":{"gitId":"xenthm"},"content":"    public String getTask() {","lastModifiedDate":"2024-08-31","isFullCredit":false},{"lineNumber":41,"author":{"gitId":"xenthm"},"content":"        return \"[E]\" + super.getTask() + \" (from: \" + from + \" to: \" + to + \")\";","lastModifiedDate":"2024-08-31","isFullCredit":false},{"lineNumber":42,"author":{"gitId":"xenthm"},"content":"    }","lastModifiedDate":"2024-08-31","isFullCredit":false},{"lineNumber":43,"author":{"gitId":"xenthm"},"content":"}","lastModifiedDate":"2024-08-31","isFullCredit":false}],"authorContributionMap":{"xenthm":43}},{"path":"src/pat/types/Task.java","fileType":"java","lines":[{"lineNumber":1,"author":{"gitId":"xenthm"},"content":"package types;","lastModifiedDate":"2024-09-06","isFullCredit":false},{"lineNumber":2,"author":{"gitId":"xenthm"},"content":"","lastModifiedDate":"2024-09-06","isFullCredit":false},{"lineNumber":3,"author":{"gitId":"xenthm"},"content":"public class Task {","lastModifiedDate":"2024-08-24","isFullCredit":false},{"lineNumber":4,"author":{"gitId":"xenthm"},"content":"    protected String description;","lastModifiedDate":"2024-08-24","isFullCredit":false},{"lineNumber":5,"author":{"gitId":"xenthm"},"content":"    protected boolean isDone;","lastModifiedDate":"2024-08-24","isFullCredit":false},{"lineNumber":6,"author":{"gitId":"xenthm"},"content":"","lastModifiedDate":"2024-08-24","isFullCredit":false},{"lineNumber":7,"author":{"gitId":"xenthm"},"content":"    public Task(String description) {","lastModifiedDate":"2024-09-20","isFullCredit":false},{"lineNumber":8,"author":{"gitId":"xenthm"},"content":"        this.description \u003d description;","lastModifiedDate":"2024-09-20","isFullCredit":false},{"lineNumber":9,"author":{"gitId":"xenthm"},"content":"        this.isDone \u003d false;","lastModifiedDate":"2024-09-20","isFullCredit":false},{"lineNumber":10,"author":{"gitId":"xenthm"},"content":"    }","lastModifiedDate":"2024-09-20","isFullCredit":false},{"lineNumber":11,"author":{"gitId":"xenthm"},"content":"","lastModifiedDate":"2024-09-20","isFullCredit":false},{"lineNumber":12,"author":{"gitId":"xenthm"},"content":"    public Task(String description, boolean isDone) {","lastModifiedDate":"2024-09-20","isFullCredit":false},{"lineNumber":13,"author":{"gitId":"xenthm"},"content":"        this.description \u003d description;","lastModifiedDate":"2024-09-20","isFullCredit":false},{"lineNumber":14,"author":{"gitId":"xenthm"},"content":"        this.isDone \u003d isDone;","lastModifiedDate":"2024-09-20","isFullCredit":false},{"lineNumber":15,"author":{"gitId":"xenthm"},"content":"    }","lastModifiedDate":"2024-09-20","isFullCredit":false},{"lineNumber":16,"author":{"gitId":"xenthm"},"content":"","lastModifiedDate":"2024-09-20","isFullCredit":false},{"lineNumber":17,"author":{"gitId":"xenthm"},"content":"    public String getDescription() {","lastModifiedDate":"2024-09-15","isFullCredit":false},{"lineNumber":18,"author":{"gitId":"xenthm"},"content":"        return description;","lastModifiedDate":"2024-09-15","isFullCredit":false},{"lineNumber":19,"author":{"gitId":"xenthm"},"content":"    }","lastModifiedDate":"2024-09-15","isFullCredit":false},{"lineNumber":20,"author":{"gitId":"xenthm"},"content":"","lastModifiedDate":"2024-09-15","isFullCredit":false},{"lineNumber":21,"author":{"gitId":"xenthm"},"content":"    public void setDescription(String description) {","lastModifiedDate":"2024-09-15","isFullCredit":false},{"lineNumber":22,"author":{"gitId":"xenthm"},"content":"        this.description \u003d description;","lastModifiedDate":"2024-09-15","isFullCredit":false},{"lineNumber":23,"author":{"gitId":"xenthm"},"content":"    }","lastModifiedDate":"2024-09-15","isFullCredit":false},{"lineNumber":24,"author":{"gitId":"xenthm"},"content":"","lastModifiedDate":"2024-09-15","isFullCredit":false},{"lineNumber":25,"author":{"gitId":"xenthm"},"content":"    public boolean isDone() {","lastModifiedDate":"2024-09-15","isFullCredit":false},{"lineNumber":26,"author":{"gitId":"xenthm"},"content":"        return isDone;","lastModifiedDate":"2024-09-15","isFullCredit":false},{"lineNumber":27,"author":{"gitId":"xenthm"},"content":"    }","lastModifiedDate":"2024-09-15","isFullCredit":false},{"lineNumber":28,"author":{"gitId":"xenthm"},"content":"","lastModifiedDate":"2024-09-15","isFullCredit":false},{"lineNumber":29,"author":{"gitId":"xenthm"},"content":"    public void setDone(boolean done) {","lastModifiedDate":"2024-09-15","isFullCredit":false},{"lineNumber":30,"author":{"gitId":"xenthm"},"content":"        isDone \u003d done;","lastModifiedDate":"2024-09-15","isFullCredit":false},{"lineNumber":31,"author":{"gitId":"xenthm"},"content":"    }","lastModifiedDate":"2024-09-15","isFullCredit":false},{"lineNumber":32,"author":{"gitId":"xenthm"},"content":"","lastModifiedDate":"2024-09-15","isFullCredit":false},{"lineNumber":33,"author":{"gitId":"xenthm"},"content":"    public String getTask() {","lastModifiedDate":"2024-08-24","isFullCredit":false},{"lineNumber":34,"author":{"gitId":"xenthm"},"content":"        return (isDone ? \"[X]\" : \"[ ]\") + \" \" + description;","lastModifiedDate":"2024-08-24","isFullCredit":false},{"lineNumber":35,"author":{"gitId":"xenthm"},"content":"    }","lastModifiedDate":"2024-08-24","isFullCredit":false},{"lineNumber":36,"author":{"gitId":"xenthm"},"content":"","lastModifiedDate":"2024-08-24","isFullCredit":false},{"lineNumber":37,"author":{"gitId":"xenthm"},"content":"    public void markDone() {","lastModifiedDate":"2024-08-24","isFullCredit":false},{"lineNumber":38,"author":{"gitId":"xenthm"},"content":"        isDone \u003d true;","lastModifiedDate":"2024-08-24","isFullCredit":false},{"lineNumber":39,"author":{"gitId":"xenthm"},"content":"    }","lastModifiedDate":"2024-08-24","isFullCredit":false},{"lineNumber":40,"author":{"gitId":"xenthm"},"content":"","lastModifiedDate":"2024-08-24","isFullCredit":false},{"lineNumber":41,"author":{"gitId":"xenthm"},"content":"    public void markNotDone() {","lastModifiedDate":"2024-08-24","isFullCredit":false},{"lineNumber":42,"author":{"gitId":"xenthm"},"content":"        isDone \u003d false;","lastModifiedDate":"2024-08-24","isFullCredit":false},{"lineNumber":43,"author":{"gitId":"xenthm"},"content":"    }","lastModifiedDate":"2024-08-24","isFullCredit":false},{"lineNumber":44,"author":{"gitId":"xenthm"},"content":"}","lastModifiedDate":"2024-08-24","isFullCredit":false}],"authorContributionMap":{"xenthm":44}},{"path":"src/pat/types/Todo.java","fileType":"java","lines":[{"lineNumber":1,"author":{"gitId":"xenthm"},"content":"package types;","lastModifiedDate":"2024-09-06","isFullCredit":false},{"lineNumber":2,"author":{"gitId":"xenthm"},"content":"","lastModifiedDate":"2024-09-06","isFullCredit":false},{"lineNumber":3,"author":{"gitId":"xenthm"},"content":"public class Todo extends Task {","lastModifiedDate":"2024-08-31","isFullCredit":false},{"lineNumber":4,"author":{"gitId":"xenthm"},"content":"    public Todo(String description) {","lastModifiedDate":"2024-08-31","isFullCredit":false},{"lineNumber":5,"author":{"gitId":"xenthm"},"content":"        super(description);","lastModifiedDate":"2024-08-31","isFullCredit":false},{"lineNumber":6,"author":{"gitId":"xenthm"},"content":"    }","lastModifiedDate":"2024-08-31","isFullCredit":false},{"lineNumber":7,"author":{"gitId":"xenthm"},"content":"","lastModifiedDate":"2024-08-31","isFullCredit":false},{"lineNumber":8,"author":{"gitId":"xenthm"},"content":"    public Todo(String description, boolean isDone) {","lastModifiedDate":"2024-09-15","isFullCredit":false},{"lineNumber":9,"author":{"gitId":"xenthm"},"content":"        super(description, isDone);","lastModifiedDate":"2024-09-15","isFullCredit":false},{"lineNumber":10,"author":{"gitId":"xenthm"},"content":"    }","lastModifiedDate":"2024-09-15","isFullCredit":false},{"lineNumber":11,"author":{"gitId":"xenthm"},"content":"","lastModifiedDate":"2024-09-15","isFullCredit":false},{"lineNumber":12,"author":{"gitId":"xenthm"},"content":"    @Override","lastModifiedDate":"2024-08-31","isFullCredit":false},{"lineNumber":13,"author":{"gitId":"xenthm"},"content":"    public String getTask() {","lastModifiedDate":"2024-08-31","isFullCredit":false},{"lineNumber":14,"author":{"gitId":"xenthm"},"content":"        return \"[T]\" + super.getTask();","lastModifiedDate":"2024-08-31","isFullCredit":false},{"lineNumber":15,"author":{"gitId":"xenthm"},"content":"    }","lastModifiedDate":"2024-08-31","isFullCredit":false},{"lineNumber":16,"author":{"gitId":"xenthm"},"content":"}","lastModifiedDate":"2024-08-31","isFullCredit":false}],"authorContributionMap":{"xenthm":16}},{"path":"text-ui-test/input.txt","fileType":"txt","lines":[{"lineNumber":1,"author":{"gitId":"xenthm"},"content":"test","lastModifiedDate":"2024-08-31","isFullCredit":false},{"lineNumber":2,"author":{"gitId":"xenthm"},"content":"todo test","lastModifiedDate":"2024-08-31","isFullCredit":false},{"lineNumber":3,"author":{"gitId":"xenthm"},"content":"list","lastModifiedDate":"2024-08-31","isFullCredit":false},{"lineNumber":4,"author":{"gitId":"xenthm"},"content":"deadline test","lastModifiedDate":"2024-08-31","isFullCredit":false},{"lineNumber":5,"author":{"gitId":"xenthm"},"content":"deadline test /by now","lastModifiedDate":"2024-08-31","isFullCredit":false},{"lineNumber":6,"author":{"gitId":"xenthm"},"content":"event test /from    /to  2","lastModifiedDate":"2024-08-31","isFullCredit":false},{"lineNumber":7,"author":{"gitId":"xenthm"},"content":"event test /from now /to later","lastModifiedDate":"2024-08-31","isFullCredit":false},{"lineNumber":8,"author":{"gitId":"xenthm"},"content":"mark 2","lastModifiedDate":"2024-08-31","isFullCredit":false},{"lineNumber":9,"author":{"gitId":"xenthm"},"content":"list","lastModifiedDate":"2024-08-31","isFullCredit":false},{"lineNumber":10,"author":{"gitId":"xenthm"},"content":"unmark 2","lastModifiedDate":"2024-08-31","isFullCredit":false},{"lineNumber":11,"author":{"gitId":"xenthm"},"content":"list","lastModifiedDate":"2024-08-31","isFullCredit":false},{"lineNumber":12,"author":{"gitId":"xenthm"},"content":"bye","lastModifiedDate":"2024-08-31","isFullCredit":false}],"authorContributionMap":{"xenthm":12}},{"path":"text-ui-test/runtest.bat","fileType":"bat","lines":[{"lineNumber":1,"author":{"gitId":"-"},"content":"@ECHO OFF","lastModifiedDate":"2020-05-25","isFullCredit":false},{"lineNumber":2,"author":{"gitId":"-"},"content":"","lastModifiedDate":"2020-05-25","isFullCredit":false},{"lineNumber":3,"author":{"gitId":"-"},"content":"REM delete output from previous run","lastModifiedDate":"2020-05-25","isFullCredit":false},{"lineNumber":4,"author":{"gitId":"-"},"content":"if exist ACTUAL.TXT del ACTUAL.TXT","lastModifiedDate":"2020-08-25","isFullCredit":false},{"lineNumber":5,"author":{"gitId":"-"},"content":"","lastModifiedDate":"2020-05-25","isFullCredit":false},{"lineNumber":6,"author":{"gitId":"-"},"content":"REM compile the code into the bin folder","lastModifiedDate":"2020-05-25","isFullCredit":false},{"lineNumber":7,"author":{"gitId":"xenthm"},"content":"javac -cp ..\\src\\main\\java -Xlint:none -d ..\\out\\production\\ip ..\\src\\pat\\*.java ..\\src\\pat\\exceptions\\*.java ..\\src\\pat\\types\\*.java","lastModifiedDate":"2024-09-15","isFullCredit":false},{"lineNumber":8,"author":{"gitId":"-"},"content":"IF ERRORLEVEL 1 (","lastModifiedDate":"2020-05-25","isFullCredit":false},{"lineNumber":9,"author":{"gitId":"-"},"content":"    echo ********** BUILD FAILURE **********","lastModifiedDate":"2020-05-25","isFullCredit":false},{"lineNumber":10,"author":{"gitId":"-"},"content":"    exit /b 1","lastModifiedDate":"2020-05-25","isFullCredit":false},{"lineNumber":11,"author":{"gitId":"-"},"content":")","lastModifiedDate":"2020-05-25","isFullCredit":false},{"lineNumber":12,"author":{"gitId":"-"},"content":"REM no error here, errorlevel \u003d\u003d 0","lastModifiedDate":"2020-05-25","isFullCredit":false},{"lineNumber":13,"author":{"gitId":"-"},"content":"","lastModifiedDate":"2020-05-25","isFullCredit":false},{"lineNumber":14,"author":{"gitId":"-"},"content":"REM run the program, feed commands from input.txt file and redirect the output to the ACTUAL.TXT","lastModifiedDate":"2020-05-25","isFullCredit":false},{"lineNumber":15,"author":{"gitId":"xenthm"},"content":"java -classpath ..\\out\\production\\ip Pat \u003c input.txt \u003e ACTUAL.TXT","lastModifiedDate":"2024-08-31","isFullCredit":false},{"lineNumber":16,"author":{"gitId":"-"},"content":"","lastModifiedDate":"2020-05-25","isFullCredit":false},{"lineNumber":17,"author":{"gitId":"-"},"content":"REM compare the output to the expected output","lastModifiedDate":"2020-05-25","isFullCredit":false},{"lineNumber":18,"author":{"gitId":"-"},"content":"FC ACTUAL.TXT EXPECTED.TXT","lastModifiedDate":"2020-05-25","isFullCredit":false}],"authorContributionMap":{"xenthm":2,"-":16}}]
