{"authorDailyContributionsMap":{"xenthm":[{"date":"2024-08-24","commitResults":[{"hash":"d676b19f309a5881d5d247b1b884a068e74e038d","isMergeCommit":false,"messageTitle":"Rename to Pat","messageBody":"Only done for main source file for now.\n","tags":["Level-0"],"fileTypesAndContributionMap":{"java":{"insertions":9,"deletions":10}}}]},{"date":"2024-09-01","commitResults":[{"hash":"a76a4466e2c2c091ba15dc2f33a5ea5012d4e912","isMergeCommit":false,"messageTitle":"Decompose Pat\u0027s messages and add colour","messageBody":"Move Pat\u0027s greeting and goodbye into their own methods for modularity.\n\nAdd colour to Pat\u0027s messages to differentiate from the user.\n","tags":["A-CodingStandard"],"fileTypesAndContributionMap":{"java":{"insertions":21,"deletions":3}}},{"hash":"3bbe8441dbdaaa49743c6c19d2159337088be5c0","isMergeCommit":false,"messageTitle":"Echo user messages","messageBody":"Add ANSI escape character sequences to manipulate the output of the app\nfor a cleaner user experience. This only works in the native OS terminal.\n","tags":["Level-1"],"fileTypesAndContributionMap":{"java":{"insertions":21,"deletions":3}}},{"hash":"3938c1b74701872683eab6bb03602cbd044198d2","isMergeCommit":false,"messageTitle":"Add add task to todo and list tasks methods","messageBody":"","tags":["Level-2","A-Collections"],"fileTypesAndContributionMap":{"java":{"insertions":23,"deletions":1}}},{"hash":"7e1264cf8c08180ce15ce0d6a4f9594965d74ff2","isMergeCommit":false,"messageTitle":"Add mark/unmark task method and refactor task implementation","messageBody":"Take advantage of OOP and abstract away Task into its own class.\n","tags":["Level-3"],"fileTypesAndContributionMap":{"java":{"insertions":53,"deletions":8}}},{"hash":"57aec946d1ee34cbf6d4f2de916aeb8a47ce56f2","isMergeCommit":false,"messageTitle":"Reformat Pat\u0027s outputs","messageBody":"Get Pat to respond more verbosely to improve user expereince.\n","fileTypesAndContributionMap":{"java":{"insertions":18,"deletions":7}}},{"hash":"6dd1182c6788c2ea3b378c9828282142cac91863","isMergeCommit":false,"messageTitle":"Add inherited classes for polymorphism","messageBody":"Add Todo, Event, and Deadline classes for more fine-tuned behaviour.\n","tags":["A-Inheritance"],"fileTypesAndContributionMap":{"java":{"insertions":38,"deletions":0}}},{"hash":"ae302860332aa048dabdcb47634162bb9d2090a2","isMergeCommit":false,"messageTitle":"Add cases in Main for subclasses of Task","messageBody":"Also give usage hints when user types a wrong command.\n","tags":["Level-4"],"fileTypesAndContributionMap":{"java":{"insertions":52,"deletions":1}}},{"hash":"42ce5a2ecbf6be8acd3c312f9b50403eb9e4b6b5","isMergeCommit":false,"messageTitle":"Add text UI testing with redirection","messageBody":"","tags":["A-TextUiTesting"],"fileTypesAndContributionMap":{"txt":{"insertions":12,"deletions":0},"java":{"insertions":0,"deletions":1},"bat":{"insertions":2,"deletions":5},"sh":{"insertions":0,"deletions":38}}},{"hash":"ae947920fe689d9109ca19ce44e3ea7c8a7ab885","isMergeCommit":false,"messageTitle":"Refactor to improve code quality","messageBody":"- Define \"magic\" ANSI escape character sequences as constants.\n- Reduce levels of abstraction in the main chat loop by extracting\nmethods to improve code readability and keep to SLAP guidelines.\n","tags":["A-CodeQuality"],"fileTypesAndContributionMap":{"java":{"insertions":94,"deletions":74}}},{"hash":"a30b5b841bd6c1a49733c75611c4cd2b165350b4","isMergeCommit":false,"messageTitle":"Update documentation to Pat","messageBody":"","fileTypesAndContributionMap":{"md":{"insertions":1,"deletions":1}}}]},{"date":"2024-09-05","commitResults":[{"hash":"ca40dc1f0336f2765d73f551e2acbf5a6e8642d5","isMergeCommit":false,"messageTitle":"Add ANSI escape code constant and move trim() calls","messageBody":"- Add ANSI escape code to move to next line (this was missed out when defining these constants in a previous commit)\n- Move trim() calls on lines read with Scanner to minimise its usage\n","fileTypesAndContributionMap":{"java":{"insertions":4,"deletions":3}}},{"hash":"76b40d4c05a5a030183195288bd8493c86029adb","isMergeCommit":false,"messageTitle":"Refactor IndexOutOfBoundsException handling","messageBody":"Move it outside individual methods out to runChat()\n","fileTypesAndContributionMap":{"java":{"insertions":38,"deletions":34}}},{"hash":"1b9bfd6d403e0c0a96a3863cc9a314af1e34f895","isMergeCommit":false,"messageTitle":"Expand say functionality and revert back handling empty arguments","messageBody":"- Modify say() ot mirror print()\n- Add sayln() to mirror println()\n- Move handling of empty arguments back to respective methods\n","fileTypesAndContributionMap":{"java":{"insertions":99,"deletions":77}}},{"hash":"cbf081fab73231a42d77f48062e5c5d582c367d1","isMergeCommit":false,"messageTitle":"Define custom exceptions","messageBody":"- InvalidCommandException: for when the user command is badly formed\n- EmptyDateException: for when date arguments (such as /by, /from, and /to) are not stated\n","tags":["A-Exceptions"],"fileTypesAndContributionMap":{"java":{"insertions":10,"deletions":0}}},{"hash":"5bf1f5cba08abb644413468edc10f5e3955ccc46","isMergeCommit":false,"messageTitle":"Implement custom exceptions","messageBody":"","fileTypesAndContributionMap":{"java":{"insertions":22,"deletions":16}}},{"hash":"e0d82dbdeb33de7469d4fe8fed73c4a680e87be0","isMergeCommit":true,"messageTitle":"Merge branch \u0027branch-Level-5\u0027","messageBody":"","tags":["Level-5"],"fileTypesAndContributionMap":{}}]},{"date":"2024-09-06","commitResults":[{"hash":"70bd5e0ce61ff7b4d610fcc63f8959b6b3dbb0e9","isMergeCommit":false,"messageTitle":" Split classes into packages","messageBody":"- Created pat.exceptions \u0026 pat.types to house all classes except Pat.java\n- Update Pat.cmd to only run Pat, not build (build in IntelliJ instead)\n","tags":["A-Packages"],"fileTypesAndContributionMap":{"java":{"insertions":22,"deletions":2}}},{"hash":"a152956a3fd5270c7a929c89232fae673558820a","isMergeCommit":true,"messageTitle":"Merge branch \u0027branch-A-Packages\u0027","messageBody":"","fileTypesAndContributionMap":{}},{"hash":"fbf3f18e051b29372fb433ce6886b8ae3d9d9985","isMergeCommit":false,"messageTitle":"Fix small bug in response to invalid task number","messageBody":"","fileTypesAndContributionMap":{"java":{"insertions":1,"deletions":1}}}]},{"date":"2024-09-11","commitResults":[{"hash":"59de1fdbdfc865ce9e9627c5d44452d9a840aebe","isMergeCommit":false,"messageTitle":"Fix minor bug in unmark method","messageBody":"","fileTypesAndContributionMap":{"java":{"insertions":1,"deletions":1}}},{"hash":"4c1eee91dc4a4e13cd7e06299b7c1e8ebb19c486","isMergeCommit":false,"messageTitle":"Add delete task method and fix minor bugs","messageBody":"Fix minor bugs in unmark method.\n","fileTypesAndContributionMap":{"java":{"insertions":33,"deletions":3}}}]},{"date":"2024-09-15","commitResults":[{"hash":"408318708135dcb72c6597e0f3dfae90fdd9ff17","isMergeCommit":false,"messageTitle":"Add getters and setters for all task types","messageBody":"","fileTypesAndContributionMap":{"java":{"insertions":40,"deletions":0}}},{"hash":"96cf098ab5086db5377f7cba23bd3a879456cd90","isMergeCommit":false,"messageTitle":"Add write to file method","messageBody":"- Create txt file with format [T/D/E] followed by other fields in each class, separated by a \"|\"\n- Add data directory to .gitignore\n- Update runtest.bat\n","fileTypesAndContributionMap":{"java":{"insertions":91,"deletions":1},"bat":{"insertions":1,"deletions":1}}},{"hash":"f419fcbdec7719e76225ab05c4519d4c69c52a19","isMergeCommit":false,"messageTitle":"Add constructor for Task and subclasses that takes isDone parameter","messageBody":"","fileTypesAndContributionMap":{"java":{"insertions":20,"deletions":0}}},{"hash":"5f3b8e0a205c8ceb0c468e0adcb895a6551c2105","isMergeCommit":false,"messageTitle":"Add list saving functionality","messageBody":"Save list into .txt file.\n","fileTypesAndContributionMap":{"java":{"insertions":47,"deletions":5}}},{"hash":"6edbd793c1116362388f869c7310582f5a0f8302","isMergeCommit":true,"messageTitle":"Merge branch \u0027branch-Level-6\u0027","messageBody":"","tags":["Level-6"],"fileTypesAndContributionMap":{}},{"hash":"2437a919165eb9f2b3690b3adb853f913ce62657","isMergeCommit":true,"messageTitle":"Merge branch \u0027branch-Level-7\u0027","messageBody":"","tags":["Level-7"],"fileTypesAndContributionMap":{}}]},{"date":"2024-09-16","commitResults":[{"hash":"1718a671b0a699b39a06331d987ade96fde8b4a2","isMergeCommit":false,"messageTitle":"Change behaviour when no task number supplied to mark/unmark/delete","messageBody":"","fileTypesAndContributionMap":{"java":{"insertions":12,"deletions":3}}}]},{"date":"2024-09-18","commitResults":[{"hash":"f937a239d299e4b1fe93565a226203a33de772dc","isMergeCommit":false,"messageTitle":"Extract Ui and TaskList classes from Pat","messageBody":"- Ui: deals with interactions with the user\n- TaskList: extends ArrayList; contains operations to add, mark, unmark, delete, and print tasks\n","fileTypesAndContributionMap":{"java":{"insertions":228,"deletions":217}}},{"hash":"f4ca79ec27aa611f8858c700cc18479aeb3cc961","isMergeCommit":false,"messageTitle":"Extract Storage class from Pat","messageBody":"Deals with loading tasks from the file and saving tasks in the file.\n","fileTypesAndContributionMap":{"java":{"insertions":148,"deletions":133}}}]},{"date":"2024-09-19","commitResults":[{"hash":"44c45a8a371610ee1a23dc37f35d0c9603dfa86a","isMergeCommit":false,"messageTitle":"Extract readCommand method from Pat to Ui class","messageBody":"","fileTypesAndContributionMap":{"java":{"insertions":16,"deletions":10}}},{"hash":"737ae75363216002d7dac84099b4313f1b902583","isMergeCommit":false,"messageTitle":"Add constructors to Deadline and Event","messageBody":"These constructors take in String arrays.\n","fileTypesAndContributionMap":{"java":{"insertions":8,"deletions":0}}},{"hash":"e84144686d0328804e64972e3b6e1a60e73b9cb5","isMergeCommit":false,"messageTitle":"Extract Parser class from Pat","messageBody":"","fileTypesAndContributionMap":{"java":{"insertions":42,"deletions":22}}},{"hash":"28a6772f60f314235e00d21e5e2dffe124b7f06a","isMergeCommit":false,"messageTitle":"Extract methods from Pat and TaskList classes to Parser","messageBody":"- Make Parser handle all commands for now\n- Rename tasklist to taskList\n","tags":["A-MoreOOP"],"fileTypesAndContributionMap":{"java":{"insertions":177,"deletions":171}}}]}]},"authorFileTypeContributionMap":{"xenthm":{"java":591,"md":2,"fxml":0,"sh":0,"bat":2,"gradle":0,"txt":12}},"authorContributionVariance":{"xenthm":27001.615},"authorDisplayNameMap":{"xenthm":"CS2113-T10-3 DONO.. JIE"}}
