{"authorDailyContributionsMap":{"wongwh2002":[{"date":"2024-08-22","commitResults":[{"hash":"12e47e93c09da585e4f4f43d9402d8700a1ca36c","isMergeCommit":false,"messageTitle":"level-0","messageBody":"","tags":["Level-0"],"fileTypesAndContributionMap":{"java":{"insertions":22,"deletions":10}}}]},{"date":"2024-08-27","commitResults":[{"hash":"35a3a28b9e8b120ef85d8f430c385422317099a1","isMergeCommit":false,"messageTitle":"Added Echo","messageBody":"","fileTypesAndContributionMap":{"java":{"insertions":29,"deletions":6}}},{"hash":"3d610d983828e7589445b3d2c849dd2092cd9d7d","isMergeCommit":false,"messageTitle":"Added Echo","messageBody":"","fileTypesAndContributionMap":{"java":{"insertions":1,"deletions":0}}},{"hash":"ed469d60ae884d208476fcf01632e07d5f5e18fd","isMergeCommit":false,"messageTitle":"Added Echo","messageBody":"","tags":["Level-1"],"fileTypesAndContributionMap":{"java":{"insertions":1,"deletions":0}}},{"hash":"8828b20f14e0c1d123d7035a357659c9f9edb65b","isMergeCommit":false,"messageTitle":"Merge remote-tracking branch \u0027origin/master\u0027","messageBody":"","fileTypesAndContributionMap":{"java":{"insertions":45,"deletions":4}}},{"hash":"c4211a2db711ab8e5762611d16ff2970306b1945","isMergeCommit":false,"messageTitle":"Merge remote-tracking branch \u0027origin/master\u0027","messageBody":"","tags":["Level-3_A-Classes"],"fileTypesAndContributionMap":{"java":{"insertions":116,"deletions":15}}},{"hash":"309f20458cd4029e27b0c28cf5e506f6bf6f6a8e","isMergeCommit":false,"messageTitle":"Merge remote-tracking branch \u0027origin/master\u0027","messageBody":"","fileTypesAndContributionMap":{"java":{"insertions":116,"deletions":15}}},{"hash":"8a9db53bf7222758de5e545b8f3d7d96f500e5c0","isMergeCommit":true,"messageTitle":"Merge remote-tracking branch \u0027origin/master\u0027","messageBody":"","fileTypesAndContributionMap":{}},{"hash":"d87d304d4252be07ca1bed2767f16fb5cb37d997","isMergeCommit":true,"messageTitle":"Merge remote-tracking branch \u0027origin/master\u0027","messageBody":"","tags":["A-Classes"],"fileTypesAndContributionMap":{}},{"hash":"c1aa5311d8714b57aece79d420756537fa9ad4db","isMergeCommit":false,"messageTitle":"Merge remote-tracking branch \u0027origin/master\u0027","messageBody":"","tags":["A-CodingStandard"],"fileTypesAndContributionMap":{"java":{"insertions":0,"deletions":13}}}]},{"date":"2024-08-28","commitResults":[{"hash":"a5dbc91093a28d87e47ed1326bf77231b596d939","isMergeCommit":false,"messageTitle":"Merge remote-tracking branch \u0027origin/master\u0027","messageBody":"","fileTypesAndContributionMap":{"java":{"insertions":0,"deletions":13}}}]},{"date":"2024-09-02","commitResults":[{"hash":"4045ca99a3f133dba56bf4462ba2bb2f039d6aa8","isMergeCommit":false,"messageTitle":"Transforming code into better, done types of tasks alr","messageBody":"","tags":["Level-4"],"fileTypesAndContributionMap":{"java":{"insertions":135,"deletions":37}}},{"hash":"93d42d0840773864f00d857fc22bd31b37006b33","isMergeCommit":false,"messageTitle":"Level-4, now making prints better","messageBody":"","tags":["A-Inheritance"],"fileTypesAndContributionMap":{"java":{"insertions":35,"deletions":38}}},{"hash":"88eba392dab106c0efeaeb1abec23faa18b89c94","isMergeCommit":false,"messageTitle":"Prints alr good, in terms of what required, now refactoring stuff over to make main neater","messageBody":"","tags":["A-CodeQuality"],"fileTypesAndContributionMap":{"java":{"insertions":3,"deletions":4}}},{"hash":"cc7d4681ad7e1867f7669c2e2f85db43e9808864","isMergeCommit":false,"messageTitle":"Moved stuff around, hopefully more readable","messageBody":"","tags":["A-TextUiTesting"],"fileTypesAndContributionMap":{"java":{"insertions":25,"deletions":13}}},{"hash":"df37cf133cb7f3448aa10c983297898e233137fa","isMergeCommit":false,"messageTitle":"Added Testing UI","messageBody":"","fileTypesAndContributionMap":{"txt":{"insertions":7,"deletions":0},"sh":{"insertions":1,"deletions":1}}}]},{"date":"2024-09-08","commitResults":[{"hash":"d05b7b3657f49c96bed3e934714a4532d0d94f1e","isMergeCommit":false,"messageTitle":"Changed stuff based on comments from code review","messageBody":"","tags":["Level-5"],"fileTypesAndContributionMap":{"txt":{"insertions":6,"deletions":0},"java":{"insertions":26,"deletions":27}}},{"hash":"a7f46a8d94405353294aa11d742f92c77bd852ad","isMergeCommit":false,"messageTitle":"Done exceptions handling and packages","messageBody":"","tags":["A-Exceptions"],"fileTypesAndContributionMap":{"java":{"insertions":110,"deletions":47}}},{"hash":"88cafea2e397bca183e6e1adbccd876ef4baef46","isMergeCommit":false,"messageTitle":"Added some comments and moved methods around for clarity, already done Packages classes","messageBody":"","fileTypesAndContributionMap":{"java":{"insertions":22,"deletions":25}}}]},{"date":"2024-09-18","commitResults":[{"hash":"a60bc5281cf0d48c3c096b9a8fa8a61c52b3a1ef","isMergeCommit":true,"messageTitle":"Done exceptions handling and packages","messageBody":"","fileTypesAndContributionMap":{}}]},{"date":"2024-09-26","commitResults":[{"hash":"de42213833a2cf9d3ea206d64466b83c124c2ed4","isMergeCommit":false,"messageTitle":"Level 6","messageBody":"","tags":["Level-6"],"fileTypesAndContributionMap":{"java":{"insertions":24,"deletions":4}}},{"hash":"8d1adb33596f115e9d122757dcb4502627649ab6","isMergeCommit":false,"messageTitle":"A-Collections","messageBody":"","fileTypesAndContributionMap":{"java":{"insertions":14,"deletions":24}}},{"hash":"fd76ca7232b28d857ba4b3a95291ee759ffc4f36","isMergeCommit":false,"messageTitle":"A-Collections - even better!, refractored a bunch of stuff","messageBody":"","tags":["A-Collections"],"fileTypesAndContributionMap":{"java":{"insertions":78,"deletions":81}}},{"hash":"499ca33814a035888b614cb516a17d5a66af1363","isMergeCommit":false,"messageTitle":"yes help level-7","messageBody":"","fileTypesAndContributionMap":{"java":{"insertions":24,"deletions":0}}},{"hash":"1d8ccb4ea4304e88a4673870fbf8174eaa3472af","isMergeCommit":false,"messageTitle":"yes help level-7 checkpoint","messageBody":"","fileTypesAndContributionMap":{"txt":{"insertions":0,"deletions":0},"java":{"insertions":99,"deletions":24}}},{"hash":"56a5168e2df4871b9d5d7add66f172b95ae786ac","isMergeCommit":false,"messageTitle":"Level-7 It works now! sry for the delay :(","messageBody":"","tags":["Level-7"],"fileTypesAndContributionMap":{"txt":{"insertions":37,"deletions":0},"java":{"insertions":70,"deletions":62}}},{"hash":"1aeb6c411e6d22263994b469fed82ccb60c769da","isMergeCommit":false,"messageTitle":"moved stuff around, pull out classes, to prep for week7","messageBody":"","tags":["Before_Week_7_Tag"],"fileTypesAndContributionMap":{"txt":{"insertions":2,"deletions":1},"java":{"insertions":242,"deletions":210}}}]},{"date":"2024-09-28","commitResults":[{"hash":"2c0c5eee2c7356fb64b6caf582ccc420cba72375","isMergeCommit":false,"messageTitle":"A-MoreOOP","messageBody":"","tags":["A-MoreOOP"],"fileTypesAndContributionMap":{"txt":{"insertions":3,"deletions":2},"java":{"insertions":263,"deletions":191}}},{"hash":"dfb478d617c383e4d92fcb00cf7ef81f24dac9b4","isMergeCommit":false,"messageTitle":"Level-8","messageBody":"","tags":["Level-8"],"fileTypesAndContributionMap":{"txt":{"insertions":2,"deletions":5},"java":{"insertions":106,"deletions":30}}},{"hash":"8048ff86a9fe55dd85db7d267c968bfbe28d115e","isMergeCommit":false,"messageTitle":"Level-9","messageBody":"","tags":["Level-9"],"fileTypesAndContributionMap":{"java":{"insertions":21,"deletions":1}}},{"hash":"fe894e28137c291f781e97e9cfd80d3d4e085cda","isMergeCommit":false,"messageTitle":"A-JavaDoc","messageBody":"","tags":["A-JavaDoc"],"fileTypesAndContributionMap":{"java":{"insertions":171,"deletions":1}}},{"hash":"887965d771c4f3817bad907b997418cdf5d0d36b","isMergeCommit":false,"messageTitle":"A-JavaDoc","messageBody":"","fileTypesAndContributionMap":{"txt":{"insertions":1,"deletions":1},"java":{"insertions":6,"deletions":1}}},{"hash":"d3b0016ac578de901c359f1ca54bbc4df0a8d6bd","isMergeCommit":false,"messageTitle":"A-JavaDoc","messageBody":"","tags":["A-JavaDoc-BeforeRemovingStuff"],"fileTypesAndContributionMap":{"java":{"insertions":32,"deletions":30}}},{"hash":"4d0edee81f0e09ced22b08daa168d4ba81accff7","isMergeCommit":false,"messageTitle":"Removed and cleaned unused code","messageBody":"","fileTypesAndContributionMap":{"java":{"insertions":0,"deletions":34}}},{"hash":"28b26e8a20e675a5ee0f55eb64ada0c42643b191","isMergeCommit":false,"messageTitle":"Removed and cleaned unused code","messageBody":"","fileTypesAndContributionMap":{"java":{"insertions":2,"deletions":7}}},{"hash":"cb5262c24bf0fcbcb012d80aff96340a39e0b050","isMergeCommit":false,"messageTitle":"Removed unused code","messageBody":"","fileTypesAndContributionMap":{"java":{"insertions":6,"deletions":1}}},{"hash":"e74244aa18fa04de6404bdf1cde70e0216baf0c5","isMergeCommit":false,"messageTitle":"Removed unused code","messageBody":"","fileTypesAndContributionMap":{"java":{"insertions":2,"deletions":2}}},{"hash":"f8ff0af7cf6e8a7fce33ef36be576b19e92f68e4","isMergeCommit":false,"messageTitle":"Renamed bot","messageBody":"","fileTypesAndContributionMap":{"java":{"insertions":1,"deletions":1}}},{"hash":"4da20ed74ef5deb4704c4ecc5e5225fd63118ae2","isMergeCommit":false,"messageTitle":"A-UserGuide","messageBody":"","fileTypesAndContributionMap":{"md":{"insertions":165,"deletions":14}}},{"hash":"df9fff69794f7241821b10d0bab7885b8bdb2353","isMergeCommit":false,"messageTitle":"A-UserGuide","messageBody":"","fileTypesAndContributionMap":{"java":{"insertions":1,"deletions":1}}},{"hash":"da0bbaf5e9cbcf67dbb434960ee2f953b8fb42a2","isMergeCommit":false,"messageTitle":"A-UserGuide","messageBody":"","fileTypesAndContributionMap":{"md":{"insertions":1,"deletions":1}}},{"hash":"15e3f9b2e8c4e5c0b93dc66ae3279deb45ac627b","isMergeCommit":false,"messageTitle":"A-UserGuide","messageBody":"","fileTypesAndContributionMap":{"md":{"insertions":1,"deletions":1}}},{"hash":"1fb058d6c06ff13798d5deec442099ab7aaa51fd","isMergeCommit":false,"messageTitle":"Update README.md","messageBody":"","tags":["A-UserGuide"],"fileTypesAndContributionMap":{"md":{"insertions":180,"deletions":24}}},{"hash":"216f0bd140f5c34e20d142c7a0f486c535104d41","isMergeCommit":false,"messageTitle":"Update README.md","messageBody":"","fileTypesAndContributionMap":{"md":{"insertions":2,"deletions":2}}},{"hash":"55752298b0a1cb56102a36169ba7ae355b85b8f7","isMergeCommit":false,"messageTitle":"Update README.md","messageBody":"","fileTypesAndContributionMap":{"md":{"insertions":2,"deletions":2}}},{"hash":"06db94ec41007ca37652aedbe0ca79fe04357bfe","isMergeCommit":false,"messageTitle":"Update README.md","messageBody":"","fileTypesAndContributionMap":{"md":{"insertions":17,"deletions":1}}},{"hash":"c46faed64585059f007024c75fd2aea8badfd635","isMergeCommit":false,"messageTitle":"moved to gradle","messageBody":"","fileTypesAndContributionMap":{"txt":{"insertions":0,"deletions":49},"java":{"insertions":30,"deletions":11},"bat":{"insertions":0,"deletions":21},"sh":{"insertions":0,"deletions":38},"md":{"insertions":0,"deletions":386}}},{"hash":"d2b1466e3f0a9e5cc341097e54f2cd23e9986e14","isMergeCommit":false,"messageTitle":"moved to gradle","messageBody":"","fileTypesAndContributionMap":{"txt":{"insertions":0,"deletions":2},"java":{"insertions":30,"deletions":11},"md":{"insertions":12,"deletions":184}}},{"hash":"f3c7c26365f4b1b5558dbfa25aa435ee66ce0d0e","isMergeCommit":false,"messageTitle":"moved to gradle","messageBody":"","fileTypesAndContributionMap":{"md":{"insertions":1,"deletions":8}}},{"hash":"5b6ee6b37b48830851d4959c93e484d62b8fd54c","isMergeCommit":false,"messageTitle":"moved to gradle","messageBody":"","fileTypesAndContributionMap":{"txt":{"insertions":3,"deletions":0}}},{"hash":"8acd0fda885988cda63f584a2d66cd88b29abd86","isMergeCommit":true,"messageTitle":"Merge remote-tracking branch \u0027origin/master\u0027","messageBody":"# Conflicts:\n#\tdocs/README.md\n","fileTypesAndContributionMap":{}},{"hash":"c490d6d9ba99c837c4c6d107ef098177734ecabd","isMergeCommit":false,"messageTitle":"moved to gradle","messageBody":"","fileTypesAndContributionMap":{"txt":{"insertions":47,"deletions":0},"bat":{"insertions":21,"deletions":0},"sh":{"insertions":38,"deletions":0},"md":{"insertions":17,"deletions":9}}},{"hash":"46a1953adf07a9a37d30a2479f78ba7f6fa90e9a","isMergeCommit":false,"messageTitle":"moved to gradle","messageBody":"","fileTypesAndContributionMap":{"java":{"insertions":2,"deletions":2},"md":{"insertions":2,"deletions":18}}},{"hash":"e4b15901c1d26141d10e3913ed6f2e2fe8c660fa","isMergeCommit":false,"messageTitle":"added tests","messageBody":"","tags":["v0.2","A-Release"],"fileTypesAndContributionMap":{"txt":{"insertions":12,"deletions":3},"java":{"insertions":6,"deletions":4},"md":{"insertions":8,"deletions":2}}},{"hash":"705f3876a9606b8a643e8f9cc3eecb89e2891fe5","isMergeCommit":false,"messageTitle":"just to commit branches","messageBody":"","tags":["Merging-PRs"],"fileTypesAndContributionMap":{"java":{"insertions":1,"deletions":0}}},{"hash":"e6548e5f1c3568068552aca3608532d4ae34190c","isMergeCommit":false,"messageTitle":"just to commit branches","messageBody":"","fileTypesAndContributionMap":{"java":{"insertions":1,"deletions":0}}},{"hash":"c49072ee76d89f431bb9497784ad75135f18a510","isMergeCommit":false,"messageTitle":"just to commit branches","messageBody":"","fileTypesAndContributionMap":{"java":{"insertions":1,"deletions":0}}},{"hash":"b9dcf1b1ae3d2880813cedf6ba79058d0c2d202f","isMergeCommit":true,"messageTitle":"Merge pull request #1 from wongwh2002/branch-Level-8","messageBody":"just to commit branches","fileTypesAndContributionMap":{}},{"hash":"881484c497241f6899925f3de1cb01bf89e3d3de","isMergeCommit":true,"messageTitle":"Merge pull request #2 from wongwh2002/branch-Level-9","messageBody":"just to commit branches","fileTypesAndContributionMap":{}},{"hash":"a0f66eda56a5d767ddb8219168fe9c4e676b6ab6","isMergeCommit":true,"messageTitle":"Merge pull request #3 from wongwh2002/branch-A-JavaDoc","messageBody":"just to commit branches","fileTypesAndContributionMap":{}}]},{"date":"2024-09-30","commitResults":[{"hash":"3cda6bf33d08c52259865767a0b3076c22512e38","isMergeCommit":false,"messageTitle":"change packages naming to lowercase","messageBody":"","fileTypesAndContributionMap":{"java":{"insertions":45,"deletions":45}}},{"hash":"c5cd57b4d68e60537d53a338a622e2e8d1e0e6f0","isMergeCommit":false,"messageTitle":"change packages naming to lowercase","messageBody":"","fileTypesAndContributionMap":{"txt":{"insertions":10,"deletions":1},"java":{"insertions":9,"deletions":13},"sh":{"insertions":1,"deletions":1},"md":{"insertions":3,"deletions":3}}}]},{"date":"2024-10-01","commitResults":[{"hash":"2ad57032ff3afb56f6928c1c7d1fe6807bf6a892","isMergeCommit":false,"messageTitle":"Refractor more constants","messageBody":"","fileTypesAndContributionMap":{"txt":{"insertions":1,"deletions":4},"java":{"insertions":46,"deletions":144}}},{"hash":"0675139131dc3529bdc02ca2e02796a654785f4b","isMergeCommit":false,"messageTitle":"super exceptions","messageBody":"","fileTypesAndContributionMap":{"java":{"insertions":9,"deletions":21}}},{"hash":"bbc38772b1746a4e1b234e8959bc2a2e63dd0155","isMergeCommit":false,"messageTitle":"specified exception","messageBody":"","fileTypesAndContributionMap":{"java":{"insertions":3,"deletions":3}}},{"hash":"e4651de060f684c23457896bbbb254b47e120ec1","isMergeCommit":false,"messageTitle":"reduce arrowheads","messageBody":"","fileTypesAndContributionMap":{"java":{"insertions":88,"deletions":65},"md":{"insertions":1,"deletions":0}}}]}]},"authorFileTypeContributionMap":{"wongwh2002":{"java":727,"md":164,"fxml":0,"sh":1,"bat":0,"gradle":0,"txt":65}},"authorContributionVariance":{"wongwh2002":134697.98},"authorDisplayNameMap":{"wongwh2002":"CS2113-W14-1 WONG..HONG"}}
