{"authorDailyContributionsMap":{"Hackin7":[{"date":"2024-08-19","commitResults":[{"hash":"7be35a525a9ca6c4143bce11d4ed766e03f2983a","isMergeCommit":false,"messageTitle":"Rename, add greet and exit","messageBody":"","tags":["Level-0"],"fileTypesAndContributionMap":{"java":{"insertions":8,"deletions":10}}}]},{"date":"2024-08-27","commitResults":[{"hash":"0e9743ba28982149e79351f2d4c3454902e3f33d","isMergeCommit":false,"messageTitle":"Add echo, bye","messageBody":"","tags":["Level-1"],"fileTypesAndContributionMap":{"java":{"insertions":20,"deletions":1}}},{"hash":"eaf75ee6a396bf184b004db69f3d4db52918bc76","isMergeCommit":false,"messageTitle":"Add listing and adding to list functionality","messageBody":"","tags":["Level-2"],"fileTypesAndContributionMap":{"java":{"insertions":12,"deletions":1}}},{"hash":"a0a4cc6b1cf59723919b6820fd9e11432fe263e2","isMergeCommit":false,"messageTitle":"Add and Switch to Task class","messageBody":"","tags":["A-Classes"],"fileTypesAndContributionMap":{"java":{"insertions":29,"deletions":4}}},{"hash":"b48f416953b974beae70f854f3bfde75b3204031","isMergeCommit":false,"messageTitle":"Add mark as done functionality","messageBody":"","tags":["Level-3"],"fileTypesAndContributionMap":{"java":{"insertions":53,"deletions":3}}},{"hash":"6e1652ec14cc9058786b071e8fbdd78397252409","isMergeCommit":false,"messageTitle":"Rename variables to match code style","messageBody":"","tags":["A-CodingStandard"],"fileTypesAndContributionMap":{"java":{"insertions":6,"deletions":5}}}]},{"date":"2024-09-01","commitResults":[{"hash":"f2fd1e11e4fb2a978d27bd2299ba8344d35a6856","isMergeCommit":false,"messageTitle":"Improve code naming and structure","messageBody":"- Rename task list from `items` to `tasks`\n- Move print task from Cuboyd to Task\n","fileTypesAndContributionMap":{"java":{"insertions":21,"deletions":17}}},{"hash":"310b423a450994b4c7bc3b28c084b1917acad2f8","isMergeCommit":false,"messageTitle":"Add new types of tasks","messageBody":"","tags":["A-Inheritance"],"fileTypesAndContributionMap":{"java":{"insertions":30,"deletions":0}}},{"hash":"03ddc81af44884c20f9b8bda7d1cc2779bf6219d","isMergeCommit":false,"messageTitle":"Refactor and Add Command Parser with argument support","messageBody":"","fileTypesAndContributionMap":{"java":{"insertions":47,"deletions":7}}},{"hash":"ff5a1428e69cea4e396db276cbfe4fd0272a8712","isMergeCommit":false,"messageTitle":"Add support for tracking ToDos, Events, Deadlines","messageBody":"","tags":["Level-4"],"fileTypesAndContributionMap":{"java":{"insertions":51,"deletions":3}}},{"hash":"11e449e5462558dea6afa3b6d79a85da0c3c7ade","isMergeCommit":false,"messageTitle":"Fix test scripts and Add a test","messageBody":"","tags":["A-TextUiTesting"],"fileTypesAndContributionMap":{"txt":{"insertions":12,"deletions":0},"bat":{"insertions":1,"deletions":1},"sh":{"insertions":1,"deletions":1}}},{"hash":"5946b98e59b6e99d0cef7dfe064e88ba51ead153","isMergeCommit":false,"messageTitle":"Refactor common UI elements","messageBody":"","fileTypesAndContributionMap":{"java":{"insertions":38,"deletions":42}}},{"hash":"bfe9d5508c650fa49dada828b23ba5818d535cae","isMergeCommit":false,"messageTitle":"Add TaskTrackerUI Singleton and Refactor","messageBody":"","fileTypesAndContributionMap":{"java":{"insertions":112,"deletions":78}}},{"hash":"2e8cad783dfb4849a40e5d964474e82ae6d8ff9b","isMergeCommit":false,"messageTitle":"Refactor Command Parser","messageBody":"","fileTypesAndContributionMap":{"java":{"insertions":50,"deletions":51}}},{"hash":"841cf32ac3b6dafc6c946e1e3cc0cdff76bb5122","isMergeCommit":false,"messageTitle":"Remove redundant variables","messageBody":"","tags":["A-CodeQuality"],"fileTypesAndContributionMap":{"java":{"insertions":3,"deletions":4}}}]},{"date":"2024-09-09","commitResults":[{"hash":"b45fe27b4530137fce5d3da6c6f35b0319e2fac5","isMergeCommit":false,"messageTitle":"Add clearer error handling","messageBody":"- Unindent case statements for commands\n- Add command feedback\n- Fixed a bug with the out of range check in parseValidTaskIndex\n- Change `return index` to `return INVALID_TASK_INDEX` for clarity\n","fileTypesAndContributionMap":{"java":{"insertions":55,"deletions":40}}},{"hash":"708342a5228048e3735bb5406d6014d5f386fd74","isMergeCommit":true,"messageTitle":"Merge branch \u0027branch-Level-5\u0027","messageBody":"","tags":["Level-5"],"fileTypesAndContributionMap":{}},{"hash":"f878562baab6153a52f5311bd5b9713ea6de045f","isMergeCommit":false,"messageTitle":"Rename constant to meet standards","messageBody":"","fileTypesAndContributionMap":{"java":{"insertions":2,"deletions":2}}}]},{"date":"2024-09-11","commitResults":[{"hash":"1f5a076c9b264a0d664742543cce2dbc5d094b98","isMergeCommit":false,"messageTitle":"Change Error Handling to Exceptions","messageBody":"","tags":["A-Exceptions"],"fileTypesAndContributionMap":{"java":{"insertions":59,"deletions":63}}}]},{"date":"2024-09-16","commitResults":[{"hash":"f9ee7b629de0e0481e508bb30db4e5292ad50685","isMergeCommit":false,"messageTitle":"Add delete task functionality","messageBody":"","fileTypesAndContributionMap":{"java":{"insertions":13,"deletions":0}}},{"hash":"2a4f36a5cd881b9350b8564728e1edb6f74afd5a","isMergeCommit":false,"messageTitle":"Add load and save functionality","messageBody":"","fileTypesAndContributionMap":{"java":{"insertions":112,"deletions":5}}},{"hash":"49b6785896737f72e350c798a7f8a17435ed151a","isMergeCommit":false,"messageTitle":"Clean up collections usage","messageBody":"","tags":["A-Collections"],"fileTypesAndContributionMap":{"java":{"insertions":0,"deletions":1}}},{"hash":"077e63f7b562c4d7d43b316d9c0c3f5bbbf4a7a8","isMergeCommit":true,"messageTitle":"Merge branch \u0027branch-Level-6\u0027","messageBody":"","tags":["Level-6"],"fileTypesAndContributionMap":{}},{"hash":"f4cb288bd20b5c6e731a242dc761c15a4fa2643e","isMergeCommit":true,"messageTitle":"Merge branch \u0027branch-Level-7\u0027","messageBody":"","tags":["Level-7"],"fileTypesAndContributionMap":{}},{"hash":"654bcb104ed7b251117f3bc15e90352f276fdf7c","isMergeCommit":false,"messageTitle":"Add autosaving to delete","messageBody":"","fileTypesAndContributionMap":{"java":{"insertions":10,"deletions":9}}}]},{"date":"2024-09-28","commitResults":[{"hash":"a30b441ef17429b6f54699ef57dca2023f050b9d","isMergeCommit":false,"messageTitle":"Extract Ui, Storage, Parser, TaskList classes","messageBody":"","tags":["A-MoreOOP"],"fileTypesAndContributionMap":{"java":{"insertions":332,"deletions":280}}},{"hash":"2bfa21e7c435ad6fbf808a2181af024cbff297e5","isMergeCommit":false,"messageTitle":"Add find functionality","messageBody":"","fileTypesAndContributionMap":{"java":{"insertions":27,"deletions":4}}},{"hash":"67facdbd23b2d13464d54b30ce1263f3512cbb7a","isMergeCommit":false,"messageTitle":"Add JavaDoc","messageBody":"","fileTypesAndContributionMap":{"java":{"insertions":231,"deletions":3}}},{"hash":"6d095cee28fb58a88ee3ac34b085ff20a78ee581","isMergeCommit":true,"messageTitle":"Merge pull request #1 from Hackin7/branch-Level-9","messageBody":"Add find functionality","tags":["Level-9"],"fileTypesAndContributionMap":{}},{"hash":"4d5968b346428e4a5545ca2a2daa8cfa46729f05","isMergeCommit":true,"messageTitle":"Merge branch \u0027master\u0027 of https://github.com/Hackin7/ip into branch-A-JavaDoc","messageBody":"","fileTypesAndContributionMap":{}},{"hash":"77fdb5eebe39a6bf809f8f214537113802984131","isMergeCommit":false,"messageTitle":"Update JavaDocs for listing and finding","messageBody":"","fileTypesAndContributionMap":{"java":{"insertions":20,"deletions":3}}},{"hash":"fe7f2058851306bbe365c1d2b99ecb6c7ee0f2ce","isMergeCommit":true,"messageTitle":"Merge pull request #2 from Hackin7/branch-A-JavaDoc","messageBody":"Add JavaDoc","tags":["A-JavaDoc"],"fileTypesAndContributionMap":{}},{"hash":"c1028befe49b5aec81e88c2ef60294d6fbd794aa","isMergeCommit":false,"messageTitle":"Update User guide","messageBody":"","tags":["A-UserGuide"],"fileTypesAndContributionMap":{"md":{"insertions":65,"deletions":14}}},{"hash":"c989d7f8eaabff6c421fa8a69b8ce840a6adcb6c","isMergeCommit":false,"messageTitle":"Remove help message for unimplemented commands","messageBody":"","fileTypesAndContributionMap":{"java":{"insertions":0,"deletions":2}}},{"hash":"4e03c1a2ceaf635bf4d3909c8812ca03a028b890","isMergeCommit":false,"messageTitle":"Refactor Storage to better follow SLAP","messageBody":"","fileTypesAndContributionMap":{"java":{"insertions":84,"deletions":54}}},{"hash":"9cea178bd60626a437561ac778b4030ae2d47a69","isMergeCommit":false,"messageTitle":"Remove redundant imports","messageBody":"","fileTypesAndContributionMap":{"java":{"insertions":0,"deletions":4}}}]}]},"authorFileTypeContributionMap":{"Hackin7":{"java":740,"md":65,"fxml":0,"sh":1,"bat":1,"gradle":0,"txt":12}},"authorContributionVariance":{"Hackin7":34997.46},"authorDisplayNameMap":{"Hackin7":"CS2113-W12-3 CHAN..ENCE"}}
