{"authorDailyContributionsMap":{"Hackin7":[{"date":"2024-08-19","commitResults":[{"hash":"7be35a525a9ca6c4143bce11d4ed766e03f2983a","isMergeCommit":false,"messageTitle":"Rename, add greet and exit","messageBody":"","tags":["Level-0"],"fileTypesAndContributionMap":{"java":{"insertions":8,"deletions":10}}}]},{"date":"2024-08-27","commitResults":[{"hash":"0e9743ba28982149e79351f2d4c3454902e3f33d","isMergeCommit":false,"messageTitle":"Add echo, bye","messageBody":"","tags":["Level-1"],"fileTypesAndContributionMap":{"java":{"insertions":20,"deletions":1}}},{"hash":"eaf75ee6a396bf184b004db69f3d4db52918bc76","isMergeCommit":false,"messageTitle":"Add listing and adding to list functionality","messageBody":"","tags":["Level-2"],"fileTypesAndContributionMap":{"java":{"insertions":12,"deletions":1}}},{"hash":"a0a4cc6b1cf59723919b6820fd9e11432fe263e2","isMergeCommit":false,"messageTitle":"Add and Switch to Task class","messageBody":"","tags":["A-Classes"],"fileTypesAndContributionMap":{"java":{"insertions":29,"deletions":4}}},{"hash":"b48f416953b974beae70f854f3bfde75b3204031","isMergeCommit":false,"messageTitle":"Add mark as done functionality","messageBody":"","tags":["Level-3"],"fileTypesAndContributionMap":{"java":{"insertions":53,"deletions":3}}},{"hash":"6e1652ec14cc9058786b071e8fbdd78397252409","isMergeCommit":false,"messageTitle":"Rename variables to match code style","messageBody":"","tags":["A-CodingStandard"],"fileTypesAndContributionMap":{"java":{"insertions":6,"deletions":5}}}]},{"date":"2024-09-01","commitResults":[{"hash":"f2fd1e11e4fb2a978d27bd2299ba8344d35a6856","isMergeCommit":false,"messageTitle":"Improve code naming and structure","messageBody":"- Rename task list from `items` to `tasks`\n- Move print task from Cuboyd to Task\n","fileTypesAndContributionMap":{"java":{"insertions":21,"deletions":17}}},{"hash":"310b423a450994b4c7bc3b28c084b1917acad2f8","isMergeCommit":false,"messageTitle":"Add new types of tasks","messageBody":"","tags":["A-Inheritance"],"fileTypesAndContributionMap":{"java":{"insertions":30,"deletions":0}}},{"hash":"03ddc81af44884c20f9b8bda7d1cc2779bf6219d","isMergeCommit":false,"messageTitle":"Refactor and Add Command Parser with argument support","messageBody":"","fileTypesAndContributionMap":{"java":{"insertions":47,"deletions":7}}},{"hash":"ff5a1428e69cea4e396db276cbfe4fd0272a8712","isMergeCommit":false,"messageTitle":"Add support for tracking ToDos, Events, Deadlines","messageBody":"","fileTypesAndContributionMap":{"java":{"insertions":51,"deletions":3}}},{"hash":"11e449e5462558dea6afa3b6d79a85da0c3c7ade","isMergeCommit":false,"messageTitle":"Fix test scripts and Add a test","messageBody":"","tags":["A-TextUiTesting"],"fileTypesAndContributionMap":{"txt":{"insertions":12,"deletions":0},"bat":{"insertions":1,"deletions":1},"sh":{"insertions":1,"deletions":1}}},{"hash":"5946b98e59b6e99d0cef7dfe064e88ba51ead153","isMergeCommit":false,"messageTitle":"Refactor common UI elements","messageBody":"","fileTypesAndContributionMap":{"java":{"insertions":38,"deletions":42}}},{"hash":"bfe9d5508c650fa49dada828b23ba5818d535cae","isMergeCommit":false,"messageTitle":"Add TaskTrackerUI Singleton and Refactor","messageBody":"","fileTypesAndContributionMap":{"java":{"insertions":112,"deletions":78}}},{"hash":"2e8cad783dfb4849a40e5d964474e82ae6d8ff9b","isMergeCommit":false,"messageTitle":"Refactor Command Parser","messageBody":"","fileTypesAndContributionMap":{"java":{"insertions":50,"deletions":51}}},{"hash":"841cf32ac3b6dafc6c946e1e3cc0cdff76bb5122","isMergeCommit":false,"messageTitle":"Remove redundant variables","messageBody":"","tags":["A-CodeQuality"],"fileTypesAndContributionMap":{"java":{"insertions":3,"deletions":4}}}]}]},"authorFileTypeContributionMap":{"Hackin7":{"java":264,"md":0,"fxml":0,"sh":1,"bat":1,"gradle":0,"txt":12}},"authorContributionVariance":{"Hackin7":18383.309},"authorDisplayNameMap":{"Hackin7":"CS2113-W12-3 CHAN..ENCE"}}
