[{"path":"docs/README.md","fileType":"md","lines":[{"lineNumber":1,"author":{"gitId":"yeekian"},"content":"# Mel User Guide","lastModifiedDate":"2024-08-22","isFullCredit":false},{"lineNumber":2,"author":{"gitId":"-"},"content":"","lastModifiedDate":"2019-07-29","isFullCredit":false},{"lineNumber":3,"author":{"gitId":"-"},"content":"// Update the title above to match the actual product name","lastModifiedDate":"2024-01-07","isFullCredit":false},{"lineNumber":4,"author":{"gitId":"-"},"content":"","lastModifiedDate":"2019-07-29","isFullCredit":false},{"lineNumber":5,"author":{"gitId":"-"},"content":"// Product screenshot goes here","lastModifiedDate":"2024-01-07","isFullCredit":false},{"lineNumber":6,"author":{"gitId":"-"},"content":"","lastModifiedDate":"2021-07-17","isFullCredit":false},{"lineNumber":7,"author":{"gitId":"-"},"content":"// Product intro goes here","lastModifiedDate":"2024-01-07","isFullCredit":false},{"lineNumber":8,"author":{"gitId":"-"},"content":"","lastModifiedDate":"2021-07-17","isFullCredit":false},{"lineNumber":9,"author":{"gitId":"-"},"content":"## Adding deadlines","lastModifiedDate":"2024-01-07","isFullCredit":false},{"lineNumber":10,"author":{"gitId":"-"},"content":"","lastModifiedDate":"2021-07-17","isFullCredit":false},{"lineNumber":11,"author":{"gitId":"-"},"content":"// Describe the action and its outcome.","lastModifiedDate":"2024-01-07","isFullCredit":false},{"lineNumber":12,"author":{"gitId":"-"},"content":"","lastModifiedDate":"2019-07-29","isFullCredit":false},{"lineNumber":13,"author":{"gitId":"-"},"content":"// Give examples of usage","lastModifiedDate":"2024-01-07","isFullCredit":false},{"lineNumber":14,"author":{"gitId":"-"},"content":"","lastModifiedDate":"2019-07-29","isFullCredit":false},{"lineNumber":15,"author":{"gitId":"-"},"content":"Example: `keyword (optional arguments)`","lastModifiedDate":"2024-01-07","isFullCredit":false},{"lineNumber":16,"author":{"gitId":"-"},"content":"","lastModifiedDate":"2019-07-29","isFullCredit":false},{"lineNumber":17,"author":{"gitId":"-"},"content":"// A description of the expected outcome goes here","lastModifiedDate":"2024-01-07","isFullCredit":false},{"lineNumber":18,"author":{"gitId":"-"},"content":"","lastModifiedDate":"2019-07-29","isFullCredit":false},{"lineNumber":19,"author":{"gitId":"-"},"content":"```","lastModifiedDate":"2024-01-07","isFullCredit":false},{"lineNumber":20,"author":{"gitId":"-"},"content":"expected output","lastModifiedDate":"2024-01-07","isFullCredit":false},{"lineNumber":21,"author":{"gitId":"-"},"content":"```","lastModifiedDate":"2024-01-07","isFullCredit":false},{"lineNumber":22,"author":{"gitId":"-"},"content":"","lastModifiedDate":"2019-07-29","isFullCredit":false},{"lineNumber":23,"author":{"gitId":"-"},"content":"## Feature ABC","lastModifiedDate":"2024-01-07","isFullCredit":false},{"lineNumber":24,"author":{"gitId":"-"},"content":"","lastModifiedDate":"2019-07-29","isFullCredit":false},{"lineNumber":25,"author":{"gitId":"-"},"content":"// Feature details","lastModifiedDate":"2024-01-07","isFullCredit":false},{"lineNumber":26,"author":{"gitId":"-"},"content":"","lastModifiedDate":"2019-07-29","isFullCredit":false},{"lineNumber":27,"author":{"gitId":"-"},"content":"","lastModifiedDate":"2021-07-17","isFullCredit":false},{"lineNumber":28,"author":{"gitId":"-"},"content":"## Feature XYZ","lastModifiedDate":"2024-01-07","isFullCredit":false},{"lineNumber":29,"author":{"gitId":"-"},"content":"","lastModifiedDate":"2024-01-07","isFullCredit":false},{"lineNumber":30,"author":{"gitId":"-"},"content":"// Feature details","lastModifiedDate":"2024-01-07","isFullCredit":false}],"authorContributionMap":{"yeekian":1,"-":29}},{"path":"src/main/java/Deadline.java","fileType":"java","lines":[{"lineNumber":1,"author":{"gitId":"yeekian"},"content":"public class Deadline extends Task {","lastModifiedDate":"2024-09-02","isFullCredit":false},{"lineNumber":2,"author":{"gitId":"yeekian"},"content":"","lastModifiedDate":"2024-09-02","isFullCredit":false},{"lineNumber":3,"author":{"gitId":"yeekian"},"content":"    protected String by;","lastModifiedDate":"2024-09-02","isFullCredit":false},{"lineNumber":4,"author":{"gitId":"yeekian"},"content":"","lastModifiedDate":"2024-09-02","isFullCredit":false},{"lineNumber":5,"author":{"gitId":"yeekian"},"content":"    public Deadline(String description, String by) {","lastModifiedDate":"2024-09-02","isFullCredit":false},{"lineNumber":6,"author":{"gitId":"yeekian"},"content":"        super(description);","lastModifiedDate":"2024-09-02","isFullCredit":false},{"lineNumber":7,"author":{"gitId":"yeekian"},"content":"        this.by \u003d by;","lastModifiedDate":"2024-09-02","isFullCredit":false},{"lineNumber":8,"author":{"gitId":"yeekian"},"content":"    }","lastModifiedDate":"2024-09-02","isFullCredit":false},{"lineNumber":9,"author":{"gitId":"yeekian"},"content":"","lastModifiedDate":"2024-09-02","isFullCredit":false},{"lineNumber":10,"author":{"gitId":"yeekian"},"content":"    @Override","lastModifiedDate":"2024-09-02","isFullCredit":false},{"lineNumber":11,"author":{"gitId":"yeekian"},"content":"    public String toString() {","lastModifiedDate":"2024-09-02","isFullCredit":false},{"lineNumber":12,"author":{"gitId":"yeekian"},"content":"        return (\"[D][\" + getDoneStatusIcon() + \"] \" + description + \" (by: \" + by + \")\");","lastModifiedDate":"2024-09-02","isFullCredit":false},{"lineNumber":13,"author":{"gitId":"yeekian"},"content":"    }","lastModifiedDate":"2024-09-02","isFullCredit":false},{"lineNumber":14,"author":{"gitId":"yeekian"},"content":"","lastModifiedDate":"2024-09-02","isFullCredit":false},{"lineNumber":15,"author":{"gitId":"yeekian"},"content":"}","lastModifiedDate":"2024-09-02","isFullCredit":false}],"authorContributionMap":{"yeekian":15}},{"path":"src/main/java/Event.java","fileType":"java","lines":[{"lineNumber":1,"author":{"gitId":"yeekian"},"content":"public class Event extends Task {","lastModifiedDate":"2024-09-02","isFullCredit":false},{"lineNumber":2,"author":{"gitId":"yeekian"},"content":"    protected String startDate;","lastModifiedDate":"2024-09-02","isFullCredit":false},{"lineNumber":3,"author":{"gitId":"yeekian"},"content":"    protected String endDate;","lastModifiedDate":"2024-09-02","isFullCredit":false},{"lineNumber":4,"author":{"gitId":"yeekian"},"content":"","lastModifiedDate":"2024-09-02","isFullCredit":false},{"lineNumber":5,"author":{"gitId":"yeekian"},"content":"    public Event(String description, String startDate, String endDate) {","lastModifiedDate":"2024-09-02","isFullCredit":false},{"lineNumber":6,"author":{"gitId":"yeekian"},"content":"        super(description);","lastModifiedDate":"2024-09-02","isFullCredit":false},{"lineNumber":7,"author":{"gitId":"yeekian"},"content":"        this.startDate \u003d startDate;","lastModifiedDate":"2024-09-02","isFullCredit":false},{"lineNumber":8,"author":{"gitId":"yeekian"},"content":"        this.endDate \u003d endDate;","lastModifiedDate":"2024-09-02","isFullCredit":false},{"lineNumber":9,"author":{"gitId":"yeekian"},"content":"    }","lastModifiedDate":"2024-09-02","isFullCredit":false},{"lineNumber":10,"author":{"gitId":"yeekian"},"content":"","lastModifiedDate":"2024-09-02","isFullCredit":false},{"lineNumber":11,"author":{"gitId":"yeekian"},"content":"    @Override","lastModifiedDate":"2024-09-02","isFullCredit":false},{"lineNumber":12,"author":{"gitId":"yeekian"},"content":"    public String toString() {","lastModifiedDate":"2024-09-02","isFullCredit":false},{"lineNumber":13,"author":{"gitId":"yeekian"},"content":"        return (\"[E][\" + getDoneStatusIcon() + \"] \" + description + \" (from: \" + startDate + \" to: \" + endDate + \")\");","lastModifiedDate":"2024-09-02","isFullCredit":false},{"lineNumber":14,"author":{"gitId":"yeekian"},"content":"    }","lastModifiedDate":"2024-09-02","isFullCredit":false},{"lineNumber":15,"author":{"gitId":"yeekian"},"content":"}","lastModifiedDate":"2024-09-02","isFullCredit":false}],"authorContributionMap":{"yeekian":15}},{"path":"src/main/java/List.java","fileType":"java","lines":[{"lineNumber":1,"author":{"gitId":"yeekian"},"content":"public class List {","lastModifiedDate":"2024-08-28","isFullCredit":false},{"lineNumber":2,"author":{"gitId":"yeekian"},"content":"    public static final String INVALID_EVENT_INPUT_MESSAGE \u003d \"event \u003cevent name\u003e /from \u003cstart date/time\u003e /end \u003cend date/time\u003e\";","lastModifiedDate":"2024-09-02","isFullCredit":false},{"lineNumber":3,"author":{"gitId":"yeekian"},"content":"    public static final String INVALID_DEADLINE_INPUT_MESSAGE \u003d \"deadline \u003cdeadline name\u003e /by \u003cdeadline\u003e\";","lastModifiedDate":"2024-09-02","isFullCredit":false},{"lineNumber":4,"author":{"gitId":"yeekian"},"content":"    public static final String INVALID_TODO_INPUT_MESSAGE \u003d \"todo \u003ctask name\u003e\";","lastModifiedDate":"2024-09-02","isFullCredit":false},{"lineNumber":5,"author":{"gitId":"yeekian"},"content":"    private int numItems;","lastModifiedDate":"2024-08-28","isFullCredit":false},{"lineNumber":6,"author":{"gitId":"yeekian"},"content":"    private Task[] itemList \u003d new Task[100];","lastModifiedDate":"2024-08-28","isFullCredit":false},{"lineNumber":7,"author":{"gitId":"yeekian"},"content":"","lastModifiedDate":"2024-08-28","isFullCredit":false},{"lineNumber":8,"author":{"gitId":"yeekian"},"content":"    public List() {","lastModifiedDate":"2024-08-28","isFullCredit":false},{"lineNumber":9,"author":{"gitId":"yeekian"},"content":"        numItems \u003d 0;","lastModifiedDate":"2024-08-28","isFullCredit":false},{"lineNumber":10,"author":{"gitId":"yeekian"},"content":"    }","lastModifiedDate":"2024-08-28","isFullCredit":false},{"lineNumber":11,"author":{"gitId":"yeekian"},"content":"","lastModifiedDate":"2024-08-28","isFullCredit":false},{"lineNumber":12,"author":{"gitId":"yeekian"},"content":"    public int getNumItems() {","lastModifiedDate":"2024-08-28","isFullCredit":false},{"lineNumber":13,"author":{"gitId":"yeekian"},"content":"        return numItems;","lastModifiedDate":"2024-08-28","isFullCredit":false},{"lineNumber":14,"author":{"gitId":"yeekian"},"content":"    }","lastModifiedDate":"2024-08-28","isFullCredit":false},{"lineNumber":15,"author":{"gitId":"yeekian"},"content":"","lastModifiedDate":"2024-08-28","isFullCredit":false},{"lineNumber":16,"author":{"gitId":"yeekian"},"content":"    public void addItem(String line) {","lastModifiedDate":"2024-09-02","isFullCredit":false},{"lineNumber":17,"author":{"gitId":"yeekian"},"content":"        if (line.length() \u003e\u003d 7 \u0026\u0026 line.substring(0, 5).equals(\"event\")) {","lastModifiedDate":"2024-09-02","isFullCredit":false},{"lineNumber":18,"author":{"gitId":"yeekian"},"content":"            if (line.contains(\"/from\") \u0026\u0026 line.contains(\"/to\")) {","lastModifiedDate":"2024-09-02","isFullCredit":false},{"lineNumber":19,"author":{"gitId":"yeekian"},"content":"                addEvent(line);","lastModifiedDate":"2024-09-02","isFullCredit":false},{"lineNumber":20,"author":{"gitId":"yeekian"},"content":"            } else {","lastModifiedDate":"2024-09-02","isFullCredit":false},{"lineNumber":21,"author":{"gitId":"yeekian"},"content":"                System.out.println(\"\\tInvalid command format: \" + System.lineSeparator() + \"\\t\\t\" +","lastModifiedDate":"2024-09-02","isFullCredit":false},{"lineNumber":22,"author":{"gitId":"yeekian"},"content":"                        INVALID_EVENT_INPUT_MESSAGE);","lastModifiedDate":"2024-09-02","isFullCredit":false},{"lineNumber":23,"author":{"gitId":"yeekian"},"content":"            }","lastModifiedDate":"2024-09-02","isFullCredit":false},{"lineNumber":24,"author":{"gitId":"yeekian"},"content":"        } else if (line.length() \u003e\u003d 10 \u0026\u0026 line.substring(0, 8).equals(\"deadline\")) {","lastModifiedDate":"2024-09-02","isFullCredit":false},{"lineNumber":25,"author":{"gitId":"yeekian"},"content":"            if (line.contains(\"/by\")) {","lastModifiedDate":"2024-09-02","isFullCredit":false},{"lineNumber":26,"author":{"gitId":"yeekian"},"content":"                addDeadline(line);","lastModifiedDate":"2024-09-02","isFullCredit":false},{"lineNumber":27,"author":{"gitId":"yeekian"},"content":"            } else {","lastModifiedDate":"2024-09-02","isFullCredit":false},{"lineNumber":28,"author":{"gitId":"yeekian"},"content":"                System.out.println(\"\\tInvalid command format: \" + System.lineSeparator() + \"\\t\\t\" +","lastModifiedDate":"2024-09-02","isFullCredit":false},{"lineNumber":29,"author":{"gitId":"yeekian"},"content":"                        INVALID_DEADLINE_INPUT_MESSAGE);","lastModifiedDate":"2024-09-02","isFullCredit":false},{"lineNumber":30,"author":{"gitId":"yeekian"},"content":"            }","lastModifiedDate":"2024-09-02","isFullCredit":false},{"lineNumber":31,"author":{"gitId":"yeekian"},"content":"        } else if (line.length() \u003e\u003d 6 \u0026\u0026 line.substring(0, 4).equals(\"todo\")){","lastModifiedDate":"2024-09-02","isFullCredit":false},{"lineNumber":32,"author":{"gitId":"yeekian"},"content":"            addTodo(line);","lastModifiedDate":"2024-09-02","isFullCredit":false},{"lineNumber":33,"author":{"gitId":"yeekian"},"content":"        } else {","lastModifiedDate":"2024-09-02","isFullCredit":false},{"lineNumber":34,"author":{"gitId":"yeekian"},"content":"            System.out.println(\"\\tInvalid command format: \" + System.lineSeparator() + \"\\t\\t\" + INVALID_TODO_INPUT_MESSAGE","lastModifiedDate":"2024-09-02","isFullCredit":false},{"lineNumber":35,"author":{"gitId":"yeekian"},"content":"                    + System.lineSeparator() + \"\\t\\t\" + INVALID_DEADLINE_INPUT_MESSAGE + System.lineSeparator() + \"\\t\\t\"","lastModifiedDate":"2024-09-02","isFullCredit":false},{"lineNumber":36,"author":{"gitId":"yeekian"},"content":"                    + INVALID_EVENT_INPUT_MESSAGE);","lastModifiedDate":"2024-09-02","isFullCredit":false},{"lineNumber":37,"author":{"gitId":"yeekian"},"content":"        }","lastModifiedDate":"2024-09-02","isFullCredit":false},{"lineNumber":38,"author":{"gitId":"yeekian"},"content":"    }","lastModifiedDate":"2024-09-02","isFullCredit":false},{"lineNumber":39,"author":{"gitId":"yeekian"},"content":"","lastModifiedDate":"2024-09-02","isFullCredit":false},{"lineNumber":40,"author":{"gitId":"yeekian"},"content":"    private void addEvent(String line) {","lastModifiedDate":"2024-09-02","isFullCredit":false},{"lineNumber":41,"author":{"gitId":"yeekian"},"content":"        String eventStartDate \u003d extractEventStartDate(line);","lastModifiedDate":"2024-09-02","isFullCredit":false},{"lineNumber":42,"author":{"gitId":"yeekian"},"content":"        String eventEndDate \u003d extractEventEndDate(line);","lastModifiedDate":"2024-09-02","isFullCredit":false},{"lineNumber":43,"author":{"gitId":"yeekian"},"content":"        String eventDescription \u003d extractEventDescription(line);","lastModifiedDate":"2024-09-02","isFullCredit":false},{"lineNumber":44,"author":{"gitId":"yeekian"},"content":"        itemList[numItems] \u003d new Event(eventDescription, eventStartDate, eventEndDate);","lastModifiedDate":"2024-09-02","isFullCredit":false},{"lineNumber":45,"author":{"gitId":"yeekian"},"content":"        outputAddedMessage(itemList[numItems]);","lastModifiedDate":"2024-09-02","isFullCredit":false},{"lineNumber":46,"author":{"gitId":"yeekian"},"content":"        numItems +\u003d 1;","lastModifiedDate":"2024-09-02","isFullCredit":false},{"lineNumber":47,"author":{"gitId":"yeekian"},"content":"    }","lastModifiedDate":"2024-09-02","isFullCredit":false},{"lineNumber":48,"author":{"gitId":"yeekian"},"content":"","lastModifiedDate":"2024-09-02","isFullCredit":false},{"lineNumber":49,"author":{"gitId":"yeekian"},"content":"    private void addTodo(String line) {","lastModifiedDate":"2024-09-02","isFullCredit":false},{"lineNumber":50,"author":{"gitId":"yeekian"},"content":"        String todoDescription \u003d extractTodoDescription(line);","lastModifiedDate":"2024-09-02","isFullCredit":false},{"lineNumber":51,"author":{"gitId":"yeekian"},"content":"        itemList[numItems] \u003d new Todo(todoDescription);","lastModifiedDate":"2024-09-02","isFullCredit":false},{"lineNumber":52,"author":{"gitId":"yeekian"},"content":"        outputAddedMessage(itemList[numItems]);","lastModifiedDate":"2024-09-02","isFullCredit":false},{"lineNumber":53,"author":{"gitId":"yeekian"},"content":"        numItems +\u003d 1;","lastModifiedDate":"2024-08-28","isFullCredit":false},{"lineNumber":54,"author":{"gitId":"yeekian"},"content":"    }","lastModifiedDate":"2024-08-28","isFullCredit":false},{"lineNumber":55,"author":{"gitId":"yeekian"},"content":"","lastModifiedDate":"2024-08-28","isFullCredit":false},{"lineNumber":56,"author":{"gitId":"yeekian"},"content":"    private void addDeadline(String line) {","lastModifiedDate":"2024-09-02","isFullCredit":false},{"lineNumber":57,"author":{"gitId":"yeekian"},"content":"        String deadlineDate \u003d extractDeadlineDate(line);","lastModifiedDate":"2024-09-02","isFullCredit":false},{"lineNumber":58,"author":{"gitId":"yeekian"},"content":"        String deadlineDescription \u003d extractDeadlineDescription(line);","lastModifiedDate":"2024-09-02","isFullCredit":false},{"lineNumber":59,"author":{"gitId":"yeekian"},"content":"        itemList[numItems] \u003d new Deadline(deadlineDescription, deadlineDate);","lastModifiedDate":"2024-09-02","isFullCredit":false},{"lineNumber":60,"author":{"gitId":"yeekian"},"content":"        outputAddedMessage(itemList[numItems]);","lastModifiedDate":"2024-09-02","isFullCredit":false},{"lineNumber":61,"author":{"gitId":"yeekian"},"content":"        numItems +\u003d 1;","lastModifiedDate":"2024-09-02","isFullCredit":false},{"lineNumber":62,"author":{"gitId":"yeekian"},"content":"    }","lastModifiedDate":"2024-09-02","isFullCredit":false},{"lineNumber":63,"author":{"gitId":"yeekian"},"content":"","lastModifiedDate":"2024-09-02","isFullCredit":false},{"lineNumber":64,"author":{"gitId":"yeekian"},"content":"    private void outputAddedMessage(Task task) {","lastModifiedDate":"2024-09-02","isFullCredit":false},{"lineNumber":65,"author":{"gitId":"yeekian"},"content":"        System.out.println(\"\\tGot it. I\u0027ve added this task: \");","lastModifiedDate":"2024-09-02","isFullCredit":false},{"lineNumber":66,"author":{"gitId":"yeekian"},"content":"        System.out.println(\"\\t  \" + task);","lastModifiedDate":"2024-09-02","isFullCredit":false},{"lineNumber":67,"author":{"gitId":"yeekian"},"content":"        System.out.println(\"\\tNow you have \" + (numItems+1) + \" tasks in the list.\");","lastModifiedDate":"2024-09-02","isFullCredit":false},{"lineNumber":68,"author":{"gitId":"yeekian"},"content":"    }","lastModifiedDate":"2024-09-02","isFullCredit":false},{"lineNumber":69,"author":{"gitId":"yeekian"},"content":"","lastModifiedDate":"2024-09-02","isFullCredit":false},{"lineNumber":70,"author":{"gitId":"yeekian"},"content":"    private String extractTodoDescription(String line) {","lastModifiedDate":"2024-09-02","isFullCredit":false},{"lineNumber":71,"author":{"gitId":"yeekian"},"content":"        String todoDescription;","lastModifiedDate":"2024-09-02","isFullCredit":false},{"lineNumber":72,"author":{"gitId":"yeekian"},"content":"        todoDescription \u003d line.trim().replace(\"todo \", \"\");","lastModifiedDate":"2024-09-02","isFullCredit":false},{"lineNumber":73,"author":{"gitId":"yeekian"},"content":"","lastModifiedDate":"2024-09-02","isFullCredit":false},{"lineNumber":74,"author":{"gitId":"yeekian"},"content":"        return todoDescription;","lastModifiedDate":"2024-09-02","isFullCredit":false},{"lineNumber":75,"author":{"gitId":"yeekian"},"content":"    }","lastModifiedDate":"2024-09-02","isFullCredit":false},{"lineNumber":76,"author":{"gitId":"yeekian"},"content":"","lastModifiedDate":"2024-09-02","isFullCredit":false},{"lineNumber":77,"author":{"gitId":"yeekian"},"content":"    private String extractDeadlineDescription(String line) {","lastModifiedDate":"2024-09-02","isFullCredit":false},{"lineNumber":78,"author":{"gitId":"yeekian"},"content":"        String deadlineDescription;","lastModifiedDate":"2024-09-02","isFullCredit":false},{"lineNumber":79,"author":{"gitId":"yeekian"},"content":"        final int indexOfDeadlinePrefix \u003d line.indexOf(\"/by\");","lastModifiedDate":"2024-09-02","isFullCredit":false},{"lineNumber":80,"author":{"gitId":"yeekian"},"content":"        deadlineDescription \u003d line.substring(0, indexOfDeadlinePrefix).trim().replace(\"deadline \", \"\");","lastModifiedDate":"2024-09-02","isFullCredit":false},{"lineNumber":81,"author":{"gitId":"yeekian"},"content":"","lastModifiedDate":"2024-09-02","isFullCredit":false},{"lineNumber":82,"author":{"gitId":"yeekian"},"content":"        return deadlineDescription;","lastModifiedDate":"2024-09-02","isFullCredit":false},{"lineNumber":83,"author":{"gitId":"yeekian"},"content":"    }","lastModifiedDate":"2024-09-02","isFullCredit":false},{"lineNumber":84,"author":{"gitId":"yeekian"},"content":"","lastModifiedDate":"2024-09-02","isFullCredit":false},{"lineNumber":85,"author":{"gitId":"yeekian"},"content":"    private String extractDeadlineDate(String line) {","lastModifiedDate":"2024-09-02","isFullCredit":false},{"lineNumber":86,"author":{"gitId":"yeekian"},"content":"        String deadlineDate;","lastModifiedDate":"2024-09-02","isFullCredit":false},{"lineNumber":87,"author":{"gitId":"yeekian"},"content":"        final int indexOfDeadlinePrefix \u003d line.indexOf(\"/by\");","lastModifiedDate":"2024-09-02","isFullCredit":false},{"lineNumber":88,"author":{"gitId":"yeekian"},"content":"        deadlineDate \u003d line.substring(indexOfDeadlinePrefix).trim().replace(\"/by \", \"\");","lastModifiedDate":"2024-09-02","isFullCredit":false},{"lineNumber":89,"author":{"gitId":"yeekian"},"content":"","lastModifiedDate":"2024-09-02","isFullCredit":false},{"lineNumber":90,"author":{"gitId":"yeekian"},"content":"        return deadlineDate;","lastModifiedDate":"2024-09-02","isFullCredit":false},{"lineNumber":91,"author":{"gitId":"yeekian"},"content":"    }","lastModifiedDate":"2024-09-02","isFullCredit":false},{"lineNumber":92,"author":{"gitId":"yeekian"},"content":"","lastModifiedDate":"2024-09-02","isFullCredit":false},{"lineNumber":93,"author":{"gitId":"yeekian"},"content":"    private String extractEventDescription(String line) {","lastModifiedDate":"2024-09-02","isFullCredit":false},{"lineNumber":94,"author":{"gitId":"yeekian"},"content":"        String eventDescription;","lastModifiedDate":"2024-09-02","isFullCredit":false},{"lineNumber":95,"author":{"gitId":"yeekian"},"content":"        final int indexOfStartDatePrefix \u003d line.indexOf(\"/from\");","lastModifiedDate":"2024-09-02","isFullCredit":false},{"lineNumber":96,"author":{"gitId":"yeekian"},"content":"        final int indexOfEndDatePrefix \u003d line.indexOf(\"/to\");","lastModifiedDate":"2024-09-02","isFullCredit":false},{"lineNumber":97,"author":{"gitId":"yeekian"},"content":"        if (indexOfEndDatePrefix \u003e indexOfStartDatePrefix) {","lastModifiedDate":"2024-09-02","isFullCredit":false},{"lineNumber":98,"author":{"gitId":"yeekian"},"content":"            eventDescription \u003d line.substring(0, indexOfStartDatePrefix).trim().replace(\"event \", \"\");","lastModifiedDate":"2024-09-02","isFullCredit":false},{"lineNumber":99,"author":{"gitId":"yeekian"},"content":"        } else {","lastModifiedDate":"2024-09-02","isFullCredit":false},{"lineNumber":100,"author":{"gitId":"yeekian"},"content":"            eventDescription \u003d line.substring(0, indexOfEndDatePrefix).trim().replace(\"event \", \"\");","lastModifiedDate":"2024-09-02","isFullCredit":false},{"lineNumber":101,"author":{"gitId":"yeekian"},"content":"        }","lastModifiedDate":"2024-09-02","isFullCredit":false},{"lineNumber":102,"author":{"gitId":"yeekian"},"content":"","lastModifiedDate":"2024-09-02","isFullCredit":false},{"lineNumber":103,"author":{"gitId":"yeekian"},"content":"        return eventDescription;","lastModifiedDate":"2024-09-02","isFullCredit":false},{"lineNumber":104,"author":{"gitId":"yeekian"},"content":"    }","lastModifiedDate":"2024-09-02","isFullCredit":false},{"lineNumber":105,"author":{"gitId":"yeekian"},"content":"","lastModifiedDate":"2024-09-02","isFullCredit":false},{"lineNumber":106,"author":{"gitId":"yeekian"},"content":"    private String extractEventEndDate(String line) {","lastModifiedDate":"2024-09-02","isFullCredit":false},{"lineNumber":107,"author":{"gitId":"yeekian"},"content":"        String eventEndDate;","lastModifiedDate":"2024-09-02","isFullCredit":false},{"lineNumber":108,"author":{"gitId":"yeekian"},"content":"        final int indexOfStartDatePrefix \u003d line.indexOf(\"/from\");","lastModifiedDate":"2024-09-02","isFullCredit":false},{"lineNumber":109,"author":{"gitId":"yeekian"},"content":"        final int indexOfEndDatePrefix \u003d line.indexOf(\"/to\");","lastModifiedDate":"2024-09-02","isFullCredit":false},{"lineNumber":110,"author":{"gitId":"yeekian"},"content":"        if (indexOfEndDatePrefix \u003e indexOfStartDatePrefix) {","lastModifiedDate":"2024-09-02","isFullCredit":false},{"lineNumber":111,"author":{"gitId":"yeekian"},"content":"            eventEndDate \u003d line.substring(indexOfEndDatePrefix).trim().replace(\"/to \", \"\");","lastModifiedDate":"2024-09-02","isFullCredit":false},{"lineNumber":112,"author":{"gitId":"yeekian"},"content":"        } else {","lastModifiedDate":"2024-09-02","isFullCredit":false},{"lineNumber":113,"author":{"gitId":"yeekian"},"content":"            eventEndDate \u003d line.substring(indexOfEndDatePrefix, indexOfStartDatePrefix).trim().replace(\"/to \", \"\");","lastModifiedDate":"2024-09-02","isFullCredit":false},{"lineNumber":114,"author":{"gitId":"yeekian"},"content":"        }","lastModifiedDate":"2024-09-02","isFullCredit":false},{"lineNumber":115,"author":{"gitId":"yeekian"},"content":"","lastModifiedDate":"2024-09-02","isFullCredit":false},{"lineNumber":116,"author":{"gitId":"yeekian"},"content":"        return eventEndDate;","lastModifiedDate":"2024-09-02","isFullCredit":false},{"lineNumber":117,"author":{"gitId":"yeekian"},"content":"    }","lastModifiedDate":"2024-09-02","isFullCredit":false},{"lineNumber":118,"author":{"gitId":"yeekian"},"content":"","lastModifiedDate":"2024-09-02","isFullCredit":false},{"lineNumber":119,"author":{"gitId":"yeekian"},"content":"    private String extractEventStartDate(String line) {","lastModifiedDate":"2024-09-02","isFullCredit":false},{"lineNumber":120,"author":{"gitId":"yeekian"},"content":"        String eventStartDate;","lastModifiedDate":"2024-09-02","isFullCredit":false},{"lineNumber":121,"author":{"gitId":"yeekian"},"content":"        final int indexOfStartDatePrefix \u003d line.indexOf(\"/from\");","lastModifiedDate":"2024-09-02","isFullCredit":false},{"lineNumber":122,"author":{"gitId":"yeekian"},"content":"        final int indexOfEndDatePrefix \u003d line.indexOf(\"/to\");","lastModifiedDate":"2024-09-02","isFullCredit":false},{"lineNumber":123,"author":{"gitId":"yeekian"},"content":"        if (indexOfStartDatePrefix \u003e indexOfEndDatePrefix) {","lastModifiedDate":"2024-09-02","isFullCredit":false},{"lineNumber":124,"author":{"gitId":"yeekian"},"content":"            eventStartDate \u003d line.substring(indexOfStartDatePrefix).trim().replace(\"/from \", \"\");","lastModifiedDate":"2024-09-02","isFullCredit":false},{"lineNumber":125,"author":{"gitId":"yeekian"},"content":"        } else {","lastModifiedDate":"2024-09-02","isFullCredit":false},{"lineNumber":126,"author":{"gitId":"yeekian"},"content":"            eventStartDate \u003d line.substring(indexOfStartDatePrefix, indexOfEndDatePrefix).trim().replace(\"/from \", \"\");","lastModifiedDate":"2024-09-02","isFullCredit":false},{"lineNumber":127,"author":{"gitId":"yeekian"},"content":"        }","lastModifiedDate":"2024-09-02","isFullCredit":false},{"lineNumber":128,"author":{"gitId":"yeekian"},"content":"","lastModifiedDate":"2024-09-02","isFullCredit":false},{"lineNumber":129,"author":{"gitId":"yeekian"},"content":"        return eventStartDate;","lastModifiedDate":"2024-09-02","isFullCredit":false},{"lineNumber":130,"author":{"gitId":"yeekian"},"content":"    }","lastModifiedDate":"2024-09-02","isFullCredit":false},{"lineNumber":131,"author":{"gitId":"yeekian"},"content":"","lastModifiedDate":"2024-09-02","isFullCredit":false},{"lineNumber":132,"author":{"gitId":"yeekian"},"content":"    public void printList() {","lastModifiedDate":"2024-08-28","isFullCredit":false},{"lineNumber":133,"author":{"gitId":"yeekian"},"content":"        System.out.println(\"\\tHere are the tasks in your list:\");","lastModifiedDate":"2024-08-28","isFullCredit":false},{"lineNumber":134,"author":{"gitId":"yeekian"},"content":"        for (int i \u003d 0; i \u003c numItems; i++) {","lastModifiedDate":"2024-08-28","isFullCredit":false},{"lineNumber":135,"author":{"gitId":"yeekian"},"content":"            //System.out.println(\"\\t\" + (i + 1) + \".[\" + itemList[i].getTaskTypeIcon() + \"][\" + itemList[i].getDoneStatusIcon() + \"] \" + itemList[i].description);","lastModifiedDate":"2024-09-02","isFullCredit":false},{"lineNumber":136,"author":{"gitId":"yeekian"},"content":"            System.out.println(\"\\t\" + (i + 1) + \".\" + itemList[i]);","lastModifiedDate":"2024-09-02","isFullCredit":false},{"lineNumber":137,"author":{"gitId":"yeekian"},"content":"        }","lastModifiedDate":"2024-08-28","isFullCredit":false},{"lineNumber":138,"author":{"gitId":"yeekian"},"content":"    }","lastModifiedDate":"2024-08-28","isFullCredit":false},{"lineNumber":139,"author":{"gitId":"yeekian"},"content":"","lastModifiedDate":"2024-08-28","isFullCredit":false},{"lineNumber":140,"author":{"gitId":"yeekian"},"content":"    public void markItem(String line) {","lastModifiedDate":"2024-08-28","isFullCredit":false},{"lineNumber":141,"author":{"gitId":"yeekian"},"content":"        int itemNum \u003d Integer.parseInt(line.substring(5));","lastModifiedDate":"2024-08-28","isFullCredit":false},{"lineNumber":142,"author":{"gitId":"yeekian"},"content":"        if (itemNum \u003e this.getNumItems() || itemNum \u003c\u003d 0) {","lastModifiedDate":"2024-08-28","isFullCredit":false},{"lineNumber":143,"author":{"gitId":"yeekian"},"content":"            System.out.println(\"\\tInput item number out of range.\");","lastModifiedDate":"2024-09-02","isFullCredit":false},{"lineNumber":144,"author":{"gitId":"yeekian"},"content":"        } else {","lastModifiedDate":"2024-08-28","isFullCredit":false},{"lineNumber":145,"author":{"gitId":"yeekian"},"content":"            this.markListItemAsDone(itemNum);","lastModifiedDate":"2024-08-28","isFullCredit":false},{"lineNumber":146,"author":{"gitId":"yeekian"},"content":"            System.out.println(\"\\tNice! I\u0027ve marked this task as done:\");","lastModifiedDate":"2024-08-28","isFullCredit":false},{"lineNumber":147,"author":{"gitId":"yeekian"},"content":"            System.out.println(\"\\t\\t[\" + this.itemGetDoneStatusIcon(itemNum) + \"] \" + this.getItemDescription(itemNum));","lastModifiedDate":"2024-09-02","isFullCredit":false},{"lineNumber":148,"author":{"gitId":"yeekian"},"content":"        }","lastModifiedDate":"2024-08-28","isFullCredit":false},{"lineNumber":149,"author":{"gitId":"yeekian"},"content":"    }","lastModifiedDate":"2024-08-28","isFullCredit":false},{"lineNumber":150,"author":{"gitId":"yeekian"},"content":"","lastModifiedDate":"2024-08-28","isFullCredit":false},{"lineNumber":151,"author":{"gitId":"yeekian"},"content":"    public void unmarkItem(String line) {","lastModifiedDate":"2024-08-28","isFullCredit":false},{"lineNumber":152,"author":{"gitId":"yeekian"},"content":"        int itemNum \u003d Integer.parseInt(line.substring(7));","lastModifiedDate":"2024-08-28","isFullCredit":false},{"lineNumber":153,"author":{"gitId":"yeekian"},"content":"        if (itemNum \u003e this.getNumItems() || itemNum \u003c\u003d 0) {","lastModifiedDate":"2024-08-28","isFullCredit":false},{"lineNumber":154,"author":{"gitId":"yeekian"},"content":"            System.out.println(\"\\tInput item number out of range.\");","lastModifiedDate":"2024-09-02","isFullCredit":false},{"lineNumber":155,"author":{"gitId":"yeekian"},"content":"        } else {","lastModifiedDate":"2024-08-28","isFullCredit":false},{"lineNumber":156,"author":{"gitId":"yeekian"},"content":"            this.markListItemAsUnDone(itemNum);","lastModifiedDate":"2024-08-28","isFullCredit":false},{"lineNumber":157,"author":{"gitId":"yeekian"},"content":"            System.out.println(\"\\tOK, I\u0027ve marked this task as not done yet:\");","lastModifiedDate":"2024-08-28","isFullCredit":false},{"lineNumber":158,"author":{"gitId":"yeekian"},"content":"            System.out.println(\"\\t\\t[\" + this.itemGetDoneStatusIcon(itemNum) + \"] \" + this.getItemDescription(itemNum));","lastModifiedDate":"2024-09-02","isFullCredit":false},{"lineNumber":159,"author":{"gitId":"yeekian"},"content":"        }","lastModifiedDate":"2024-08-28","isFullCredit":false},{"lineNumber":160,"author":{"gitId":"yeekian"},"content":"    }","lastModifiedDate":"2024-08-28","isFullCredit":false},{"lineNumber":161,"author":{"gitId":"yeekian"},"content":"","lastModifiedDate":"2024-08-28","isFullCredit":false},{"lineNumber":162,"author":{"gitId":"yeekian"},"content":"    public String getItemDescription(int itemNum) {","lastModifiedDate":"2024-08-28","isFullCredit":false},{"lineNumber":163,"author":{"gitId":"yeekian"},"content":"        return itemList[itemNum - 1].description;","lastModifiedDate":"2024-08-28","isFullCredit":false},{"lineNumber":164,"author":{"gitId":"yeekian"},"content":"    }","lastModifiedDate":"2024-08-28","isFullCredit":false},{"lineNumber":165,"author":{"gitId":"yeekian"},"content":"","lastModifiedDate":"2024-08-28","isFullCredit":false},{"lineNumber":166,"author":{"gitId":"yeekian"},"content":"    public void markListItemAsDone(int itemNum) {","lastModifiedDate":"2024-08-28","isFullCredit":false},{"lineNumber":167,"author":{"gitId":"yeekian"},"content":"        itemList[itemNum - 1].markAsDone();","lastModifiedDate":"2024-08-28","isFullCredit":false},{"lineNumber":168,"author":{"gitId":"yeekian"},"content":"    }","lastModifiedDate":"2024-08-28","isFullCredit":false},{"lineNumber":169,"author":{"gitId":"yeekian"},"content":"","lastModifiedDate":"2024-08-28","isFullCredit":false},{"lineNumber":170,"author":{"gitId":"yeekian"},"content":"    public void markListItemAsUnDone(int itemNum) {","lastModifiedDate":"2024-08-28","isFullCredit":false},{"lineNumber":171,"author":{"gitId":"yeekian"},"content":"        itemList[itemNum - 1].markAsUnDone();","lastModifiedDate":"2024-08-28","isFullCredit":false},{"lineNumber":172,"author":{"gitId":"yeekian"},"content":"    }","lastModifiedDate":"2024-08-28","isFullCredit":false},{"lineNumber":173,"author":{"gitId":"yeekian"},"content":"","lastModifiedDate":"2024-08-28","isFullCredit":false},{"lineNumber":174,"author":{"gitId":"yeekian"},"content":"    public String itemGetDoneStatusIcon(int itemNum) {","lastModifiedDate":"2024-09-02","isFullCredit":false},{"lineNumber":175,"author":{"gitId":"yeekian"},"content":"        return itemList[itemNum - 1].getDoneStatusIcon();","lastModifiedDate":"2024-09-02","isFullCredit":false},{"lineNumber":176,"author":{"gitId":"yeekian"},"content":"    }","lastModifiedDate":"2024-08-28","isFullCredit":false},{"lineNumber":177,"author":{"gitId":"yeekian"},"content":"}","lastModifiedDate":"2024-08-28","isFullCredit":false}],"authorContributionMap":{"yeekian":177}},{"path":"src/main/java/Mel.java","fileType":"java","lines":[{"lineNumber":1,"author":{"gitId":"yeekian"},"content":"import java.util.Scanner;","lastModifiedDate":"2024-08-28","isFullCredit":false},{"lineNumber":2,"author":{"gitId":"yeekian"},"content":"","lastModifiedDate":"2024-08-28","isFullCredit":false},{"lineNumber":3,"author":{"gitId":"yeekian"},"content":"public class Mel {","lastModifiedDate":"2024-08-22","isFullCredit":false},{"lineNumber":4,"author":{"gitId":"yeekian"},"content":"","lastModifiedDate":"2024-09-02","isFullCredit":false},{"lineNumber":5,"author":{"gitId":"yeekian"},"content":"    public static final String DRAW_HORIZONTAL_LINE \u003d \"\\t________________________________________\";","lastModifiedDate":"2024-09-02","isFullCredit":false},{"lineNumber":6,"author":{"gitId":"yeekian"},"content":"","lastModifiedDate":"2024-09-02","isFullCredit":false},{"lineNumber":7,"author":{"gitId":"yeekian"},"content":"    public static void main(String[] args) {","lastModifiedDate":"2024-08-22","isFullCredit":false},{"lineNumber":8,"author":{"gitId":"yeekian"},"content":"        System.out.println(\"\\t________________________________________\");","lastModifiedDate":"2024-08-28","isFullCredit":false},{"lineNumber":9,"author":{"gitId":"yeekian"},"content":"        System.out.println(\"\\tHello! I\u0027m Mel\");","lastModifiedDate":"2024-08-28","isFullCredit":false},{"lineNumber":10,"author":{"gitId":"yeekian"},"content":"        System.out.println(\"\\tWhat can I do for you?\");","lastModifiedDate":"2024-08-28","isFullCredit":false},{"lineNumber":11,"author":{"gitId":"yeekian"},"content":"        System.out.println(\"\\t________________________________________\");","lastModifiedDate":"2024-08-28","isFullCredit":false},{"lineNumber":12,"author":{"gitId":"yeekian"},"content":"","lastModifiedDate":"2024-08-28","isFullCredit":false},{"lineNumber":13,"author":{"gitId":"yeekian"},"content":"        String line;","lastModifiedDate":"2024-08-28","isFullCredit":false},{"lineNumber":14,"author":{"gitId":"yeekian"},"content":"        Scanner in \u003d new Scanner(System.in);","lastModifiedDate":"2024-08-28","isFullCredit":false},{"lineNumber":15,"author":{"gitId":"yeekian"},"content":"        List userList \u003d new List();","lastModifiedDate":"2024-08-28","isFullCredit":false},{"lineNumber":16,"author":{"gitId":"yeekian"},"content":"","lastModifiedDate":"2024-08-28","isFullCredit":false},{"lineNumber":17,"author":{"gitId":"yeekian"},"content":"        while (true) {","lastModifiedDate":"2024-08-28","isFullCredit":false},{"lineNumber":18,"author":{"gitId":"yeekian"},"content":"            System.out.print(System.lineSeparator());","lastModifiedDate":"2024-08-28","isFullCredit":false},{"lineNumber":19,"author":{"gitId":"yeekian"},"content":"            line \u003d in.nextLine();","lastModifiedDate":"2024-08-28","isFullCredit":false},{"lineNumber":20,"author":{"gitId":"yeekian"},"content":"            System.out.println(DRAW_HORIZONTAL_LINE);","lastModifiedDate":"2024-09-02","isFullCredit":false},{"lineNumber":21,"author":{"gitId":"yeekian"},"content":"","lastModifiedDate":"2024-08-22","isFullCredit":false},{"lineNumber":22,"author":{"gitId":"yeekian"},"content":"            if (line.equals(\"bye\")) {","lastModifiedDate":"2024-08-28","isFullCredit":false},{"lineNumber":23,"author":{"gitId":"yeekian"},"content":"                System.out.println(\"\\tBye. Hope to see you again soon!\");","lastModifiedDate":"2024-08-28","isFullCredit":false},{"lineNumber":24,"author":{"gitId":"yeekian"},"content":"                System.out.println(DRAW_HORIZONTAL_LINE);","lastModifiedDate":"2024-09-02","isFullCredit":false},{"lineNumber":25,"author":{"gitId":"yeekian"},"content":"                break;","lastModifiedDate":"2024-08-28","isFullCredit":false},{"lineNumber":26,"author":{"gitId":"yeekian"},"content":"","lastModifiedDate":"2024-08-28","isFullCredit":false},{"lineNumber":27,"author":{"gitId":"yeekian"},"content":"            } else if (line.equals(\"list\")) {","lastModifiedDate":"2024-08-28","isFullCredit":false},{"lineNumber":28,"author":{"gitId":"yeekian"},"content":"                userList.printList();","lastModifiedDate":"2024-08-28","isFullCredit":false},{"lineNumber":29,"author":{"gitId":"yeekian"},"content":"                System.out.println(DRAW_HORIZONTAL_LINE);","lastModifiedDate":"2024-09-02","isFullCredit":false},{"lineNumber":30,"author":{"gitId":"yeekian"},"content":"","lastModifiedDate":"2024-08-28","isFullCredit":false},{"lineNumber":31,"author":{"gitId":"yeekian"},"content":"            } else if (line.length() \u003e\u003d 6 \u0026\u0026 line.substring(0, 4).equals(\"mark\")) {","lastModifiedDate":"2024-09-02","isFullCredit":false},{"lineNumber":32,"author":{"gitId":"yeekian"},"content":"                userList.markItem(line);","lastModifiedDate":"2024-08-28","isFullCredit":false},{"lineNumber":33,"author":{"gitId":"yeekian"},"content":"                System.out.println(DRAW_HORIZONTAL_LINE);","lastModifiedDate":"2024-09-02","isFullCredit":false},{"lineNumber":34,"author":{"gitId":"yeekian"},"content":"","lastModifiedDate":"2024-08-28","isFullCredit":false},{"lineNumber":35,"author":{"gitId":"yeekian"},"content":"            } else if (line.length() \u003e\u003d 8 \u0026\u0026 line.substring(0, 6).equals(\"unmark\")) {","lastModifiedDate":"2024-09-02","isFullCredit":false},{"lineNumber":36,"author":{"gitId":"yeekian"},"content":"                userList.unmarkItem(line);","lastModifiedDate":"2024-08-28","isFullCredit":false},{"lineNumber":37,"author":{"gitId":"yeekian"},"content":"                System.out.println(DRAW_HORIZONTAL_LINE);","lastModifiedDate":"2024-09-02","isFullCredit":false},{"lineNumber":38,"author":{"gitId":"yeekian"},"content":"","lastModifiedDate":"2024-08-28","isFullCredit":false},{"lineNumber":39,"author":{"gitId":"yeekian"},"content":"            } else {","lastModifiedDate":"2024-08-28","isFullCredit":false},{"lineNumber":40,"author":{"gitId":"yeekian"},"content":"                userList.addItem(line);","lastModifiedDate":"2024-08-28","isFullCredit":false},{"lineNumber":41,"author":{"gitId":"yeekian"},"content":"                System.out.println(DRAW_HORIZONTAL_LINE);","lastModifiedDate":"2024-09-02","isFullCredit":false},{"lineNumber":42,"author":{"gitId":"yeekian"},"content":"            }","lastModifiedDate":"2024-08-28","isFullCredit":false},{"lineNumber":43,"author":{"gitId":"yeekian"},"content":"        }","lastModifiedDate":"2024-08-28","isFullCredit":false},{"lineNumber":44,"author":{"gitId":"yeekian"},"content":"    }","lastModifiedDate":"2024-08-22","isFullCredit":false},{"lineNumber":45,"author":{"gitId":"yeekian"},"content":"}","lastModifiedDate":"2024-08-22","isFullCredit":false}],"authorContributionMap":{"yeekian":45}},{"path":"src/main/java/Task.java","fileType":"java","lines":[{"lineNumber":1,"author":{"gitId":"yeekian"},"content":"public class Task {","lastModifiedDate":"2024-08-28","isFullCredit":false},{"lineNumber":2,"author":{"gitId":"yeekian"},"content":"    protected String description;","lastModifiedDate":"2024-08-28","isFullCredit":false},{"lineNumber":3,"author":{"gitId":"yeekian"},"content":"    protected boolean isDone;","lastModifiedDate":"2024-08-28","isFullCredit":false},{"lineNumber":4,"author":{"gitId":"yeekian"},"content":"","lastModifiedDate":"2024-08-28","isFullCredit":false},{"lineNumber":5,"author":{"gitId":"yeekian"},"content":"    public Task(String description) {","lastModifiedDate":"2024-08-28","isFullCredit":false},{"lineNumber":6,"author":{"gitId":"yeekian"},"content":"        this.description \u003d description;","lastModifiedDate":"2024-08-28","isFullCredit":false},{"lineNumber":7,"author":{"gitId":"yeekian"},"content":"        this.isDone \u003d false;","lastModifiedDate":"2024-08-28","isFullCredit":false},{"lineNumber":8,"author":{"gitId":"yeekian"},"content":"    }","lastModifiedDate":"2024-08-28","isFullCredit":false},{"lineNumber":9,"author":{"gitId":"yeekian"},"content":"","lastModifiedDate":"2024-08-28","isFullCredit":false},{"lineNumber":10,"author":{"gitId":"yeekian"},"content":"    public String getDoneStatusIcon() {","lastModifiedDate":"2024-09-02","isFullCredit":false},{"lineNumber":11,"author":{"gitId":"yeekian"},"content":"        return (isDone ? \"X\" : \" \"); // mark done task with X","lastModifiedDate":"2024-08-28","isFullCredit":false},{"lineNumber":12,"author":{"gitId":"yeekian"},"content":"    }","lastModifiedDate":"2024-08-28","isFullCredit":false},{"lineNumber":13,"author":{"gitId":"yeekian"},"content":"","lastModifiedDate":"2024-08-28","isFullCredit":false},{"lineNumber":14,"author":{"gitId":"yeekian"},"content":"    public void markAsDone() {","lastModifiedDate":"2024-08-28","isFullCredit":false},{"lineNumber":15,"author":{"gitId":"yeekian"},"content":"        isDone \u003d true;","lastModifiedDate":"2024-08-28","isFullCredit":false},{"lineNumber":16,"author":{"gitId":"yeekian"},"content":"    }","lastModifiedDate":"2024-08-28","isFullCredit":false},{"lineNumber":17,"author":{"gitId":"yeekian"},"content":"","lastModifiedDate":"2024-08-28","isFullCredit":false},{"lineNumber":18,"author":{"gitId":"yeekian"},"content":"    public void markAsUnDone() {","lastModifiedDate":"2024-08-28","isFullCredit":false},{"lineNumber":19,"author":{"gitId":"yeekian"},"content":"        isDone \u003d false;","lastModifiedDate":"2024-08-28","isFullCredit":false},{"lineNumber":20,"author":{"gitId":"yeekian"},"content":"    }","lastModifiedDate":"2024-08-28","isFullCredit":false},{"lineNumber":21,"author":{"gitId":"yeekian"},"content":"}","lastModifiedDate":"2024-08-28","isFullCredit":false}],"authorContributionMap":{"yeekian":21}},{"path":"src/main/java/Todo.java","fileType":"java","lines":[{"lineNumber":1,"author":{"gitId":"yeekian"},"content":"public class Todo extends Task {","lastModifiedDate":"2024-09-02","isFullCredit":false},{"lineNumber":2,"author":{"gitId":"yeekian"},"content":"    public Todo(String description) {","lastModifiedDate":"2024-09-02","isFullCredit":false},{"lineNumber":3,"author":{"gitId":"yeekian"},"content":"        super(description);","lastModifiedDate":"2024-09-02","isFullCredit":false},{"lineNumber":4,"author":{"gitId":"yeekian"},"content":"    }","lastModifiedDate":"2024-09-02","isFullCredit":false},{"lineNumber":5,"author":{"gitId":"yeekian"},"content":"","lastModifiedDate":"2024-09-02","isFullCredit":false},{"lineNumber":6,"author":{"gitId":"yeekian"},"content":"    @Override","lastModifiedDate":"2024-09-02","isFullCredit":false},{"lineNumber":7,"author":{"gitId":"yeekian"},"content":"    public String toString() {","lastModifiedDate":"2024-09-02","isFullCredit":false},{"lineNumber":8,"author":{"gitId":"yeekian"},"content":"        return (\"[T][\" + getDoneStatusIcon() + \"] \" + description);","lastModifiedDate":"2024-09-02","isFullCredit":false},{"lineNumber":9,"author":{"gitId":"yeekian"},"content":"    }","lastModifiedDate":"2024-09-02","isFullCredit":false},{"lineNumber":10,"author":{"gitId":"yeekian"},"content":"}","lastModifiedDate":"2024-09-02","isFullCredit":false}],"authorContributionMap":{"yeekian":10}}]
