{"authorDailyContributionsMap":{"yeekian":[{"date":"2024-08-22","commitResults":[{"hash":"c671da2c799ed91d898b9d867a193c8b02fff239","isMergeCommit":false,"messageTitle":"Restore reverse commit files","messageBody":"","fileTypesAndContributionMap":{"gradle":{"insertions":0,"deletions":41}}},{"hash":"0e4f6ac73da0f3f6028ce13cf36adbf9c106be3d","isMergeCommit":false,"messageTitle":"Chatbot: rename Duke to Mel","messageBody":"Remove all traces of Duke from the source code.\n\nRename Duke.java to Mel.java.\nReplace Duke with Mel in Mel.java and README.md.\n\nEnsure chatbot name consistency.\n","tags":["Level-0"],"fileTypesAndContributionMap":{"java":{"insertions":11,"deletions":10},"md":{"insertions":1,"deletions":1}}}]},{"date":"2024-08-28","commitResults":[{"hash":"06ecd084ab8f00f4403b8fd8f4044a12f2a6ce89","isMergeCommit":false,"messageTitle":"Chatbot: add echo","messageBody":"","fileTypesAndContributionMap":{"java":{"insertions":19,"deletions":2}}},{"hash":"250b0010a275ddfb5525f1204d55cfaf9c75e2f7","isMergeCommit":false,"messageTitle":"Chatbot: add indentation","messageBody":"","tags":["Level-1"],"fileTypesAndContributionMap":{"java":{"insertions":9,"deletions":9}}},{"hash":"a6b13997f98b2e15f26ee2fde2c382e3f95f34a2","isMergeCommit":false,"messageTitle":"List class: implement add item and print full list function","messageBody":"The chatbot cannot store and list user-entered text.\n\nCreate class to store entered text and display them to user when requested.\n\nNo disk storage used due to focus on temporary session-based interactions.\n","fileTypesAndContributionMap":{"java":{"insertions":19,"deletions":0}}},{"hash":"22b8ba245408aabb29213a256be256f18aabdb8a","isMergeCommit":false,"messageTitle":"Chatbot: store text and print list function","messageBody":"Use List class to store user text and print list when requested.\n","tags":["Level-2"],"fileTypesAndContributionMap":{"java":{"insertions":8,"deletions":2}}},{"hash":"be711897198592cfdafd160d26674b769f97ecfc","isMergeCommit":false,"messageTitle":"Task class: add class","messageBody":"Task are strings in an array in List class.\n\nIncorporating additional information such as isDone status will be\nincreasingly complex.\n\nLet\u0027s create a new Task class to contain task related attributes and methods.\nThis is a more natural representation of the tasks.\n","fileTypesAndContributionMap":{"java":{"insertions":21,"deletions":0}}},{"hash":"0f5d58b4f926a774c25db8e1d92b7572376da64c","isMergeCommit":false,"messageTitle":"List class: mark and unmark tasks in list as done","messageBody":"","fileTypesAndContributionMap":{"java":{"insertions":46,"deletions":3}}},{"hash":"86a1b525bdebd08f2cbebb210b7cd377d45dbbba","isMergeCommit":false,"messageTitle":"Chatbot: use List class function to mark and unmark tasks as done","messageBody":"","tags":["Level-3"],"fileTypesAndContributionMap":{"java":{"insertions":7,"deletions":1}}},{"hash":"907e5a9d109a7852bbb2c30a0ac68f0f520f834c","isMergeCommit":false,"messageTitle":"Chatbot: Follow coding standard","messageBody":"","tags":["A-CodingStandard"],"fileTypesAndContributionMap":{"java":{"insertions":7,"deletions":4}}}]},{"date":"2024-09-02","commitResults":[{"hash":"1839a797d7ac7948589f5f55667e52753cd0e2bc","isMergeCommit":false,"messageTitle":"Task class: rename getStatusIcon function to getDoneStatusIcon","messageBody":"","fileTypesAndContributionMap":{"java":{"insertions":1,"deletions":1}}},{"hash":"ba587a8236618036a0548cb38a7c6776bbfdc5e3","isMergeCommit":false,"messageTitle":"Todo class: add class","messageBody":"Todo extends Task class.\n\nClass overrides the toString method to print out special description\nof the Todo task.\n","fileTypesAndContributionMap":{"java":{"insertions":10,"deletions":0}}},{"hash":"e9a03bdb02988f95e7f62085b7fe02b1839c6696","isMergeCommit":false,"messageTitle":"Deadline class: add class","messageBody":"Deadline extends Task class.\n\nOn top of the description attribute in Task, it also contains the\nString by attribute to store the deadline as a string.\n\nClass overrides the toString method to print out special description\nof the Deadline task.\n","fileTypesAndContributionMap":{"java":{"insertions":15,"deletions":0}}},{"hash":"d6e75cba2fb72f1f0c710c98771b252f820afdfc","isMergeCommit":false,"messageTitle":"Event class: add class","messageBody":"Event extends Task class.\n\nOn top of the description attribute in Task, it also contains the\nString startDate and String endDate attributes to store the\nstart and end date or timings of the event.\n\nClass overrides the toString method to print out special description\nof the Event task.\n","fileTypesAndContributionMap":{"java":{"insertions":15,"deletions":0}}},{"hash":"4e31adb43414d615cf14e74f20d934ff186ca1e7","isMergeCommit":false,"messageTitle":"List class: modify addItem method","messageBody":"Modify addItem method to add Todo, Deadline, and Event class objects\ninto the list of Tasks.\n","fileTypesAndContributionMap":{"java":{"insertions":124,"deletions":9}}},{"hash":"100da0c762524a112af2a4014fa8668ff156846a","isMergeCommit":false,"messageTitle":"Mel: Refactor line prints","messageBody":"","tags":["Level-4"],"fileTypesAndContributionMap":{"java":{"insertions":11,"deletions":9}}}]},{"date":"2024-09-03","commitResults":[{"hash":"3a22ebed8f8b72cad8cddefe2adc983739fa1ba5","isMergeCommit":false,"messageTitle":"Refactor List.java and Mel.java","messageBody":"","tags":["A-CodeQuality"],"fileTypesAndContributionMap":{"java":{"insertions":68,"deletions":26}}},{"hash":"27dd19881439c226a469d274803d92307e8c2f5d","isMergeCommit":false,"messageTitle":"List: Handle error for non-integer input index for mark and unmark","messageBody":"","fileTypesAndContributionMap":{"java":{"insertions":46,"deletions":21}}},{"hash":"217305f9c5a49da523dd55ed8d9b09c212afabb6","isMergeCommit":false,"messageTitle":"Implement automated text UI testing","messageBody":"","tags":["A-TextUiTesting"],"fileTypesAndContributionMap":{"txt":{"insertions":16,"deletions":0},"bat":{"insertions":1,"deletions":1}}},{"hash":"549b2e2242d4fd1b2295d2c0ae0ebfe9d8b21b15","isMergeCommit":false,"messageTitle":"List class: remove trailing spaces","messageBody":"","fileTypesAndContributionMap":{"java":{"insertions":4,"deletions":4}}}]},{"date":"2024-09-05","commitResults":[{"hash":"eede78222d45f93424fd610eee05ad9e21787abf","isMergeCommit":false,"messageTitle":"List: refactor addItem method for readability","messageBody":"","fileTypesAndContributionMap":{"java":{"insertions":22,"deletions":19}}},{"hash":"4fb89332a5ea8d1af2995d613d7f2b9fcab042a1","isMergeCommit":false,"messageTitle":"List class: refactor code for readability","messageBody":"","fileTypesAndContributionMap":{"java":{"insertions":0,"deletions":10}}},{"hash":"f4e2b51a5d2286dfcc5569bc9409fedf3dc3830a","isMergeCommit":false,"messageTitle":"Revert \"List class: refactor code for readability\"","messageBody":"This reverts commit 4fb89332a5ea8d1af2995d613d7f2b9fcab042a1.\n","fileTypesAndContributionMap":{"java":{"insertions":10,"deletions":0}}},{"hash":"0dfc0b9a9c1fd616de85f52abab91dff2bb92a4d","isMergeCommit":false,"messageTitle":"List class: remove unused print functions","messageBody":"","fileTypesAndContributionMap":{"java":{"insertions":0,"deletions":10}}},{"hash":"00ebd294076c4fcee839cb98dd2d543b72178148","isMergeCommit":false,"messageTitle":"Chatbot: insert ASCII name art","messageBody":"","fileTypesAndContributionMap":{"java":{"insertions":8,"deletions":1}}}]},{"date":"2024-09-10","commitResults":[{"hash":"b00c2e13b61c065c82ca94ea6e552195f9f33365","isMergeCommit":false,"messageTitle":"Remove unused line variable","messageBody":"","fileTypesAndContributionMap":{"java":{"insertions":0,"deletions":1}}},{"hash":"46f5cc7f3070a1429af216caea84add6e8dd5207","isMergeCommit":false,"messageTitle":"Update test cases","messageBody":"","fileTypesAndContributionMap":{"txt":{"insertions":11,"deletions":0}}},{"hash":"9b2fbc5fb87fdf87afe5aeb7bf4701d771d0eff2","isMergeCommit":false,"messageTitle":"Manage empty description and date field exceptions","messageBody":"","tags":["Level-5","A-Exceptions"],"fileTypesAndContributionMap":{"java":{"insertions":77,"deletions":27}}},{"hash":"fd7f8b8d1124914f6845c3e2b42b5f81d9f3c34e","isMergeCommit":false,"messageTitle":"Organize into packages","messageBody":"","fileTypesAndContributionMap":{"java":{"insertions":46,"deletions":6}}},{"hash":"39e9e705f9d9466985b95ea20afefbb56e9c0893","isMergeCommit":false,"messageTitle":"Revert \"Organize into packages\"","messageBody":"This reverts commit fd7f8b8d1124914f6845c3e2b42b5f81d9f3c34e.\n","fileTypesAndContributionMap":{"java":{"insertions":6,"deletions":46}}},{"hash":"3beef464e5b4ffa660faaa994191ec2840649038","isMergeCommit":false,"messageTitle":"Reapply \"Organize into packages\"","messageBody":"This reverts commit 39e9e705f9d9466985b95ea20afefbb56e9c0893.\n","tags":["A-Packages"],"fileTypesAndContributionMap":{"java":{"insertions":46,"deletions":6}}}]},{"date":"2024-09-17","commitResults":[{"hash":"d4122482387dd56e7bc232f29c5a45466e15c378","isMergeCommit":false,"messageTitle":"List: add invalid input message for delete","messageBody":"","fileTypesAndContributionMap":{"java":{"insertions":7,"deletions":1}}},{"hash":"2935e814d17d1bfdf7c21dbe966047d798f00db2","isMergeCommit":false,"messageTitle":"Add delete helper functions except for delete function","messageBody":"","fileTypesAndContributionMap":{"java":{"insertions":35,"deletions":0}}},{"hash":"b839ee133ff9b419581feb298b0215af8284aeb2","isMergeCommit":false,"messageTitle":"List: implement list as ArrayList","messageBody":"","fileTypesAndContributionMap":{"java":{"insertions":41,"deletions":16}}},{"hash":"a5dfd427fba5cedd65c3344eb1aa20183021899d","isMergeCommit":false,"messageTitle":"Remove unused code","messageBody":"","fileTypesAndContributionMap":{"java":{"insertions":0,"deletions":14}}},{"hash":"9c43b4143a61331cb17a59a797377dd593b15a1e","isMergeCommit":false,"messageTitle":"List: implement delete using ArrayList functions","messageBody":"","tags":["A-Collections"],"fileTypesAndContributionMap":{"java":{"insertions":6,"deletions":4}}}]},{"date":"2024-09-18","commitResults":[{"hash":"d581a011e52edf98df85f54f21c3cfd33d0f5a22","isMergeCommit":false,"messageTitle":"Add save function","messageBody":"","fileTypesAndContributionMap":{"java":{"insertions":129,"deletions":1}}},{"hash":"9d2789c813714d3d7212e738aa51c79cc135c568","isMergeCommit":false,"messageTitle":"Update test case","messageBody":"","fileTypesAndContributionMap":{"txt":{"insertions":21,"deletions":0}}},{"hash":"cb3bbb9940a930096907f2cc55bd61b66d4e89c4","isMergeCommit":true,"messageTitle":"Merge branch \u0027branch-Level-6\u0027","messageBody":"","tags":["Level-6"],"fileTypesAndContributionMap":{}},{"hash":"04966877b79725d5ed80c193dc7d2d7c3f7d1eaf","isMergeCommit":true,"messageTitle":"Merge branch \u0027branch-Level-7\u0027","messageBody":"","fileTypesAndContributionMap":{}},{"hash":"3c182c92eb99fa8c86c0494da8fbb90bcd742c0d","isMergeCommit":false,"messageTitle":"Change file path to be relative","messageBody":"","tags":["Level-7","A-Jar"],"fileTypesAndContributionMap":{"java":{"insertions":1,"deletions":1}}}]},{"date":"2024-09-28","commitResults":[{"hash":"ac3870d65a57094ec63e5468ba48fe1bfdf59c79","isMergeCommit":false,"messageTitle":"Extract out closely related Ui code as a class","messageBody":"","fileTypesAndContributionMap":{"java":{"insertions":105,"deletions":100}}},{"hash":"a771dd7571fbc5a3ccd79d6986a51bef80a7c8e0","isMergeCommit":false,"messageTitle":"Extract out closely related Storage code as a class","messageBody":"","fileTypesAndContributionMap":{"java":{"insertions":98,"deletions":87}}},{"hash":"c6dac60b8c6ae9fbde8db9dbd07096b8b884ecc8","isMergeCommit":false,"messageTitle":"Extract out closely related Parser code as a class","messageBody":"","fileTypesAndContributionMap":{"java":{"insertions":75,"deletions":72}}},{"hash":"8f850470874e0e2d3d605b1effa86f06edf2dbe2","isMergeCommit":false,"messageTitle":"Remove unused import statements","messageBody":"","fileTypesAndContributionMap":{"java":{"insertions":0,"deletions":6}}},{"hash":"e852f3e3a3a6bd8c94e41301b040a7e214dc29cc","isMergeCommit":false,"messageTitle":"Move printTaskUnmarkedMessage to Ui class","messageBody":"","fileTypesAndContributionMap":{"java":{"insertions":5,"deletions":4}}},{"hash":"8ec7c4aae18bb19e88e80dc0189146ece787397e","isMergeCommit":false,"messageTitle":"Refactor code to extract out closely related code as TaskList class","messageBody":"","fileTypesAndContributionMap":{"java":{"insertions":189,"deletions":176}}},{"hash":"b8f0ca775bde2dcf5b4733887857c89f5f0c6728","isMergeCommit":true,"messageTitle":"Merge branch \u0027branch-A-MoreOOP\u0027","messageBody":"","fileTypesAndContributionMap":{}},{"hash":"1e461c09a88d323e270843c2de0c80b4e502280b","isMergeCommit":false,"messageTitle":"Store and print deadline date and times","messageBody":"","fileTypesAndContributionMap":{"java":{"insertions":65,"deletions":18}}},{"hash":"dd88dd5b5c1495fc902953986598fe837a56fb5c","isMergeCommit":false,"messageTitle":"Add find task function","messageBody":"","fileTypesAndContributionMap":{"java":{"insertions":46,"deletions":0}}},{"hash":"e243b9d08bb8d94dfcbe47a41c6db2073a6b7426","isMergeCommit":false,"messageTitle":"Fix task description extraction","messageBody":"","fileTypesAndContributionMap":{"java":{"insertions":11,"deletions":9}}},{"hash":"19929244509a7841561284776a985e65a443b945","isMergeCommit":false,"messageTitle":"Add JavaDoc comments to the code","messageBody":"","fileTypesAndContributionMap":{"java":{"insertions":283,"deletions":7}}},{"hash":"22c7af48b265d39df4e5aa92e34f6248a1467ae9","isMergeCommit":false,"messageTitle":"Add JavaDoc comments to the code","messageBody":"","fileTypesAndContributionMap":{"java":{"insertions":94,"deletions":0}}},{"hash":"64dc2403f53aba91949e12c3074f4cb5515d3b8e","isMergeCommit":true,"messageTitle":"Merge pull request #1 from yeekian/branch-Level-8","messageBody":"Level-8","fileTypesAndContributionMap":{}}]},{"date":"2024-09-29","commitResults":[{"hash":"0571f7b2c074e040963da3bd6c26450b22d7cf47","isMergeCommit":true,"messageTitle":"Merge branch \u0027master\u0027 of https://github.com/yeekian/ip","messageBody":"","fileTypesAndContributionMap":{}},{"hash":"515584b3bf592782cd97da098db8ec4394efaef4","isMergeCommit":true,"messageTitle":"Merge branch \u0027master\u0027 of https://github.com/yeekian/ip into branch-Level-9","messageBody":"# Conflicts:\n#\tsrc/main/java/main/TaskList.java\n","fileTypesAndContributionMap":{}},{"hash":"8aa65567959925d75d833d16861d115c81860497","isMergeCommit":true,"messageTitle":"Merge pull request #2 from yeekian/branch-Level-9","messageBody":"Level-9","fileTypesAndContributionMap":{}},{"hash":"5bdabce15c35a87150d4a0e51206c1a112f714c0","isMergeCommit":true,"messageTitle":"Merge branch \u0027master\u0027 of https://github.com/yeekian/ip","messageBody":"","tags":["Level-9"],"fileTypesAndContributionMap":{}},{"hash":"5bc41e2c8a1469fdfbfd4eed1bb13b52e7e617e8","isMergeCommit":true,"messageTitle":"Merge branch \u0027master\u0027 of https://github.com/yeekian/ip into branch-A-JavaDoc","messageBody":"# Conflicts:\n#\tsrc/main/java/main/Parser.java\n#\tsrc/main/java/main/Ui.java\n#\tsrc/main/java/task/Deadline.java\n","fileTypesAndContributionMap":{}},{"hash":"513ffd1a2c1d4c97d9970f8552b3dbb0253c7a30","isMergeCommit":true,"messageTitle":"Merge pull request #3 from yeekian/branch-A-JavaDoc","messageBody":"A-JavaDoc","fileTypesAndContributionMap":{}},{"hash":"8711a8645261f7639b52f055b301d33caf8a3d7b","isMergeCommit":true,"messageTitle":"Merge branch \u0027master\u0027 of https://github.com/yeekian/ip","messageBody":"","tags":["A-JavaDoc"],"fileTypesAndContributionMap":{}}]},{"date":"2024-10-01","commitResults":[{"hash":"efcc5d87f22a463e89e891ed5052144206c8b034","isMergeCommit":false,"messageTitle":"Modify code to use storage object instead of static","messageBody":"","fileTypesAndContributionMap":{"java":{"insertions":44,"deletions":21}}},{"hash":"d3d44022bfd7cfdfd64da377f0749c9aeeffc758","isMergeCommit":false,"messageTitle":"Modify code to use Ui as object instead of static","messageBody":"","fileTypesAndContributionMap":{"java":{"insertions":70,"deletions":62}}},{"hash":"53604638c0ccf584196969b387748fd85ebfb075","isMergeCommit":false,"messageTitle":"Refactor code to incorporate TaskList class","messageBody":"","fileTypesAndContributionMap":{"java":{"insertions":237,"deletions":243}}},{"hash":"8da4dee4a68a8236304d310a6df0eb2d855abe1a","isMergeCommit":true,"messageTitle":"Merge branch \u0027branch-branch-A-MoreOOP\u0027 into branch-A-MoreOOP","messageBody":"","fileTypesAndContributionMap":{}},{"hash":"624e13ddcdce1b5a9c6efe0d953fdebe13969a58","isMergeCommit":true,"messageTitle":"Merge branch \u0027branch-A-MoreOOP\u0027","messageBody":"","tags":["A-MoreOOP"],"fileTypesAndContributionMap":{}}]},{"date":"2024-10-08","commitResults":[{"hash":"48370849ece6ff3c7f331f002087163134066ce5","isMergeCommit":false,"messageTitle":"Allow different deadline date inputs with optional time","messageBody":"","fileTypesAndContributionMap":{"java":{"insertions":39,"deletions":4}}},{"hash":"d18519ec2defc6d2d6816aceb31e9a971cae154a","isMergeCommit":true,"messageTitle":"Merge branch \u0027branch-Level-8\u0027","messageBody":"","tags":["Level-8"],"fileTypesAndContributionMap":{}},{"hash":"8151868b22434ea3513d6e6520c058f1a99e8fe2","isMergeCommit":false,"messageTitle":"Refactor code to coding standards","messageBody":"","fileTypesAndContributionMap":{"java":{"insertions":28,"deletions":33}}},{"hash":"2b55f75251f034d9201139c8a8f60d5ed1914ae0","isMergeCommit":false,"messageTitle":"Handle error from list file","messageBody":"","fileTypesAndContributionMap":{"java":{"insertions":55,"deletions":35}}},{"hash":"680751252078d7d60281201bb997b0a04fc79634","isMergeCommit":false,"messageTitle":"Use switch-case instead of if-else","messageBody":"","fileTypesAndContributionMap":{"java":{"insertions":64,"deletions":62}}},{"hash":"8df1fc0c367105d30215217abff69be1ce000e6b","isMergeCommit":true,"messageTitle":"Merge branch \u0027branch-Refactor\u0027","messageBody":"","tags":["A-Release"],"fileTypesAndContributionMap":{}}]}]},"authorFileTypeContributionMap":{"yeekian":{"java":1190,"md":1,"fxml":0,"sh":0,"bat":1,"gradle":0,"txt":48}},"authorContributionVariance":{"yeekian":48768.31},"authorDisplayNameMap":{"yeekian":"CS2113-W13-4 LIM ..KIAN"}}
