[{"path":"src/main/java/Andy.java","fileType":"java","lines":[{"lineNumber":1,"author":{"gitId":"andreusxcarvalho"},"content":"import java.util.ArrayList;","lastModifiedDate":"2024-08-30","isFullCredit":false},{"lineNumber":2,"author":{"gitId":"andreusxcarvalho"},"content":"import java.util.List;","lastModifiedDate":"2024-08-30","isFullCredit":false},{"lineNumber":3,"author":{"gitId":"andreusxcarvalho"},"content":"import java.util.Scanner;","lastModifiedDate":"2024-08-30","isFullCredit":false},{"lineNumber":4,"author":{"gitId":"andreusxcarvalho"},"content":"","lastModifiedDate":"2024-08-30","isFullCredit":false},{"lineNumber":5,"author":{"gitId":"andreusxcarvalho"},"content":"public class Andy {","lastModifiedDate":"2024-08-30","isFullCredit":false},{"lineNumber":6,"author":{"gitId":"andreusxcarvalho"},"content":"","lastModifiedDate":"2024-08-30","isFullCredit":false},{"lineNumber":7,"author":{"gitId":"andreusxcarvalho"},"content":"    private static List\u003cTask\u003e itemList \u003d new ArrayList\u003c\u003e(); // List to store tasks","lastModifiedDate":"2024-08-31","isFullCredit":false},{"lineNumber":8,"author":{"gitId":"andreusxcarvalho"},"content":"","lastModifiedDate":"2024-08-30","isFullCredit":false},{"lineNumber":9,"author":{"gitId":"andreusxcarvalho"},"content":"    public static void main(String[] args) {","lastModifiedDate":"2024-08-30","isFullCredit":false},{"lineNumber":10,"author":{"gitId":"andreusxcarvalho"},"content":"        greetUser(); // Method to greet the user","lastModifiedDate":"2024-08-31","isFullCredit":false},{"lineNumber":11,"author":{"gitId":"andreusxcarvalho"},"content":"","lastModifiedDate":"2024-08-30","isFullCredit":false},{"lineNumber":12,"author":{"gitId":"andreusxcarvalho"},"content":"        Scanner scanner \u003d new Scanner(System.in); // Use the imported Scanner class","lastModifiedDate":"2024-08-30","isFullCredit":false},{"lineNumber":13,"author":{"gitId":"andreusxcarvalho"},"content":"        String input \u003d \"\";","lastModifiedDate":"2024-08-30","isFullCredit":false},{"lineNumber":14,"author":{"gitId":"andreusxcarvalho"},"content":"","lastModifiedDate":"2024-08-30","isFullCredit":false},{"lineNumber":15,"author":{"gitId":"andreusxcarvalho"},"content":"        while (!input.equals(\"bye\")) {","lastModifiedDate":"2024-08-30","isFullCredit":false},{"lineNumber":16,"author":{"gitId":"andreusxcarvalho"},"content":"            input \u003d scanner.nextLine().toLowerCase();","lastModifiedDate":"2024-09-04","isFullCredit":false},{"lineNumber":17,"author":{"gitId":"andreusxcarvalho"},"content":"","lastModifiedDate":"2024-08-30","isFullCredit":false},{"lineNumber":18,"author":{"gitId":"andreusxcarvalho"},"content":"            if (input.startsWith(\"list\")) {","lastModifiedDate":"2024-08-30","isFullCredit":false},{"lineNumber":19,"author":{"gitId":"andreusxcarvalho"},"content":"                handleListInput(input);","lastModifiedDate":"2024-08-30","isFullCredit":false},{"lineNumber":20,"author":{"gitId":"andreusxcarvalho"},"content":"            } else if (input.startsWith(\"mark \")) {","lastModifiedDate":"2024-08-31","isFullCredit":false},{"lineNumber":21,"author":{"gitId":"andreusxcarvalho"},"content":"                markTaskAsDone(input);","lastModifiedDate":"2024-08-31","isFullCredit":false},{"lineNumber":22,"author":{"gitId":"andreusxcarvalho"},"content":"            } else if (input.startsWith(\"unmark \")) {","lastModifiedDate":"2024-08-31","isFullCredit":false},{"lineNumber":23,"author":{"gitId":"andreusxcarvalho"},"content":"                markTaskAsNotDone(input);","lastModifiedDate":"2024-08-31","isFullCredit":false},{"lineNumber":24,"author":{"gitId":"andreusxcarvalho"},"content":"            } else if (input.startsWith(\"todo \")) {","lastModifiedDate":"2024-09-04","isFullCredit":false},{"lineNumber":25,"author":{"gitId":"andreusxcarvalho"},"content":"                addItemToList(new TodoTask(input.substring(5).trim()));","lastModifiedDate":"2024-09-04","isFullCredit":false},{"lineNumber":26,"author":{"gitId":"andreusxcarvalho"},"content":"            } else if (input.startsWith(\"deadline \")) {","lastModifiedDate":"2024-09-04","isFullCredit":false},{"lineNumber":27,"author":{"gitId":"andreusxcarvalho"},"content":"                String[] parts \u003d input.substring(9).split(\" /by \");","lastModifiedDate":"2024-09-04","isFullCredit":false},{"lineNumber":28,"author":{"gitId":"andreusxcarvalho"},"content":"                if (parts.length \u003d\u003d 2) {","lastModifiedDate":"2024-09-04","isFullCredit":false},{"lineNumber":29,"author":{"gitId":"andreusxcarvalho"},"content":"                    addItemToList(new DeadlineTask(parts[0].trim(), parts[1].trim()));","lastModifiedDate":"2024-09-04","isFullCredit":false},{"lineNumber":30,"author":{"gitId":"andreusxcarvalho"},"content":"                } else {","lastModifiedDate":"2024-09-04","isFullCredit":false},{"lineNumber":31,"author":{"gitId":"andreusxcarvalho"},"content":"                    System.out.println(\"Invalid deadline format. Use: deadline \u003ctask\u003e /by \u003ctime\u003e\");","lastModifiedDate":"2024-09-04","isFullCredit":false},{"lineNumber":32,"author":{"gitId":"andreusxcarvalho"},"content":"                }","lastModifiedDate":"2024-09-04","isFullCredit":false},{"lineNumber":33,"author":{"gitId":"andreusxcarvalho"},"content":"            } else if (input.startsWith(\"event \")) {","lastModifiedDate":"2024-09-04","isFullCredit":false},{"lineNumber":34,"author":{"gitId":"andreusxcarvalho"},"content":"                String[] parts \u003d input.substring(6).split(\" /from \");","lastModifiedDate":"2024-09-04","isFullCredit":false},{"lineNumber":35,"author":{"gitId":"andreusxcarvalho"},"content":"                if (parts.length \u003d\u003d 2) {","lastModifiedDate":"2024-09-04","isFullCredit":false},{"lineNumber":36,"author":{"gitId":"andreusxcarvalho"},"content":"                    String[] timeParts \u003d parts[1].split(\" /to \");","lastModifiedDate":"2024-09-04","isFullCredit":false},{"lineNumber":37,"author":{"gitId":"andreusxcarvalho"},"content":"                    if (timeParts.length \u003d\u003d 2) {","lastModifiedDate":"2024-09-04","isFullCredit":false},{"lineNumber":38,"author":{"gitId":"andreusxcarvalho"},"content":"                        addItemToList(new EventTask(parts[0].trim(), timeParts[0].trim(), timeParts[1].trim()));","lastModifiedDate":"2024-09-04","isFullCredit":false},{"lineNumber":39,"author":{"gitId":"andreusxcarvalho"},"content":"                    } else {","lastModifiedDate":"2024-09-04","isFullCredit":false},{"lineNumber":40,"author":{"gitId":"andreusxcarvalho"},"content":"                        System.out.println(\"Invalid event format. Use: event \u003ctask\u003e /from \u003cstart time\u003e /to \u003cend time\u003e\");","lastModifiedDate":"2024-09-04","isFullCredit":false},{"lineNumber":41,"author":{"gitId":"andreusxcarvalho"},"content":"                    }","lastModifiedDate":"2024-09-04","isFullCredit":false},{"lineNumber":42,"author":{"gitId":"andreusxcarvalho"},"content":"                } else {","lastModifiedDate":"2024-09-04","isFullCredit":false},{"lineNumber":43,"author":{"gitId":"andreusxcarvalho"},"content":"                    System.out.println(\"Invalid event format. Use: event \u003ctask\u003e /from \u003cstart time\u003e /to \u003cend time\u003e\");","lastModifiedDate":"2024-09-04","isFullCredit":false},{"lineNumber":44,"author":{"gitId":"andreusxcarvalho"},"content":"                }","lastModifiedDate":"2024-09-04","isFullCredit":false},{"lineNumber":45,"author":{"gitId":"andreusxcarvalho"},"content":"            } else {","lastModifiedDate":"2024-08-30","isFullCredit":false},{"lineNumber":46,"author":{"gitId":"andreusxcarvalho"},"content":"                echo(input); // Call echo method to repeat the input","lastModifiedDate":"2024-08-30","isFullCredit":false},{"lineNumber":47,"author":{"gitId":"andreusxcarvalho"},"content":"            }","lastModifiedDate":"2024-08-30","isFullCredit":false},{"lineNumber":48,"author":{"gitId":"andreusxcarvalho"},"content":"        }","lastModifiedDate":"2024-08-30","isFullCredit":false},{"lineNumber":49,"author":{"gitId":"andreusxcarvalho"},"content":"","lastModifiedDate":"2024-08-30","isFullCredit":false},{"lineNumber":50,"author":{"gitId":"andreusxcarvalho"},"content":"        exit();","lastModifiedDate":"2024-08-30","isFullCredit":false},{"lineNumber":51,"author":{"gitId":"andreusxcarvalho"},"content":"    }","lastModifiedDate":"2024-08-30","isFullCredit":false},{"lineNumber":52,"author":{"gitId":"andreusxcarvalho"},"content":"","lastModifiedDate":"2024-08-30","isFullCredit":false},{"lineNumber":53,"author":{"gitId":"andreusxcarvalho"},"content":"    private static void greetUser() {","lastModifiedDate":"2024-08-30","isFullCredit":false},{"lineNumber":54,"author":{"gitId":"andreusxcarvalho"},"content":"        System.out.println(\"_______________________________________\");","lastModifiedDate":"2024-08-30","isFullCredit":false},{"lineNumber":55,"author":{"gitId":"andreusxcarvalho"},"content":"        System.out.println(\"Hello! I\u0027m ANDY\");","lastModifiedDate":"2024-08-30","isFullCredit":false},{"lineNumber":56,"author":{"gitId":"andreusxcarvalho"},"content":"        System.out.println(\"What can I do for you?\");","lastModifiedDate":"2024-08-30","isFullCredit":false},{"lineNumber":57,"author":{"gitId":"andreusxcarvalho"},"content":"        System.out.println(\"Type \u0027todo \u003ctask\u003e\u0027 to add a todo item.\");","lastModifiedDate":"2024-09-04","isFullCredit":false},{"lineNumber":58,"author":{"gitId":"andreusxcarvalho"},"content":"        System.out.println(\"Type \u0027deadline \u003ctask\u003e /by \u003ctime\u003e\u0027 to add a deadline.\");","lastModifiedDate":"2024-09-04","isFullCredit":false},{"lineNumber":59,"author":{"gitId":"andreusxcarvalho"},"content":"        System.out.println(\"Type \u0027event \u003ctask\u003e /from \u003cstart time\u003e /to \u003cend time\u003e\u0027 to add an event.\");","lastModifiedDate":"2024-09-04","isFullCredit":false},{"lineNumber":60,"author":{"gitId":"andreusxcarvalho"},"content":"        System.out.println(\"Type \u0027list\u0027 followed by an item to add it to the list.\");","lastModifiedDate":"2024-08-30","isFullCredit":false},{"lineNumber":61,"author":{"gitId":"andreusxcarvalho"},"content":"        System.out.println(\"Type \u0027list show\u0027 to display all items in the list.\");","lastModifiedDate":"2024-08-30","isFullCredit":false},{"lineNumber":62,"author":{"gitId":"andreusxcarvalho"},"content":"        System.out.println(\"Type \u0027mark \u003cnumber\u003e\u0027 to mark a task as done.\");","lastModifiedDate":"2024-08-31","isFullCredit":false},{"lineNumber":63,"author":{"gitId":"andreusxcarvalho"},"content":"        System.out.println(\"Type \u0027unmark \u003cnumber\u003e\u0027 to mark a task as not done.\");","lastModifiedDate":"2024-08-31","isFullCredit":false},{"lineNumber":64,"author":{"gitId":"andreusxcarvalho"},"content":"        System.out.println(\"_______________________________________\");","lastModifiedDate":"2024-08-30","isFullCredit":false},{"lineNumber":65,"author":{"gitId":"andreusxcarvalho"},"content":"    }","lastModifiedDate":"2024-08-30","isFullCredit":false},{"lineNumber":66,"author":{"gitId":"andreusxcarvalho"},"content":"","lastModifiedDate":"2024-08-30","isFullCredit":false},{"lineNumber":67,"author":{"gitId":"andreusxcarvalho"},"content":"    private static void handleListInput(String input) {","lastModifiedDate":"2024-08-30","isFullCredit":false},{"lineNumber":68,"author":{"gitId":"andreusxcarvalho"},"content":"        String[] parts \u003d input.split(\" \", 2); // Split the input into command and item","lastModifiedDate":"2024-08-30","isFullCredit":false},{"lineNumber":69,"author":{"gitId":"andreusxcarvalho"},"content":"","lastModifiedDate":"2024-08-30","isFullCredit":false},{"lineNumber":70,"author":{"gitId":"andreusxcarvalho"},"content":"        if (parts.length \u003e 1) {","lastModifiedDate":"2024-08-30","isFullCredit":false},{"lineNumber":71,"author":{"gitId":"andreusxcarvalho"},"content":"            String command \u003d parts[1];","lastModifiedDate":"2024-08-30","isFullCredit":false},{"lineNumber":72,"author":{"gitId":"andreusxcarvalho"},"content":"","lastModifiedDate":"2024-08-30","isFullCredit":false},{"lineNumber":73,"author":{"gitId":"andreusxcarvalho"},"content":"            if (command.equals(\"show\")) {","lastModifiedDate":"2024-08-30","isFullCredit":false},{"lineNumber":74,"author":{"gitId":"andreusxcarvalho"},"content":"                showList(); // Correctly handle \u0027list show\u0027 to display the list","lastModifiedDate":"2024-08-31","isFullCredit":false},{"lineNumber":75,"author":{"gitId":"andreusxcarvalho"},"content":"            } else {","lastModifiedDate":"2024-08-30","isFullCredit":false},{"lineNumber":76,"author":{"gitId":"andreusxcarvalho"},"content":"                addItemToList(new TodoTask(command)); // Add the item to the list as a TodoTask","lastModifiedDate":"2024-09-04","isFullCredit":false},{"lineNumber":77,"author":{"gitId":"andreusxcarvalho"},"content":"            }","lastModifiedDate":"2024-08-30","isFullCredit":false},{"lineNumber":78,"author":{"gitId":"andreusxcarvalho"},"content":"        } else {","lastModifiedDate":"2024-08-30","isFullCredit":false},{"lineNumber":79,"author":{"gitId":"andreusxcarvalho"},"content":"            System.out.println(\"Please provide a valid list command or item.\");","lastModifiedDate":"2024-08-30","isFullCredit":false},{"lineNumber":80,"author":{"gitId":"andreusxcarvalho"},"content":"        }","lastModifiedDate":"2024-08-30","isFullCredit":false},{"lineNumber":81,"author":{"gitId":"andreusxcarvalho"},"content":"    }","lastModifiedDate":"2024-08-30","isFullCredit":false},{"lineNumber":82,"author":{"gitId":"andreusxcarvalho"},"content":"","lastModifiedDate":"2024-08-30","isFullCredit":false},{"lineNumber":83,"author":{"gitId":"andreusxcarvalho"},"content":"    private static void addItemToList(Task task) {","lastModifiedDate":"2024-09-04","isFullCredit":false},{"lineNumber":84,"author":{"gitId":"andreusxcarvalho"},"content":"        itemList.add(task);","lastModifiedDate":"2024-09-04","isFullCredit":false},{"lineNumber":85,"author":{"gitId":"andreusxcarvalho"},"content":"        System.out.println(\"Item added to the list: \" + task.getDescription());","lastModifiedDate":"2024-09-04","isFullCredit":false},{"lineNumber":86,"author":{"gitId":"andreusxcarvalho"},"content":"    }","lastModifiedDate":"2024-08-30","isFullCredit":false},{"lineNumber":87,"author":{"gitId":"andreusxcarvalho"},"content":"","lastModifiedDate":"2024-08-30","isFullCredit":false},{"lineNumber":88,"author":{"gitId":"andreusxcarvalho"},"content":"    private static void showList() {","lastModifiedDate":"2024-08-30","isFullCredit":false},{"lineNumber":89,"author":{"gitId":"andreusxcarvalho"},"content":"        System.out.println(\"_______________________________________\");","lastModifiedDate":"2024-08-30","isFullCredit":false},{"lineNumber":90,"author":{"gitId":"andreusxcarvalho"},"content":"        System.out.println(\"Items in your list:\");","lastModifiedDate":"2024-08-30","isFullCredit":false},{"lineNumber":91,"author":{"gitId":"andreusxcarvalho"},"content":"        if (itemList.isEmpty()) {","lastModifiedDate":"2024-08-30","isFullCredit":false},{"lineNumber":92,"author":{"gitId":"andreusxcarvalho"},"content":"            System.out.println(\"The list is empty.\");","lastModifiedDate":"2024-08-30","isFullCredit":false},{"lineNumber":93,"author":{"gitId":"andreusxcarvalho"},"content":"        } else {","lastModifiedDate":"2024-08-30","isFullCredit":false},{"lineNumber":94,"author":{"gitId":"andreusxcarvalho"},"content":"            for (int i \u003d 0; i \u003c itemList.size(); i++) {","lastModifiedDate":"2024-08-31","isFullCredit":false},{"lineNumber":95,"author":{"gitId":"andreusxcarvalho"},"content":"                System.out.println((i + 1) + \".\" + itemList.get(i));","lastModifiedDate":"2024-08-31","isFullCredit":false},{"lineNumber":96,"author":{"gitId":"andreusxcarvalho"},"content":"            }","lastModifiedDate":"2024-08-30","isFullCredit":false},{"lineNumber":97,"author":{"gitId":"andreusxcarvalho"},"content":"        }","lastModifiedDate":"2024-08-30","isFullCredit":false},{"lineNumber":98,"author":{"gitId":"andreusxcarvalho"},"content":"        System.out.println(\"_______________________________________\");","lastModifiedDate":"2024-08-30","isFullCredit":false},{"lineNumber":99,"author":{"gitId":"andreusxcarvalho"},"content":"    }","lastModifiedDate":"2024-08-30","isFullCredit":false},{"lineNumber":100,"author":{"gitId":"andreusxcarvalho"},"content":"","lastModifiedDate":"2024-08-30","isFullCredit":false},{"lineNumber":101,"author":{"gitId":"andreusxcarvalho"},"content":"    private static void markTaskAsDone(String input) {","lastModifiedDate":"2024-08-31","isFullCredit":false},{"lineNumber":102,"author":{"gitId":"andreusxcarvalho"},"content":"        try {","lastModifiedDate":"2024-08-31","isFullCredit":false},{"lineNumber":103,"author":{"gitId":"andreusxcarvalho"},"content":"            int taskNumber \u003d Integer.parseInt(input.split(\" \")[1]) - 1;","lastModifiedDate":"2024-08-31","isFullCredit":false},{"lineNumber":104,"author":{"gitId":"andreusxcarvalho"},"content":"            itemList.get(taskNumber).setDone(true);","lastModifiedDate":"2024-08-31","isFullCredit":false},{"lineNumber":105,"author":{"gitId":"andreusxcarvalho"},"content":"            System.out.println(\"Nice! I\u0027ve marked this task as done:\");","lastModifiedDate":"2024-08-31","isFullCredit":false},{"lineNumber":106,"author":{"gitId":"andreusxcarvalho"},"content":"            System.out.println(\"[X] \" + itemList.get(taskNumber).getDescription());","lastModifiedDate":"2024-08-31","isFullCredit":false},{"lineNumber":107,"author":{"gitId":"andreusxcarvalho"},"content":"        } catch (Exception e) {","lastModifiedDate":"2024-08-31","isFullCredit":false},{"lineNumber":108,"author":{"gitId":"andreusxcarvalho"},"content":"            System.out.println(\"Invalid task number. Please try again.\");","lastModifiedDate":"2024-08-31","isFullCredit":false},{"lineNumber":109,"author":{"gitId":"andreusxcarvalho"},"content":"        }","lastModifiedDate":"2024-08-31","isFullCredit":false},{"lineNumber":110,"author":{"gitId":"andreusxcarvalho"},"content":"    }","lastModifiedDate":"2024-08-31","isFullCredit":false},{"lineNumber":111,"author":{"gitId":"andreusxcarvalho"},"content":"","lastModifiedDate":"2024-08-31","isFullCredit":false},{"lineNumber":112,"author":{"gitId":"andreusxcarvalho"},"content":"    private static void markTaskAsNotDone(String input) {","lastModifiedDate":"2024-08-31","isFullCredit":false},{"lineNumber":113,"author":{"gitId":"andreusxcarvalho"},"content":"        try {","lastModifiedDate":"2024-08-31","isFullCredit":false},{"lineNumber":114,"author":{"gitId":"andreusxcarvalho"},"content":"            int taskNumber \u003d Integer.parseInt(input.split(\" \")[1]) - 1;","lastModifiedDate":"2024-08-31","isFullCredit":false},{"lineNumber":115,"author":{"gitId":"andreusxcarvalho"},"content":"            itemList.get(taskNumber).setDone(false);","lastModifiedDate":"2024-08-31","isFullCredit":false},{"lineNumber":116,"author":{"gitId":"andreusxcarvalho"},"content":"            System.out.println(\"OK, I\u0027ve marked this task as not done yet:\");","lastModifiedDate":"2024-08-31","isFullCredit":false},{"lineNumber":117,"author":{"gitId":"andreusxcarvalho"},"content":"            System.out.println(\"[ ] \" + itemList.get(taskNumber).getDescription());","lastModifiedDate":"2024-08-31","isFullCredit":false},{"lineNumber":118,"author":{"gitId":"andreusxcarvalho"},"content":"        } catch (Exception e) {","lastModifiedDate":"2024-08-31","isFullCredit":false},{"lineNumber":119,"author":{"gitId":"andreusxcarvalho"},"content":"            System.out.println(\"Invalid task number. Please try again.\");","lastModifiedDate":"2024-08-31","isFullCredit":false},{"lineNumber":120,"author":{"gitId":"andreusxcarvalho"},"content":"        }","lastModifiedDate":"2024-08-31","isFullCredit":false},{"lineNumber":121,"author":{"gitId":"andreusxcarvalho"},"content":"    }","lastModifiedDate":"2024-08-31","isFullCredit":false},{"lineNumber":122,"author":{"gitId":"andreusxcarvalho"},"content":"","lastModifiedDate":"2024-08-31","isFullCredit":false},{"lineNumber":123,"author":{"gitId":"andreusxcarvalho"},"content":"    private static void echo(String input) {","lastModifiedDate":"2024-08-30","isFullCredit":false},{"lineNumber":124,"author":{"gitId":"andreusxcarvalho"},"content":"        System.out.println(\"You said: \" + input);","lastModifiedDate":"2024-08-30","isFullCredit":false},{"lineNumber":125,"author":{"gitId":"andreusxcarvalho"},"content":"    }","lastModifiedDate":"2024-08-30","isFullCredit":false},{"lineNumber":126,"author":{"gitId":"andreusxcarvalho"},"content":"","lastModifiedDate":"2024-08-30","isFullCredit":false},{"lineNumber":127,"author":{"gitId":"andreusxcarvalho"},"content":"    private static void exit() {","lastModifiedDate":"2024-08-30","isFullCredit":false},{"lineNumber":128,"author":{"gitId":"andreusxcarvalho"},"content":"        System.out.println(\"_______________________________________\");","lastModifiedDate":"2024-08-30","isFullCredit":false},{"lineNumber":129,"author":{"gitId":"andreusxcarvalho"},"content":"        System.out.println(\"Bye. Hope to see you again soon!\");","lastModifiedDate":"2024-08-30","isFullCredit":false},{"lineNumber":130,"author":{"gitId":"andreusxcarvalho"},"content":"        System.out.println(\"_______________________________________\");","lastModifiedDate":"2024-08-30","isFullCredit":false},{"lineNumber":131,"author":{"gitId":"andreusxcarvalho"},"content":"    }","lastModifiedDate":"2024-08-30","isFullCredit":false},{"lineNumber":132,"author":{"gitId":"andreusxcarvalho"},"content":"","lastModifiedDate":"2024-08-31","isFullCredit":false},{"lineNumber":133,"author":{"gitId":"andreusxcarvalho"},"content":"    // Base Task class to represent each task in the list","lastModifiedDate":"2024-09-04","isFullCredit":false},{"lineNumber":134,"author":{"gitId":"andreusxcarvalho"},"content":"    static abstract class Task {","lastModifiedDate":"2024-09-04","isFullCredit":false},{"lineNumber":135,"author":{"gitId":"andreusxcarvalho"},"content":"        private String description;","lastModifiedDate":"2024-08-31","isFullCredit":false},{"lineNumber":136,"author":{"gitId":"andreusxcarvalho"},"content":"        private boolean isDone;","lastModifiedDate":"2024-08-31","isFullCredit":false},{"lineNumber":137,"author":{"gitId":"andreusxcarvalho"},"content":"","lastModifiedDate":"2024-08-31","isFullCredit":false},{"lineNumber":138,"author":{"gitId":"andreusxcarvalho"},"content":"        public Task(String description) {","lastModifiedDate":"2024-08-31","isFullCredit":false},{"lineNumber":139,"author":{"gitId":"andreusxcarvalho"},"content":"            this.description \u003d description;","lastModifiedDate":"2024-08-31","isFullCredit":false},{"lineNumber":140,"author":{"gitId":"andreusxcarvalho"},"content":"            this.isDone \u003d false;","lastModifiedDate":"2024-08-31","isFullCredit":false},{"lineNumber":141,"author":{"gitId":"andreusxcarvalho"},"content":"        }","lastModifiedDate":"2024-08-31","isFullCredit":false},{"lineNumber":142,"author":{"gitId":"andreusxcarvalho"},"content":"","lastModifiedDate":"2024-08-31","isFullCredit":false},{"lineNumber":143,"author":{"gitId":"andreusxcarvalho"},"content":"        public String getDescription() {","lastModifiedDate":"2024-08-31","isFullCredit":false},{"lineNumber":144,"author":{"gitId":"andreusxcarvalho"},"content":"            return description;","lastModifiedDate":"2024-08-31","isFullCredit":false},{"lineNumber":145,"author":{"gitId":"andreusxcarvalho"},"content":"        }","lastModifiedDate":"2024-08-31","isFullCredit":false},{"lineNumber":146,"author":{"gitId":"andreusxcarvalho"},"content":"","lastModifiedDate":"2024-08-31","isFullCredit":false},{"lineNumber":147,"author":{"gitId":"andreusxcarvalho"},"content":"        public boolean isDone() {","lastModifiedDate":"2024-08-31","isFullCredit":false},{"lineNumber":148,"author":{"gitId":"andreusxcarvalho"},"content":"            return isDone;","lastModifiedDate":"2024-08-31","isFullCredit":false},{"lineNumber":149,"author":{"gitId":"andreusxcarvalho"},"content":"        }","lastModifiedDate":"2024-08-31","isFullCredit":false},{"lineNumber":150,"author":{"gitId":"andreusxcarvalho"},"content":"","lastModifiedDate":"2024-08-31","isFullCredit":false},{"lineNumber":151,"author":{"gitId":"andreusxcarvalho"},"content":"        public void setDone(boolean done) {","lastModifiedDate":"2024-08-31","isFullCredit":false},{"lineNumber":152,"author":{"gitId":"andreusxcarvalho"},"content":"            isDone \u003d done;","lastModifiedDate":"2024-08-31","isFullCredit":false},{"lineNumber":153,"author":{"gitId":"andreusxcarvalho"},"content":"        }","lastModifiedDate":"2024-08-31","isFullCredit":false},{"lineNumber":154,"author":{"gitId":"andreusxcarvalho"},"content":"","lastModifiedDate":"2024-08-31","isFullCredit":false},{"lineNumber":155,"author":{"gitId":"andreusxcarvalho"},"content":"        @Override","lastModifiedDate":"2024-08-31","isFullCredit":false},{"lineNumber":156,"author":{"gitId":"andreusxcarvalho"},"content":"        public String toString() {","lastModifiedDate":"2024-08-31","isFullCredit":false},{"lineNumber":157,"author":{"gitId":"andreusxcarvalho"},"content":"            return (isDone ? \"[X] \" : \"[ ] \") + description;","lastModifiedDate":"2024-08-31","isFullCredit":false},{"lineNumber":158,"author":{"gitId":"andreusxcarvalho"},"content":"        }","lastModifiedDate":"2024-08-31","isFullCredit":false},{"lineNumber":159,"author":{"gitId":"andreusxcarvalho"},"content":"    }","lastModifiedDate":"2024-08-31","isFullCredit":false},{"lineNumber":160,"author":{"gitId":"andreusxcarvalho"},"content":"","lastModifiedDate":"2024-09-04","isFullCredit":false},{"lineNumber":161,"author":{"gitId":"andreusxcarvalho"},"content":"    // TodoTask class for tasks without deadlines or times","lastModifiedDate":"2024-09-04","isFullCredit":false},{"lineNumber":162,"author":{"gitId":"andreusxcarvalho"},"content":"    static class TodoTask extends Task {","lastModifiedDate":"2024-09-04","isFullCredit":false},{"lineNumber":163,"author":{"gitId":"andreusxcarvalho"},"content":"        public TodoTask(String description) {","lastModifiedDate":"2024-09-04","isFullCredit":false},{"lineNumber":164,"author":{"gitId":"andreusxcarvalho"},"content":"            super(description);","lastModifiedDate":"2024-09-04","isFullCredit":false},{"lineNumber":165,"author":{"gitId":"andreusxcarvalho"},"content":"        }","lastModifiedDate":"2024-09-04","isFullCredit":false},{"lineNumber":166,"author":{"gitId":"andreusxcarvalho"},"content":"","lastModifiedDate":"2024-09-04","isFullCredit":false},{"lineNumber":167,"author":{"gitId":"andreusxcarvalho"},"content":"        @Override","lastModifiedDate":"2024-09-04","isFullCredit":false},{"lineNumber":168,"author":{"gitId":"andreusxcarvalho"},"content":"        public String toString() {","lastModifiedDate":"2024-09-04","isFullCredit":false},{"lineNumber":169,"author":{"gitId":"andreusxcarvalho"},"content":"            return \"[T]\" + super.toString();","lastModifiedDate":"2024-09-04","isFullCredit":false},{"lineNumber":170,"author":{"gitId":"andreusxcarvalho"},"content":"        }","lastModifiedDate":"2024-09-04","isFullCredit":false},{"lineNumber":171,"author":{"gitId":"andreusxcarvalho"},"content":"    }","lastModifiedDate":"2024-09-04","isFullCredit":false},{"lineNumber":172,"author":{"gitId":"andreusxcarvalho"},"content":"","lastModifiedDate":"2024-09-04","isFullCredit":false},{"lineNumber":173,"author":{"gitId":"andreusxcarvalho"},"content":"    // DeadlineTask class for tasks with a deadline","lastModifiedDate":"2024-09-04","isFullCredit":false},{"lineNumber":174,"author":{"gitId":"andreusxcarvalho"},"content":"    static class DeadlineTask extends Task {","lastModifiedDate":"2024-09-04","isFullCredit":false},{"lineNumber":175,"author":{"gitId":"andreusxcarvalho"},"content":"        private String by;","lastModifiedDate":"2024-09-04","isFullCredit":false},{"lineNumber":176,"author":{"gitId":"andreusxcarvalho"},"content":"","lastModifiedDate":"2024-09-04","isFullCredit":false},{"lineNumber":177,"author":{"gitId":"andreusxcarvalho"},"content":"        public DeadlineTask(String description, String by) {","lastModifiedDate":"2024-09-04","isFullCredit":false},{"lineNumber":178,"author":{"gitId":"andreusxcarvalho"},"content":"            super(description);","lastModifiedDate":"2024-09-04","isFullCredit":false},{"lineNumber":179,"author":{"gitId":"andreusxcarvalho"},"content":"            this.by \u003d by;","lastModifiedDate":"2024-09-04","isFullCredit":false},{"lineNumber":180,"author":{"gitId":"andreusxcarvalho"},"content":"        }","lastModifiedDate":"2024-09-04","isFullCredit":false},{"lineNumber":181,"author":{"gitId":"andreusxcarvalho"},"content":"","lastModifiedDate":"2024-09-04","isFullCredit":false},{"lineNumber":182,"author":{"gitId":"andreusxcarvalho"},"content":"        @Override","lastModifiedDate":"2024-09-04","isFullCredit":false},{"lineNumber":183,"author":{"gitId":"andreusxcarvalho"},"content":"        public String toString() {","lastModifiedDate":"2024-09-04","isFullCredit":false},{"lineNumber":184,"author":{"gitId":"andreusxcarvalho"},"content":"            return \"[D]\" + super.toString() + \" (by: \" + by + \")\";","lastModifiedDate":"2024-09-04","isFullCredit":false},{"lineNumber":185,"author":{"gitId":"andreusxcarvalho"},"content":"        }","lastModifiedDate":"2024-09-04","isFullCredit":false},{"lineNumber":186,"author":{"gitId":"andreusxcarvalho"},"content":"    }","lastModifiedDate":"2024-09-04","isFullCredit":false},{"lineNumber":187,"author":{"gitId":"andreusxcarvalho"},"content":"","lastModifiedDate":"2024-09-04","isFullCredit":false},{"lineNumber":188,"author":{"gitId":"andreusxcarvalho"},"content":"    // EventTask class for events with start and end times","lastModifiedDate":"2024-09-04","isFullCredit":false},{"lineNumber":189,"author":{"gitId":"andreusxcarvalho"},"content":"    static class EventTask extends Task {","lastModifiedDate":"2024-09-04","isFullCredit":false},{"lineNumber":190,"author":{"gitId":"andreusxcarvalho"},"content":"        private String from;","lastModifiedDate":"2024-09-04","isFullCredit":false},{"lineNumber":191,"author":{"gitId":"andreusxcarvalho"},"content":"        private String to;","lastModifiedDate":"2024-09-04","isFullCredit":false},{"lineNumber":192,"author":{"gitId":"andreusxcarvalho"},"content":"","lastModifiedDate":"2024-09-04","isFullCredit":false},{"lineNumber":193,"author":{"gitId":"andreusxcarvalho"},"content":"        public EventTask(String description, String from, String to) {","lastModifiedDate":"2024-09-04","isFullCredit":false},{"lineNumber":194,"author":{"gitId":"andreusxcarvalho"},"content":"            super(description);","lastModifiedDate":"2024-09-04","isFullCredit":false},{"lineNumber":195,"author":{"gitId":"andreusxcarvalho"},"content":"            this.from \u003d from;","lastModifiedDate":"2024-09-04","isFullCredit":false},{"lineNumber":196,"author":{"gitId":"andreusxcarvalho"},"content":"            this.to \u003d to;","lastModifiedDate":"2024-09-04","isFullCredit":false},{"lineNumber":197,"author":{"gitId":"andreusxcarvalho"},"content":"        }","lastModifiedDate":"2024-09-04","isFullCredit":false},{"lineNumber":198,"author":{"gitId":"andreusxcarvalho"},"content":"","lastModifiedDate":"2024-09-04","isFullCredit":false},{"lineNumber":199,"author":{"gitId":"andreusxcarvalho"},"content":"        @Override","lastModifiedDate":"2024-09-04","isFullCredit":false},{"lineNumber":200,"author":{"gitId":"andreusxcarvalho"},"content":"        public String toString() {","lastModifiedDate":"2024-09-04","isFullCredit":false},{"lineNumber":201,"author":{"gitId":"andreusxcarvalho"},"content":"            return \"[E]\" + super.toString() + \" (from: \" + from + \" to: \" + to + \")\";","lastModifiedDate":"2024-09-04","isFullCredit":false},{"lineNumber":202,"author":{"gitId":"andreusxcarvalho"},"content":"        }","lastModifiedDate":"2024-09-04","isFullCredit":false},{"lineNumber":203,"author":{"gitId":"andreusxcarvalho"},"content":"    }","lastModifiedDate":"2024-09-04","isFullCredit":false},{"lineNumber":204,"author":{"gitId":"andreusxcarvalho"},"content":"}","lastModifiedDate":"2024-08-30","isFullCredit":false}],"authorContributionMap":{"andreusxcarvalho":204}}]
