[{"path":"src/main/java/Ran.java","fileType":"java","lines":[{"lineNumber":1,"author":{"gitId":"3CCLY"},"content":"import java.util.Scanner;","lastModifiedDate":"2024-08-29","isFullCredit":false},{"lineNumber":2,"author":{"gitId":"3CCLY"},"content":"","lastModifiedDate":"2024-08-29","isFullCredit":false},{"lineNumber":3,"author":{"gitId":"3CCLY"},"content":"public class Ran {","lastModifiedDate":"2024-08-23","isFullCredit":false},{"lineNumber":4,"author":{"gitId":"3CCLY"},"content":"    private static boolean isTerminated \u003d false;","lastModifiedDate":"2024-08-29","isFullCredit":false},{"lineNumber":5,"author":{"gitId":"3CCLY"},"content":"    private static int listCount \u003d 0;","lastModifiedDate":"2024-08-29","isFullCredit":false},{"lineNumber":6,"author":{"gitId":"3CCLY"},"content":"","lastModifiedDate":"2024-08-29","isFullCredit":false},{"lineNumber":7,"author":{"gitId":"3CCLY"},"content":"    public static void greet() {","lastModifiedDate":"2024-08-29","isFullCredit":false},{"lineNumber":8,"author":{"gitId":"3CCLY"},"content":"        System.out.println(\"____________________________________________________________\");","lastModifiedDate":"2024-08-29","isFullCredit":false},{"lineNumber":9,"author":{"gitId":"3CCLY"},"content":"        String logo \u003d \"     ___           ___           ___\\n\"","lastModifiedDate":"2024-08-29","isFullCredit":false},{"lineNumber":10,"author":{"gitId":"3CCLY"},"content":"            + \"    /\\\\  \\\\         /\\\\  \\\\         /\\\\__\\\\\\n\"","lastModifiedDate":"2024-08-29","isFullCredit":false},{"lineNumber":11,"author":{"gitId":"3CCLY"},"content":"            + \"   /::\\\\  \\\\       /::\\\\  \\\\       /::|  |\\n\"","lastModifiedDate":"2024-08-29","isFullCredit":false},{"lineNumber":12,"author":{"gitId":"3CCLY"},"content":"            + \"  /:/\\\\:\\\\  \\\\     /:/\\\\:\\\\  \\\\     /:|:|  |\\n\"","lastModifiedDate":"2024-08-29","isFullCredit":false},{"lineNumber":13,"author":{"gitId":"3CCLY"},"content":"            + \" /::\\\\~\\\\:\\\\  \\\\   /::\\\\~\\\\:\\\\  \\\\   /:/|:|  |__\\n\"","lastModifiedDate":"2024-08-29","isFullCredit":false},{"lineNumber":14,"author":{"gitId":"3CCLY"},"content":"            + \"/:/\\\\:\\\\ \\\\:\\\\__\\\\ /:/\\\\:\\\\ \\\\:\\\\__\\\\ /:/ |:| /\\\\__\\\\\\n\"","lastModifiedDate":"2024-08-29","isFullCredit":false},{"lineNumber":15,"author":{"gitId":"3CCLY"},"content":"            + \"\\\\/_|::\\\\/:/  / \\\\/__\\\\:\\\\/:/  / \\\\/__|:|/:/  /\\n\"","lastModifiedDate":"2024-08-29","isFullCredit":false},{"lineNumber":16,"author":{"gitId":"3CCLY"},"content":"            + \"   |:|::/  /       \\\\::/  /      |:/:/  /\\n\"","lastModifiedDate":"2024-08-29","isFullCredit":false},{"lineNumber":17,"author":{"gitId":"3CCLY"},"content":"            + \"   |:|\\\\/__/        /:/  /       |::/  /\\n\"","lastModifiedDate":"2024-08-29","isFullCredit":false},{"lineNumber":18,"author":{"gitId":"3CCLY"},"content":"            + \"   |:|  |         /:/  /        /:/  /\\n\"","lastModifiedDate":"2024-08-29","isFullCredit":false},{"lineNumber":19,"author":{"gitId":"3CCLY"},"content":"            + \"    \\\\|__|         \\\\/__/         \\\\/__/\\n\";","lastModifiedDate":"2024-08-29","isFullCredit":false},{"lineNumber":20,"author":{"gitId":"3CCLY"},"content":"        System.out.println(logo + \"Hello! I\u0027m Ran.\");","lastModifiedDate":"2024-08-29","isFullCredit":false},{"lineNumber":21,"author":{"gitId":"3CCLY"},"content":"        System.out.println(\"What can I do for you?\");","lastModifiedDate":"2024-08-23","isFullCredit":false},{"lineNumber":22,"author":{"gitId":"3CCLY"},"content":"        System.out.println(\"____________________________________________________________\");","lastModifiedDate":"2024-08-29","isFullCredit":false},{"lineNumber":23,"author":{"gitId":"3CCLY"},"content":"    }","lastModifiedDate":"2024-08-29","isFullCredit":false},{"lineNumber":24,"author":{"gitId":"3CCLY"},"content":"","lastModifiedDate":"2024-08-29","isFullCredit":false},{"lineNumber":25,"author":{"gitId":"3CCLY"},"content":"    public static void bidFarewell() {","lastModifiedDate":"2024-08-29","isFullCredit":false},{"lineNumber":26,"author":{"gitId":"3CCLY"},"content":"        System.out.println(\"____________________________________________________________\");","lastModifiedDate":"2024-08-29","isFullCredit":false},{"lineNumber":27,"author":{"gitId":"3CCLY"},"content":"        System.out.println(\"Bye. Hope to see you again soon!\");","lastModifiedDate":"2024-08-29","isFullCredit":false},{"lineNumber":28,"author":{"gitId":"3CCLY"},"content":"        System.out.println(\"____________________________________________________________\");","lastModifiedDate":"2024-08-29","isFullCredit":false},{"lineNumber":29,"author":{"gitId":"3CCLY"},"content":"    }","lastModifiedDate":"2024-08-29","isFullCredit":false},{"lineNumber":30,"author":{"gitId":"3CCLY"},"content":"","lastModifiedDate":"2024-08-29","isFullCredit":false},{"lineNumber":31,"author":{"gitId":"3CCLY"},"content":"    public static void addTask(String input, String[] list) {","lastModifiedDate":"2024-08-29","isFullCredit":false},{"lineNumber":32,"author":{"gitId":"3CCLY"},"content":"        list[listCount] \u003d input;","lastModifiedDate":"2024-08-29","isFullCredit":false},{"lineNumber":33,"author":{"gitId":"3CCLY"},"content":"        listCount++;","lastModifiedDate":"2024-08-29","isFullCredit":false},{"lineNumber":34,"author":{"gitId":"3CCLY"},"content":"        System.out.println(\"____________________________________________________________\");","lastModifiedDate":"2024-08-29","isFullCredit":false},{"lineNumber":35,"author":{"gitId":"3CCLY"},"content":"        System.out.println(\"added: \" + input);","lastModifiedDate":"2024-08-29","isFullCredit":false},{"lineNumber":36,"author":{"gitId":"3CCLY"},"content":"        System.out.println(\"____________________________________________________________\");","lastModifiedDate":"2024-08-29","isFullCredit":false},{"lineNumber":37,"author":{"gitId":"3CCLY"},"content":"    }","lastModifiedDate":"2024-08-29","isFullCredit":false},{"lineNumber":38,"author":{"gitId":"3CCLY"},"content":"","lastModifiedDate":"2024-08-29","isFullCredit":false},{"lineNumber":39,"author":{"gitId":"3CCLY"},"content":"    public static void showList(String[] list) {","lastModifiedDate":"2024-08-29","isFullCredit":false},{"lineNumber":40,"author":{"gitId":"3CCLY"},"content":"        System.out.println(\"____________________________________________________________\");","lastModifiedDate":"2024-08-29","isFullCredit":false},{"lineNumber":41,"author":{"gitId":"3CCLY"},"content":"        for (int i \u003d 0; i \u003c listCount; i++) {","lastModifiedDate":"2024-08-29","isFullCredit":false},{"lineNumber":42,"author":{"gitId":"3CCLY"},"content":"            System.out.println((i + 1) + \". \" + list[i]);","lastModifiedDate":"2024-08-29","isFullCredit":false},{"lineNumber":43,"author":{"gitId":"3CCLY"},"content":"        }","lastModifiedDate":"2024-08-29","isFullCredit":false},{"lineNumber":44,"author":{"gitId":"3CCLY"},"content":"        System.out.println(\"____________________________________________________________\");","lastModifiedDate":"2024-08-29","isFullCredit":false},{"lineNumber":45,"author":{"gitId":"3CCLY"},"content":"    }","lastModifiedDate":"2024-08-29","isFullCredit":false},{"lineNumber":46,"author":{"gitId":"3CCLY"},"content":"","lastModifiedDate":"2024-08-29","isFullCredit":false},{"lineNumber":47,"author":{"gitId":"3CCLY"},"content":"    public static void main(String[] args) {","lastModifiedDate":"2024-08-29","isFullCredit":false},{"lineNumber":48,"author":{"gitId":"3CCLY"},"content":"        greet();","lastModifiedDate":"2024-08-29","isFullCredit":false},{"lineNumber":49,"author":{"gitId":"3CCLY"},"content":"","lastModifiedDate":"2024-08-29","isFullCredit":false},{"lineNumber":50,"author":{"gitId":"3CCLY"},"content":"        String input;","lastModifiedDate":"2024-08-29","isFullCredit":false},{"lineNumber":51,"author":{"gitId":"3CCLY"},"content":"        Scanner in \u003d new Scanner(System.in);","lastModifiedDate":"2024-08-29","isFullCredit":false},{"lineNumber":52,"author":{"gitId":"3CCLY"},"content":"        String[] list \u003d new String[100];","lastModifiedDate":"2024-08-29","isFullCredit":false},{"lineNumber":53,"author":{"gitId":"3CCLY"},"content":"","lastModifiedDate":"2024-08-29","isFullCredit":false},{"lineNumber":54,"author":{"gitId":"3CCLY"},"content":"        while(!isTerminated) {","lastModifiedDate":"2024-08-29","isFullCredit":false},{"lineNumber":55,"author":{"gitId":"3CCLY"},"content":"            input \u003d in.nextLine();","lastModifiedDate":"2024-08-29","isFullCredit":false},{"lineNumber":56,"author":{"gitId":"3CCLY"},"content":"            if (input.equals(\"bye\")) {","lastModifiedDate":"2024-08-29","isFullCredit":false},{"lineNumber":57,"author":{"gitId":"3CCLY"},"content":"                isTerminated \u003d true;","lastModifiedDate":"2024-08-29","isFullCredit":false},{"lineNumber":58,"author":{"gitId":"3CCLY"},"content":"            }","lastModifiedDate":"2024-08-29","isFullCredit":false},{"lineNumber":59,"author":{"gitId":"3CCLY"},"content":"            else if (input.equals(\"list\")) {","lastModifiedDate":"2024-08-29","isFullCredit":false},{"lineNumber":60,"author":{"gitId":"3CCLY"},"content":"                showList(list);","lastModifiedDate":"2024-08-29","isFullCredit":false},{"lineNumber":61,"author":{"gitId":"3CCLY"},"content":"            }","lastModifiedDate":"2024-08-29","isFullCredit":false},{"lineNumber":62,"author":{"gitId":"3CCLY"},"content":"            else {","lastModifiedDate":"2024-08-29","isFullCredit":false},{"lineNumber":63,"author":{"gitId":"3CCLY"},"content":"                addTask(input, list);","lastModifiedDate":"2024-08-29","isFullCredit":false},{"lineNumber":64,"author":{"gitId":"3CCLY"},"content":"            }","lastModifiedDate":"2024-08-29","isFullCredit":false},{"lineNumber":65,"author":{"gitId":"3CCLY"},"content":"        }","lastModifiedDate":"2024-08-29","isFullCredit":false},{"lineNumber":66,"author":{"gitId":"3CCLY"},"content":"","lastModifiedDate":"2024-08-29","isFullCredit":false},{"lineNumber":67,"author":{"gitId":"3CCLY"},"content":"        bidFarewell();","lastModifiedDate":"2024-08-29","isFullCredit":false},{"lineNumber":68,"author":{"gitId":"3CCLY"},"content":"    }","lastModifiedDate":"2024-08-23","isFullCredit":false},{"lineNumber":69,"author":{"gitId":"3CCLY"},"content":"}","lastModifiedDate":"2024-08-23","isFullCredit":false}],"authorContributionMap":{"3CCLY":69}}]
