{"authorDailyContributionsMap":{"3CCLY":[{"date":"2024-08-23","commitResults":[{"hash":"77439111eb8d2f1a4ab6b0700d4589189d5bc225","isMergeCommit":false,"messageTitle":"Rename source file from Duke to Ran and add skeleton code","messageBody":"","tags":["Level-0"],"fileTypesAndContributionMap":{"java":{"insertions":7,"deletions":10}}}]},{"date":"2024-08-29","commitResults":[{"hash":"aaa0cf57024d460e9d72fd0b862d74ec146e017d","isMergeCommit":false,"messageTitle":"Ran.java: add greet function with ASCII art","messageBody":"","fileTypesAndContributionMap":{"java":{"insertions":19,"deletions":2}}},{"hash":"878a51a8805b422f1fb0e567702cd93c2aa7d7e1","isMergeCommit":false,"messageTitle":"Ran.java: shift bye message to bidFarewell method","messageBody":"","fileTypesAndContributionMap":{"java":{"insertions":7,"deletions":1}}},{"hash":"85de93ea6315625e10cbcc7968615521c79bde83","isMergeCommit":false,"messageTitle":"Add echo function to chatbot","messageBody":"Level-1 echo ip task\n","tags":["Level-1"],"fileTypesAndContributionMap":{"java":{"insertions":44,"deletions":20}}},{"hash":"87500b2e6c9bd5a3e2adfb8f3653dd9f2f5a7464","isMergeCommit":false,"messageTitle":"Implement list function for user to add to and display","messageBody":"Level-2 ip task\n","tags":["Level-2"],"fileTypesAndContributionMap":{"java":{"insertions":19,"deletions":4}}},{"hash":"456e27056ac6483196e8d25b472c23fc7cafaf1f","isMergeCommit":false,"messageTitle":"Add Task class and modify list function to use Task","messageBody":"","fileTypesAndContributionMap":{"java":{"insertions":26,"deletions":5}}},{"hash":"9d393d4fbbff238b6ee6fe130ff81e013489fbc9","isMergeCommit":false,"messageTitle":"Add mark and unmark function to chatbot","messageBody":"Level-3 Mark as Done ip task\n","tags":["Level-3"],"fileTypesAndContributionMap":{"java":{"insertions":30,"deletions":1}}}]},{"date":"2024-08-30","commitResults":[{"hash":"5291bcdc22dc73a634430681d469345af98eff4d","isMergeCommit":false,"messageTitle":"Tweak code to be compliant with coding standard","messageBody":"","tags":["A-CodingStandard"],"fileTypesAndContributionMap":{"java":{"insertions":18,"deletions":22}}}]},{"date":"2024-09-04","commitResults":[{"hash":"ae4e70e3f15115b0ccb563136999715454bee2d8","isMergeCommit":false,"messageTitle":"Add indentation to lines","messageBody":"","fileTypesAndContributionMap":{"java":{"insertions":34,"deletions":32}}},{"hash":"98065ced2a0e86a6d2553d4da7bf1d9a9d5a1c57","isMergeCommit":false,"messageTitle":"Move processing of input to dedicated method","messageBody":"","fileTypesAndContributionMap":{"java":{"insertions":17,"deletions":13}}},{"hash":"a177ad2365400f5d4c489f33f23323538f7d72b4","isMergeCommit":false,"messageTitle":"Add Todo class and Todo command to chatbot","messageBody":"","fileTypesAndContributionMap":{"java":{"insertions":32,"deletions":11}}},{"hash":"37dde3f59cd2ca3da01801279bf8db4dbcb83a54","isMergeCommit":false,"messageTitle":"Fix inconsistent indentation bug and  Todo class implementation","messageBody":"","fileTypesAndContributionMap":{"java":{"insertions":35,"deletions":31}}},{"hash":"a6f2aadb7540a227c21e8cd1eae4bdb00ed2a1c8","isMergeCommit":false,"messageTitle":"Add deadline and event function to chatbot","messageBody":"","tags":["Level-4"],"fileTypesAndContributionMap":{"java":{"insertions":62,"deletions":17}}}]},{"date":"2024-09-06","commitResults":[{"hash":"597c09de92e946a065e6506903cd2eb75bda4bec","isMergeCommit":false,"messageTitle":"Add comments and improve code quality","messageBody":"","tags":["A-CodeQuality"],"fileTypesAndContributionMap":{"java":{"insertions":31,"deletions":14}}},{"hash":"3c8eda74f6d61ae9cf90cabab8560d9ef1c51d6f","isMergeCommit":false,"messageTitle":"Implement automated testing script","messageBody":"","tags":["A-TextUiTesting"],"fileTypesAndContributionMap":{"txt":{"insertions":10,"deletions":0},"sh":{"insertions":2,"deletions":2}}}]},{"date":"2024-09-10","commitResults":[{"hash":"11325726559c3e9dff257d2b1b3d3b82c63ce350","isMergeCommit":false,"messageTitle":"Add basic exception handling","messageBody":"","fileTypesAndContributionMap":{"java":{"insertions":34,"deletions":5}}}]},{"date":"2024-09-11","commitResults":[{"hash":"b41520125a2221d52f5860f33d5fabedf39c5200","isMergeCommit":false,"messageTitle":"Add more robust exception catching and handling","messageBody":"","fileTypesAndContributionMap":{"java":{"insertions":106,"deletions":16}}},{"hash":"e30766a3283955588a7aa74faf94755bb6a7f169","isMergeCommit":true,"messageTitle":"Merge \"branch-Level-5\" into master branch","messageBody":"","tags":["Level-5"],"fileTypesAndContributionMap":{}}]}]},"authorFileTypeContributionMap":{"3CCLY":{"java":327,"md":0,"fxml":0,"sh":1,"bat":0,"gradle":0,"txt":10}},"authorContributionVariance":{"3CCLY":4218.0854},"authorDisplayNameMap":{"3CCLY":"CS2113-W13-1 CHE ..YANG"}}
