{"authorDailyContributionsMap":{"3CCLY":[{"date":"2024-08-23","commitResults":[{"hash":"77439111eb8d2f1a4ab6b0700d4589189d5bc225","isMergeCommit":false,"messageTitle":"Rename source file from Duke to Ran and add skeleton code","messageBody":"","tags":["Level-0"],"fileTypesAndContributionMap":{"java":{"insertions":7,"deletions":10}}}]},{"date":"2024-08-29","commitResults":[{"hash":"aaa0cf57024d460e9d72fd0b862d74ec146e017d","isMergeCommit":false,"messageTitle":"Ran.java: add greet function with ASCII art","messageBody":"","fileTypesAndContributionMap":{"java":{"insertions":19,"deletions":2}}},{"hash":"878a51a8805b422f1fb0e567702cd93c2aa7d7e1","isMergeCommit":false,"messageTitle":"Ran.java: shift bye message to bidFarewell method","messageBody":"","fileTypesAndContributionMap":{"java":{"insertions":7,"deletions":1}}},{"hash":"85de93ea6315625e10cbcc7968615521c79bde83","isMergeCommit":false,"messageTitle":"Add echo function to chatbot","messageBody":"Level-1 echo ip task\n","tags":["Level-1"],"fileTypesAndContributionMap":{"java":{"insertions":44,"deletions":20}}},{"hash":"87500b2e6c9bd5a3e2adfb8f3653dd9f2f5a7464","isMergeCommit":false,"messageTitle":"Implement list function for user to add to and display","messageBody":"Level-2 ip task\n","tags":["Level-2"],"fileTypesAndContributionMap":{"java":{"insertions":19,"deletions":4}}},{"hash":"456e27056ac6483196e8d25b472c23fc7cafaf1f","isMergeCommit":false,"messageTitle":"Add Task class and modify list function to use Task","messageBody":"","fileTypesAndContributionMap":{"java":{"insertions":26,"deletions":5}}},{"hash":"9d393d4fbbff238b6ee6fe130ff81e013489fbc9","isMergeCommit":false,"messageTitle":"Add mark and unmark function to chatbot","messageBody":"Level-3 Mark as Done ip task\n","tags":["Level-3"],"fileTypesAndContributionMap":{"java":{"insertions":30,"deletions":1}}}]},{"date":"2024-08-30","commitResults":[{"hash":"5291bcdc22dc73a634430681d469345af98eff4d","isMergeCommit":false,"messageTitle":"Tweak code to be compliant with coding standard","messageBody":"","tags":["A-CodingStandard"],"fileTypesAndContributionMap":{"java":{"insertions":18,"deletions":22}}}]},{"date":"2024-09-04","commitResults":[{"hash":"ae4e70e3f15115b0ccb563136999715454bee2d8","isMergeCommit":false,"messageTitle":"Add indentation to lines","messageBody":"","fileTypesAndContributionMap":{"java":{"insertions":34,"deletions":32}}},{"hash":"98065ced2a0e86a6d2553d4da7bf1d9a9d5a1c57","isMergeCommit":false,"messageTitle":"Move processing of input to dedicated method","messageBody":"","fileTypesAndContributionMap":{"java":{"insertions":17,"deletions":13}}},{"hash":"a177ad2365400f5d4c489f33f23323538f7d72b4","isMergeCommit":false,"messageTitle":"Add Todo class and Todo command to chatbot","messageBody":"","fileTypesAndContributionMap":{"java":{"insertions":32,"deletions":11}}},{"hash":"37dde3f59cd2ca3da01801279bf8db4dbcb83a54","isMergeCommit":false,"messageTitle":"Fix inconsistent indentation bug and  Todo class implementation","messageBody":"","fileTypesAndContributionMap":{"java":{"insertions":35,"deletions":31}}},{"hash":"a6f2aadb7540a227c21e8cd1eae4bdb00ed2a1c8","isMergeCommit":false,"messageTitle":"Add deadline and event function to chatbot","messageBody":"","tags":["Level-4"],"fileTypesAndContributionMap":{"java":{"insertions":62,"deletions":17}}}]},{"date":"2024-09-06","commitResults":[{"hash":"597c09de92e946a065e6506903cd2eb75bda4bec","isMergeCommit":false,"messageTitle":"Add comments and improve code quality","messageBody":"","tags":["A-CodeQuality"],"fileTypesAndContributionMap":{"java":{"insertions":31,"deletions":14}}},{"hash":"3c8eda74f6d61ae9cf90cabab8560d9ef1c51d6f","isMergeCommit":false,"messageTitle":"Implement automated testing script","messageBody":"","tags":["A-TextUiTesting"],"fileTypesAndContributionMap":{"txt":{"insertions":10,"deletions":0},"sh":{"insertions":2,"deletions":2}}}]},{"date":"2024-09-10","commitResults":[{"hash":"11325726559c3e9dff257d2b1b3d3b82c63ce350","isMergeCommit":false,"messageTitle":"Add basic exception handling","messageBody":"","tags":["A-Exceptions"],"fileTypesAndContributionMap":{"java":{"insertions":34,"deletions":5}}}]},{"date":"2024-09-11","commitResults":[{"hash":"b41520125a2221d52f5860f33d5fabedf39c5200","isMergeCommit":false,"messageTitle":"Add more robust exception catching and handling","messageBody":"","fileTypesAndContributionMap":{"java":{"insertions":106,"deletions":16}}},{"hash":"e30766a3283955588a7aa74faf94755bb6a7f169","isMergeCommit":true,"messageTitle":"Merge \"branch-Level-5\" into master branch","messageBody":"","tags":["Level-5"],"fileTypesAndContributionMap":{}}]},{"date":"2024-09-13","commitResults":[{"hash":"feef2ad777854f699c3248b1fb87b688f23f37d1","isMergeCommit":false,"messageTitle":"Divide classes into packages","messageBody":"","fileTypesAndContributionMap":{"java":{"insertions":40,"deletions":0}}},{"hash":"30604504d38e2039cbdb647a6d8b7de8ea921177","isMergeCommit":true,"messageTitle":"Merge branch \u0027branch-A-Packages\u0027","messageBody":"","tags":["A-Packages"],"fileTypesAndContributionMap":{}}]},{"date":"2024-09-17","commitResults":[{"hash":"10f33337deb5af1b22a22bc9926cc8fa7949b50e","isMergeCommit":false,"messageTitle":"Replace primitive list with ArrayList","messageBody":"","tags":["A-Collections"],"fileTypesAndContributionMap":{"java":{"insertions":16,"deletions":11}}},{"hash":"fba454da27b965e3bc3562703d52807df52901a0","isMergeCommit":false,"messageTitle":"Implement delete function for list","messageBody":"","fileTypesAndContributionMap":{"java":{"insertions":22,"deletions":1}}},{"hash":"3ae49f91b141701c58deca8ec6de3af6de6449ee","isMergeCommit":false,"messageTitle":"Add file creation feature to chatbot","messageBody":"","fileTypesAndContributionMap":{"java":{"insertions":28,"deletions":1}}},{"hash":"46d94f1f97bf84bfb623230dee6c789afd2ea495","isMergeCommit":false,"messageTitle":"Implement loading list from external data file","messageBody":"","fileTypesAndContributionMap":{"java":{"insertions":56,"deletions":7}}}]},{"date":"2024-09-18","commitResults":[{"hash":"9c0da5684537ad0fe949f7c9f39ed2b9f00f5367","isMergeCommit":false,"messageTitle":"Implement modification to external data file","messageBody":"","fileTypesAndContributionMap":{"java":{"insertions":56,"deletions":6}}},{"hash":"b08eca2e14a673f45b9a3eb0b7e6dddfaa947a01","isMergeCommit":true,"messageTitle":"Merge branch \u0027branch-Level-7\u0027","messageBody":"","tags":["Level-7"],"fileTypesAndContributionMap":{}},{"hash":"706718138ad13cab0062e05806cc6b935688e0dd","isMergeCommit":true,"messageTitle":"Resolve merge conflict between Level 6 and Level 7","messageBody":"","tags":["Level-6"],"fileTypesAndContributionMap":{}},{"hash":"ea39e4d38eb264cec729241acd3555b0c811c49c","isMergeCommit":false,"messageTitle":"Sync delete function to external data file","messageBody":"","fileTypesAndContributionMap":{"java":{"insertions":19,"deletions":4}}},{"hash":"958ea6a1e600b598f43381211008e3f349a0c3cd","isMergeCommit":true,"messageTitle":"Merge branch \u0027add-gradle-support\u0027","messageBody":"","fileTypesAndContributionMap":{}},{"hash":"a4d6e3e93a0dbb1cc0fae3828d3b839fdf154f94","isMergeCommit":false,"messageTitle":"Set up gradle","messageBody":"","tags":["A-Jar"],"fileTypesAndContributionMap":{"gradle":{"insertions":5,"deletions":2}}}]},{"date":"2024-09-26","commitResults":[{"hash":"e766ec75ba298a62b40c2b8034455b3f7df7df5d","isMergeCommit":false,"messageTitle":"Add Ui class","messageBody":"","fileTypesAndContributionMap":{"java":{"insertions":33,"deletions":26}}},{"hash":"589f557aaea0f7032c42ddc91c4ee5c0bcac5e1f","isMergeCommit":false,"messageTitle":"Move more UI elements to Ui class","messageBody":"","fileTypesAndContributionMap":{"java":{"insertions":56,"deletions":30}}}]},{"date":"2024-09-28","commitResults":[{"hash":"d6a3ea0cf1b95a16958216757bd47a790de20a54","isMergeCommit":false,"messageTitle":"Add TaskList class","messageBody":"","fileTypesAndContributionMap":{"java":{"insertions":94,"deletions":50}}},{"hash":"bdd6c1c1b6584f2451fdeba86204ee323bddb236","isMergeCommit":false,"messageTitle":"Add Storage class","messageBody":"","fileTypesAndContributionMap":{"java":{"insertions":91,"deletions":83}}},{"hash":"e67b918a338526825d58cdecee1e8f4a48e299cf","isMergeCommit":false,"messageTitle":"Add UI as an object in main code","messageBody":"","fileTypesAndContributionMap":{"java":{"insertions":36,"deletions":33}}}]},{"date":"2024-09-29","commitResults":[{"hash":"7ce922ac1f933d8a368776b24dd89a3c706e35f0","isMergeCommit":false,"messageTitle":"Add Parser class","messageBody":"","fileTypesAndContributionMap":{"java":{"insertions":242,"deletions":213}}},{"hash":"938b8a503b26962937eb21e3102437bdfd6c9ccc","isMergeCommit":false,"messageTitle":"Add commands as separate class","messageBody":"","fileTypesAndContributionMap":{"java":{"insertions":341,"deletions":230}}},{"hash":"476ffd3fc5c740f661bd0d1747ae1bb33df40883","isMergeCommit":false,"messageTitle":"Fix broken exception handling","messageBody":"","tags":["A-MoreOOP"],"fileTypesAndContributionMap":{"java":{"insertions":99,"deletions":50}}}]},{"date":"2024-09-30","commitResults":[{"hash":"8e7d6e5611c12b7c56a0243fee64f483fa3c6109","isMergeCommit":false,"messageTitle":"Add Find function to chatbot","messageBody":"","fileTypesAndContributionMap":{"java":{"insertions":51,"deletions":1}}},{"hash":"683831f5553a68133abd4f390c3bae8ec9c144ca","isMergeCommit":false,"messageTitle":"Begin JavaDoc implementation","messageBody":"","fileTypesAndContributionMap":{"java":{"insertions":8,"deletions":0}}},{"hash":"3684568cae84f4425d7a1b81c7b27de02b7ef84f","isMergeCommit":true,"messageTitle":"Merge pull request #1 from 3CCLY/branch-Level-9","messageBody":"Add Find function to chatbot","tags":["Level-9"],"fileTypesAndContributionMap":{}},{"hash":"e1b04d5296c22fbad51d9ab65216ba3645845c02","isMergeCommit":false,"messageTitle":"Add JavaDoc to all task classes","messageBody":"","fileTypesAndContributionMap":{"java":{"insertions":162,"deletions":4}}},{"hash":"8db572325e6ccb7d0aa096a056be181783c028c2","isMergeCommit":false,"messageTitle":"Add JavaDoc to all command classes","messageBody":"","fileTypesAndContributionMap":{"java":{"insertions":329,"deletions":79}}},{"hash":"9b0a7916f30ccc3024c83b443136166cdd140138","isMergeCommit":false,"messageTitle":"Add JavaDoc to all Ran-specific exceptions","messageBody":"","fileTypesAndContributionMap":{"java":{"insertions":30,"deletions":0}}},{"hash":"2dbc375a3591cb3a3a7d14d6c28ab41130f42109","isMergeCommit":false,"messageTitle":"Finish JavaDoc for all classes","messageBody":"","fileTypesAndContributionMap":{"java":{"insertions":196,"deletions":42}}},{"hash":"fc0188895982aa4bccdcabaefa90b88bb13c9592","isMergeCommit":true,"messageTitle":"Fix merge conflict between JavaDoc and Master Branch","messageBody":"","fileTypesAndContributionMap":{}},{"hash":"e70cbdd890e40e96425e69d6fb4546af31be9690","isMergeCommit":true,"messageTitle":"Merge pull request #2 from 3CCLY/branch-A-JavaDoc","messageBody":"Implement JavaDoc","tags":["A-JavaDoc"],"fileTypesAndContributionMap":{}},{"hash":"db5c245a0b8742345d3d7266f118ba7e0e8dbd19","isMergeCommit":false,"messageTitle":"Modify README file for Ran chatbot","messageBody":"","fileTypesAndContributionMap":{"md":{"insertions":11,"deletions":5}}},{"hash":"64f7fbe5828c1233b0dff36ee735413773f6fb01","isMergeCommit":false,"messageTitle":"Add chatbot welcome screen screenshot","messageBody":"","fileTypesAndContributionMap":{"md":{"insertions":28,"deletions":11}}},{"hash":"13588f70de40f4e4c21c1cc94d5cc97ab24f6768","isMergeCommit":false,"messageTitle":"Fix missing Find command type","messageBody":"","fileTypesAndContributionMap":{"java":{"insertions":5,"deletions":0},"md":{"insertions":44,"deletions":0}}},{"hash":"5dc7090682e799e01e1288fc8e49ddb38c521425","isMergeCommit":false,"messageTitle":"Finish basic README file","messageBody":"","tags":["A-UserGuide"],"fileTypesAndContributionMap":{"md":{"insertions":104,"deletions":15}}},{"hash":"1747ae8f31a753b40505157a1912ebe3307c1202","isMergeCommit":false,"messageTitle":"Fix broken image link","messageBody":"","fileTypesAndContributionMap":{"md":{"insertions":1,"deletions":1}}}]},{"date":"2024-10-04","commitResults":[{"hash":"629845a364fc58a5d5dc6c6a6ad0171400632e6b","isMergeCommit":false,"messageTitle":"Move reading of user input from Ran class to Ui class","messageBody":"","fileTypesAndContributionMap":{"java":{"insertions":20,"deletions":5}}},{"hash":"b20144b0ac6c2334cba3c625ab8c2902711326c9","isMergeCommit":false,"messageTitle":"Add exception handling for improper find command","messageBody":"","fileTypesAndContributionMap":{"java":{"insertions":6,"deletions":2}}},{"hash":"5dac23cb1b562b1528cd2fbca452f9c4568ace03","isMergeCommit":false,"messageTitle":"Add help message function to Ran","messageBody":"","fileTypesAndContributionMap":{"java":{"insertions":72,"deletions":1}}},{"hash":"286b411fdfdf170b19ce37d38c18aadd88aade81","isMergeCommit":false,"messageTitle":"Modify output messages","messageBody":"","fileTypesAndContributionMap":{"java":{"insertions":5,"deletions":4}}},{"hash":"bf4ef71a91e41f1a40cef3e3feda996e43ed57d7","isMergeCommit":false,"messageTitle":"Update testing script","messageBody":"","fileTypesAndContributionMap":{"sh":{"insertions":8,"deletions":2}}},{"hash":"5e79fcedd156dcf4d129361abc4d358f62b44145","isMergeCommit":false,"messageTitle":"Fix bug of deleted task not updated in data file","messageBody":"","fileTypesAndContributionMap":{"java":{"insertions":1,"deletions":1}}},{"hash":"fbead621429ba9ac3d031143076aebfedbdb4343","isMergeCommit":false,"messageTitle":"Add trimming of whitespace in user input","messageBody":"","fileTypesAndContributionMap":{"java":{"insertions":3,"deletions":3}}},{"hash":"a22ab6278da690e23a3177d70d835407bc25791e","isMergeCommit":false,"messageTitle":"Add handling of Ran not finding tasks","messageBody":"","fileTypesAndContributionMap":{"java":{"insertions":6,"deletions":1}}},{"hash":"72de607fc6034973cf7b190b69ab33b421144d75","isMergeCommit":false,"messageTitle":"Fix bug of marked task not updating","messageBody":"","fileTypesAndContributionMap":{"java":{"insertions":1,"deletions":1}}}]},{"date":"2024-10-05","commitResults":[{"hash":"9a443d36d17ada979df20d8ff9eba3c6c5b010f0","isMergeCommit":false,"messageTitle":"Change output message of list and find command","messageBody":"","fileTypesAndContributionMap":{"java":{"insertions":19,"deletions":2}}},{"hash":"66d7b54d64fee8441c9da8ea21d4c5e9d034830d","isMergeCommit":false,"messageTitle":"Modify Ran to understand commands in case-insensitive way","messageBody":"","fileTypesAndContributionMap":{"java":{"insertions":8,"deletions":9}}},{"hash":"aad6a79d8611a681b0ce3af9d1956fc7a3290a32","isMergeCommit":false,"messageTitle":"Update README.md","messageBody":"","fileTypesAndContributionMap":{"md":{"insertions":54,"deletions":6}}},{"hash":"a65bdf110bf7a6a8c22d533c7bff35c226ae89fa","isMergeCommit":false,"messageTitle":"Fix formatting error in README.md","messageBody":"","fileTypesAndContributionMap":{"md":{"insertions":2,"deletions":2}}},{"hash":"9cdc5d6e9fb81510d2292d2d87dceee4b2bf83a9","isMergeCommit":false,"messageTitle":"Update README.md","messageBody":"","fileTypesAndContributionMap":{"md":{"insertions":1,"deletions":1}}},{"hash":"3829c2a6c9a647da81f9407eaebf9ec5e6515501","isMergeCommit":false,"messageTitle":"Fix program crashing with empty time input","messageBody":"","fileTypesAndContributionMap":{"java":{"insertions":15,"deletions":8}}},{"hash":"4a58d1bc5096b84d6a5318b7ac9bdcca4284189d","isMergeCommit":false,"messageTitle":"Fix formatting of command code","messageBody":"","tags":["A-Release","A-Ran-v0.2"],"fileTypesAndContributionMap":{"java":{"insertions":96,"deletions":98}}}]}]},"authorFileTypeContributionMap":{"3CCLY":{"java":1582,"md":216,"fxml":0,"sh":8,"bat":0,"gradle":5,"txt":10}},"authorContributionVariance":{"3CCLY":53820.766},"authorDisplayNameMap":{"3CCLY":"CS2113-W13-1 CHE ..YANG"}}
