{"authorDailyContributionsMap":{"Metanyu":[{"date":"2024-08-22","commitResults":[{"hash":"0e589b094bf6291136e7cbf036e88e0cf127abc2","isMergeCommit":false,"messageTitle":"Add greet and exit Amy bot","messageBody":"","fileTypesAndContributionMap":{"java":{"insertions":10,"deletions":10},"bat":{"insertions":1,"deletions":1},"md":{"insertions":3,"deletions":3}}},{"hash":"da79352e19afe46286536e1e3eef6cd0047aa29e","isMergeCommit":false,"messageTitle":"name change, add greet and exit Amy bot","messageBody":"","tags":["Level-0"],"fileTypesAndContributionMap":{"md":{"insertions":1,"deletions":1}}},{"hash":"6b15061366cb795c7bab012503425b481f951793","isMergeCommit":true,"messageTitle":"Merge pull request #1 from Metanyu/level0","messageBody":"name change, add greet and exit Amy bot","fileTypesAndContributionMap":{}}]},{"date":"2024-08-29","commitResults":[{"hash":"8e67cefa176867e2eb0cd1233067c8d12d17cfe2","isMergeCommit":false,"messageTitle":"level 1-1. add echo option for amy","messageBody":"","tags":["Level-1"],"fileTypesAndContributionMap":{"java":{"insertions":28,"deletions":5}}},{"hash":"1c5fd21d06f5b96f037f2b44a9e5f7b8a5eb5e71","isMergeCommit":true,"messageTitle":"Merge branch \u0027master\u0027 of https://github.com/Metanyu/ip","messageBody":"","fileTypesAndContributionMap":{}},{"hash":"ee729ecafe3037fd2981e53287783e56fa4f0094","isMergeCommit":false,"messageTitle":"level 1-2. add option to retrieve list of user input","messageBody":"","tags":["Level-2"],"fileTypesAndContributionMap":{"java":{"insertions":19,"deletions":2}}},{"hash":"ac0436f5fe63913db691ff39bc166d17cea8ea0f","isMergeCommit":false,"messageTitle":"Level 3. add option to mark tdl as done or undone","messageBody":"","tags":["Level-3"],"fileTypesAndContributionMap":{"java":{"insertions":71,"deletions":10}}},{"hash":"cfb94050f14e8949d453a7da9e72015600e4a1cb","isMergeCommit":false,"messageTitle":"coding standard updated","messageBody":"","tags":["A-CodingStandard"],"fileTypesAndContributionMap":{"java":{"insertions":22,"deletions":16}}}]},{"date":"2024-09-06","commitResults":[{"hash":"3e02b6d3d00e59ee6d609886adb60586f777b10c","isMergeCommit":false,"messageTitle":"add 3 types of tasks tracking","messageBody":"","tags":["Level-4"],"fileTypesAndContributionMap":{"java":{"insertions":127,"deletions":46}}}]},{"date":"2024-09-08","commitResults":[{"hash":"010ab12af2cf5c524dc76dad007382b03d07e638","isMergeCommit":false,"messageTitle":"A-TextUiTesting. automated test trial","messageBody":"","tags":["A-TextUiTesting"],"fileTypesAndContributionMap":{"txt":{"insertions":5,"deletions":0}}},{"hash":"3b130fe19ba7e1add7e004d96b288d532ff07204","isMergeCommit":false,"messageTitle":"A-CodeQuality. improve code quality","messageBody":"","tags":["A-CodeQuality"],"fileTypesAndContributionMap":{"java":{"insertions":27,"deletions":27}}}]}]},"authorFileTypeContributionMap":{"Metanyu":{"java":198,"md":2,"fxml":0,"sh":0,"bat":1,"gradle":0,"txt":5}},"authorContributionVariance":{"Metanyu":2348.1094},"authorDisplayNameMap":{"Metanyu":"CS2113-T11-1 VU N.. THU"}}
