{"authorDailyContributionsMap":{"Metanyu":[{"date":"2024-08-22","commitResults":[{"hash":"0e589b094bf6291136e7cbf036e88e0cf127abc2","isMergeCommit":false,"messageTitle":"Add greet and exit Amy bot","messageBody":"","fileTypesAndContributionMap":{"java":{"insertions":10,"deletions":10},"bat":{"insertions":1,"deletions":1},"md":{"insertions":3,"deletions":3}}},{"hash":"da79352e19afe46286536e1e3eef6cd0047aa29e","isMergeCommit":false,"messageTitle":"name change, add greet and exit Amy bot","messageBody":"","fileTypesAndContributionMap":{"md":{"insertions":1,"deletions":1}}},{"hash":"6b15061366cb795c7bab012503425b481f951793","isMergeCommit":true,"messageTitle":"Merge pull request #1 from Metanyu/level0","messageBody":"name change, add greet and exit Amy bot","fileTypesAndContributionMap":{}}]}]},"authorFileTypeContributionMap":{"Metanyu":{"java":10,"md":2,"fxml":0,"sh":0,"bat":1,"gradle":0,"txt":0}},"authorContributionVariance":{"Metanyu":110.204094},"authorDisplayNameMap":{"Metanyu":"VU N.. THU"}}
