{"authorDailyContributionsMap":{"Toby-Yu":[{"date":"2024-08-25","commitResults":[{"hash":"2408490d1956651f5f6e82b4de5a63df613eb728","isMergeCommit":false,"messageTitle":"Add Increment: Level-0 - Rename, Greet, Exit","messageBody":"","fileTypesAndContributionMap":{"java":{"insertions":0,"deletions":0}}},{"hash":"39bb47057da9da3e412869402abe88d82bcbefc9","isMergeCommit":false,"messageTitle":"rename the chatbot and greet before exist","messageBody":"","fileTypesAndContributionMap":{"java":{"insertions":7,"deletions":7},"bat":{"insertions":1,"deletions":1},"md":{"insertions":3,"deletions":3}}}]},{"date":"2024-08-30","commitResults":[{"hash":"a0477385780933e1bef9e1d17ec1a7b08bb66194","isMergeCommit":false,"messageTitle":"level 1, level 2, level 3 : add, list, mark as done","messageBody":"","tags":["level1_level2_level3"],"fileTypesAndContributionMap":{"java":{"insertions":94,"deletions":4}}}]},{"date":"2024-09-02","commitResults":[{"hash":"1b1a03c1f548e75b030441cbd8e0ee49d53a6ab5","isMergeCommit":false,"messageTitle":"add level 4. ToDos, Event, Deadline add these three class as the child class of Task","messageBody":"","tags":["Level-4"],"fileTypesAndContributionMap":{"java":{"insertions":71,"deletions":4}}}]},{"date":"2024-09-06","commitResults":[{"hash":"3b30728cb0e8ff0db38c08d795c098e57bb5b675","isMergeCommit":false,"messageTitle":"Add level-5 handling errors in new branches (branches-Level-5)","messageBody":"","tags":["Level-5"],"fileTypesAndContributionMap":{"java":{"insertions":48,"deletions":25}}}]},{"date":"2024-09-07","commitResults":[{"hash":"41cdf8af49c9d583d73a2322b463750f4ffa153d","isMergeCommit":false,"messageTitle":"split the class in separate file and add package to make OOP structure like code","messageBody":"","tags":["organize_into_package"],"fileTypesAndContributionMap":{"java":{"insertions":86,"deletions":64}}}]},{"date":"2024-09-12","commitResults":[{"hash":"0ee7202f622bef5b532c963b5d4cf5bd3b1b29e9","isMergeCommit":false,"messageTitle":"Add increment as parallel branches: level-6, level 7","messageBody":"","tags":["Level-6_and_Level-7"],"fileTypesAndContributionMap":{"txt":{"insertions":3,"deletions":0},"java":{"insertions":97,"deletions":2}}}]}]},"authorFileTypeContributionMap":{"Toby-Yu":{"java":306,"md":3,"fxml":0,"sh":0,"bat":1,"gradle":0,"txt":3}},"authorContributionVariance":{"Toby-Yu":1581.745},"authorDisplayNameMap":{"Toby-Yu":"CS2113-T10-1 YU M.. KIT"}}
