[{"path":"src/main/java/List.java","fileType":"java","lines":[{"lineNumber":1,"author":{"gitId":"rexkoh425"},"content":"import java.util.ArrayList;","lastModifiedDate":"2024-08-26","isFullCredit":false},{"lineNumber":2,"author":{"gitId":"rexkoh425"},"content":"","lastModifiedDate":"2024-08-26","isFullCredit":false},{"lineNumber":3,"author":{"gitId":"rexkoh425"},"content":"public class List {","lastModifiedDate":"2024-08-26","isFullCredit":false},{"lineNumber":4,"author":{"gitId":"rexkoh425"},"content":"","lastModifiedDate":"2024-08-26","isFullCredit":false},{"lineNumber":5,"author":{"gitId":"rexkoh425"},"content":"    public ArrayList\u003cString\u003e listOfItems;","lastModifiedDate":"2024-08-26","isFullCredit":false},{"lineNumber":6,"author":{"gitId":"rexkoh425"},"content":"    public ArrayList\u003cBoolean\u003e isMarkedAsDone;","lastModifiedDate":"2024-08-27","isFullCredit":false},{"lineNumber":7,"author":{"gitId":"rexkoh425"},"content":"    public int listLength;","lastModifiedDate":"2024-08-26","isFullCredit":false},{"lineNumber":8,"author":{"gitId":"rexkoh425"},"content":"","lastModifiedDate":"2024-08-26","isFullCredit":false},{"lineNumber":9,"author":{"gitId":"rexkoh425"},"content":"    public List(){","lastModifiedDate":"2024-08-26","isFullCredit":false},{"lineNumber":10,"author":{"gitId":"rexkoh425"},"content":"        listOfItems \u003d new ArrayList\u003c\u003e();","lastModifiedDate":"2024-08-26","isFullCredit":false},{"lineNumber":11,"author":{"gitId":"rexkoh425"},"content":"        isMarkedAsDone \u003d new ArrayList\u003c\u003e();","lastModifiedDate":"2024-08-27","isFullCredit":false},{"lineNumber":12,"author":{"gitId":"rexkoh425"},"content":"        listLength \u003d 0;","lastModifiedDate":"2024-08-26","isFullCredit":false},{"lineNumber":13,"author":{"gitId":"rexkoh425"},"content":"    }","lastModifiedDate":"2024-08-26","isFullCredit":false},{"lineNumber":14,"author":{"gitId":"rexkoh425"},"content":"","lastModifiedDate":"2024-08-26","isFullCredit":false},{"lineNumber":15,"author":{"gitId":"rexkoh425"},"content":"    public void addItem(String item){","lastModifiedDate":"2024-08-26","isFullCredit":false},{"lineNumber":16,"author":{"gitId":"rexkoh425"},"content":"        listOfItems.add(item);","lastModifiedDate":"2024-08-26","isFullCredit":false},{"lineNumber":17,"author":{"gitId":"rexkoh425"},"content":"        isMarkedAsDone.add(false);","lastModifiedDate":"2024-08-27","isFullCredit":false},{"lineNumber":18,"author":{"gitId":"rexkoh425"},"content":"        listLength++;","lastModifiedDate":"2024-08-26","isFullCredit":false},{"lineNumber":19,"author":{"gitId":"rexkoh425"},"content":"    }","lastModifiedDate":"2024-08-26","isFullCredit":false},{"lineNumber":20,"author":{"gitId":"rexkoh425"},"content":"","lastModifiedDate":"2024-08-26","isFullCredit":false},{"lineNumber":21,"author":{"gitId":"rexkoh425"},"content":"    public void setAsDone(int listNumber){","lastModifiedDate":"2024-08-27","isFullCredit":false},{"lineNumber":22,"author":{"gitId":"rexkoh425"},"content":"        System.out.println(\"Nice! I\u0027ve marked this task as done:\");","lastModifiedDate":"2024-08-27","isFullCredit":false},{"lineNumber":23,"author":{"gitId":"rexkoh425"},"content":"        System.out.println(\"  [X] \" + listOfItems.get(listNumber-1));","lastModifiedDate":"2024-08-27","isFullCredit":false},{"lineNumber":24,"author":{"gitId":"rexkoh425"},"content":"        isMarkedAsDone.set(listNumber-1 , true);","lastModifiedDate":"2024-08-27","isFullCredit":false},{"lineNumber":25,"author":{"gitId":"rexkoh425"},"content":"    }","lastModifiedDate":"2024-08-27","isFullCredit":false},{"lineNumber":26,"author":{"gitId":"rexkoh425"},"content":"","lastModifiedDate":"2024-08-27","isFullCredit":false},{"lineNumber":27,"author":{"gitId":"rexkoh425"},"content":"    public void setAsNotDone(int listNumber){","lastModifiedDate":"2024-08-27","isFullCredit":false},{"lineNumber":28,"author":{"gitId":"rexkoh425"},"content":"        System.out.println(\"OK, I\u0027ve marked this task as not done yet:\");","lastModifiedDate":"2024-08-27","isFullCredit":false},{"lineNumber":29,"author":{"gitId":"rexkoh425"},"content":"        System.out.println(\"  [ ] \" + listOfItems.get(listNumber-1));","lastModifiedDate":"2024-08-27","isFullCredit":false},{"lineNumber":30,"author":{"gitId":"rexkoh425"},"content":"        isMarkedAsDone.set(listNumber-1 , false);","lastModifiedDate":"2024-08-27","isFullCredit":false},{"lineNumber":31,"author":{"gitId":"rexkoh425"},"content":"    }","lastModifiedDate":"2024-08-26","isFullCredit":false},{"lineNumber":32,"author":{"gitId":"rexkoh425"},"content":"","lastModifiedDate":"2024-08-26","isFullCredit":false},{"lineNumber":33,"author":{"gitId":"rexkoh425"},"content":"    public void listItems(){","lastModifiedDate":"2024-08-26","isFullCredit":false},{"lineNumber":34,"author":{"gitId":"rexkoh425"},"content":"        System.out.println(\"Here are the tasks in your list:\");","lastModifiedDate":"2024-08-27","isFullCredit":false},{"lineNumber":35,"author":{"gitId":"rexkoh425"},"content":"        for(int i \u003d 0; i \u003c listLength; i++){","lastModifiedDate":"2024-08-26","isFullCredit":false},{"lineNumber":36,"author":{"gitId":"rexkoh425"},"content":"            char markingChar \u003d \u0027 \u0027;","lastModifiedDate":"2024-08-27","isFullCredit":false},{"lineNumber":37,"author":{"gitId":"rexkoh425"},"content":"            if(isMarkedAsDone.get(i)){","lastModifiedDate":"2024-08-27","isFullCredit":false},{"lineNumber":38,"author":{"gitId":"rexkoh425"},"content":"                markingChar \u003d \u0027X\u0027;","lastModifiedDate":"2024-08-27","isFullCredit":false},{"lineNumber":39,"author":{"gitId":"rexkoh425"},"content":"            }","lastModifiedDate":"2024-08-27","isFullCredit":false},{"lineNumber":40,"author":{"gitId":"rexkoh425"},"content":"            System.out.printf(\"%d.[%c] \" + listOfItems.get(i) + \"\\n\", i , markingChar);","lastModifiedDate":"2024-08-27","isFullCredit":false},{"lineNumber":41,"author":{"gitId":"rexkoh425"},"content":"        }","lastModifiedDate":"2024-08-26","isFullCredit":false},{"lineNumber":42,"author":{"gitId":"rexkoh425"},"content":"    }","lastModifiedDate":"2024-08-26","isFullCredit":false},{"lineNumber":43,"author":{"gitId":"rexkoh425"},"content":"","lastModifiedDate":"2024-08-26","isFullCredit":false},{"lineNumber":44,"author":{"gitId":"rexkoh425"},"content":"}","lastModifiedDate":"2024-08-26","isFullCredit":false}],"authorContributionMap":{"rexkoh425":44}},{"path":"src/main/java/TheThinker.java","fileType":"java","lines":[{"lineNumber":1,"author":{"gitId":"rexkoh425"},"content":"import java.util.Scanner;","lastModifiedDate":"2024-08-26","isFullCredit":false},{"lineNumber":2,"author":{"gitId":"rexkoh425"},"content":"","lastModifiedDate":"2024-08-26","isFullCredit":false},{"lineNumber":3,"author":{"gitId":"rexkoh425"},"content":"public class TheThinker {","lastModifiedDate":"2024-08-24","isFullCredit":false},{"lineNumber":4,"author":{"gitId":"rexkoh425"},"content":"","lastModifiedDate":"2024-08-24","isFullCredit":false},{"lineNumber":5,"author":{"gitId":"rexkoh425"},"content":"    public static final String NAME \u003d \"TheThinker\";","lastModifiedDate":"2024-08-29","isFullCredit":false},{"lineNumber":6,"author":{"gitId":"rexkoh425"},"content":"","lastModifiedDate":"2024-08-24","isFullCredit":false},{"lineNumber":7,"author":{"gitId":"rexkoh425"},"content":"    public static void main(String[] args) {","lastModifiedDate":"2024-08-24","isFullCredit":false},{"lineNumber":8,"author":{"gitId":"rexkoh425"},"content":"        printSeparation();","lastModifiedDate":"2024-08-27","isFullCredit":false},{"lineNumber":9,"author":{"gitId":"rexkoh425"},"content":"        printGreeting();","lastModifiedDate":"2024-08-27","isFullCredit":false},{"lineNumber":10,"author":{"gitId":"rexkoh425"},"content":"        printSeparation();","lastModifiedDate":"2024-08-27","isFullCredit":false},{"lineNumber":11,"author":{"gitId":"rexkoh425"},"content":"        Scanner in \u003d new Scanner(System.in);","lastModifiedDate":"2024-08-26","isFullCredit":false},{"lineNumber":12,"author":{"gitId":"rexkoh425"},"content":"        String userInput;","lastModifiedDate":"2024-08-26","isFullCredit":false},{"lineNumber":13,"author":{"gitId":"rexkoh425"},"content":"        List toDoList \u003d new List();","lastModifiedDate":"2024-08-26","isFullCredit":false},{"lineNumber":14,"author":{"gitId":"rexkoh425"},"content":"","lastModifiedDate":"2024-08-26","isFullCredit":false},{"lineNumber":15,"author":{"gitId":"rexkoh425"},"content":"        do{","lastModifiedDate":"2024-08-26","isFullCredit":false},{"lineNumber":16,"author":{"gitId":"rexkoh425"},"content":"            userInput \u003d in.nextLine();","lastModifiedDate":"2024-08-26","isFullCredit":false},{"lineNumber":17,"author":{"gitId":"rexkoh425"},"content":"            printSeparation();","lastModifiedDate":"2024-08-27","isFullCredit":false},{"lineNumber":18,"author":{"gitId":"rexkoh425"},"content":"","lastModifiedDate":"2024-08-27","isFullCredit":false},{"lineNumber":19,"author":{"gitId":"rexkoh425"},"content":"            if(hasMarkOrUnmark(userInput)){","lastModifiedDate":"2024-08-27","isFullCredit":false},{"lineNumber":20,"author":{"gitId":"rexkoh425"},"content":"","lastModifiedDate":"2024-08-29","isFullCredit":false},{"lineNumber":21,"author":{"gitId":"rexkoh425"},"content":"                String[] actionAndItemNumber \u003d userInput.split(\" \");","lastModifiedDate":"2024-08-27","isFullCredit":false},{"lineNumber":22,"author":{"gitId":"rexkoh425"},"content":"","lastModifiedDate":"2024-08-29","isFullCredit":false},{"lineNumber":23,"author":{"gitId":"rexkoh425"},"content":"                if(actionAndItemNumber[0].trim().equalsIgnoreCase(\"mark\")){","lastModifiedDate":"2024-08-27","isFullCredit":false},{"lineNumber":24,"author":{"gitId":"rexkoh425"},"content":"                    toDoList.setAsDone(Integer.parseInt(actionAndItemNumber[1].trim()));","lastModifiedDate":"2024-08-27","isFullCredit":false},{"lineNumber":25,"author":{"gitId":"rexkoh425"},"content":"                    continue;","lastModifiedDate":"2024-08-27","isFullCredit":false},{"lineNumber":26,"author":{"gitId":"rexkoh425"},"content":"","lastModifiedDate":"2024-08-29","isFullCredit":false},{"lineNumber":27,"author":{"gitId":"rexkoh425"},"content":"                }else if(actionAndItemNumber[0].trim().equalsIgnoreCase(\"unmark\")){","lastModifiedDate":"2024-08-27","isFullCredit":false},{"lineNumber":28,"author":{"gitId":"rexkoh425"},"content":"                    toDoList.setAsNotDone(Integer.parseInt(actionAndItemNumber[1].trim()));","lastModifiedDate":"2024-08-27","isFullCredit":false},{"lineNumber":29,"author":{"gitId":"rexkoh425"},"content":"                    continue;","lastModifiedDate":"2024-08-27","isFullCredit":false},{"lineNumber":30,"author":{"gitId":"rexkoh425"},"content":"                }","lastModifiedDate":"2024-08-27","isFullCredit":false},{"lineNumber":31,"author":{"gitId":"rexkoh425"},"content":"            }","lastModifiedDate":"2024-08-27","isFullCredit":false},{"lineNumber":32,"author":{"gitId":"rexkoh425"},"content":"","lastModifiedDate":"2024-08-27","isFullCredit":false},{"lineNumber":33,"author":{"gitId":"rexkoh425"},"content":"            switch(userInput){","lastModifiedDate":"2024-08-26","isFullCredit":false},{"lineNumber":34,"author":{"gitId":"rexkoh425"},"content":"            case \"bye\":","lastModifiedDate":"2024-08-26","isFullCredit":false},{"lineNumber":35,"author":{"gitId":"rexkoh425"},"content":"                printBye();","lastModifiedDate":"2024-08-27","isFullCredit":false},{"lineNumber":36,"author":{"gitId":"rexkoh425"},"content":"                break;","lastModifiedDate":"2024-08-26","isFullCredit":false},{"lineNumber":37,"author":{"gitId":"rexkoh425"},"content":"","lastModifiedDate":"2024-08-26","isFullCredit":false},{"lineNumber":38,"author":{"gitId":"rexkoh425"},"content":"            case \"list\":","lastModifiedDate":"2024-08-26","isFullCredit":false},{"lineNumber":39,"author":{"gitId":"rexkoh425"},"content":"                toDoList.listItems();","lastModifiedDate":"2024-08-26","isFullCredit":false},{"lineNumber":40,"author":{"gitId":"rexkoh425"},"content":"                break;","lastModifiedDate":"2024-08-26","isFullCredit":false},{"lineNumber":41,"author":{"gitId":"rexkoh425"},"content":"","lastModifiedDate":"2024-08-26","isFullCredit":false},{"lineNumber":42,"author":{"gitId":"rexkoh425"},"content":"            default:","lastModifiedDate":"2024-08-26","isFullCredit":false},{"lineNumber":43,"author":{"gitId":"rexkoh425"},"content":"                toDoList.addItem(userInput);","lastModifiedDate":"2024-08-26","isFullCredit":false},{"lineNumber":44,"author":{"gitId":"rexkoh425"},"content":"                System.out.println(\"added: \" + userInput);","lastModifiedDate":"2024-08-26","isFullCredit":false},{"lineNumber":45,"author":{"gitId":"rexkoh425"},"content":"                break;","lastModifiedDate":"2024-08-26","isFullCredit":false},{"lineNumber":46,"author":{"gitId":"rexkoh425"},"content":"            }","lastModifiedDate":"2024-08-26","isFullCredit":false},{"lineNumber":47,"author":{"gitId":"rexkoh425"},"content":"            printSeparation();","lastModifiedDate":"2024-08-27","isFullCredit":false},{"lineNumber":48,"author":{"gitId":"rexkoh425"},"content":"","lastModifiedDate":"2024-08-26","isFullCredit":false},{"lineNumber":49,"author":{"gitId":"rexkoh425"},"content":"        }while(!userInput.equals(\"bye\"));","lastModifiedDate":"2024-08-26","isFullCredit":false},{"lineNumber":50,"author":{"gitId":"rexkoh425"},"content":"    }","lastModifiedDate":"2024-08-24","isFullCredit":false},{"lineNumber":51,"author":{"gitId":"rexkoh425"},"content":"","lastModifiedDate":"2024-08-24","isFullCredit":false},{"lineNumber":52,"author":{"gitId":"rexkoh425"},"content":"    public static void printGreeting(){","lastModifiedDate":"2024-08-27","isFullCredit":false},{"lineNumber":53,"author":{"gitId":"rexkoh425"},"content":"        System.out.println(\"Hello! I\u0027m \" + NAME);","lastModifiedDate":"2024-08-29","isFullCredit":false},{"lineNumber":54,"author":{"gitId":"rexkoh425"},"content":"        System.out.println(\"What can I do for you?\");","lastModifiedDate":"2024-08-24","isFullCredit":false},{"lineNumber":55,"author":{"gitId":"rexkoh425"},"content":"    }","lastModifiedDate":"2024-08-24","isFullCredit":false},{"lineNumber":56,"author":{"gitId":"rexkoh425"},"content":"","lastModifiedDate":"2024-08-24","isFullCredit":false},{"lineNumber":57,"author":{"gitId":"rexkoh425"},"content":"    public static void printBye(){","lastModifiedDate":"2024-08-27","isFullCredit":false},{"lineNumber":58,"author":{"gitId":"rexkoh425"},"content":"        System.out.println(\"Bye. Hope to see you again soon!\");","lastModifiedDate":"2024-08-24","isFullCredit":false},{"lineNumber":59,"author":{"gitId":"rexkoh425"},"content":"    }","lastModifiedDate":"2024-08-24","isFullCredit":false},{"lineNumber":60,"author":{"gitId":"rexkoh425"},"content":"","lastModifiedDate":"2024-08-24","isFullCredit":false},{"lineNumber":61,"author":{"gitId":"rexkoh425"},"content":"    public static void printSeparation(){","lastModifiedDate":"2024-08-27","isFullCredit":false},{"lineNumber":62,"author":{"gitId":"rexkoh425"},"content":"        System.out.println(\"____________________________________________________________\");","lastModifiedDate":"2024-08-24","isFullCredit":false},{"lineNumber":63,"author":{"gitId":"rexkoh425"},"content":"    }","lastModifiedDate":"2024-08-24","isFullCredit":false},{"lineNumber":64,"author":{"gitId":"rexkoh425"},"content":"","lastModifiedDate":"2024-08-24","isFullCredit":false},{"lineNumber":65,"author":{"gitId":"rexkoh425"},"content":"    public static boolean hasMarkOrUnmark(String userInput){","lastModifiedDate":"2024-08-27","isFullCredit":false},{"lineNumber":66,"author":{"gitId":"rexkoh425"},"content":"        return(userInput.contains(\"mark\") || userInput.contains(\"unmark\"));","lastModifiedDate":"2024-08-27","isFullCredit":false},{"lineNumber":67,"author":{"gitId":"rexkoh425"},"content":"    }","lastModifiedDate":"2024-08-27","isFullCredit":false},{"lineNumber":68,"author":{"gitId":"rexkoh425"},"content":"","lastModifiedDate":"2024-08-27","isFullCredit":false},{"lineNumber":69,"author":{"gitId":"rexkoh425"},"content":"}","lastModifiedDate":"2024-08-24","isFullCredit":false}],"authorContributionMap":{"rexkoh425":69}}]
