[{"path":"src/main/java/TheThinker/Command/TheThinker.java","fileType":"java","lines":[{"lineNumber":1,"author":{"gitId":"rexkoh425"},"content":"package TheThinker.Command;","lastModifiedDate":"2024-09-09","isFullCredit":false},{"lineNumber":2,"author":{"gitId":"rexkoh425"},"content":"import TheThinker.Exceptions.FormattingException;","lastModifiedDate":"2024-09-09","isFullCredit":false},{"lineNumber":3,"author":{"gitId":"rexkoh425"},"content":"import TheThinker.NewFile.NewFile;","lastModifiedDate":"2024-09-14","isFullCredit":false},{"lineNumber":4,"author":{"gitId":"rexkoh425"},"content":"import TheThinker.Tasks.Task;","lastModifiedDate":"2024-09-09","isFullCredit":false},{"lineNumber":5,"author":{"gitId":"rexkoh425"},"content":"import TheThinker.Parser.UserInputParser;","lastModifiedDate":"2024-09-09","isFullCredit":false},{"lineNumber":6,"author":{"gitId":"rexkoh425"},"content":"import java.io.FileNotFoundException;","lastModifiedDate":"2024-09-14","isFullCredit":false},{"lineNumber":7,"author":{"gitId":"rexkoh425"},"content":"import java.io.IOException;","lastModifiedDate":"2024-09-14","isFullCredit":false},{"lineNumber":8,"author":{"gitId":"rexkoh425"},"content":"","lastModifiedDate":"2024-09-09","isFullCredit":false},{"lineNumber":9,"author":{"gitId":"rexkoh425"},"content":"public class TheThinker {","lastModifiedDate":"2024-08-24","isFullCredit":false},{"lineNumber":10,"author":{"gitId":"rexkoh425"},"content":"","lastModifiedDate":"2024-08-24","isFullCredit":false},{"lineNumber":11,"author":{"gitId":"rexkoh425"},"content":"    public static final String NAME \u003d \"TheThinker\";","lastModifiedDate":"2024-08-29","isFullCredit":false},{"lineNumber":12,"author":{"gitId":"rexkoh425"},"content":"","lastModifiedDate":"2024-08-24","isFullCredit":false},{"lineNumber":13,"author":{"gitId":"rexkoh425"},"content":"    public static void main(String[] args) {","lastModifiedDate":"2024-08-24","isFullCredit":false},{"lineNumber":14,"author":{"gitId":"rexkoh425"},"content":"","lastModifiedDate":"2024-08-31","isFullCredit":false},{"lineNumber":15,"author":{"gitId":"rexkoh425"},"content":"        printLoadingText();","lastModifiedDate":"2024-09-14","isFullCredit":false},{"lineNumber":16,"author":{"gitId":"rexkoh425"},"content":"        NewFile data \u003d null;","lastModifiedDate":"2024-09-14","isFullCredit":false},{"lineNumber":17,"author":{"gitId":"rexkoh425"},"content":"","lastModifiedDate":"2024-09-14","isFullCredit":false},{"lineNumber":18,"author":{"gitId":"rexkoh425"},"content":"        try {","lastModifiedDate":"2024-09-14","isFullCredit":false},{"lineNumber":19,"author":{"gitId":"rexkoh425"},"content":"            data \u003d new NewFile(\"TaskContents.txt\");","lastModifiedDate":"2024-09-14","isFullCredit":false},{"lineNumber":20,"author":{"gitId":"rexkoh425"},"content":"            data.loadFile();","lastModifiedDate":"2024-09-14","isFullCredit":false},{"lineNumber":21,"author":{"gitId":"rexkoh425"},"content":"        } catch (FileNotFoundException e) {","lastModifiedDate":"2024-09-14","isFullCredit":false},{"lineNumber":22,"author":{"gitId":"rexkoh425"},"content":"            System.out.println(\"File not found. No data loaded. Please create the file under Data directory\");","lastModifiedDate":"2024-09-14","isFullCredit":false},{"lineNumber":23,"author":{"gitId":"rexkoh425"},"content":"        }","lastModifiedDate":"2024-09-14","isFullCredit":false},{"lineNumber":24,"author":{"gitId":"rexkoh425"},"content":"","lastModifiedDate":"2024-09-14","isFullCredit":false},{"lineNumber":25,"author":{"gitId":"rexkoh425"},"content":"        printGreeting();","lastModifiedDate":"2024-08-27","isFullCredit":false},{"lineNumber":26,"author":{"gitId":"rexkoh425"},"content":"        String userInput;","lastModifiedDate":"2024-09-01","isFullCredit":false},{"lineNumber":27,"author":{"gitId":"rexkoh425"},"content":"","lastModifiedDate":"2024-08-26","isFullCredit":false},{"lineNumber":28,"author":{"gitId":"rexkoh425"},"content":"        do{","lastModifiedDate":"2024-08-26","isFullCredit":false},{"lineNumber":29,"author":{"gitId":"rexkoh425"},"content":"            userInput \u003d UserInputParser.getUserInput();","lastModifiedDate":"2024-09-01","isFullCredit":false},{"lineNumber":30,"author":{"gitId":"rexkoh425"},"content":"            String userAction \u003d UserInputParser.parseUserAction();","lastModifiedDate":"2024-09-01","isFullCredit":false},{"lineNumber":31,"author":{"gitId":"rexkoh425"},"content":"            doTaskAccordingToUserAction(userAction);","lastModifiedDate":"2024-09-01","isFullCredit":false},{"lineNumber":32,"author":{"gitId":"rexkoh425"},"content":"            try {","lastModifiedDate":"2024-09-14","isFullCredit":false},{"lineNumber":33,"author":{"gitId":"rexkoh425"},"content":"                data.writeTaskToFile();","lastModifiedDate":"2024-09-14","isFullCredit":false},{"lineNumber":34,"author":{"gitId":"rexkoh425"},"content":"            } catch (IOException e) {","lastModifiedDate":"2024-09-14","isFullCredit":false},{"lineNumber":35,"author":{"gitId":"rexkoh425"},"content":"                System.out.println(\"Failed to write task to file\");","lastModifiedDate":"2024-09-14","isFullCredit":false},{"lineNumber":36,"author":{"gitId":"rexkoh425"},"content":"            }","lastModifiedDate":"2024-09-14","isFullCredit":false},{"lineNumber":37,"author":{"gitId":"rexkoh425"},"content":"        }while(!userInput.equals(\"bye\"));","lastModifiedDate":"2024-09-01","isFullCredit":false},{"lineNumber":38,"author":{"gitId":"rexkoh425"},"content":"    }","lastModifiedDate":"2024-09-01","isFullCredit":false},{"lineNumber":39,"author":{"gitId":"rexkoh425"},"content":"","lastModifiedDate":"2024-09-01","isFullCredit":false},{"lineNumber":40,"author":{"gitId":"rexkoh425"},"content":"    public static void printGreeting(){","lastModifiedDate":"2024-09-01","isFullCredit":false},{"lineNumber":41,"author":{"gitId":"rexkoh425"},"content":"        printSeparation();","lastModifiedDate":"2024-08-27","isFullCredit":false},{"lineNumber":42,"author":{"gitId":"rexkoh425"},"content":"        System.out.println(\"Hello! I\u0027m \" + NAME);","lastModifiedDate":"2024-09-01","isFullCredit":false},{"lineNumber":43,"author":{"gitId":"rexkoh425"},"content":"        System.out.println(\"What can I do for you?\");","lastModifiedDate":"2024-09-01","isFullCredit":false},{"lineNumber":44,"author":{"gitId":"rexkoh425"},"content":"        printSeparation();","lastModifiedDate":"2024-09-01","isFullCredit":false},{"lineNumber":45,"author":{"gitId":"rexkoh425"},"content":"    }","lastModifiedDate":"2024-09-01","isFullCredit":false},{"lineNumber":46,"author":{"gitId":"rexkoh425"},"content":"","lastModifiedDate":"2024-08-27","isFullCredit":false},{"lineNumber":47,"author":{"gitId":"rexkoh425"},"content":"    public static void printBye(){","lastModifiedDate":"2024-09-01","isFullCredit":false},{"lineNumber":48,"author":{"gitId":"rexkoh425"},"content":"        System.out.println(\"Bye. Hope to see you again soon!\");","lastModifiedDate":"2024-09-01","isFullCredit":false},{"lineNumber":49,"author":{"gitId":"rexkoh425"},"content":"    }","lastModifiedDate":"2024-09-01","isFullCredit":false},{"lineNumber":50,"author":{"gitId":"rexkoh425"},"content":"","lastModifiedDate":"2024-08-29","isFullCredit":false},{"lineNumber":51,"author":{"gitId":"rexkoh425"},"content":"    public static void printSeparation(){","lastModifiedDate":"2024-09-01","isFullCredit":false},{"lineNumber":52,"author":{"gitId":"rexkoh425"},"content":"        System.out.println(\"_\".repeat(60));","lastModifiedDate":"2024-09-09","isFullCredit":false},{"lineNumber":53,"author":{"gitId":"rexkoh425"},"content":"    }","lastModifiedDate":"2024-09-01","isFullCredit":false},{"lineNumber":54,"author":{"gitId":"rexkoh425"},"content":"","lastModifiedDate":"2024-09-01","isFullCredit":false},{"lineNumber":55,"author":{"gitId":"rexkoh425"},"content":"    public static void doTaskAccordingToUserAction(String userAction){","lastModifiedDate":"2024-09-01","isFullCredit":false},{"lineNumber":56,"author":{"gitId":"rexkoh425"},"content":"        printSeparation();","lastModifiedDate":"2024-09-01","isFullCredit":false},{"lineNumber":57,"author":{"gitId":"rexkoh425"},"content":"        try {","lastModifiedDate":"2024-09-09","isFullCredit":false},{"lineNumber":58,"author":{"gitId":"rexkoh425"},"content":"            switch (userAction) {","lastModifiedDate":"2024-08-31","isFullCredit":false},{"lineNumber":59,"author":{"gitId":"rexkoh425"},"content":"","lastModifiedDate":"2024-08-29","isFullCredit":false},{"lineNumber":60,"author":{"gitId":"rexkoh425"},"content":"            case \"mark\":","lastModifiedDate":"2024-08-31","isFullCredit":false},{"lineNumber":61,"author":{"gitId":"rexkoh425"},"content":"                int numberToMark \u003d UserInputParser.parseNumberAfterTask();","lastModifiedDate":"2024-09-13","isFullCredit":false},{"lineNumber":62,"author":{"gitId":"rexkoh425"},"content":"                Task.setAsDone(numberToMark);","lastModifiedDate":"2024-09-01","isFullCredit":false},{"lineNumber":63,"author":{"gitId":"rexkoh425"},"content":"                break;","lastModifiedDate":"2024-08-31","isFullCredit":false},{"lineNumber":64,"author":{"gitId":"rexkoh425"},"content":"","lastModifiedDate":"2024-08-29","isFullCredit":false},{"lineNumber":65,"author":{"gitId":"rexkoh425"},"content":"            case \"unmark\":","lastModifiedDate":"2024-08-31","isFullCredit":false},{"lineNumber":66,"author":{"gitId":"rexkoh425"},"content":"                int numberToUnmark \u003d UserInputParser.parseNumberAfterTask();","lastModifiedDate":"2024-09-13","isFullCredit":false},{"lineNumber":67,"author":{"gitId":"rexkoh425"},"content":"                Task.setAsNotDone(numberToUnmark);","lastModifiedDate":"2024-09-01","isFullCredit":false},{"lineNumber":68,"author":{"gitId":"rexkoh425"},"content":"                break;","lastModifiedDate":"2024-08-31","isFullCredit":false},{"lineNumber":69,"author":{"gitId":"rexkoh425"},"content":"","lastModifiedDate":"2024-08-31","isFullCredit":false},{"lineNumber":70,"author":{"gitId":"rexkoh425"},"content":"            case \"delete\" :","lastModifiedDate":"2024-09-13","isFullCredit":false},{"lineNumber":71,"author":{"gitId":"rexkoh425"},"content":"                int numberToDelete \u003d UserInputParser.parseNumberAfterTask();","lastModifiedDate":"2024-09-13","isFullCredit":false},{"lineNumber":72,"author":{"gitId":"rexkoh425"},"content":"                Task.deleteTask(numberToDelete);","lastModifiedDate":"2024-09-13","isFullCredit":false},{"lineNumber":73,"author":{"gitId":"rexkoh425"},"content":"                break;","lastModifiedDate":"2024-09-13","isFullCredit":false},{"lineNumber":74,"author":{"gitId":"rexkoh425"},"content":"","lastModifiedDate":"2024-09-13","isFullCredit":false},{"lineNumber":75,"author":{"gitId":"rexkoh425"},"content":"            case \"todo\":","lastModifiedDate":"2024-08-31","isFullCredit":false},{"lineNumber":76,"author":{"gitId":"rexkoh425"},"content":"                Task.addTask(UserInputParser.parseTodo());","lastModifiedDate":"2024-09-09","isFullCredit":false},{"lineNumber":77,"author":{"gitId":"rexkoh425"},"content":"                break;","lastModifiedDate":"2024-08-31","isFullCredit":false},{"lineNumber":78,"author":{"gitId":"rexkoh425"},"content":"","lastModifiedDate":"2024-08-31","isFullCredit":false},{"lineNumber":79,"author":{"gitId":"rexkoh425"},"content":"            case \"event\":","lastModifiedDate":"2024-08-31","isFullCredit":false},{"lineNumber":80,"author":{"gitId":"rexkoh425"},"content":"                Task.addTask(UserInputParser.parseEvent());","lastModifiedDate":"2024-09-01","isFullCredit":false},{"lineNumber":81,"author":{"gitId":"rexkoh425"},"content":"                break;","lastModifiedDate":"2024-08-31","isFullCredit":false},{"lineNumber":82,"author":{"gitId":"rexkoh425"},"content":"","lastModifiedDate":"2024-08-31","isFullCredit":false},{"lineNumber":83,"author":{"gitId":"rexkoh425"},"content":"            case \"deadline\":","lastModifiedDate":"2024-08-31","isFullCredit":false},{"lineNumber":84,"author":{"gitId":"rexkoh425"},"content":"                Task.addTask(UserInputParser.parseDeadline());","lastModifiedDate":"2024-09-01","isFullCredit":false},{"lineNumber":85,"author":{"gitId":"rexkoh425"},"content":"                break;","lastModifiedDate":"2024-08-31","isFullCredit":false},{"lineNumber":86,"author":{"gitId":"rexkoh425"},"content":"","lastModifiedDate":"2024-08-27","isFullCredit":false},{"lineNumber":87,"author":{"gitId":"rexkoh425"},"content":"            case \"bye\":","lastModifiedDate":"2024-08-26","isFullCredit":false},{"lineNumber":88,"author":{"gitId":"rexkoh425"},"content":"                printBye();","lastModifiedDate":"2024-08-27","isFullCredit":false},{"lineNumber":89,"author":{"gitId":"rexkoh425"},"content":"                break;","lastModifiedDate":"2024-08-26","isFullCredit":false},{"lineNumber":90,"author":{"gitId":"rexkoh425"},"content":"","lastModifiedDate":"2024-08-26","isFullCredit":false},{"lineNumber":91,"author":{"gitId":"rexkoh425"},"content":"            case \"list\":","lastModifiedDate":"2024-08-26","isFullCredit":false},{"lineNumber":92,"author":{"gitId":"rexkoh425"},"content":"                Task.listTasks();","lastModifiedDate":"2024-08-31","isFullCredit":false},{"lineNumber":93,"author":{"gitId":"rexkoh425"},"content":"                break;","lastModifiedDate":"2024-08-26","isFullCredit":false},{"lineNumber":94,"author":{"gitId":"rexkoh425"},"content":"","lastModifiedDate":"2024-08-26","isFullCredit":false},{"lineNumber":95,"author":{"gitId":"rexkoh425"},"content":"            case \"help\":","lastModifiedDate":"2024-09-09","isFullCredit":false},{"lineNumber":96,"author":{"gitId":"rexkoh425"},"content":"                printHelp();","lastModifiedDate":"2024-09-09","isFullCredit":false},{"lineNumber":97,"author":{"gitId":"rexkoh425"},"content":"                break;","lastModifiedDate":"2024-09-09","isFullCredit":false},{"lineNumber":98,"author":{"gitId":"rexkoh425"},"content":"","lastModifiedDate":"2024-09-09","isFullCredit":false},{"lineNumber":99,"author":{"gitId":"rexkoh425"},"content":"            default:","lastModifiedDate":"2024-08-26","isFullCredit":false},{"lineNumber":100,"author":{"gitId":"rexkoh425"},"content":"                printCommands();","lastModifiedDate":"2024-09-09","isFullCredit":false},{"lineNumber":101,"author":{"gitId":"rexkoh425"},"content":"                break;","lastModifiedDate":"2024-08-26","isFullCredit":false},{"lineNumber":102,"author":{"gitId":"rexkoh425"},"content":"            }","lastModifiedDate":"2024-08-26","isFullCredit":false},{"lineNumber":103,"author":{"gitId":"rexkoh425"},"content":"            printSeparation();","lastModifiedDate":"2024-08-27","isFullCredit":false},{"lineNumber":104,"author":{"gitId":"rexkoh425"},"content":"","lastModifiedDate":"2024-09-09","isFullCredit":false},{"lineNumber":105,"author":{"gitId":"rexkoh425"},"content":"        }catch(FormattingException e){","lastModifiedDate":"2024-09-09","isFullCredit":false},{"lineNumber":106,"author":{"gitId":"rexkoh425"},"content":"            e.printErrorMessage();","lastModifiedDate":"2024-09-09","isFullCredit":false},{"lineNumber":107,"author":{"gitId":"rexkoh425"},"content":"","lastModifiedDate":"2024-09-09","isFullCredit":false},{"lineNumber":108,"author":{"gitId":"rexkoh425"},"content":"        }catch(IndexOutOfBoundsException e){","lastModifiedDate":"2024-09-09","isFullCredit":false},{"lineNumber":109,"author":{"gitId":"rexkoh425"},"content":"            System.out.println(\"try again with the correct format\");","lastModifiedDate":"2024-09-09","isFullCredit":false},{"lineNumber":110,"author":{"gitId":"rexkoh425"},"content":"","lastModifiedDate":"2024-09-09","isFullCredit":false},{"lineNumber":111,"author":{"gitId":"rexkoh425"},"content":"        }catch (NumberFormatException e){","lastModifiedDate":"2024-09-09","isFullCredit":false},{"lineNumber":112,"author":{"gitId":"rexkoh425"},"content":"            System.out.println(\"The task number after [mark] is not a number / not in the correct format\");","lastModifiedDate":"2024-09-09","isFullCredit":false},{"lineNumber":113,"author":{"gitId":"rexkoh425"},"content":"","lastModifiedDate":"2024-09-09","isFullCredit":false},{"lineNumber":114,"author":{"gitId":"rexkoh425"},"content":"        }","lastModifiedDate":"2024-09-09","isFullCredit":false},{"lineNumber":115,"author":{"gitId":"rexkoh425"},"content":"    }","lastModifiedDate":"2024-08-27","isFullCredit":false},{"lineNumber":116,"author":{"gitId":"rexkoh425"},"content":"","lastModifiedDate":"2024-08-27","isFullCredit":false},{"lineNumber":117,"author":{"gitId":"rexkoh425"},"content":"    public static void printHelp(){","lastModifiedDate":"2024-09-09","isFullCredit":false},{"lineNumber":118,"author":{"gitId":"rexkoh425"},"content":"        System.out.println(\"Formats for the commands are : \");","lastModifiedDate":"2024-09-09","isFullCredit":false},{"lineNumber":119,"author":{"gitId":"rexkoh425"},"content":"        System.out.println(\"mark : mark [number]\");","lastModifiedDate":"2024-09-09","isFullCredit":false},{"lineNumber":120,"author":{"gitId":"rexkoh425"},"content":"        System.out.println(\"unmark : unmark [number]\");","lastModifiedDate":"2024-09-09","isFullCredit":false},{"lineNumber":121,"author":{"gitId":"rexkoh425"},"content":"        System.out.println(\"delete : delete [number]\");","lastModifiedDate":"2024-09-13","isFullCredit":false},{"lineNumber":122,"author":{"gitId":"rexkoh425"},"content":"        System.out.println(\"todo : todo [task]\");","lastModifiedDate":"2024-09-09","isFullCredit":false},{"lineNumber":123,"author":{"gitId":"rexkoh425"},"content":"        System.out.println(\"event : event [task] /from [start time] /by [end time]\");","lastModifiedDate":"2024-09-09","isFullCredit":false},{"lineNumber":124,"author":{"gitId":"rexkoh425"},"content":"        System.out.println(\"deadline : deadline [task] /by [time]\");","lastModifiedDate":"2024-09-09","isFullCredit":false},{"lineNumber":125,"author":{"gitId":"rexkoh425"},"content":"    }","lastModifiedDate":"2024-09-09","isFullCredit":false},{"lineNumber":126,"author":{"gitId":"rexkoh425"},"content":"","lastModifiedDate":"2024-09-09","isFullCredit":false},{"lineNumber":127,"author":{"gitId":"rexkoh425"},"content":"    public static void printCommands(){","lastModifiedDate":"2024-09-09","isFullCredit":false},{"lineNumber":128,"author":{"gitId":"rexkoh425"},"content":"        System.out.println(\"Command entered is not valid. Available commands are\");","lastModifiedDate":"2024-09-09","isFullCredit":false},{"lineNumber":129,"author":{"gitId":"rexkoh425"},"content":"        String[] commands \u003d {\"mark\" , \"unmark\" , \"todo\" , \"delete\", \"event\" , \"deadline\" , \"list\" , \"bye\" , \"help (get format)\"};","lastModifiedDate":"2024-09-13","isFullCredit":false},{"lineNumber":130,"author":{"gitId":"rexkoh425"},"content":"        for(String command : commands){","lastModifiedDate":"2024-09-09","isFullCredit":false},{"lineNumber":131,"author":{"gitId":"rexkoh425"},"content":"            System.out.println(\"- \" + command);","lastModifiedDate":"2024-09-09","isFullCredit":false},{"lineNumber":132,"author":{"gitId":"rexkoh425"},"content":"        }","lastModifiedDate":"2024-09-09","isFullCredit":false},{"lineNumber":133,"author":{"gitId":"rexkoh425"},"content":"    }","lastModifiedDate":"2024-09-09","isFullCredit":false},{"lineNumber":134,"author":{"gitId":"rexkoh425"},"content":"","lastModifiedDate":"2024-09-09","isFullCredit":false},{"lineNumber":135,"author":{"gitId":"rexkoh425"},"content":"    public static void printLoadingText(){","lastModifiedDate":"2024-09-14","isFullCredit":false},{"lineNumber":136,"author":{"gitId":"rexkoh425"},"content":"        System.out.println(\"Loading file now........\");","lastModifiedDate":"2024-09-14","isFullCredit":false},{"lineNumber":137,"author":{"gitId":"rexkoh425"},"content":"    }","lastModifiedDate":"2024-09-14","isFullCredit":false},{"lineNumber":138,"author":{"gitId":"rexkoh425"},"content":"","lastModifiedDate":"2024-09-14","isFullCredit":false},{"lineNumber":139,"author":{"gitId":"rexkoh425"},"content":"}","lastModifiedDate":"2024-08-24","isFullCredit":false}],"authorContributionMap":{"rexkoh425":139}},{"path":"src/main/java/TheThinker/Data/TaskContents.txt","fileType":"txt","lines":[{"lineNumber":1,"author":{"gitId":"rexkoh425"},"content":"T | false | read book","lastModifiedDate":"2024-09-14","isFullCredit":false},{"lineNumber":2,"author":{"gitId":"rexkoh425"},"content":"T | false | return book","lastModifiedDate":"2024-09-14","isFullCredit":false},{"lineNumber":3,"author":{"gitId":"rexkoh425"},"content":"E | false | project meeting | Aug 6th 2pm | 4pm","lastModifiedDate":"2024-09-14","isFullCredit":false},{"lineNumber":4,"author":{"gitId":"rexkoh425"},"content":"T | false | join sports club","lastModifiedDate":"2024-09-14","isFullCredit":false}],"authorContributionMap":{"rexkoh425":4}},{"path":"src/main/java/TheThinker/Exceptions/FormattingException.java","fileType":"java","lines":[{"lineNumber":1,"author":{"gitId":"rexkoh425"},"content":"package TheThinker.Exceptions;","lastModifiedDate":"2024-09-09","isFullCredit":false},{"lineNumber":2,"author":{"gitId":"rexkoh425"},"content":"","lastModifiedDate":"2024-09-09","isFullCredit":false},{"lineNumber":3,"author":{"gitId":"rexkoh425"},"content":"public class FormattingException extends Exception{","lastModifiedDate":"2024-09-09","isFullCredit":false},{"lineNumber":4,"author":{"gitId":"rexkoh425"},"content":"","lastModifiedDate":"2024-09-09","isFullCredit":false},{"lineNumber":5,"author":{"gitId":"rexkoh425"},"content":"    public FormattingException(String message){","lastModifiedDate":"2024-09-09","isFullCredit":false},{"lineNumber":6,"author":{"gitId":"rexkoh425"},"content":"        super(message);","lastModifiedDate":"2024-09-09","isFullCredit":false},{"lineNumber":7,"author":{"gitId":"rexkoh425"},"content":"    }","lastModifiedDate":"2024-09-09","isFullCredit":false},{"lineNumber":8,"author":{"gitId":"rexkoh425"},"content":"","lastModifiedDate":"2024-09-09","isFullCredit":false},{"lineNumber":9,"author":{"gitId":"rexkoh425"},"content":"    public void printErrorMessage(){","lastModifiedDate":"2024-09-09","isFullCredit":false},{"lineNumber":10,"author":{"gitId":"rexkoh425"},"content":"        System.out.println(this.getMessage());","lastModifiedDate":"2024-09-09","isFullCredit":false},{"lineNumber":11,"author":{"gitId":"rexkoh425"},"content":"        System.out.println(\"_\".repeat(60));","lastModifiedDate":"2024-09-09","isFullCredit":false},{"lineNumber":12,"author":{"gitId":"rexkoh425"},"content":"    }","lastModifiedDate":"2024-09-09","isFullCredit":false},{"lineNumber":13,"author":{"gitId":"rexkoh425"},"content":"}","lastModifiedDate":"2024-09-09","isFullCredit":false}],"authorContributionMap":{"rexkoh425":13}},{"path":"src/main/java/TheThinker/NewFile/NewFile.java","fileType":"java","lines":[{"lineNumber":1,"author":{"gitId":"rexkoh425"},"content":"package TheThinker.NewFile;","lastModifiedDate":"2024-09-13","isFullCredit":false},{"lineNumber":2,"author":{"gitId":"rexkoh425"},"content":"import TheThinker.Command.TheThinker;","lastModifiedDate":"2024-09-14","isFullCredit":false},{"lineNumber":3,"author":{"gitId":"rexkoh425"},"content":"import TheThinker.Tasks.Deadline;","lastModifiedDate":"2024-09-14","isFullCredit":false},{"lineNumber":4,"author":{"gitId":"rexkoh425"},"content":"import TheThinker.Tasks.Event;","lastModifiedDate":"2024-09-14","isFullCredit":false},{"lineNumber":5,"author":{"gitId":"rexkoh425"},"content":"import TheThinker.Tasks.Task;","lastModifiedDate":"2024-09-14","isFullCredit":false},{"lineNumber":6,"author":{"gitId":"rexkoh425"},"content":"import TheThinker.Tasks.Todo;","lastModifiedDate":"2024-09-14","isFullCredit":false},{"lineNumber":7,"author":{"gitId":"rexkoh425"},"content":"import java.io.FileWriter;","lastModifiedDate":"2024-09-14","isFullCredit":false},{"lineNumber":8,"author":{"gitId":"rexkoh425"},"content":"import java.io.File;","lastModifiedDate":"2024-09-13","isFullCredit":false},{"lineNumber":9,"author":{"gitId":"rexkoh425"},"content":"import java.io.FileNotFoundException;","lastModifiedDate":"2024-09-13","isFullCredit":false},{"lineNumber":10,"author":{"gitId":"rexkoh425"},"content":"import java.util.Scanner;","lastModifiedDate":"2024-09-13","isFullCredit":false},{"lineNumber":11,"author":{"gitId":"rexkoh425"},"content":"import java.io.IOException;","lastModifiedDate":"2024-09-14","isFullCredit":false},{"lineNumber":12,"author":{"gitId":"rexkoh425"},"content":"","lastModifiedDate":"2024-09-13","isFullCredit":false},{"lineNumber":13,"author":{"gitId":"rexkoh425"},"content":"public class NewFile {","lastModifiedDate":"2024-09-13","isFullCredit":false},{"lineNumber":14,"author":{"gitId":"rexkoh425"},"content":"","lastModifiedDate":"2024-09-13","isFullCredit":false},{"lineNumber":15,"author":{"gitId":"rexkoh425"},"content":"    public File file;","lastModifiedDate":"2024-09-13","isFullCredit":false},{"lineNumber":16,"author":{"gitId":"rexkoh425"},"content":"","lastModifiedDate":"2024-09-13","isFullCredit":false},{"lineNumber":17,"author":{"gitId":"rexkoh425"},"content":"    public NewFile(String filename) {","lastModifiedDate":"2024-09-13","isFullCredit":false},{"lineNumber":18,"author":{"gitId":"rexkoh425"},"content":"        File directory \u003d new File(\"src/main/java/TheThinker/Data\");","lastModifiedDate":"2024-09-14","isFullCredit":false},{"lineNumber":19,"author":{"gitId":"rexkoh425"},"content":"","lastModifiedDate":"2024-09-14","isFullCredit":false},{"lineNumber":20,"author":{"gitId":"rexkoh425"},"content":"        if (!directory.exists() || !directory.isDirectory()) {","lastModifiedDate":"2024-09-14","isFullCredit":false},{"lineNumber":21,"author":{"gitId":"rexkoh425"},"content":"            System.out.println(\"Directory Data does not exist\");","lastModifiedDate":"2024-09-14","isFullCredit":false},{"lineNumber":22,"author":{"gitId":"rexkoh425"},"content":"            System.out.println(\"Please create Package /Data under src/main/java/TheThinker/\");","lastModifiedDate":"2024-09-14","isFullCredit":false},{"lineNumber":23,"author":{"gitId":"rexkoh425"},"content":"        }","lastModifiedDate":"2024-09-14","isFullCredit":false},{"lineNumber":24,"author":{"gitId":"rexkoh425"},"content":"","lastModifiedDate":"2024-09-14","isFullCredit":false},{"lineNumber":25,"author":{"gitId":"rexkoh425"},"content":"        this.file \u003d new File(\"src/main/java/TheThinker/Data/\" + filename);","lastModifiedDate":"2024-09-14","isFullCredit":false},{"lineNumber":26,"author":{"gitId":"rexkoh425"},"content":"    }","lastModifiedDate":"2024-09-13","isFullCredit":false},{"lineNumber":27,"author":{"gitId":"rexkoh425"},"content":"","lastModifiedDate":"2024-09-13","isFullCredit":false},{"lineNumber":28,"author":{"gitId":"rexkoh425"},"content":"    public void loadFile() throws FileNotFoundException {","lastModifiedDate":"2024-09-14","isFullCredit":false},{"lineNumber":29,"author":{"gitId":"rexkoh425"},"content":"        Scanner SCANNER \u003d new Scanner(this.file);","lastModifiedDate":"2024-09-13","isFullCredit":false},{"lineNumber":30,"author":{"gitId":"rexkoh425"},"content":"","lastModifiedDate":"2024-09-14","isFullCredit":false},{"lineNumber":31,"author":{"gitId":"rexkoh425"},"content":"        while (SCANNER.hasNext()) {","lastModifiedDate":"2024-09-13","isFullCredit":false},{"lineNumber":32,"author":{"gitId":"rexkoh425"},"content":"            String input \u003d SCANNER.nextLine();","lastModifiedDate":"2024-09-14","isFullCredit":false},{"lineNumber":33,"author":{"gitId":"rexkoh425"},"content":"            String[] parameters \u003d input.split(\" \\\\| \");","lastModifiedDate":"2024-09-14","isFullCredit":false},{"lineNumber":34,"author":{"gitId":"rexkoh425"},"content":"            doAccordingToParameters(parameters);","lastModifiedDate":"2024-09-14","isFullCredit":false},{"lineNumber":35,"author":{"gitId":"rexkoh425"},"content":"        }","lastModifiedDate":"2024-09-13","isFullCredit":false},{"lineNumber":36,"author":{"gitId":"rexkoh425"},"content":"","lastModifiedDate":"2024-09-13","isFullCredit":false},{"lineNumber":37,"author":{"gitId":"rexkoh425"},"content":"        System.out.println(\"File data loaded\");","lastModifiedDate":"2024-09-14","isFullCredit":false},{"lineNumber":38,"author":{"gitId":"rexkoh425"},"content":"        TheThinker.printSeparation();","lastModifiedDate":"2024-09-14","isFullCredit":false},{"lineNumber":39,"author":{"gitId":"rexkoh425"},"content":"        Task.listTasks();","lastModifiedDate":"2024-09-14","isFullCredit":false},{"lineNumber":40,"author":{"gitId":"rexkoh425"},"content":"    }","lastModifiedDate":"2024-09-13","isFullCredit":false},{"lineNumber":41,"author":{"gitId":"rexkoh425"},"content":"","lastModifiedDate":"2024-09-13","isFullCredit":false},{"lineNumber":42,"author":{"gitId":"rexkoh425"},"content":"    public void doAccordingToParameters(String[] parameters){","lastModifiedDate":"2024-09-14","isFullCredit":false},{"lineNumber":43,"author":{"gitId":"rexkoh425"},"content":"        switch (parameters[0]) {","lastModifiedDate":"2024-09-14","isFullCredit":false},{"lineNumber":44,"author":{"gitId":"rexkoh425"},"content":"            case \"T\" :","lastModifiedDate":"2024-09-14","isFullCredit":false},{"lineNumber":45,"author":{"gitId":"rexkoh425"},"content":"                Task.addTaskWithoutResponse(new Todo(parameters[2]));","lastModifiedDate":"2024-09-14","isFullCredit":false},{"lineNumber":46,"author":{"gitId":"rexkoh425"},"content":"                if(Boolean.parseBoolean(parameters[1])){","lastModifiedDate":"2024-09-14","isFullCredit":false},{"lineNumber":47,"author":{"gitId":"rexkoh425"},"content":"                    Task.setAsDone(Task.listLength);","lastModifiedDate":"2024-09-14","isFullCredit":false},{"lineNumber":48,"author":{"gitId":"rexkoh425"},"content":"                }","lastModifiedDate":"2024-09-14","isFullCredit":false},{"lineNumber":49,"author":{"gitId":"rexkoh425"},"content":"                break;","lastModifiedDate":"2024-09-14","isFullCredit":false},{"lineNumber":50,"author":{"gitId":"rexkoh425"},"content":"            case \"E\" :","lastModifiedDate":"2024-09-14","isFullCredit":false},{"lineNumber":51,"author":{"gitId":"rexkoh425"},"content":"                Task.addTaskWithoutResponse(new Event(parameters[2] , parameters[3] , parameters[4]));","lastModifiedDate":"2024-09-14","isFullCredit":false},{"lineNumber":52,"author":{"gitId":"rexkoh425"},"content":"                if(Boolean.parseBoolean(parameters[1])){","lastModifiedDate":"2024-09-14","isFullCredit":false},{"lineNumber":53,"author":{"gitId":"rexkoh425"},"content":"                    Task.setAsDone(Task.listLength);","lastModifiedDate":"2024-09-14","isFullCredit":false},{"lineNumber":54,"author":{"gitId":"rexkoh425"},"content":"                }","lastModifiedDate":"2024-09-14","isFullCredit":false},{"lineNumber":55,"author":{"gitId":"rexkoh425"},"content":"                break;","lastModifiedDate":"2024-09-14","isFullCredit":false},{"lineNumber":56,"author":{"gitId":"rexkoh425"},"content":"","lastModifiedDate":"2024-09-14","isFullCredit":false},{"lineNumber":57,"author":{"gitId":"rexkoh425"},"content":"            case \"D\" :","lastModifiedDate":"2024-09-14","isFullCredit":false},{"lineNumber":58,"author":{"gitId":"rexkoh425"},"content":"                Task.addTaskWithoutResponse(new Deadline(parameters[2] , parameters[3]));","lastModifiedDate":"2024-09-14","isFullCredit":false},{"lineNumber":59,"author":{"gitId":"rexkoh425"},"content":"                if(Boolean.parseBoolean(parameters[1])){","lastModifiedDate":"2024-09-14","isFullCredit":false},{"lineNumber":60,"author":{"gitId":"rexkoh425"},"content":"                    Task.setAsDone(Task.listLength);","lastModifiedDate":"2024-09-14","isFullCredit":false},{"lineNumber":61,"author":{"gitId":"rexkoh425"},"content":"                }","lastModifiedDate":"2024-09-14","isFullCredit":false},{"lineNumber":62,"author":{"gitId":"rexkoh425"},"content":"                break;","lastModifiedDate":"2024-09-14","isFullCredit":false},{"lineNumber":63,"author":{"gitId":"rexkoh425"},"content":"","lastModifiedDate":"2024-09-13","isFullCredit":false},{"lineNumber":64,"author":{"gitId":"rexkoh425"},"content":"            default :","lastModifiedDate":"2024-09-14","isFullCredit":false},{"lineNumber":65,"author":{"gitId":"rexkoh425"},"content":"                System.out.println(\"Wrong task type\");","lastModifiedDate":"2024-09-14","isFullCredit":false},{"lineNumber":66,"author":{"gitId":"rexkoh425"},"content":"                break;","lastModifiedDate":"2024-09-14","isFullCredit":false},{"lineNumber":67,"author":{"gitId":"rexkoh425"},"content":"        }","lastModifiedDate":"2024-09-13","isFullCredit":false},{"lineNumber":68,"author":{"gitId":"rexkoh425"},"content":"    }","lastModifiedDate":"2024-09-14","isFullCredit":false},{"lineNumber":69,"author":{"gitId":"rexkoh425"},"content":"","lastModifiedDate":"2024-09-14","isFullCredit":false},{"lineNumber":70,"author":{"gitId":"rexkoh425"},"content":"    public void writeTaskToFile() throws IOException {","lastModifiedDate":"2024-09-14","isFullCredit":false},{"lineNumber":71,"author":{"gitId":"rexkoh425"},"content":"        FileWriter fw \u003d new FileWriter(this.file);","lastModifiedDate":"2024-09-14","isFullCredit":false},{"lineNumber":72,"author":{"gitId":"rexkoh425"},"content":"        String textToAdd \u003d convertTaskListToString();","lastModifiedDate":"2024-09-14","isFullCredit":false},{"lineNumber":73,"author":{"gitId":"rexkoh425"},"content":"        fw.write(textToAdd);","lastModifiedDate":"2024-09-14","isFullCredit":false},{"lineNumber":74,"author":{"gitId":"rexkoh425"},"content":"        //System.out.println(\"File data written\");","lastModifiedDate":"2024-09-14","isFullCredit":false},{"lineNumber":75,"author":{"gitId":"rexkoh425"},"content":"        fw.close();","lastModifiedDate":"2024-09-14","isFullCredit":false},{"lineNumber":76,"author":{"gitId":"rexkoh425"},"content":"    }","lastModifiedDate":"2024-09-14","isFullCredit":false},{"lineNumber":77,"author":{"gitId":"rexkoh425"},"content":"","lastModifiedDate":"2024-09-14","isFullCredit":false},{"lineNumber":78,"author":{"gitId":"rexkoh425"},"content":"    public String convertTaskListToString(){","lastModifiedDate":"2024-09-14","isFullCredit":false},{"lineNumber":79,"author":{"gitId":"rexkoh425"},"content":"        StringBuilder TaskListString \u003d new StringBuilder();","lastModifiedDate":"2024-09-14","isFullCredit":false},{"lineNumber":80,"author":{"gitId":"rexkoh425"},"content":"        for(Task task : Task.listOfTasks) {","lastModifiedDate":"2024-09-14","isFullCredit":false},{"lineNumber":81,"author":{"gitId":"rexkoh425"},"content":"            String taskInFileFormat \u003d task.convertToFileFormat();","lastModifiedDate":"2024-09-14","isFullCredit":false},{"lineNumber":82,"author":{"gitId":"rexkoh425"},"content":"            TaskListString.append(taskInFileFormat).append(\"\\n\");","lastModifiedDate":"2024-09-14","isFullCredit":false},{"lineNumber":83,"author":{"gitId":"rexkoh425"},"content":"        }","lastModifiedDate":"2024-09-14","isFullCredit":false},{"lineNumber":84,"author":{"gitId":"rexkoh425"},"content":"        return TaskListString.toString();","lastModifiedDate":"2024-09-14","isFullCredit":false},{"lineNumber":85,"author":{"gitId":"rexkoh425"},"content":"    }","lastModifiedDate":"2024-09-14","isFullCredit":false},{"lineNumber":86,"author":{"gitId":"rexkoh425"},"content":"","lastModifiedDate":"2024-09-14","isFullCredit":false},{"lineNumber":87,"author":{"gitId":"rexkoh425"},"content":"","lastModifiedDate":"2024-09-14","isFullCredit":false},{"lineNumber":88,"author":{"gitId":"rexkoh425"},"content":"","lastModifiedDate":"2024-09-13","isFullCredit":false},{"lineNumber":89,"author":{"gitId":"rexkoh425"},"content":"}","lastModifiedDate":"2024-09-13","isFullCredit":false}],"authorContributionMap":{"rexkoh425":89}},{"path":"src/main/java/TheThinker/Parser/UserInputParser.java","fileType":"java","lines":[{"lineNumber":1,"author":{"gitId":"rexkoh425"},"content":"package TheThinker.Parser;","lastModifiedDate":"2024-09-09","isFullCredit":false},{"lineNumber":2,"author":{"gitId":"rexkoh425"},"content":"","lastModifiedDate":"2024-09-09","isFullCredit":false},{"lineNumber":3,"author":{"gitId":"rexkoh425"},"content":"import TheThinker.Exceptions.FormattingException;","lastModifiedDate":"2024-09-09","isFullCredit":false},{"lineNumber":4,"author":{"gitId":"rexkoh425"},"content":"import TheThinker.Tasks.Deadline;","lastModifiedDate":"2024-09-09","isFullCredit":false},{"lineNumber":5,"author":{"gitId":"rexkoh425"},"content":"import TheThinker.Tasks.Event;","lastModifiedDate":"2024-09-09","isFullCredit":false},{"lineNumber":6,"author":{"gitId":"rexkoh425"},"content":"import TheThinker.Tasks.Task;","lastModifiedDate":"2024-09-09","isFullCredit":false},{"lineNumber":7,"author":{"gitId":"rexkoh425"},"content":"import TheThinker.Tasks.Todo;","lastModifiedDate":"2024-09-09","isFullCredit":false},{"lineNumber":8,"author":{"gitId":"rexkoh425"},"content":"","lastModifiedDate":"2024-09-09","isFullCredit":false},{"lineNumber":9,"author":{"gitId":"rexkoh425"},"content":"import java.util.Scanner;","lastModifiedDate":"2024-09-01","isFullCredit":false},{"lineNumber":10,"author":{"gitId":"rexkoh425"},"content":"","lastModifiedDate":"2024-08-31","isFullCredit":false},{"lineNumber":11,"author":{"gitId":"rexkoh425"},"content":"public class UserInputParser {","lastModifiedDate":"2024-09-01","isFullCredit":false},{"lineNumber":12,"author":{"gitId":"rexkoh425"},"content":"    public static String userInput;","lastModifiedDate":"2024-09-01","isFullCredit":false},{"lineNumber":13,"author":{"gitId":"rexkoh425"},"content":"    public static final Scanner SCANNER \u003d new Scanner(System.in);","lastModifiedDate":"2024-09-01","isFullCredit":false},{"lineNumber":14,"author":{"gitId":"rexkoh425"},"content":"    public static final int LENGTH_OF_TODO \u003d 4;","lastModifiedDate":"2024-09-01","isFullCredit":false},{"lineNumber":15,"author":{"gitId":"rexkoh425"},"content":"    public static final int LENGTH_OF_EVENT \u003d 5;","lastModifiedDate":"2024-09-01","isFullCredit":false},{"lineNumber":16,"author":{"gitId":"rexkoh425"},"content":"    public static final int LENGTH_OF_DEADLINE \u003d 8;","lastModifiedDate":"2024-09-01","isFullCredit":false},{"lineNumber":17,"author":{"gitId":"rexkoh425"},"content":"    public static final int LENGTH_OF_SLASH_FROM \u003d 5;","lastModifiedDate":"2024-09-01","isFullCredit":false},{"lineNumber":18,"author":{"gitId":"rexkoh425"},"content":"    public static final int LENGTH_OF_SLASH_TO \u003d 3;","lastModifiedDate":"2024-09-01","isFullCredit":false},{"lineNumber":19,"author":{"gitId":"rexkoh425"},"content":"    public static final int LENGTH_OF_SLASH_BY \u003d 3;","lastModifiedDate":"2024-09-01","isFullCredit":false},{"lineNumber":20,"author":{"gitId":"rexkoh425"},"content":"    public static final String EVENT_FORMAT \u003d \"Please follow format : event [task] /from [start time] /to [end time]\";","lastModifiedDate":"2024-09-09","isFullCredit":false},{"lineNumber":21,"author":{"gitId":"rexkoh425"},"content":"    public static final String DEADLINE_FORMAT \u003d \"Please follow format : deadline [task] /by [time]\";","lastModifiedDate":"2024-09-09","isFullCredit":false},{"lineNumber":22,"author":{"gitId":"rexkoh425"},"content":"    public static final String TODO_FORMAT \u003d \"Please follow format : todo [task]\";","lastModifiedDate":"2024-09-09","isFullCredit":false},{"lineNumber":23,"author":{"gitId":"rexkoh425"},"content":"","lastModifiedDate":"2024-08-31","isFullCredit":false},{"lineNumber":24,"author":{"gitId":"rexkoh425"},"content":"    public static Task parseTodo() throws FormattingException {","lastModifiedDate":"2024-09-09","isFullCredit":false},{"lineNumber":25,"author":{"gitId":"rexkoh425"},"content":"","lastModifiedDate":"2024-08-31","isFullCredit":false},{"lineNumber":26,"author":{"gitId":"rexkoh425"},"content":"        String taskType \u003d userInput.substring(0 , LENGTH_OF_TODO);","lastModifiedDate":"2024-09-01","isFullCredit":false},{"lineNumber":27,"author":{"gitId":"rexkoh425"},"content":"        String taskDescription \u003d userInput.substring(LENGTH_OF_TODO).trim();","lastModifiedDate":"2024-09-01","isFullCredit":false},{"lineNumber":28,"author":{"gitId":"rexkoh425"},"content":"","lastModifiedDate":"2024-09-09","isFullCredit":false},{"lineNumber":29,"author":{"gitId":"rexkoh425"},"content":"        if(taskDescription.isEmpty()){","lastModifiedDate":"2024-09-09","isFullCredit":false},{"lineNumber":30,"author":{"gitId":"rexkoh425"},"content":"            throw new FormattingException(\"The task to do is missing. \" + TODO_FORMAT);","lastModifiedDate":"2024-09-09","isFullCredit":false},{"lineNumber":31,"author":{"gitId":"rexkoh425"},"content":"        }","lastModifiedDate":"2024-09-09","isFullCredit":false},{"lineNumber":32,"author":{"gitId":"rexkoh425"},"content":"","lastModifiedDate":"2024-09-09","isFullCredit":false},{"lineNumber":33,"author":{"gitId":"rexkoh425"},"content":"        return new Todo(taskDescription);","lastModifiedDate":"2024-09-09","isFullCredit":false},{"lineNumber":34,"author":{"gitId":"rexkoh425"},"content":"    }","lastModifiedDate":"2024-08-31","isFullCredit":false},{"lineNumber":35,"author":{"gitId":"rexkoh425"},"content":"","lastModifiedDate":"2024-08-31","isFullCredit":false},{"lineNumber":36,"author":{"gitId":"rexkoh425"},"content":"    public static Event parseEvent() throws FormattingException{","lastModifiedDate":"2024-09-09","isFullCredit":false},{"lineNumber":37,"author":{"gitId":"rexkoh425"},"content":"","lastModifiedDate":"2024-08-31","isFullCredit":false},{"lineNumber":38,"author":{"gitId":"rexkoh425"},"content":"        String remainingTaskDescription \u003d userInput.substring(LENGTH_OF_EVENT).trim();","lastModifiedDate":"2024-09-01","isFullCredit":false},{"lineNumber":39,"author":{"gitId":"rexkoh425"},"content":"        int indexOfFirstSlash \u003d remainingTaskDescription.indexOf(\"/from\");","lastModifiedDate":"2024-09-01","isFullCredit":false},{"lineNumber":40,"author":{"gitId":"rexkoh425"},"content":"","lastModifiedDate":"2024-09-09","isFullCredit":false},{"lineNumber":41,"author":{"gitId":"rexkoh425"},"content":"        if(indexOfFirstSlash \u003d\u003d -1){","lastModifiedDate":"2024-09-09","isFullCredit":false},{"lineNumber":42,"author":{"gitId":"rexkoh425"},"content":"            throw new FormattingException(\"/from is missing. \" + EVENT_FORMAT);","lastModifiedDate":"2024-09-09","isFullCredit":false},{"lineNumber":43,"author":{"gitId":"rexkoh425"},"content":"        }","lastModifiedDate":"2024-09-09","isFullCredit":false},{"lineNumber":44,"author":{"gitId":"rexkoh425"},"content":"","lastModifiedDate":"2024-09-09","isFullCredit":false},{"lineNumber":45,"author":{"gitId":"rexkoh425"},"content":"        String taskDescription \u003d remainingTaskDescription.substring(0, indexOfFirstSlash).trim();","lastModifiedDate":"2024-08-31","isFullCredit":false},{"lineNumber":46,"author":{"gitId":"rexkoh425"},"content":"","lastModifiedDate":"2024-09-09","isFullCredit":false},{"lineNumber":47,"author":{"gitId":"rexkoh425"},"content":"        if(taskDescription.isEmpty()){","lastModifiedDate":"2024-09-09","isFullCredit":false},{"lineNumber":48,"author":{"gitId":"rexkoh425"},"content":"            throw new FormattingException(\"task to do is missing. \" + EVENT_FORMAT);","lastModifiedDate":"2024-09-09","isFullCredit":false},{"lineNumber":49,"author":{"gitId":"rexkoh425"},"content":"        }","lastModifiedDate":"2024-09-09","isFullCredit":false},{"lineNumber":50,"author":{"gitId":"rexkoh425"},"content":"","lastModifiedDate":"2024-09-09","isFullCredit":false},{"lineNumber":51,"author":{"gitId":"rexkoh425"},"content":"        remainingTaskDescription \u003d remainingTaskDescription.substring(indexOfFirstSlash + LENGTH_OF_SLASH_FROM).trim();","lastModifiedDate":"2024-09-01","isFullCredit":false},{"lineNumber":52,"author":{"gitId":"rexkoh425"},"content":"        int indexOfSecondSlash \u003d remainingTaskDescription.indexOf(\"/to\");","lastModifiedDate":"2024-09-01","isFullCredit":false},{"lineNumber":53,"author":{"gitId":"rexkoh425"},"content":"","lastModifiedDate":"2024-09-09","isFullCredit":false},{"lineNumber":54,"author":{"gitId":"rexkoh425"},"content":"        if(indexOfSecondSlash \u003d\u003d -1){","lastModifiedDate":"2024-09-09","isFullCredit":false},{"lineNumber":55,"author":{"gitId":"rexkoh425"},"content":"            throw new FormattingException(\"/to is missing. \" + EVENT_FORMAT);","lastModifiedDate":"2024-09-09","isFullCredit":false},{"lineNumber":56,"author":{"gitId":"rexkoh425"},"content":"        }","lastModifiedDate":"2024-09-09","isFullCredit":false},{"lineNumber":57,"author":{"gitId":"rexkoh425"},"content":"","lastModifiedDate":"2024-09-09","isFullCredit":false},{"lineNumber":58,"author":{"gitId":"rexkoh425"},"content":"        String startTime \u003d remainingTaskDescription.substring(0, indexOfSecondSlash).trim();","lastModifiedDate":"2024-08-31","isFullCredit":false},{"lineNumber":59,"author":{"gitId":"rexkoh425"},"content":"","lastModifiedDate":"2024-09-09","isFullCredit":false},{"lineNumber":60,"author":{"gitId":"rexkoh425"},"content":"        if(startTime.isEmpty()){","lastModifiedDate":"2024-09-09","isFullCredit":false},{"lineNumber":61,"author":{"gitId":"rexkoh425"},"content":"            throw new FormattingException(\"start time is missing. \" + EVENT_FORMAT);","lastModifiedDate":"2024-09-09","isFullCredit":false},{"lineNumber":62,"author":{"gitId":"rexkoh425"},"content":"        }","lastModifiedDate":"2024-09-09","isFullCredit":false},{"lineNumber":63,"author":{"gitId":"rexkoh425"},"content":"","lastModifiedDate":"2024-09-09","isFullCredit":false},{"lineNumber":64,"author":{"gitId":"rexkoh425"},"content":"        String endTime \u003d remainingTaskDescription.substring(indexOfSecondSlash + LENGTH_OF_SLASH_TO).trim();","lastModifiedDate":"2024-09-01","isFullCredit":false},{"lineNumber":65,"author":{"gitId":"rexkoh425"},"content":"","lastModifiedDate":"2024-09-09","isFullCredit":false},{"lineNumber":66,"author":{"gitId":"rexkoh425"},"content":"        if(endTime.isEmpty()){","lastModifiedDate":"2024-09-09","isFullCredit":false},{"lineNumber":67,"author":{"gitId":"rexkoh425"},"content":"            throw new FormattingException(\"end time is missing. \" + EVENT_FORMAT);","lastModifiedDate":"2024-09-09","isFullCredit":false},{"lineNumber":68,"author":{"gitId":"rexkoh425"},"content":"        }","lastModifiedDate":"2024-09-09","isFullCredit":false},{"lineNumber":69,"author":{"gitId":"rexkoh425"},"content":"","lastModifiedDate":"2024-09-09","isFullCredit":false},{"lineNumber":70,"author":{"gitId":"rexkoh425"},"content":"        return new Event(taskDescription , startTime, endTime);","lastModifiedDate":"2024-08-31","isFullCredit":false},{"lineNumber":71,"author":{"gitId":"rexkoh425"},"content":"    }","lastModifiedDate":"2024-08-31","isFullCredit":false},{"lineNumber":72,"author":{"gitId":"rexkoh425"},"content":"","lastModifiedDate":"2024-08-31","isFullCredit":false},{"lineNumber":73,"author":{"gitId":"rexkoh425"},"content":"    public static Deadline parseDeadline() throws FormattingException{","lastModifiedDate":"2024-09-09","isFullCredit":false},{"lineNumber":74,"author":{"gitId":"rexkoh425"},"content":"","lastModifiedDate":"2024-08-31","isFullCredit":false},{"lineNumber":75,"author":{"gitId":"rexkoh425"},"content":"        String remainingTaskDescription \u003d userInput.substring(LENGTH_OF_DEADLINE).trim();","lastModifiedDate":"2024-09-01","isFullCredit":false},{"lineNumber":76,"author":{"gitId":"rexkoh425"},"content":"        int indexOfSlash \u003d remainingTaskDescription.indexOf(\"/by\");","lastModifiedDate":"2024-09-01","isFullCredit":false},{"lineNumber":77,"author":{"gitId":"rexkoh425"},"content":"","lastModifiedDate":"2024-09-09","isFullCredit":false},{"lineNumber":78,"author":{"gitId":"rexkoh425"},"content":"        if(indexOfSlash \u003d\u003d -1){","lastModifiedDate":"2024-09-09","isFullCredit":false},{"lineNumber":79,"author":{"gitId":"rexkoh425"},"content":"            throw new FormattingException(\"/by is missing. \" + DEADLINE_FORMAT);","lastModifiedDate":"2024-09-09","isFullCredit":false},{"lineNumber":80,"author":{"gitId":"rexkoh425"},"content":"        }","lastModifiedDate":"2024-09-09","isFullCredit":false},{"lineNumber":81,"author":{"gitId":"rexkoh425"},"content":"","lastModifiedDate":"2024-09-09","isFullCredit":false},{"lineNumber":82,"author":{"gitId":"rexkoh425"},"content":"        String taskDescription \u003d remainingTaskDescription.substring(0, indexOfSlash).trim();","lastModifiedDate":"2024-08-31","isFullCredit":false},{"lineNumber":83,"author":{"gitId":"rexkoh425"},"content":"","lastModifiedDate":"2024-09-09","isFullCredit":false},{"lineNumber":84,"author":{"gitId":"rexkoh425"},"content":"        if(taskDescription.isEmpty()){","lastModifiedDate":"2024-09-09","isFullCredit":false},{"lineNumber":85,"author":{"gitId":"rexkoh425"},"content":"            throw new FormattingException(\"task to do is missing. \" + DEADLINE_FORMAT);","lastModifiedDate":"2024-09-09","isFullCredit":false},{"lineNumber":86,"author":{"gitId":"rexkoh425"},"content":"        }","lastModifiedDate":"2024-09-09","isFullCredit":false},{"lineNumber":87,"author":{"gitId":"rexkoh425"},"content":"","lastModifiedDate":"2024-09-09","isFullCredit":false},{"lineNumber":88,"author":{"gitId":"rexkoh425"},"content":"        String deadline \u003d remainingTaskDescription.substring(indexOfSlash + LENGTH_OF_SLASH_BY).trim();","lastModifiedDate":"2024-09-01","isFullCredit":false},{"lineNumber":89,"author":{"gitId":"rexkoh425"},"content":"","lastModifiedDate":"2024-09-09","isFullCredit":false},{"lineNumber":90,"author":{"gitId":"rexkoh425"},"content":"        if(deadline.isEmpty()){","lastModifiedDate":"2024-09-09","isFullCredit":false},{"lineNumber":91,"author":{"gitId":"rexkoh425"},"content":"            throw new FormattingException(\"deadline is missing. \" + DEADLINE_FORMAT);","lastModifiedDate":"2024-09-09","isFullCredit":false},{"lineNumber":92,"author":{"gitId":"rexkoh425"},"content":"        }","lastModifiedDate":"2024-09-09","isFullCredit":false},{"lineNumber":93,"author":{"gitId":"rexkoh425"},"content":"","lastModifiedDate":"2024-09-09","isFullCredit":false},{"lineNumber":94,"author":{"gitId":"rexkoh425"},"content":"        return new Deadline(taskDescription , deadline);","lastModifiedDate":"2024-08-31","isFullCredit":false},{"lineNumber":95,"author":{"gitId":"rexkoh425"},"content":"    }","lastModifiedDate":"2024-08-31","isFullCredit":false},{"lineNumber":96,"author":{"gitId":"rexkoh425"},"content":"","lastModifiedDate":"2024-08-31","isFullCredit":false},{"lineNumber":97,"author":{"gitId":"rexkoh425"},"content":"    public static char getCorrespondingCharForTaskType(String type){","lastModifiedDate":"2024-09-01","isFullCredit":false},{"lineNumber":98,"author":{"gitId":"rexkoh425"},"content":"        switch(type){","lastModifiedDate":"2024-08-31","isFullCredit":false},{"lineNumber":99,"author":{"gitId":"rexkoh425"},"content":"        case \"todo\" :","lastModifiedDate":"2024-08-31","isFullCredit":false},{"lineNumber":100,"author":{"gitId":"rexkoh425"},"content":"            return \u0027T\u0027;","lastModifiedDate":"2024-08-31","isFullCredit":false},{"lineNumber":101,"author":{"gitId":"rexkoh425"},"content":"        case \"event\" :","lastModifiedDate":"2024-08-31","isFullCredit":false},{"lineNumber":102,"author":{"gitId":"rexkoh425"},"content":"            return \u0027E\u0027;","lastModifiedDate":"2024-08-31","isFullCredit":false},{"lineNumber":103,"author":{"gitId":"rexkoh425"},"content":"        case \"deadline\" :","lastModifiedDate":"2024-08-31","isFullCredit":false},{"lineNumber":104,"author":{"gitId":"rexkoh425"},"content":"            return \u0027D\u0027;","lastModifiedDate":"2024-08-31","isFullCredit":false},{"lineNumber":105,"author":{"gitId":"rexkoh425"},"content":"        default:","lastModifiedDate":"2024-08-31","isFullCredit":false},{"lineNumber":106,"author":{"gitId":"rexkoh425"},"content":"            return \u0027 \u0027;","lastModifiedDate":"2024-08-31","isFullCredit":false},{"lineNumber":107,"author":{"gitId":"rexkoh425"},"content":"        }","lastModifiedDate":"2024-08-31","isFullCredit":false},{"lineNumber":108,"author":{"gitId":"rexkoh425"},"content":"    }","lastModifiedDate":"2024-08-31","isFullCredit":false},{"lineNumber":109,"author":{"gitId":"rexkoh425"},"content":"","lastModifiedDate":"2024-09-01","isFullCredit":false},{"lineNumber":110,"author":{"gitId":"rexkoh425"},"content":"    public static String parseUserAction(){","lastModifiedDate":"2024-09-01","isFullCredit":false},{"lineNumber":111,"author":{"gitId":"rexkoh425"},"content":"        String[] wordsInUserInput \u003d userInput.split(\" \");","lastModifiedDate":"2024-09-01","isFullCredit":false},{"lineNumber":112,"author":{"gitId":"rexkoh425"},"content":"        return wordsInUserInput[0];","lastModifiedDate":"2024-09-01","isFullCredit":false},{"lineNumber":113,"author":{"gitId":"rexkoh425"},"content":"    }","lastModifiedDate":"2024-09-01","isFullCredit":false},{"lineNumber":114,"author":{"gitId":"rexkoh425"},"content":"","lastModifiedDate":"2024-09-01","isFullCredit":false},{"lineNumber":115,"author":{"gitId":"rexkoh425"},"content":"    public static String getUserInput(){","lastModifiedDate":"2024-09-01","isFullCredit":false},{"lineNumber":116,"author":{"gitId":"rexkoh425"},"content":"        userInput \u003d SCANNER.nextLine();","lastModifiedDate":"2024-09-01","isFullCredit":false},{"lineNumber":117,"author":{"gitId":"rexkoh425"},"content":"        userInput \u003d userInput.trim();","lastModifiedDate":"2024-09-01","isFullCredit":false},{"lineNumber":118,"author":{"gitId":"rexkoh425"},"content":"        return userInput;","lastModifiedDate":"2024-09-01","isFullCredit":false},{"lineNumber":119,"author":{"gitId":"rexkoh425"},"content":"    }","lastModifiedDate":"2024-09-01","isFullCredit":false},{"lineNumber":120,"author":{"gitId":"rexkoh425"},"content":"","lastModifiedDate":"2024-09-01","isFullCredit":false},{"lineNumber":121,"author":{"gitId":"rexkoh425"},"content":"    public static int parseNumberAfterTask() throws NumberFormatException , FormattingException{","lastModifiedDate":"2024-09-13","isFullCredit":false},{"lineNumber":122,"author":{"gitId":"rexkoh425"},"content":"        String[] parsedInputs \u003d userInput.split(\" \");","lastModifiedDate":"2024-09-09","isFullCredit":false},{"lineNumber":123,"author":{"gitId":"rexkoh425"},"content":"","lastModifiedDate":"2024-09-09","isFullCredit":false},{"lineNumber":124,"author":{"gitId":"rexkoh425"},"content":"        if(parsedInputs.length \u003d\u003d 1){","lastModifiedDate":"2024-09-09","isFullCredit":false},{"lineNumber":125,"author":{"gitId":"rexkoh425"},"content":"            throw new FormattingException(\"Task number is not indicated. Please follow format : mark/unmark [number]\");","lastModifiedDate":"2024-09-09","isFullCredit":false},{"lineNumber":126,"author":{"gitId":"rexkoh425"},"content":"        }","lastModifiedDate":"2024-09-09","isFullCredit":false},{"lineNumber":127,"author":{"gitId":"rexkoh425"},"content":"","lastModifiedDate":"2024-09-09","isFullCredit":false},{"lineNumber":128,"author":{"gitId":"rexkoh425"},"content":"        if(parsedInputs.length \u003e 2){","lastModifiedDate":"2024-09-09","isFullCredit":false},{"lineNumber":129,"author":{"gitId":"rexkoh425"},"content":"            throw new FormattingException(\"Multiple tasks to mark is indicated in a single command. Please mark them one by one.\");","lastModifiedDate":"2024-09-09","isFullCredit":false},{"lineNumber":130,"author":{"gitId":"rexkoh425"},"content":"        }","lastModifiedDate":"2024-09-09","isFullCredit":false},{"lineNumber":131,"author":{"gitId":"rexkoh425"},"content":"","lastModifiedDate":"2024-09-09","isFullCredit":false},{"lineNumber":132,"author":{"gitId":"rexkoh425"},"content":"        String numberToMark \u003d parsedInputs[1].trim();","lastModifiedDate":"2024-09-09","isFullCredit":false},{"lineNumber":133,"author":{"gitId":"rexkoh425"},"content":"        return Integer.parseInt(numberToMark);","lastModifiedDate":"2024-09-01","isFullCredit":false},{"lineNumber":134,"author":{"gitId":"rexkoh425"},"content":"    }","lastModifiedDate":"2024-09-01","isFullCredit":false},{"lineNumber":135,"author":{"gitId":"rexkoh425"},"content":"}","lastModifiedDate":"2024-08-31","isFullCredit":false}],"authorContributionMap":{"rexkoh425":135}},{"path":"src/main/java/TheThinker/Tasks/Deadline.java","fileType":"java","lines":[{"lineNumber":1,"author":{"gitId":"rexkoh425"},"content":"package TheThinker.Tasks;","lastModifiedDate":"2024-09-09","isFullCredit":false},{"lineNumber":2,"author":{"gitId":"rexkoh425"},"content":"","lastModifiedDate":"2024-09-09","isFullCredit":false},{"lineNumber":3,"author":{"gitId":"rexkoh425"},"content":"public class Deadline extends Task{","lastModifiedDate":"2024-08-31","isFullCredit":false},{"lineNumber":4,"author":{"gitId":"rexkoh425"},"content":"    public String deadline;","lastModifiedDate":"2024-08-31","isFullCredit":false},{"lineNumber":5,"author":{"gitId":"rexkoh425"},"content":"","lastModifiedDate":"2024-08-31","isFullCredit":false},{"lineNumber":6,"author":{"gitId":"rexkoh425"},"content":"    public Deadline(String taskDescription , String deadline){","lastModifiedDate":"2024-08-31","isFullCredit":false},{"lineNumber":7,"author":{"gitId":"rexkoh425"},"content":"        super(taskDescription , \u0027D\u0027)  ;","lastModifiedDate":"2024-08-31","isFullCredit":false},{"lineNumber":8,"author":{"gitId":"rexkoh425"},"content":"        this.deadline \u003d deadline;","lastModifiedDate":"2024-08-31","isFullCredit":false},{"lineNumber":9,"author":{"gitId":"rexkoh425"},"content":"    }","lastModifiedDate":"2024-08-31","isFullCredit":false},{"lineNumber":10,"author":{"gitId":"rexkoh425"},"content":"","lastModifiedDate":"2024-08-31","isFullCredit":false},{"lineNumber":11,"author":{"gitId":"rexkoh425"},"content":"    @Override","lastModifiedDate":"2024-08-31","isFullCredit":false},{"lineNumber":12,"author":{"gitId":"rexkoh425"},"content":"    public String toString() {","lastModifiedDate":"2024-08-31","isFullCredit":false},{"lineNumber":13,"author":{"gitId":"rexkoh425"},"content":"        char maskingChar \u003d isMarkedAsDone ? \u0027X\u0027 : \u0027 \u0027;","lastModifiedDate":"2024-08-31","isFullCredit":false},{"lineNumber":14,"author":{"gitId":"rexkoh425"},"content":"        return \" [\" + taskType + \"][\" + maskingChar + \"] \" + taskDescription +\" (by: \" + deadline + \")\";","lastModifiedDate":"2024-08-31","isFullCredit":false},{"lineNumber":15,"author":{"gitId":"rexkoh425"},"content":"    }","lastModifiedDate":"2024-08-31","isFullCredit":false},{"lineNumber":16,"author":{"gitId":"rexkoh425"},"content":"","lastModifiedDate":"2024-09-14","isFullCredit":false},{"lineNumber":17,"author":{"gitId":"rexkoh425"},"content":"    @Override","lastModifiedDate":"2024-09-14","isFullCredit":false},{"lineNumber":18,"author":{"gitId":"rexkoh425"},"content":"    public String convertToFileFormat(){","lastModifiedDate":"2024-09-14","isFullCredit":false},{"lineNumber":19,"author":{"gitId":"rexkoh425"},"content":"        return \"T\" + \" | \" + isMarkedAsDone + \" | \" + taskDescription + \" | \" + deadline;","lastModifiedDate":"2024-09-14","isFullCredit":false},{"lineNumber":20,"author":{"gitId":"rexkoh425"},"content":"    }","lastModifiedDate":"2024-09-14","isFullCredit":false},{"lineNumber":21,"author":{"gitId":"rexkoh425"},"content":"}","lastModifiedDate":"2024-08-31","isFullCredit":false}],"authorContributionMap":{"rexkoh425":21}},{"path":"src/main/java/TheThinker/Tasks/Event.java","fileType":"java","lines":[{"lineNumber":1,"author":{"gitId":"rexkoh425"},"content":"package TheThinker.Tasks;","lastModifiedDate":"2024-09-09","isFullCredit":false},{"lineNumber":2,"author":{"gitId":"rexkoh425"},"content":"","lastModifiedDate":"2024-09-09","isFullCredit":false},{"lineNumber":3,"author":{"gitId":"rexkoh425"},"content":"public class Event extends Task{","lastModifiedDate":"2024-08-31","isFullCredit":false},{"lineNumber":4,"author":{"gitId":"rexkoh425"},"content":"    public String startTime;","lastModifiedDate":"2024-08-31","isFullCredit":false},{"lineNumber":5,"author":{"gitId":"rexkoh425"},"content":"    public String endTime;","lastModifiedDate":"2024-08-31","isFullCredit":false},{"lineNumber":6,"author":{"gitId":"rexkoh425"},"content":"","lastModifiedDate":"2024-08-31","isFullCredit":false},{"lineNumber":7,"author":{"gitId":"rexkoh425"},"content":"    public Event(String taskDescription , String startTime, String endTime){","lastModifiedDate":"2024-08-31","isFullCredit":false},{"lineNumber":8,"author":{"gitId":"rexkoh425"},"content":"        super(taskDescription , \u0027E\u0027);","lastModifiedDate":"2024-08-31","isFullCredit":false},{"lineNumber":9,"author":{"gitId":"rexkoh425"},"content":"        this.startTime \u003d startTime;","lastModifiedDate":"2024-08-31","isFullCredit":false},{"lineNumber":10,"author":{"gitId":"rexkoh425"},"content":"        this.endTime \u003d endTime;","lastModifiedDate":"2024-08-31","isFullCredit":false},{"lineNumber":11,"author":{"gitId":"rexkoh425"},"content":"    }","lastModifiedDate":"2024-08-31","isFullCredit":false},{"lineNumber":12,"author":{"gitId":"rexkoh425"},"content":"","lastModifiedDate":"2024-08-31","isFullCredit":false},{"lineNumber":13,"author":{"gitId":"rexkoh425"},"content":"    @Override","lastModifiedDate":"2024-08-31","isFullCredit":false},{"lineNumber":14,"author":{"gitId":"rexkoh425"},"content":"    public String toString() {","lastModifiedDate":"2024-08-31","isFullCredit":false},{"lineNumber":15,"author":{"gitId":"rexkoh425"},"content":"        char maskingChar \u003d isMarkedAsDone ? \u0027X\u0027 : \u0027 \u0027;","lastModifiedDate":"2024-08-31","isFullCredit":false},{"lineNumber":16,"author":{"gitId":"rexkoh425"},"content":"        return \" [\" + taskType + \"][\" + maskingChar + \"] \" + taskDescription + \" (from: \" + startTime +\" to: \" + endTime + \")\";","lastModifiedDate":"2024-08-31","isFullCredit":false},{"lineNumber":17,"author":{"gitId":"rexkoh425"},"content":"    }","lastModifiedDate":"2024-08-31","isFullCredit":false},{"lineNumber":18,"author":{"gitId":"rexkoh425"},"content":"","lastModifiedDate":"2024-09-14","isFullCredit":false},{"lineNumber":19,"author":{"gitId":"rexkoh425"},"content":"    @Override","lastModifiedDate":"2024-09-14","isFullCredit":false},{"lineNumber":20,"author":{"gitId":"rexkoh425"},"content":"    public String convertToFileFormat(){","lastModifiedDate":"2024-09-14","isFullCredit":false},{"lineNumber":21,"author":{"gitId":"rexkoh425"},"content":"        return \"E\" + \" | \" + isMarkedAsDone + \" | \" + taskDescription + \" | \" + startTime + \" | \" + endTime;","lastModifiedDate":"2024-09-14","isFullCredit":false},{"lineNumber":22,"author":{"gitId":"rexkoh425"},"content":"    }","lastModifiedDate":"2024-09-14","isFullCredit":false},{"lineNumber":23,"author":{"gitId":"rexkoh425"},"content":"}","lastModifiedDate":"2024-08-31","isFullCredit":false}],"authorContributionMap":{"rexkoh425":23}},{"path":"src/main/java/TheThinker/Tasks/Task.java","fileType":"java","lines":[{"lineNumber":1,"author":{"gitId":"rexkoh425"},"content":"package TheThinker.Tasks;","lastModifiedDate":"2024-09-09","isFullCredit":false},{"lineNumber":2,"author":{"gitId":"rexkoh425"},"content":"","lastModifiedDate":"2024-09-09","isFullCredit":false},{"lineNumber":3,"author":{"gitId":"rexkoh425"},"content":"import java.util.ArrayList;","lastModifiedDate":"2024-08-31","isFullCredit":false},{"lineNumber":4,"author":{"gitId":"rexkoh425"},"content":"","lastModifiedDate":"2024-08-31","isFullCredit":false},{"lineNumber":5,"author":{"gitId":"rexkoh425"},"content":"public class Task {","lastModifiedDate":"2024-08-31","isFullCredit":false},{"lineNumber":6,"author":{"gitId":"rexkoh425"},"content":"    public String taskDescription;","lastModifiedDate":"2024-08-31","isFullCredit":false},{"lineNumber":7,"author":{"gitId":"rexkoh425"},"content":"    public boolean isMarkedAsDone;","lastModifiedDate":"2024-08-31","isFullCredit":false},{"lineNumber":8,"author":{"gitId":"rexkoh425"},"content":"    public char taskType;","lastModifiedDate":"2024-08-31","isFullCredit":false},{"lineNumber":9,"author":{"gitId":"rexkoh425"},"content":"    public static ArrayList\u003cTask\u003e listOfTasks \u003d new ArrayList\u003c\u003e();","lastModifiedDate":"2024-08-31","isFullCredit":false},{"lineNumber":10,"author":{"gitId":"rexkoh425"},"content":"    public static int listLength \u003d 0;","lastModifiedDate":"2024-08-31","isFullCredit":false},{"lineNumber":11,"author":{"gitId":"rexkoh425"},"content":"","lastModifiedDate":"2024-08-31","isFullCredit":false},{"lineNumber":12,"author":{"gitId":"rexkoh425"},"content":"    public Task(String taskDescription, char taskType) {","lastModifiedDate":"2024-08-31","isFullCredit":false},{"lineNumber":13,"author":{"gitId":"rexkoh425"},"content":"        this.taskDescription \u003d taskDescription;","lastModifiedDate":"2024-08-31","isFullCredit":false},{"lineNumber":14,"author":{"gitId":"rexkoh425"},"content":"        this.isMarkedAsDone \u003d false;","lastModifiedDate":"2024-08-31","isFullCredit":false},{"lineNumber":15,"author":{"gitId":"rexkoh425"},"content":"        this.taskType \u003d taskType;","lastModifiedDate":"2024-08-31","isFullCredit":false},{"lineNumber":16,"author":{"gitId":"rexkoh425"},"content":"    }","lastModifiedDate":"2024-08-31","isFullCredit":false},{"lineNumber":17,"author":{"gitId":"rexkoh425"},"content":"","lastModifiedDate":"2024-08-31","isFullCredit":false},{"lineNumber":18,"author":{"gitId":"rexkoh425"},"content":"    public void setMarkedAsDone(boolean markedAsDone) {","lastModifiedDate":"2024-08-31","isFullCredit":false},{"lineNumber":19,"author":{"gitId":"rexkoh425"},"content":"        isMarkedAsDone \u003d markedAsDone;","lastModifiedDate":"2024-08-31","isFullCredit":false},{"lineNumber":20,"author":{"gitId":"rexkoh425"},"content":"    }","lastModifiedDate":"2024-08-31","isFullCredit":false},{"lineNumber":21,"author":{"gitId":"rexkoh425"},"content":"","lastModifiedDate":"2024-08-31","isFullCredit":false},{"lineNumber":22,"author":{"gitId":"rexkoh425"},"content":"    public String getTaskDescription() {","lastModifiedDate":"2024-08-31","isFullCredit":false},{"lineNumber":23,"author":{"gitId":"rexkoh425"},"content":"        return taskDescription;","lastModifiedDate":"2024-08-31","isFullCredit":false},{"lineNumber":24,"author":{"gitId":"rexkoh425"},"content":"    }","lastModifiedDate":"2024-08-31","isFullCredit":false},{"lineNumber":25,"author":{"gitId":"rexkoh425"},"content":"","lastModifiedDate":"2024-08-31","isFullCredit":false},{"lineNumber":26,"author":{"gitId":"rexkoh425"},"content":"    public char getTaskType() {","lastModifiedDate":"2024-08-31","isFullCredit":false},{"lineNumber":27,"author":{"gitId":"rexkoh425"},"content":"        return taskType;","lastModifiedDate":"2024-08-31","isFullCredit":false},{"lineNumber":28,"author":{"gitId":"rexkoh425"},"content":"    }","lastModifiedDate":"2024-08-31","isFullCredit":false},{"lineNumber":29,"author":{"gitId":"rexkoh425"},"content":"","lastModifiedDate":"2024-08-31","isFullCredit":false},{"lineNumber":30,"author":{"gitId":"rexkoh425"},"content":"    public String toString() {","lastModifiedDate":"2024-08-31","isFullCredit":false},{"lineNumber":31,"author":{"gitId":"rexkoh425"},"content":"        char maskingChar \u003d isMarkedAsDone ? \u0027X\u0027 : \u0027 \u0027;","lastModifiedDate":"2024-08-31","isFullCredit":false},{"lineNumber":32,"author":{"gitId":"rexkoh425"},"content":"        return \" [\" + taskType + \"][\" + maskingChar + \"] \" + taskDescription;","lastModifiedDate":"2024-08-31","isFullCredit":false},{"lineNumber":33,"author":{"gitId":"rexkoh425"},"content":"    }","lastModifiedDate":"2024-08-31","isFullCredit":false},{"lineNumber":34,"author":{"gitId":"rexkoh425"},"content":"","lastModifiedDate":"2024-08-31","isFullCredit":false},{"lineNumber":35,"author":{"gitId":"rexkoh425"},"content":"    public static void addTask(Task task){","lastModifiedDate":"2024-08-31","isFullCredit":false},{"lineNumber":36,"author":{"gitId":"rexkoh425"},"content":"        System.out.println(\"Got it. I\u0027ve added this task:\");","lastModifiedDate":"2024-08-31","isFullCredit":false},{"lineNumber":37,"author":{"gitId":"rexkoh425"},"content":"        System.out.println(\"   \" + task);","lastModifiedDate":"2024-08-31","isFullCredit":false},{"lineNumber":38,"author":{"gitId":"rexkoh425"},"content":"        listOfTasks.add(task);","lastModifiedDate":"2024-08-31","isFullCredit":false},{"lineNumber":39,"author":{"gitId":"rexkoh425"},"content":"        listLength++;","lastModifiedDate":"2024-08-31","isFullCredit":false},{"lineNumber":40,"author":{"gitId":"rexkoh425"},"content":"        System.out.printf(\"Now you have %d tasks in the list.\\n\" , listLength);","lastModifiedDate":"2024-08-31","isFullCredit":false},{"lineNumber":41,"author":{"gitId":"rexkoh425"},"content":"    }","lastModifiedDate":"2024-09-13","isFullCredit":false},{"lineNumber":42,"author":{"gitId":"rexkoh425"},"content":"","lastModifiedDate":"2024-09-13","isFullCredit":false},{"lineNumber":43,"author":{"gitId":"rexkoh425"},"content":"    public static void addTaskWithoutResponse(Task task){","lastModifiedDate":"2024-09-14","isFullCredit":false},{"lineNumber":44,"author":{"gitId":"rexkoh425"},"content":"        listOfTasks.add(task);","lastModifiedDate":"2024-09-14","isFullCredit":false},{"lineNumber":45,"author":{"gitId":"rexkoh425"},"content":"        listLength++;","lastModifiedDate":"2024-09-14","isFullCredit":false},{"lineNumber":46,"author":{"gitId":"rexkoh425"},"content":"    }","lastModifiedDate":"2024-09-14","isFullCredit":false},{"lineNumber":47,"author":{"gitId":"rexkoh425"},"content":"","lastModifiedDate":"2024-09-14","isFullCredit":false},{"lineNumber":48,"author":{"gitId":"rexkoh425"},"content":"    public static void deleteTask(int taskNumber){","lastModifiedDate":"2024-09-13","isFullCredit":false},{"lineNumber":49,"author":{"gitId":"rexkoh425"},"content":"        System.out.println(\"Noted. I\u0027ve removed this task:\");","lastModifiedDate":"2024-09-13","isFullCredit":false},{"lineNumber":50,"author":{"gitId":"rexkoh425"},"content":"        Task taskToRemove \u003d listOfTasks.get(taskNumber-1);","lastModifiedDate":"2024-09-13","isFullCredit":false},{"lineNumber":51,"author":{"gitId":"rexkoh425"},"content":"        listLength--;","lastModifiedDate":"2024-09-13","isFullCredit":false},{"lineNumber":52,"author":{"gitId":"rexkoh425"},"content":"        listOfTasks.remove(taskNumber-1);","lastModifiedDate":"2024-09-13","isFullCredit":false},{"lineNumber":53,"author":{"gitId":"rexkoh425"},"content":"        System.out.println(taskToRemove);","lastModifiedDate":"2024-09-13","isFullCredit":false},{"lineNumber":54,"author":{"gitId":"rexkoh425"},"content":"        System.out.printf(\"Now you have %d tasks in the list.\\n\" , listLength);","lastModifiedDate":"2024-09-13","isFullCredit":false},{"lineNumber":55,"author":{"gitId":"rexkoh425"},"content":"    }","lastModifiedDate":"2024-08-31","isFullCredit":false},{"lineNumber":56,"author":{"gitId":"rexkoh425"},"content":"","lastModifiedDate":"2024-08-31","isFullCredit":false},{"lineNumber":57,"author":{"gitId":"rexkoh425"},"content":"    public static void setAsDone(int listNumber){","lastModifiedDate":"2024-08-31","isFullCredit":false},{"lineNumber":58,"author":{"gitId":"rexkoh425"},"content":"        Task currentTask \u003d listOfTasks.get(listNumber-1);","lastModifiedDate":"2024-08-31","isFullCredit":false},{"lineNumber":59,"author":{"gitId":"rexkoh425"},"content":"        System.out.println(\"Nice! I\u0027ve marked this task as done:\");","lastModifiedDate":"2024-08-31","isFullCredit":false},{"lineNumber":60,"author":{"gitId":"rexkoh425"},"content":"        System.out.printf(\"  [%c][X] \" + currentTask.getTaskDescription() + \"\\n\" , currentTask.getTaskType());","lastModifiedDate":"2024-08-31","isFullCredit":false},{"lineNumber":61,"author":{"gitId":"rexkoh425"},"content":"        currentTask.setMarkedAsDone(true);","lastModifiedDate":"2024-08-31","isFullCredit":false},{"lineNumber":62,"author":{"gitId":"rexkoh425"},"content":"    }","lastModifiedDate":"2024-08-31","isFullCredit":false},{"lineNumber":63,"author":{"gitId":"rexkoh425"},"content":"","lastModifiedDate":"2024-08-31","isFullCredit":false},{"lineNumber":64,"author":{"gitId":"rexkoh425"},"content":"    public static void setAsNotDone(int listNumber){","lastModifiedDate":"2024-08-31","isFullCredit":false},{"lineNumber":65,"author":{"gitId":"rexkoh425"},"content":"        Task currentTask \u003d listOfTasks.get(listNumber-1);","lastModifiedDate":"2024-08-31","isFullCredit":false},{"lineNumber":66,"author":{"gitId":"rexkoh425"},"content":"        System.out.println(\"OK, I\u0027ve marked this task as not done yet:\");","lastModifiedDate":"2024-08-31","isFullCredit":false},{"lineNumber":67,"author":{"gitId":"rexkoh425"},"content":"        System.out.printf(\"  [%c][ ] \" + currentTask.getTaskDescription() + \"\\n\" , currentTask.getTaskType());","lastModifiedDate":"2024-08-31","isFullCredit":false},{"lineNumber":68,"author":{"gitId":"rexkoh425"},"content":"        currentTask.setMarkedAsDone(false);","lastModifiedDate":"2024-08-31","isFullCredit":false},{"lineNumber":69,"author":{"gitId":"rexkoh425"},"content":"    }","lastModifiedDate":"2024-08-31","isFullCredit":false},{"lineNumber":70,"author":{"gitId":"rexkoh425"},"content":"","lastModifiedDate":"2024-08-31","isFullCredit":false},{"lineNumber":71,"author":{"gitId":"rexkoh425"},"content":"    public static void listTasks(){","lastModifiedDate":"2024-08-31","isFullCredit":false},{"lineNumber":72,"author":{"gitId":"rexkoh425"},"content":"        System.out.println(\"Here are the tasks in your list:\"); /* to add the individual to_string*/","lastModifiedDate":"2024-08-31","isFullCredit":false},{"lineNumber":73,"author":{"gitId":"rexkoh425"},"content":"        for(int i \u003d 0; i \u003c listLength; i++){","lastModifiedDate":"2024-08-31","isFullCredit":false},{"lineNumber":74,"author":{"gitId":"rexkoh425"},"content":"            System.out.printf(\"%d.\" + listOfTasks.get(i) + \"\\n\", i+1);","lastModifiedDate":"2024-08-31","isFullCredit":false},{"lineNumber":75,"author":{"gitId":"rexkoh425"},"content":"        }","lastModifiedDate":"2024-08-31","isFullCredit":false},{"lineNumber":76,"author":{"gitId":"rexkoh425"},"content":"    }","lastModifiedDate":"2024-08-31","isFullCredit":false},{"lineNumber":77,"author":{"gitId":"rexkoh425"},"content":"","lastModifiedDate":"2024-09-14","isFullCredit":false},{"lineNumber":78,"author":{"gitId":"rexkoh425"},"content":"    public String convertToFileFormat(){","lastModifiedDate":"2024-09-14","isFullCredit":false},{"lineNumber":79,"author":{"gitId":"rexkoh425"},"content":"        return \"NIL\" + \" | \" + isMarkedAsDone + \" | \" + taskDescription;","lastModifiedDate":"2024-09-14","isFullCredit":false},{"lineNumber":80,"author":{"gitId":"rexkoh425"},"content":"    }","lastModifiedDate":"2024-09-14","isFullCredit":false},{"lineNumber":81,"author":{"gitId":"rexkoh425"},"content":"}","lastModifiedDate":"2024-08-31","isFullCredit":false}],"authorContributionMap":{"rexkoh425":81}},{"path":"src/main/java/TheThinker/Tasks/Todo.java","fileType":"java","lines":[{"lineNumber":1,"author":{"gitId":"rexkoh425"},"content":"package TheThinker.Tasks;","lastModifiedDate":"2024-09-09","isFullCredit":false},{"lineNumber":2,"author":{"gitId":"rexkoh425"},"content":"","lastModifiedDate":"2024-09-09","isFullCredit":false},{"lineNumber":3,"author":{"gitId":"rexkoh425"},"content":"public class Todo extends Task{","lastModifiedDate":"2024-09-09","isFullCredit":false},{"lineNumber":4,"author":{"gitId":"rexkoh425"},"content":"","lastModifiedDate":"2024-09-09","isFullCredit":false},{"lineNumber":5,"author":{"gitId":"rexkoh425"},"content":"    public Todo(String taskDescription){","lastModifiedDate":"2024-09-09","isFullCredit":false},{"lineNumber":6,"author":{"gitId":"rexkoh425"},"content":"        super(taskDescription, \u0027T\u0027);","lastModifiedDate":"2024-09-09","isFullCredit":false},{"lineNumber":7,"author":{"gitId":"rexkoh425"},"content":"    }","lastModifiedDate":"2024-09-09","isFullCredit":false},{"lineNumber":8,"author":{"gitId":"rexkoh425"},"content":"","lastModifiedDate":"2024-09-09","isFullCredit":false},{"lineNumber":9,"author":{"gitId":"rexkoh425"},"content":"    @Override","lastModifiedDate":"2024-09-09","isFullCredit":false},{"lineNumber":10,"author":{"gitId":"rexkoh425"},"content":"    public String toString() {","lastModifiedDate":"2024-09-09","isFullCredit":false},{"lineNumber":11,"author":{"gitId":"rexkoh425"},"content":"        char maskingChar \u003d isMarkedAsDone ? \u0027X\u0027 : \u0027 \u0027;","lastModifiedDate":"2024-09-09","isFullCredit":false},{"lineNumber":12,"author":{"gitId":"rexkoh425"},"content":"        return \" [T][\" + maskingChar + \"] \" + taskDescription;","lastModifiedDate":"2024-09-09","isFullCredit":false},{"lineNumber":13,"author":{"gitId":"rexkoh425"},"content":"    }","lastModifiedDate":"2024-09-09","isFullCredit":false},{"lineNumber":14,"author":{"gitId":"rexkoh425"},"content":"","lastModifiedDate":"2024-09-14","isFullCredit":false},{"lineNumber":15,"author":{"gitId":"rexkoh425"},"content":"    @Override","lastModifiedDate":"2024-09-14","isFullCredit":false},{"lineNumber":16,"author":{"gitId":"rexkoh425"},"content":"    public String convertToFileFormat(){","lastModifiedDate":"2024-09-14","isFullCredit":false},{"lineNumber":17,"author":{"gitId":"rexkoh425"},"content":"        return \"T\" + \" | \" + isMarkedAsDone + \" | \" + taskDescription;","lastModifiedDate":"2024-09-14","isFullCredit":false},{"lineNumber":18,"author":{"gitId":"rexkoh425"},"content":"    }","lastModifiedDate":"2024-09-14","isFullCredit":false},{"lineNumber":19,"author":{"gitId":"rexkoh425"},"content":"}","lastModifiedDate":"2024-09-09","isFullCredit":false}],"authorContributionMap":{"rexkoh425":19}},{"path":"text-ui-test/input.txt","fileType":"txt","lines":[{"lineNumber":1,"author":{"gitId":"rexkoh425"},"content":"todo borrow book","lastModifiedDate":"2024-08-31","isFullCredit":false},{"lineNumber":2,"author":{"gitId":"rexkoh425"},"content":"todo return book","lastModifiedDate":"2024-08-31","isFullCredit":false},{"lineNumber":3,"author":{"gitId":"rexkoh425"},"content":"deadline return book /by Sunday","lastModifiedDate":"2024-08-31","isFullCredit":false},{"lineNumber":4,"author":{"gitId":"rexkoh425"},"content":"event project meeting /from Mon 2pm /to 4pm","lastModifiedDate":"2024-08-31","isFullCredit":false},{"lineNumber":5,"author":{"gitId":"rexkoh425"},"content":"list","lastModifiedDate":"2024-08-31","isFullCredit":false},{"lineNumber":6,"author":{"gitId":"rexkoh425"},"content":"mark 1","lastModifiedDate":"2024-08-31","isFullCredit":false},{"lineNumber":7,"author":{"gitId":"rexkoh425"},"content":"list","lastModifiedDate":"2024-08-31","isFullCredit":false},{"lineNumber":8,"author":{"gitId":"rexkoh425"},"content":"unmark 1","lastModifiedDate":"2024-08-31","isFullCredit":false},{"lineNumber":9,"author":{"gitId":"rexkoh425"},"content":"list","lastModifiedDate":"2024-08-31","isFullCredit":false},{"lineNumber":10,"author":{"gitId":"rexkoh425"},"content":"event /from monday /to friday","lastModifiedDate":"2024-09-09","isFullCredit":false},{"lineNumber":11,"author":{"gitId":"rexkoh425"},"content":"event return book /from  /to friday","lastModifiedDate":"2024-09-09","isFullCredit":false},{"lineNumber":12,"author":{"gitId":"rexkoh425"},"content":"event return book /from monday /to","lastModifiedDate":"2024-09-09","isFullCredit":false},{"lineNumber":13,"author":{"gitId":"rexkoh425"},"content":"produce","lastModifiedDate":"2024-09-09","isFullCredit":false},{"lineNumber":14,"author":{"gitId":"rexkoh425"},"content":"mark 2 3","lastModifiedDate":"2024-09-09","isFullCredit":false},{"lineNumber":15,"author":{"gitId":"rexkoh425"},"content":"mark","lastModifiedDate":"2024-09-09","isFullCredit":false},{"lineNumber":16,"author":{"gitId":"rexkoh425"},"content":"deadline","lastModifiedDate":"2024-09-09","isFullCredit":false},{"lineNumber":17,"author":{"gitId":"rexkoh425"},"content":"deadline /by friday","lastModifiedDate":"2024-09-09","isFullCredit":false},{"lineNumber":18,"author":{"gitId":"rexkoh425"},"content":"bye","lastModifiedDate":"2024-08-31","isFullCredit":false},{"lineNumber":19,"author":{"gitId":"rexkoh425"},"content":"","lastModifiedDate":"2024-08-31","isFullCredit":false}],"authorContributionMap":{"rexkoh425":19}},{"path":"text-ui-test/runtest.bat","fileType":"bat","lines":[{"lineNumber":1,"author":{"gitId":"-"},"content":"@ECHO OFF","lastModifiedDate":"2020-05-25","isFullCredit":false},{"lineNumber":2,"author":{"gitId":"-"},"content":"","lastModifiedDate":"2020-05-25","isFullCredit":false},{"lineNumber":3,"author":{"gitId":"-"},"content":"REM create bin directory if it doesn\u0027t exist","lastModifiedDate":"2020-05-25","isFullCredit":false},{"lineNumber":4,"author":{"gitId":"-"},"content":"if not exist ..\\bin mkdir ..\\bin","lastModifiedDate":"2020-05-25","isFullCredit":false},{"lineNumber":5,"author":{"gitId":"-"},"content":"","lastModifiedDate":"2020-05-25","isFullCredit":false},{"lineNumber":6,"author":{"gitId":"-"},"content":"REM delete output from previous run","lastModifiedDate":"2020-05-25","isFullCredit":false},{"lineNumber":7,"author":{"gitId":"-"},"content":"if exist ACTUAL.TXT del ACTUAL.TXT","lastModifiedDate":"2020-08-25","isFullCredit":false},{"lineNumber":8,"author":{"gitId":"-"},"content":"","lastModifiedDate":"2020-05-25","isFullCredit":false},{"lineNumber":9,"author":{"gitId":"-"},"content":"REM compile the code into the bin folder","lastModifiedDate":"2020-05-25","isFullCredit":false},{"lineNumber":10,"author":{"gitId":"rexkoh425"},"content":"javac  -cp ..\\src\\main\\java -Xlint:none -d ..\\bin ..\\src\\main\\java\\TheThinker\\Command\\*.java  ..\\src\\main\\java\\TheThinker\\Exceptions\\*.java ..\\src\\main\\java\\TheThinker\\Parser\\*.java ..\\src\\main\\java\\TheThinker\\Tasks\\*.java","lastModifiedDate":"2024-09-09","isFullCredit":false},{"lineNumber":11,"author":{"gitId":"-"},"content":"IF ERRORLEVEL 1 (","lastModifiedDate":"2020-05-25","isFullCredit":false},{"lineNumber":12,"author":{"gitId":"-"},"content":"    echo ********** BUILD FAILURE **********","lastModifiedDate":"2020-05-25","isFullCredit":false},{"lineNumber":13,"author":{"gitId":"-"},"content":"    exit /b 1","lastModifiedDate":"2020-05-25","isFullCredit":false},{"lineNumber":14,"author":{"gitId":"-"},"content":")","lastModifiedDate":"2020-05-25","isFullCredit":false},{"lineNumber":15,"author":{"gitId":"-"},"content":"REM no error here, errorlevel \u003d\u003d 0","lastModifiedDate":"2020-05-25","isFullCredit":false},{"lineNumber":16,"author":{"gitId":"-"},"content":"","lastModifiedDate":"2020-05-25","isFullCredit":false},{"lineNumber":17,"author":{"gitId":"-"},"content":"REM run the program, feed commands from input.txt file and redirect the output to the ACTUAL.TXT","lastModifiedDate":"2020-05-25","isFullCredit":false},{"lineNumber":18,"author":{"gitId":"rexkoh425"},"content":"java -classpath ..\\bin TheThinker.Command.TheThinker \u003c input.txt \u003e ACTUAL.TXT","lastModifiedDate":"2024-09-09","isFullCredit":false},{"lineNumber":19,"author":{"gitId":"-"},"content":"","lastModifiedDate":"2020-05-25","isFullCredit":false},{"lineNumber":20,"author":{"gitId":"-"},"content":"REM compare the output to the expected output","lastModifiedDate":"2020-05-25","isFullCredit":false},{"lineNumber":21,"author":{"gitId":"-"},"content":"FC ACTUAL.TXT EXPECTED.TXT","lastModifiedDate":"2020-05-25","isFullCredit":false}],"authorContributionMap":{"rexkoh425":2,"-":19}}]
