{"authorDailyContributionsMap":{"rexkoh425":[{"date":"2024-08-24","commitResults":[{"hash":"1afa2757c9b88c071e708829025b8d5f2373c0aa","isMergeCommit":false,"messageTitle":"Added greetings and bye","messageBody":"","tags":["Level-0"],"fileTypesAndContributionMap":{"java":{"insertions":26,"deletions":10}}}]},{"date":"2024-08-26","commitResults":[{"hash":"21d0a2c1342ff62ff57dc4e6b6857fab78682a9b","isMergeCommit":false,"messageTitle":"Added code to echo user input","messageBody":"Reads user input and prints the input\n","tags":["Level-1"],"fileTypesAndContributionMap":{"java":{"insertions":16,"deletions":2}}},{"hash":"404374cb17966cd5a660f67326374b54cb3a5b8b","isMergeCommit":false,"messageTitle":"Added List class","messageBody":"1) List class stores user input.\n2) Changed to switch case to handle user input\n","tags":["Level-2"],"fileTypesAndContributionMap":{"java":{"insertions":44,"deletions":5}}}]},{"date":"2024-08-27","commitResults":[{"hash":"3737d78da8fd410c50973545386b641f8141689d","isMergeCommit":false,"messageTitle":"Added markings when listing items","messageBody":"1) Allow users to mark and unmark items\n","tags":["Level-3"],"fileTypesAndContributionMap":{"java":{"insertions":44,"deletions":13}}}]},{"date":"2024-08-29","commitResults":[{"hash":"91ab99035b76a0727f97670a438e133caca120dc","isMergeCommit":false,"messageTitle":"Added markings when listing items Edited code to follow java coding style","messageBody":"","fileTypesAndContributionMap":{"java":{"insertions":5,"deletions":3}}},{"hash":"6ee26409606de1a59dc8b3f3a1ee0c24dd226a26","isMergeCommit":false,"messageTitle":"Revert \"Added markings when listing items\"","messageBody":"This reverts commit 91ab99035b76a0727f97670a438e133caca120dc.\n","fileTypesAndContributionMap":{"java":{"insertions":3,"deletions":5}}},{"hash":"e87068ef90909c2ae26fbb4e03a8dfced5a8db22","isMergeCommit":false,"messageTitle":"Edited code to follow java coding style","messageBody":"","tags":["A-CodingStandard"],"fileTypesAndContributionMap":{"java":{"insertions":6,"deletions":3}}}]},{"date":"2024-08-31","commitResults":[{"hash":"9e7d08dd851e5efd199b805504611440571a996f","isMergeCommit":false,"messageTitle":"Added level-4 code","messageBody":"ToDoList class was integrated in to Task class using static members\n","tags":["Level-4","A-Inheritance"],"fileTypesAndContributionMap":{"java":{"insertions":172,"deletions":63}}},{"hash":"228988daac0802c95648e116ee3fe936c54a7ec5","isMergeCommit":false,"messageTitle":"Added Text UI testing","messageBody":"input.txt contains the sequence of inputs\n\nEXPECTED.txt contains the expected output from the sequence of inputs\n","tags":["A-TextUiTesting"],"fileTypesAndContributionMap":{"txt":{"insertions":11,"deletions":0},"bat":{"insertions":1,"deletions":1}}}]},{"date":"2024-09-01","commitResults":[{"hash":"9f4e53da022592ae78239bd260b77b46972d8aed","isMergeCommit":false,"messageTitle":"Improved code quality","messageBody":"Improved on abstraction\nUsed constant variables with meaningful names rather than just magic numbers.\n","tags":["A-CodeQuality"],"fileTypesAndContributionMap":{"java":{"insertions":83,"deletions":70}}},{"hash":"59e75ea105f50878102caf3afa59a5bf30c7a26b","isMergeCommit":false,"messageTitle":"Removed redundant initializer","messageBody":"","fileTypesAndContributionMap":{"java":{"insertions":1,"deletions":1}}}]}]},"authorFileTypeContributionMap":{"rexkoh425":{"java":235,"md":0,"fxml":0,"sh":0,"bat":1,"gradle":0,"txt":11}},"authorContributionVariance":{"rexkoh425":4402.948},"authorDisplayNameMap":{"rexkoh425":"REX .. KAI"}}
