{"authorDailyContributionsMap":{"rexkoh425":[{"date":"2024-08-24","commitResults":[{"hash":"1afa2757c9b88c071e708829025b8d5f2373c0aa","isMergeCommit":false,"messageTitle":"Added greetings and bye","messageBody":"","tags":["Level-0"],"fileTypesAndContributionMap":{"java":{"insertions":26,"deletions":10}}}]},{"date":"2024-08-26","commitResults":[{"hash":"21d0a2c1342ff62ff57dc4e6b6857fab78682a9b","isMergeCommit":false,"messageTitle":"Added code to echo user input","messageBody":"Reads user input and prints the input\n","tags":["Level-1"],"fileTypesAndContributionMap":{"java":{"insertions":16,"deletions":2}}},{"hash":"404374cb17966cd5a660f67326374b54cb3a5b8b","isMergeCommit":false,"messageTitle":"Added List class","messageBody":"1) List class stores user input.\n2) Changed to switch case to handle user input\n","tags":["Level-2"],"fileTypesAndContributionMap":{"java":{"insertions":44,"deletions":5}}}]},{"date":"2024-08-27","commitResults":[{"hash":"3737d78da8fd410c50973545386b641f8141689d","isMergeCommit":false,"messageTitle":"Added markings when listing items","messageBody":"1) Allow users to mark and unmark items\n","tags":["Level-3"],"fileTypesAndContributionMap":{"java":{"insertions":44,"deletions":13}}}]},{"date":"2024-08-29","commitResults":[{"hash":"91ab99035b76a0727f97670a438e133caca120dc","isMergeCommit":false,"messageTitle":"Added markings when listing items Edited code to follow java coding style","messageBody":"","fileTypesAndContributionMap":{"java":{"insertions":5,"deletions":3}}},{"hash":"6ee26409606de1a59dc8b3f3a1ee0c24dd226a26","isMergeCommit":false,"messageTitle":"Revert \"Added markings when listing items\"","messageBody":"This reverts commit 91ab99035b76a0727f97670a438e133caca120dc.\n","fileTypesAndContributionMap":{"java":{"insertions":3,"deletions":5}}},{"hash":"e87068ef90909c2ae26fbb4e03a8dfced5a8db22","isMergeCommit":false,"messageTitle":"Edited code to follow java coding style","messageBody":"","tags":["A-CodingStandard"],"fileTypesAndContributionMap":{"java":{"insertions":6,"deletions":3}}}]},{"date":"2024-08-31","commitResults":[{"hash":"9e7d08dd851e5efd199b805504611440571a996f","isMergeCommit":false,"messageTitle":"Added level-4 code","messageBody":"ToDoList class was integrated in to Task class using static members\n","tags":["Level-4","A-Inheritance"],"fileTypesAndContributionMap":{"java":{"insertions":172,"deletions":63}}},{"hash":"228988daac0802c95648e116ee3fe936c54a7ec5","isMergeCommit":false,"messageTitle":"Added Text UI testing","messageBody":"input.txt contains the sequence of inputs\n\nEXPECTED.txt contains the expected output from the sequence of inputs\n","tags":["A-TextUiTesting"],"fileTypesAndContributionMap":{"txt":{"insertions":11,"deletions":0},"bat":{"insertions":1,"deletions":1}}}]},{"date":"2024-09-01","commitResults":[{"hash":"9f4e53da022592ae78239bd260b77b46972d8aed","isMergeCommit":false,"messageTitle":"Improved code quality","messageBody":"Improved on abstraction\nUsed constant variables with meaningful names rather than just magic numbers.\n","tags":["A-CodeQuality"],"fileTypesAndContributionMap":{"java":{"insertions":83,"deletions":70}}},{"hash":"59e75ea105f50878102caf3afa59a5bf30c7a26b","isMergeCommit":false,"messageTitle":"Removed redundant initializer","messageBody":"","fileTypesAndContributionMap":{"java":{"insertions":1,"deletions":1}}}]},{"date":"2024-09-09","commitResults":[{"hash":"b0b6770081ac5bed708e272371daf299d03433f9","isMergeCommit":false,"messageTitle":"added some error handling","messageBody":"Created a new checked exception\n","fileTypesAndContributionMap":{"java":{"insertions":107,"deletions":41}}},{"hash":"1403d24c01bd23ef7cb6228898953c54574e7624","isMergeCommit":false,"messageTitle":"added more error handling","messageBody":"Program does not allow empty fields like time , task now\n","fileTypesAndContributionMap":{"java":{"insertions":53,"deletions":23}}},{"hash":"177f8be1a7078880bf4ef542700cf35a0aed6f4d","isMergeCommit":true,"messageTitle":"Merge branch \u0027branch-Level-5\u0027","messageBody":"","tags":["Level-5"],"fileTypesAndContributionMap":{}},{"hash":"b30b87ba213cfb8e6799a4b0840d2b524f91edfe","isMergeCommit":false,"messageTitle":"Improved code readability","messageBody":"","tags":["A-Exceptions"],"fileTypesAndContributionMap":{"java":{"insertions":35,"deletions":19}}},{"hash":"ec954bf678338f6f4759b9e1e17d9a0edb110921","isMergeCommit":false,"messageTitle":"Divided Classes into packages","messageBody":"Updated UI-text texting according to packages\n","tags":["A-Packages"],"fileTypesAndContributionMap":{"txt":{"insertions":8,"deletions":0},"java":{"insertions":26,"deletions":2},"bat":{"insertions":2,"deletions":2}}}]},{"date":"2024-09-13","commitResults":[{"hash":"91e97e8665c9eda325c7c91b0c15b45cbe0a6b23","isMergeCommit":false,"messageTitle":"implemented delete task command","messageBody":"","tags":["A-Collections"],"fileTypesAndContributionMap":{"java":{"insertions":19,"deletions":4}}},{"hash":"b90e1696b0ed8a0b2a5ae2bc87c427e186817bc3","isMergeCommit":false,"messageTitle":"implemented File class","messageBody":"File class able to get lines from a file\n","fileTypesAndContributionMap":{"txt":{"insertions":0,"deletions":0},"java":{"insertions":32,"deletions":0}}}]},{"date":"2024-09-14","commitResults":[{"hash":"1ee2771511659d7d70fcf256571b1f12683e509f","isMergeCommit":false,"messageTitle":"added auto-write to file","messageBody":"when list changes , the new task list is written\n","fileTypesAndContributionMap":{"txt":{"insertions":5,"deletions":0},"java":{"insertions":112,"deletions":11}}},{"hash":"0b305b77166d5d5bd8492938851f1caeef7837ee","isMergeCommit":false,"messageTitle":"Added more error handling to file access","messageBody":"","fileTypesAndContributionMap":{"txt":{"insertions":1,"deletions":2},"java":{"insertions":12,"deletions":5}}},{"hash":"e1c674064f15f8b65d8b347307506471b85fc442","isMergeCommit":false,"messageTitle":"Fixed error","messageBody":"","fileTypesAndContributionMap":{"java":{"insertions":0,"deletions":6}}},{"hash":"17cd45f90bd37e0d1b9d9787d1d420c8af4339de","isMergeCommit":true,"messageTitle":"Merge branch \u0027branch-Level-6\u0027","messageBody":"","tags":["Level-6"],"fileTypesAndContributionMap":{}},{"hash":"4a6a203684a9bd5e2c2e825b1ad753c0e273d8e5","isMergeCommit":true,"messageTitle":"Resolved merge conflicts","messageBody":"Resolved merge conflicts from level-7 -\u003e master\n","fileTypesAndContributionMap":{}},{"hash":"1fe397a05dd2ecf786bfa8d7c63923ffcb9cda15","isMergeCommit":false,"messageTitle":"Added function lost due to merge","messageBody":"convertToFileFormat was added\n","tags":["Level-7"],"fileTypesAndContributionMap":{"java":{"insertions":4,"deletions":0}}}]},{"date":"2024-09-22","commitResults":[{"hash":"16ec23646be3e81209000f2243cbe03716d820af","isMergeCommit":false,"messageTitle":"Correct code based on comments","messageBody":"","fileTypesAndContributionMap":{"txt":{"insertions":0,"deletions":4},"java":{"insertions":12,"deletions":7}}},{"hash":"52ffe8fbf59c8dec52a46c6bf18b9227678684b8","isMergeCommit":false,"messageTitle":"Added Ui class","messageBody":"Ui class controls formatting commands in the terminal\n","fileTypesAndContributionMap":{"txt":{"insertions":3,"deletions":0},"java":{"insertions":76,"deletions":31}}},{"hash":"2173760995dea353d463da45b7e268c2d0fcb8d6","isMergeCommit":false,"messageTitle":"Split Task class to TaskList class","messageBody":"","fileTypesAndContributionMap":{"java":{"insertions":65,"deletions":62}}},{"hash":"bf806e90cc6b9e53f28f82af9dfb3bc35c409ae8","isMergeCommit":false,"messageTitle":"Broken down code to more OOP","messageBody":"","fileTypesAndContributionMap":{"java":{"insertions":29,"deletions":27}}},{"hash":"8d8a5b79551be61dbb1c1b23026976d0ad4fe260","isMergeCommit":false,"messageTitle":"Broken down code to more OOP","messageBody":"","tags":["A-MoreOOP"],"fileTypesAndContributionMap":{"java":{"insertions":133,"deletions":134}}}]},{"date":"2024-09-23","commitResults":[{"hash":"0201744a08431b7ce52a95947fc3f3ea2d2647b4","isMergeCommit":false,"messageTitle":"Added date class","messageBody":"Users can now input using shortform dates such as 20/10/2019 1800 and will be converted to 20 October 2019 , 6 pm\n","fileTypesAndContributionMap":{"txt":{"insertions":6,"deletions":0},"java":{"insertions":63,"deletions":4}}},{"hash":"1dab92de6b9adaf7da1147bc86ff497e815970c6","isMergeCommit":false,"messageTitle":"Added date filter command","messageBody":"","fileTypesAndContributionMap":{"txt":{"insertions":7,"deletions":2},"java":{"insertions":105,"deletions":7}}},{"hash":"0bfcbdd42da36f702d70e2df235f025f0b7598fa","isMergeCommit":true,"messageTitle":"Merge pull request #1 from rexkoh425/branch-Level-8","messageBody":"Branch level 8","tags":["Level-8"],"fileTypesAndContributionMap":{}},{"hash":"646f4bf1a52e54057887bba6262e81ca5daff32e","isMergeCommit":false,"messageTitle":"Added keyword filter command","messageBody":"","fileTypesAndContributionMap":{"java":{"insertions":28,"deletions":1}}},{"hash":"d37cb42a600c4364cb73fe8a7e2e2e86699158b0","isMergeCommit":false,"messageTitle":"Changed GET_FORMAT to FIND_FORMAT","messageBody":"","fileTypesAndContributionMap":{"java":{"insertions":1,"deletions":1}}},{"hash":"7fc02e40fe22f7bbec8febd7bec83a3e7053feff","isMergeCommit":true,"messageTitle":"Merge pull request #2 from rexkoh425/Branch-Level-9","messageBody":"Branch level 9","tags":["Level-9"],"fileTypesAndContributionMap":{}},{"hash":"46327ffa2ed7b036260d6e3d360f45c230dadd6f","isMergeCommit":false,"messageTitle":"changed public to private methods","messageBody":"","fileTypesAndContributionMap":{"java":{"insertions":6,"deletions":19}}},{"hash":"f9545bc5469bf789f7ba9d8517a6b54e30af3c3c","isMergeCommit":false,"messageTitle":"added javadoc comments","messageBody":"Added for File package and main class\n","fileTypesAndContributionMap":{"java":{"insertions":54,"deletions":3}}},{"hash":"2ba59c4601ed54f2d5a783198ed142ba81198d23","isMergeCommit":false,"messageTitle":"edit existing javadoc comments","messageBody":"","fileTypesAndContributionMap":{"java":{"insertions":1,"deletions":1}}},{"hash":"370e8c275f1278a177fcbb4449896cd181728196","isMergeCommit":false,"messageTitle":"update javadoc for Date class","messageBody":"","fileTypesAndContributionMap":{"java":{"insertions":34,"deletions":10}}},{"hash":"3d31c086b79998f6b116e88f2cd13106d022b332","isMergeCommit":false,"messageTitle":"update javadoc for UserInputParser","messageBody":"","fileTypesAndContributionMap":{"java":{"insertions":33,"deletions":0}}},{"hash":"afc0062a4c5525b7f19ae29cec00ebf964ca229e","isMergeCommit":false,"messageTitle":"update javadoc for Task package","messageBody":"","fileTypesAndContributionMap":{"java":{"insertions":20,"deletions":1}}},{"hash":"29fde76b5d9734d4ecb50f100cb4cf590b70b751","isMergeCommit":false,"messageTitle":"update javadoc for Ui package","messageBody":"","fileTypesAndContributionMap":{"java":{"insertions":32,"deletions":10}}}]},{"date":"2024-09-24","commitResults":[{"hash":"e1bee70acaef8c9ea713660e0c1c4a324d284df1","isMergeCommit":true,"messageTitle":"Merge pull request #3 from rexkoh425/branch-A-JavaDoc","messageBody":"Branch a java doc","tags":["A-JavaDoc"],"fileTypesAndContributionMap":{}},{"hash":"eaa39c448300470f8be3d94fc1c7e926c29cb601","isMergeCommit":false,"messageTitle":"Updated user guide","messageBody":"","fileTypesAndContributionMap":{"txt":{"insertions":2,"deletions":13},"java":{"insertions":10,"deletions":0},"md":{"insertions":142,"deletions":12}}},{"hash":"b631334cb5c20e444557b9b072f5d192e288a862","isMergeCommit":false,"messageTitle":"User can run jar file anywhere within ip","messageBody":"","fileTypesAndContributionMap":{"java":{"insertions":49,"deletions":6}}},{"hash":"74efd37b74907c2a579d4fae0bfbec4b431363a3","isMergeCommit":false,"messageTitle":"removed unnecessary imports","messageBody":"","fileTypesAndContributionMap":{"java":{"insertions":1,"deletions":5}}},{"hash":"e269c03bfdacd3c1bd55e9321ffa30e2cbcf9070","isMergeCommit":false,"messageTitle":"build new jar file","messageBody":"","fileTypesAndContributionMap":{"java":{"insertions":0,"deletions":1}}}]},{"date":"2024-10-03","commitResults":[{"hash":"86f3eb53161efe079477829a3207f6fbf3be8d6a","isMergeCommit":false,"messageTitle":"Added auto creating of folder and file , file path now is relative","messageBody":"","fileTypesAndContributionMap":{"java":{"insertions":45,"deletions":52}}},{"hash":"80826b7f52db3bba01e018aa50268149d917fdf2","isMergeCommit":false,"messageTitle":"Allow user to choose whether to save file","messageBody":"","fileTypesAndContributionMap":{"java":{"insertions":25,"deletions":8}}},{"hash":"fbc21f0ee2278aaa0b9fc364b76581b316380020","isMergeCommit":false,"messageTitle":"used better naming for functions","messageBody":"","fileTypesAndContributionMap":{"java":{"insertions":5,"deletions":8}}}]},{"date":"2024-10-04","commitResults":[{"hash":"1c802141e5883e113d30d8b279cc774085557826","isMergeCommit":false,"messageTitle":"added find to include other type of dates","messageBody":"","fileTypesAndContributionMap":{"txt":{"insertions":0,"deletions":3},"java":{"insertions":309,"deletions":251}}}]},{"date":"2024-10-06","commitResults":[{"hash":"1b2aacc28f965daa8e3ecc6c95c7a21633efdde5","isMergeCommit":false,"messageTitle":"Added clear error messages","messageBody":"added possible inputs as test case in input.txt as well\n","fileTypesAndContributionMap":{"txt":{"insertions":28,"deletions":14},"java":{"insertions":25,"deletions":21}}},{"hash":"95a2761eb3a8e36a661f66bc3176c951384eacb2","isMergeCommit":false,"messageTitle":"track TaskContents.txt","messageBody":"","fileTypesAndContributionMap":{"txt":{"insertions":6,"deletions":0}}}]},{"date":"2024-10-07","commitResults":[{"hash":"a282b797d8a10439e62010132dcfe6e2e2be55c8","isMergeCommit":false,"messageTitle":"Edit javadoc and improve code quality","messageBody":"","fileTypesAndContributionMap":{"txt":{"insertions":19,"deletions":8},"java":{"insertions":113,"deletions":144}}},{"hash":"bbba35dc9acd712363c6facdf1ae23a8b84c8aae","isMergeCommit":false,"messageTitle":"Improved user guide","messageBody":"","tags":["A-UserGuide"],"fileTypesAndContributionMap":{"java":{"insertions":2,"deletions":0},"md":{"insertions":145,"deletions":7}}},{"hash":"cbad58fbb9a3889afc2c44e29cfd8721ab658569","isMergeCommit":false,"messageTitle":"Commit for new jar file","messageBody":"","tags":["A-Release"],"fileTypesAndContributionMap":{"md":{"insertions":1,"deletions":1}}},{"hash":"309c6a8afe57820b5cc74fd06571855b75416348","isMergeCommit":false,"messageTitle":"add jar file instructions","messageBody":"","fileTypesAndContributionMap":{"md":{"insertions":9,"deletions":1}}}]},{"date":"2024-10-08","commitResults":[{"hash":"af35a9a5c9cb9f9670bca0f9bf401b0272f8790f","isMergeCommit":false,"messageTitle":"checked code quality + UI testing","messageBody":"","fileTypesAndContributionMap":{"txt":{"insertions":1,"deletions":1},"java":{"insertions":96,"deletions":44}}}]},{"date":"2024-10-09","commitResults":[{"hash":"4c7e716143960b5e56bd58e7afcbe63cb57c5bfa","isMergeCommit":false,"messageTitle":"update code quality","messageBody":"included \u003cbr\u003e in user guide for number bullets too\n","fileTypesAndContributionMap":{"txt":{"insertions":12,"deletions":0},"java":{"insertions":6,"deletions":3},"md":{"insertions":26,"deletions":26}}},{"hash":"2115aff061c41aae8a2fa3e864fb51fa7bc605b7","isMergeCommit":false,"messageTitle":"added \u003cbr\u003e to UG for format","messageBody":"","fileTypesAndContributionMap":{"md":{"insertions":8,"deletions":8}}},{"hash":"26bb5ae9cc61e6e5c8879500cf2b7492a244461b","isMergeCommit":false,"messageTitle":"renamed packages to lowercase","messageBody":"","fileTypesAndContributionMap":{"txt":{"insertions":1,"deletions":0},"java":{"insertions":45,"deletions":46},"md":{"insertions":3,"deletions":3}}},{"hash":"07ca1f9d2f2b1599f6f2959c8938f38abf8120ad","isMergeCommit":false,"messageTitle":"added spacing to {","messageBody":"","fileTypesAndContributionMap":{"java":{"insertions":139,"deletions":119}}},{"hash":"7cfb0266b873bfa3c60fb9dd73b856a91a653378","isMergeCommit":false,"messageTitle":"update javadoc code quality","messageBody":"","fileTypesAndContributionMap":{"java":{"insertions":68,"deletions":37}}},{"hash":"c09a4b2531528d9e0e31a6c812f37193b876337b","isMergeCommit":false,"messageTitle":"update javadoc code quality","messageBody":"","fileTypesAndContributionMap":{"java":{"insertions":3,"deletions":12}}}]}]},"authorFileTypeContributionMap":{"rexkoh425":{"java":1078,"md":279,"fxml":0,"sh":0,"bat":2,"gradle":0,"txt":63}},"authorContributionVariance":{"rexkoh425":24875.053},"authorDisplayNameMap":{"rexkoh425":"CS2113-T11-3 REX .. KAI"}}
