{"authorDailyContributionsMap":{"yakultbottle":[{"date":"2024-08-19","commitResults":[{"hash":"7bc916914d0ac839822afb3755e2b6a66898f48c","isMergeCommit":false,"messageTitle":"Rename Duke to Jeremy","messageBody":"","fileTypesAndContributionMap":{"java":{"insertions":1,"deletions":1},"bat":{"insertions":1,"deletions":1},"md":{"insertions":3,"deletions":3}}},{"hash":"97f26d335bc8dba1c4ddc8034bbd4c8ed4e008f3","isMergeCommit":false,"messageTitle":"Add basic greet and exit","messageBody":"","fileTypesAndContributionMap":{"java":{"insertions":12,"deletions":6}}},{"hash":"59516a10bed0d8a82458e7c331f1b52b4faecb03","isMergeCommit":false,"messageTitle":"Add ASCII art of Jeremy","messageBody":"","fileTypesAndContributionMap":{"java":{"insertions":26,"deletions":1}}}]}]},"authorFileTypeContributionMap":{"yakultbottle":{"java":38,"md":3,"fxml":0,"sh":0,"bat":1,"gradle":0,"txt":0}},"authorContributionVariance":{"yakultbottle":567.1875},"authorDisplayNameMap":{"yakultbottle":"LIM ..AMIN"}}
