{"authorDailyContributionsMap":{"yakultbottle":[{"date":"2024-08-19","commitResults":[{"hash":"7bc916914d0ac839822afb3755e2b6a66898f48c","isMergeCommit":false,"messageTitle":"Rename Duke to Jeremy","messageBody":"","fileTypesAndContributionMap":{"java":{"insertions":1,"deletions":1},"bat":{"insertions":1,"deletions":1},"md":{"insertions":3,"deletions":3}}},{"hash":"97f26d335bc8dba1c4ddc8034bbd4c8ed4e008f3","isMergeCommit":false,"messageTitle":"Add basic greet and exit","messageBody":"","fileTypesAndContributionMap":{"java":{"insertions":12,"deletions":6}}},{"hash":"59516a10bed0d8a82458e7c331f1b52b4faecb03","isMergeCommit":false,"messageTitle":"Add ASCII art of Jeremy","messageBody":"","tags":["Level-0"],"fileTypesAndContributionMap":{"java":{"insertions":26,"deletions":1}}}]},{"date":"2024-08-24","commitResults":[{"hash":"da2c4b5446596acab5e1b61ae640d2ff69d72627","isMergeCommit":false,"messageTitle":"Abstract print statements into their own class","messageBody":"","fileTypesAndContributionMap":{"java":{"insertions":49,"deletions":37}}},{"hash":"0f58845055aed33806d016d5078ade178d040fea","isMergeCommit":false,"messageTitle":"Implement command echoing and exit functionality","messageBody":"- Echo user commands back to the console\n- Exit the program when the user types \u0027bye\u0027\n","tags":["Level-1"],"fileTypesAndContributionMap":{"java":{"insertions":23,"deletions":5}}},{"hash":"f5cd93f2b8684081b6bb54d5cd5a24a8b7c2faa7","isMergeCommit":false,"messageTitle":"Add feature to store user-entered text and display it on request","messageBody":"","tags":["Level-2"],"fileTypesAndContributionMap":{"java":{"insertions":16,"deletions":4}}},{"hash":"a87e880057facb64ddae0116f67a5bd103d58b93","isMergeCommit":false,"messageTitle":"Abstract list functionality into own class","messageBody":"","fileTypesAndContributionMap":{"java":{"insertions":27,"deletions":13}}}]},{"date":"2024-08-28","commitResults":[{"hash":"2d5d61e530998a7dec88e71a3f4c56d2ce54e3e9","isMergeCommit":false,"messageTitle":"Add functionality to mark and unmark tasks as done","messageBody":"- Abstract functionality of Task into Task class\n- Update List class to use an array of Task instead of Strings\n- Refactor main loop to use switch case for command branching\n- Add string parsing to handle mark and unmark commands with numbers\n","tags":["A-Classes"],"fileTypesAndContributionMap":{"java":{"insertions":87,"deletions":17}}},{"hash":"86847a1c87f6da19ea391a6065e391276d6af0c9","isMergeCommit":false,"messageTitle":"Correct boundary check, abstract logic, clean up","messageBody":"- Corrected faulty boundary check in List.java that was \"taskNumber \u003e\u003d\n  tasks.length\", which is always 100, and changed it to \"taskNumber \u003e\u003d\n  size\"\n- Abstracted logic of maskTaskAsDone and markTaskAsNotDone into a\n  separate method that they both call with a boolean\n- Abstracted logic of printing status icon into getStatusIcon\n- Changed name of taskDescription variable into description\n","tags":["Level-3"],"fileTypesAndContributionMap":{"java":{"insertions":28,"deletions":29}}},{"hash":"35e79628eb792dc5190c33f6f5da1d5e0e97a75a","isMergeCommit":false,"messageTitle":"Refactor Print class as PrintUtils class","messageBody":"Add print and println methods to PrintUtils class such that all prints\nget called from the PrintUtils now. This is more clear than previously,\nas custom prints would still call System.out. This makes the code neater\nand cleaner.\n\nRename variables and methods to follow the coding standard\n","fileTypesAndContributionMap":{"java":{"insertions":69,"deletions":57}}},{"hash":"1bdcdea237da451e8e440085ce8528438385b952","isMergeCommit":false,"messageTitle":"Update Jeremy\u0027s responses for Tasks","messageBody":"- Change the message for invalid Task number\n- Change the message for adding and unmarking tasks\n- Separate linebreak from the printTask method for clarity\n","tags":["A-CodingStandard"],"fileTypesAndContributionMap":{"java":{"insertions":8,"deletions":7}}}]},{"date":"2024-09-01","commitResults":[{"hash":"fc720b8eda442e1295ffe569bb276888ea27c388","isMergeCommit":false,"messageTitle":"Refactor Task class with toString method","messageBody":"Previously Task class had a method printTask(), which itself called\nPrintUtils. This led to some ambiguity, and removed flexibility in how\nit was being handled, ie if you wanted to further format it before\nprinting. Returning a String with toString makes handling printing more\noutright and straightforward\n\nAlso modified setTaskStatus to reduce nesting\n","fileTypesAndContributionMap":{"java":{"insertions":18,"deletions":19}}},{"hash":"a31ae02f40914ec8ff123455d1264bcaeb642cda","isMergeCommit":false,"messageTitle":"Add Todo, Event, Deadline classes extending Task","messageBody":"- Created three new classes (Todo, Event, Deadline) that extend the Task class\n- Moved string processing for task arguments into the constructors of these classes. This approach keeps control flow in Jeremy.java cleaner, despite making constructors more complex\n- Retained the default behavior of creating a generic Task for unrecognized commands. Note: This default behavior is not intended to be permanent and may be revised in the future\n","tags":["Level-4","A-Inheritance"],"fileTypesAndContributionMap":{"java":{"insertions":69,"deletions":10}}}]},{"date":"2024-09-02","commitResults":[{"hash":"4eb19ef9edcaf1fff837a9d10e8dea78fadb2376","isMergeCommit":false,"messageTitle":"Add automated UI tests","messageBody":"","tags":["A-TextUiTesting"],"fileTypesAndContributionMap":{"txt":{"insertions":8,"deletions":0}}}]},{"date":"2024-09-03","commitResults":[{"hash":"83f3c887e81ce665a2115b9c6f7e45b6faa2cc85","isMergeCommit":false,"messageTitle":"Rename List class to TaskList, cleanup","messageBody":"Cleanup\n- Change some variables to be final\n- Change the formatting of the logo string\n","fileTypesAndContributionMap":{"java":{"insertions":36,"deletions":35}}},{"hash":"9be9ff5963acc89d95039cafdb6ce56f55406307","isMergeCommit":false,"messageTitle":"Refactor switch statement with Command enum","messageBody":"Change the switch statement from a String to a enum I defined as\nCommand. This inherently removes the \"default\" case, as any error\nhandling is handled by the enum. As such, it now handles errors using\nthe UNKNOWN_COMMAND value.\n","tags":["A-CodeQuality"],"fileTypesAndContributionMap":{"java":{"insertions":29,"deletions":9}}}]},{"date":"2024-09-05","commitResults":[{"hash":"7936b0fb24f05e40494bea6f449eeda2da304bf7","isMergeCommit":false,"messageTitle":"Update automated tests","messageBody":"","fileTypesAndContributionMap":{"txt":{"insertions":1,"deletions":1}}}]},{"date":"2024-09-08","commitResults":[{"hash":"ec86716912bd0663214d73aebdc11594b7b777f2","isMergeCommit":false,"messageTitle":"Add error handling to mark and unmark","messageBody":"- Add handling of mark and unmark commands with invalid numbers with the\nuse of an exception, handled in the setTaskStatus method\n- Refactor prior error handling for checking of valid taskNumber to use\nexceptions\n","fileTypesAndContributionMap":{"java":{"insertions":30,"deletions":20}}},{"hash":"449eb7242a5eb4061fd04e9e3e88f9d33d4e2b9a","isMergeCommit":false,"messageTitle":"Create custom exceptions to handle errors","messageBody":"- Create JeremyException class for other custom exceptions to inherit\nfrom\n- Create exceptions for empty argument, illegal command, and illegal\ncommand format\n- Refactor the switch-case to use try-catch to handle exceptions there\n","fileTypesAndContributionMap":{"java":{"insertions":80,"deletions":29}}},{"hash":"e6103e7e29eece7006a7bf3d92a96daf0fbabfcd","isMergeCommit":false,"messageTitle":"Refactor setTaskStatus to use custom exceptions","messageBody":"","fileTypesAndContributionMap":{"java":{"insertions":38,"deletions":13}}},{"hash":"32459b8157bc036d0799c9444bef9d45c5584548","isMergeCommit":true,"messageTitle":"Merge branch \u0027branch-Level-5\u0027","messageBody":"","tags":["Level-5","A-Exceptions"],"fileTypesAndContributionMap":{}},{"hash":"a99772f8d7ccfdc02a9c93ad681c45c543e04b4a","isMergeCommit":false,"messageTitle":"Organise classes into packages","messageBody":"","fileTypesAndContributionMap":{"java":{"insertions":57,"deletions":7},"bat":{"insertions":1,"deletions":1},"md":{"insertions":2,"deletions":2}}},{"hash":"8887f84778ae6d0c805742cc973db34735f64fbd","isMergeCommit":true,"messageTitle":"Merge branch \u0027branch-A-Packages\u0027","messageBody":"","tags":["A-Packages"],"fileTypesAndContributionMap":{}}]},{"date":"2024-09-10","commitResults":[{"hash":"12799ed48a1d2f4ee17b8bf05f356f9e205e6210","isMergeCommit":false,"messageTitle":"Refactor constants in PrintUtil class","messageBody":"- Change LINE_BREAK constant to use .repeat method from String\n- Change NAME constant from jeremy.Jeremy to Jeremy, which is a\n  byproduct of lazy refactoring from IntelliJ\n","fileTypesAndContributionMap":{"java":{"insertions":2,"deletions":3}}}]},{"date":"2024-09-14","commitResults":[{"hash":"a6fab5b59363b4c7c0bce7ca04914b54bb4e07f5","isMergeCommit":false,"messageTitle":"Fix bad refactor","messageBody":"","fileTypesAndContributionMap":{"java":{"insertions":6,"deletions":6}}}]}]},"authorFileTypeContributionMap":{"yakultbottle":{"java":390,"md":3,"fxml":0,"sh":0,"bat":1,"gradle":0,"txt":8}},"authorContributionVariance":{"yakultbottle":6360.445},"authorDisplayNameMap":{"yakultbottle":"CS2113-W14-4 LIM ..AMIN"}}
