[{"path":"src/main/java/Main.java","fileType":"java","lines":[{"lineNumber":1,"author":{"gitId":"Holy-An"},"content":"import cristiano.Ronaldo;","lastModifiedDate":"2024-09-02","isFullCredit":false},{"lineNumber":2,"author":{"gitId":"Holy-An"},"content":"","lastModifiedDate":"2024-09-02","isFullCredit":false},{"lineNumber":3,"author":{"gitId":"Holy-An"},"content":"import java.util.Scanner;","lastModifiedDate":"2024-09-02","isFullCredit":false},{"lineNumber":4,"author":{"gitId":"Holy-An"},"content":"","lastModifiedDate":"2024-09-02","isFullCredit":false},{"lineNumber":5,"author":{"gitId":"Holy-An"},"content":"public class Main {","lastModifiedDate":"2024-09-02","isFullCredit":false},{"lineNumber":6,"author":{"gitId":"Holy-An"},"content":"    /**","lastModifiedDate":"2024-09-02","isFullCredit":false},{"lineNumber":7,"author":{"gitId":"Holy-An"},"content":"     * The start of the main input of the Ronaldo chatbot.","lastModifiedDate":"2024-09-02","isFullCredit":false},{"lineNumber":8,"author":{"gitId":"Holy-An"},"content":"     * This chatbot develops a personality of Cristiano Ronaldo,","lastModifiedDate":"2024-09-02","isFullCredit":false},{"lineNumber":9,"author":{"gitId":"Holy-An"},"content":"     * a world renowned footballer and the most followed celebrity in the world.","lastModifiedDate":"2024-09-02","isFullCredit":false},{"lineNumber":10,"author":{"gitId":"Holy-An"},"content":"     * Firstly, it greets the user, before enquiring the user on their purpose.","lastModifiedDate":"2024-09-02","isFullCredit":false},{"lineNumber":11,"author":{"gitId":"Holy-An"},"content":"     * The chatbot runs on an infinite while loop until the user enters an input.","lastModifiedDate":"2024-09-02","isFullCredit":false},{"lineNumber":12,"author":{"gitId":"Holy-An"},"content":"     * By default, the input will be taken as a task, and will be added to a list of tasks.","lastModifiedDate":"2024-09-02","isFullCredit":false},{"lineNumber":13,"author":{"gitId":"Holy-An"},"content":"     * However, if the input is empty or includes spaces, an exception error message is sent.","lastModifiedDate":"2024-09-03","isFullCredit":false},{"lineNumber":14,"author":{"gitId":"Holy-An"},"content":"     * If the input is \"bye\", the chatbot bids its farewell and exits the program.","lastModifiedDate":"2024-09-02","isFullCredit":false},{"lineNumber":15,"author":{"gitId":"Holy-An"},"content":"     *","lastModifiedDate":"2024-09-03","isFullCredit":false},{"lineNumber":16,"author":{"gitId":"Holy-An"},"content":"     * @param args Command line arguments;","lastModifiedDate":"2024-09-02","isFullCredit":false},{"lineNumber":17,"author":{"gitId":"Holy-An"},"content":"     */","lastModifiedDate":"2024-09-02","isFullCredit":false},{"lineNumber":18,"author":{"gitId":"Holy-An"},"content":"    public static void main(String[] args) {","lastModifiedDate":"2024-09-02","isFullCredit":false},{"lineNumber":19,"author":{"gitId":"Holy-An"},"content":"        Ronaldo ronaldoInstance \u003d new Ronaldo();","lastModifiedDate":"2024-09-02","isFullCredit":false},{"lineNumber":20,"author":{"gitId":"Holy-An"},"content":"        ronaldoInstance.greet();","lastModifiedDate":"2024-09-02","isFullCredit":false},{"lineNumber":21,"author":{"gitId":"Holy-An"},"content":"        Scanner in \u003d new Scanner(System.in);","lastModifiedDate":"2024-09-02","isFullCredit":false},{"lineNumber":22,"author":{"gitId":"Holy-An"},"content":"","lastModifiedDate":"2024-09-02","isFullCredit":false},{"lineNumber":23,"author":{"gitId":"Holy-An"},"content":"        while (true) {","lastModifiedDate":"2024-09-02","isFullCredit":false},{"lineNumber":24,"author":{"gitId":"Holy-An"},"content":"            String words \u003d in.nextLine();","lastModifiedDate":"2024-09-02","isFullCredit":false},{"lineNumber":25,"author":{"gitId":"Holy-An"},"content":"            if (words.trim().isEmpty()) {","lastModifiedDate":"2024-09-02","isFullCredit":false},{"lineNumber":26,"author":{"gitId":"Holy-An"},"content":"                System.out.println(\"Woops, your input is empty, just like Spurs\u0027 trophy cabinet.\\n\");","lastModifiedDate":"2024-09-02","isFullCredit":false},{"lineNumber":27,"author":{"gitId":"Holy-An"},"content":"                continue;","lastModifiedDate":"2024-09-02","isFullCredit":false},{"lineNumber":28,"author":{"gitId":"Holy-An"},"content":"            } else if (words.contains(\"messi\")) {","lastModifiedDate":"2024-09-02","isFullCredit":false},{"lineNumber":29,"author":{"gitId":"Holy-An"},"content":"                ronaldoInstance.boast();","lastModifiedDate":"2024-09-02","isFullCredit":false},{"lineNumber":30,"author":{"gitId":"Holy-An"},"content":"            } else if (words.contains(\"siu\")) {","lastModifiedDate":"2024-09-02","isFullCredit":false},{"lineNumber":31,"author":{"gitId":"Holy-An"},"content":"                ronaldoInstance.exclaim();","lastModifiedDate":"2024-09-02","isFullCredit":false},{"lineNumber":32,"author":{"gitId":"Holy-An"},"content":"            }","lastModifiedDate":"2024-09-02","isFullCredit":false},{"lineNumber":33,"author":{"gitId":"Holy-An"},"content":"            String[] input \u003d words.split(\" \");","lastModifiedDate":"2024-09-02","isFullCredit":false},{"lineNumber":34,"author":{"gitId":"Holy-An"},"content":"","lastModifiedDate":"2024-09-02","isFullCredit":false},{"lineNumber":35,"author":{"gitId":"Holy-An"},"content":"            switch (input[0]) {","lastModifiedDate":"2024-09-02","isFullCredit":false},{"lineNumber":36,"author":{"gitId":"Holy-An"},"content":"                case \"bye\":","lastModifiedDate":"2024-09-02","isFullCredit":false},{"lineNumber":37,"author":{"gitId":"Holy-An"},"content":"                    ronaldoInstance.exit();","lastModifiedDate":"2024-09-02","isFullCredit":false},{"lineNumber":38,"author":{"gitId":"Holy-An"},"content":"                    in.close();","lastModifiedDate":"2024-09-02","isFullCredit":false},{"lineNumber":39,"author":{"gitId":"Holy-An"},"content":"                    return;","lastModifiedDate":"2024-09-02","isFullCredit":false},{"lineNumber":40,"author":{"gitId":"Holy-An"},"content":"                case \"mark\":","lastModifiedDate":"2024-09-02","isFullCredit":false},{"lineNumber":41,"author":{"gitId":"Holy-An"},"content":"                case \"unmark\":","lastModifiedDate":"2024-09-02","isFullCredit":false},{"lineNumber":42,"author":{"gitId":"Holy-An"},"content":"                    ronaldoInstance.handleGoal(input);","lastModifiedDate":"2024-09-02","isFullCredit":false},{"lineNumber":43,"author":{"gitId":"Holy-An"},"content":"                    break;","lastModifiedDate":"2024-09-02","isFullCredit":false},{"lineNumber":44,"author":{"gitId":"Holy-An"},"content":"                case \"list\":","lastModifiedDate":"2024-09-02","isFullCredit":false},{"lineNumber":45,"author":{"gitId":"Holy-An"},"content":"                    ronaldoInstance.showListOfGoals();","lastModifiedDate":"2024-09-02","isFullCredit":false},{"lineNumber":46,"author":{"gitId":"Holy-An"},"content":"                    break;","lastModifiedDate":"2024-09-02","isFullCredit":false},{"lineNumber":47,"author":{"gitId":"Holy-An"},"content":"                default:","lastModifiedDate":"2024-09-02","isFullCredit":false},{"lineNumber":48,"author":{"gitId":"Holy-An"},"content":"                    ronaldoInstance.addGoal(words);","lastModifiedDate":"2024-09-02","isFullCredit":false},{"lineNumber":49,"author":{"gitId":"Holy-An"},"content":"                    break;","lastModifiedDate":"2024-09-02","isFullCredit":false},{"lineNumber":50,"author":{"gitId":"Holy-An"},"content":"            }","lastModifiedDate":"2024-09-02","isFullCredit":false},{"lineNumber":51,"author":{"gitId":"Holy-An"},"content":"        }","lastModifiedDate":"2024-09-02","isFullCredit":false},{"lineNumber":52,"author":{"gitId":"Holy-An"},"content":"    }","lastModifiedDate":"2024-09-02","isFullCredit":false},{"lineNumber":53,"author":{"gitId":"Holy-An"},"content":"","lastModifiedDate":"2024-09-02","isFullCredit":false},{"lineNumber":54,"author":{"gitId":"Holy-An"},"content":"}","lastModifiedDate":"2024-09-02","isFullCredit":false},{"lineNumber":55,"author":{"gitId":"Holy-An"},"content":"","lastModifiedDate":"2024-09-02","isFullCredit":false},{"lineNumber":56,"author":{"gitId":"Holy-An"},"content":"","lastModifiedDate":"2024-09-02","isFullCredit":false},{"lineNumber":57,"author":{"gitId":"Holy-An"},"content":"","lastModifiedDate":"2024-09-02","isFullCredit":false}],"authorContributionMap":{"Holy-An":57}},{"path":"src/main/java/cristiano/Goal.java","fileType":"java","lines":[{"lineNumber":1,"author":{"gitId":"Holy-An"},"content":"package cristiano;","lastModifiedDate":"2024-09-02","isFullCredit":false},{"lineNumber":2,"author":{"gitId":"Holy-An"},"content":"","lastModifiedDate":"2024-09-02","isFullCredit":false},{"lineNumber":3,"author":{"gitId":"Holy-An"},"content":"public class Goal {","lastModifiedDate":"2024-09-02","isFullCredit":false},{"lineNumber":4,"author":{"gitId":"Holy-An"},"content":"    protected String description;","lastModifiedDate":"2024-08-30","isFullCredit":false},{"lineNumber":5,"author":{"gitId":"Holy-An"},"content":"    protected boolean isDone;","lastModifiedDate":"2024-08-30","isFullCredit":false},{"lineNumber":6,"author":{"gitId":"Holy-An"},"content":"","lastModifiedDate":"2024-08-30","isFullCredit":false},{"lineNumber":7,"author":{"gitId":"Holy-An"},"content":"    public Goal(String description) {","lastModifiedDate":"2024-09-02","isFullCredit":false},{"lineNumber":8,"author":{"gitId":"Holy-An"},"content":"        this.description \u003d description;","lastModifiedDate":"2024-08-30","isFullCredit":false},{"lineNumber":9,"author":{"gitId":"Holy-An"},"content":"        this.isDone \u003d false;","lastModifiedDate":"2024-08-30","isFullCredit":false},{"lineNumber":10,"author":{"gitId":"Holy-An"},"content":"    }","lastModifiedDate":"2024-08-30","isFullCredit":false},{"lineNumber":11,"author":{"gitId":"Holy-An"},"content":"","lastModifiedDate":"2024-08-30","isFullCredit":false},{"lineNumber":12,"author":{"gitId":"Holy-An"},"content":"    public boolean isDone() {","lastModifiedDate":"2024-09-02","isFullCredit":false},{"lineNumber":13,"author":{"gitId":"Holy-An"},"content":"        return isDone;","lastModifiedDate":"2024-09-02","isFullCredit":false},{"lineNumber":14,"author":{"gitId":"Holy-An"},"content":"    }","lastModifiedDate":"2024-09-02","isFullCredit":false},{"lineNumber":15,"author":{"gitId":"Holy-An"},"content":"","lastModifiedDate":"2024-09-02","isFullCredit":false},{"lineNumber":16,"author":{"gitId":"Holy-An"},"content":"    public String getStatusIcon() {","lastModifiedDate":"2024-08-30","isFullCredit":false},{"lineNumber":17,"author":{"gitId":"Holy-An"},"content":"        return isDone ? \"X\" : \" \"; // mark done task with X","lastModifiedDate":"2024-08-30","isFullCredit":false},{"lineNumber":18,"author":{"gitId":"Holy-An"},"content":"    }","lastModifiedDate":"2024-08-30","isFullCredit":false},{"lineNumber":19,"author":{"gitId":"Holy-An"},"content":"","lastModifiedDate":"2024-09-02","isFullCredit":false},{"lineNumber":20,"author":{"gitId":"Holy-An"},"content":"    public void markAsDone() {","lastModifiedDate":"2024-08-30","isFullCredit":false},{"lineNumber":21,"author":{"gitId":"Holy-An"},"content":"        this.isDone \u003d true;","lastModifiedDate":"2024-08-30","isFullCredit":false},{"lineNumber":22,"author":{"gitId":"Holy-An"},"content":"    }","lastModifiedDate":"2024-08-30","isFullCredit":false},{"lineNumber":23,"author":{"gitId":"Holy-An"},"content":"","lastModifiedDate":"2024-08-30","isFullCredit":false},{"lineNumber":24,"author":{"gitId":"Holy-An"},"content":"    public void markAsUndone() {","lastModifiedDate":"2024-08-30","isFullCredit":false},{"lineNumber":25,"author":{"gitId":"Holy-An"},"content":"        this.isDone \u003d false;","lastModifiedDate":"2024-08-30","isFullCredit":false},{"lineNumber":26,"author":{"gitId":"Holy-An"},"content":"    }","lastModifiedDate":"2024-08-30","isFullCredit":false},{"lineNumber":27,"author":{"gitId":"Holy-An"},"content":"}","lastModifiedDate":"2024-08-30","isFullCredit":false}],"authorContributionMap":{"Holy-An":27}},{"path":"src/main/java/cristiano/Ronaldo.java","fileType":"java","lines":[{"lineNumber":1,"author":{"gitId":"Holy-An"},"content":"package cristiano;","lastModifiedDate":"2024-09-02","isFullCredit":false},{"lineNumber":2,"author":{"gitId":"Holy-An"},"content":"","lastModifiedDate":"2024-09-02","isFullCredit":false},{"lineNumber":3,"author":{"gitId":"Holy-An"},"content":"import java.util.ArrayList;","lastModifiedDate":"2024-09-02","isFullCredit":false},{"lineNumber":4,"author":{"gitId":"Holy-An"},"content":"","lastModifiedDate":"2024-09-02","isFullCredit":false},{"lineNumber":5,"author":{"gitId":"Holy-An"},"content":"/**","lastModifiedDate":"2024-09-02","isFullCredit":false},{"lineNumber":6,"author":{"gitId":"Holy-An"},"content":" * This class includes the main methods to handle inputs from the user.","lastModifiedDate":"2024-09-02","isFullCredit":false},{"lineNumber":7,"author":{"gitId":"Holy-An"},"content":" * The methods include special methods such as \"boast\" and \"exclaim\"","lastModifiedDate":"2024-09-02","isFullCredit":false},{"lineNumber":8,"author":{"gitId":"Holy-An"},"content":" * which represents the chatbot\u0027s personality.","lastModifiedDate":"2024-09-02","isFullCredit":false},{"lineNumber":9,"author":{"gitId":"Holy-An"},"content":" * Each task is represented as a goal, which includes a goal number and completion.","lastModifiedDate":"2024-09-02","isFullCredit":false},{"lineNumber":10,"author":{"gitId":"Holy-An"},"content":" */","lastModifiedDate":"2024-09-02","isFullCredit":false},{"lineNumber":11,"author":{"gitId":"Holy-An"},"content":"public class Ronaldo {","lastModifiedDate":"2024-09-02","isFullCredit":false},{"lineNumber":12,"author":{"gitId":"Holy-An"},"content":"    private static final ArrayList\u003cGoal\u003e goals \u003d new ArrayList\u003c\u003e();","lastModifiedDate":"2024-09-02","isFullCredit":false},{"lineNumber":13,"author":{"gitId":"Holy-An"},"content":"","lastModifiedDate":"2024-09-02","isFullCredit":false},{"lineNumber":14,"author":{"gitId":"Holy-An"},"content":"    public void greet() {","lastModifiedDate":"2024-09-02","isFullCredit":false},{"lineNumber":15,"author":{"gitId":"Holy-An"},"content":"        String indent \u003d \"------------------------------------------------------------------------------ \\n\";","lastModifiedDate":"2024-09-02","isFullCredit":false},{"lineNumber":16,"author":{"gitId":"Holy-An"},"content":"        System.out.print( indent + \"Hello! I\u0027m Cristiano Ronaldo! The greatest footballer of all time.\");","lastModifiedDate":"2024-09-02","isFullCredit":false},{"lineNumber":17,"author":{"gitId":"Holy-An"},"content":"        exclaim();","lastModifiedDate":"2024-09-02","isFullCredit":false},{"lineNumber":18,"author":{"gitId":"Holy-An"},"content":"        System.out.println(\"Hehehe what can I do for you?\\n\"  + indent);","lastModifiedDate":"2024-09-02","isFullCredit":false},{"lineNumber":19,"author":{"gitId":"Holy-An"},"content":"    }","lastModifiedDate":"2024-09-02","isFullCredit":false},{"lineNumber":20,"author":{"gitId":"Holy-An"},"content":"","lastModifiedDate":"2024-09-02","isFullCredit":false},{"lineNumber":21,"author":{"gitId":"Holy-An"},"content":"    public void exit() {","lastModifiedDate":"2024-09-02","isFullCredit":false},{"lineNumber":22,"author":{"gitId":"Holy-An"},"content":"        System.out.print(\"Bye. Hope to see you soon! \");","lastModifiedDate":"2024-09-02","isFullCredit":false},{"lineNumber":23,"author":{"gitId":"Holy-An"},"content":"        exclaim();","lastModifiedDate":"2024-09-02","isFullCredit":false},{"lineNumber":24,"author":{"gitId":"Holy-An"},"content":"        System.exit(0);","lastModifiedDate":"2024-09-02","isFullCredit":false},{"lineNumber":25,"author":{"gitId":"Holy-An"},"content":"    }","lastModifiedDate":"2024-09-02","isFullCredit":false},{"lineNumber":26,"author":{"gitId":"Holy-An"},"content":"","lastModifiedDate":"2024-09-02","isFullCredit":false},{"lineNumber":27,"author":{"gitId":"Holy-An"},"content":"    /**","lastModifiedDate":"2024-09-02","isFullCredit":false},{"lineNumber":28,"author":{"gitId":"Holy-An"},"content":"     * Prints a boastful message of Ronaldo comparing himself to his","lastModifiedDate":"2024-09-02","isFullCredit":false},{"lineNumber":29,"author":{"gitId":"Holy-An"},"content":"     * fellow opponent in football, Messi.","lastModifiedDate":"2024-09-02","isFullCredit":false},{"lineNumber":30,"author":{"gitId":"Holy-An"},"content":"     */","lastModifiedDate":"2024-09-02","isFullCredit":false},{"lineNumber":31,"author":{"gitId":"Holy-An"},"content":"    public void boast() {","lastModifiedDate":"2024-09-02","isFullCredit":false},{"lineNumber":32,"author":{"gitId":"Holy-An"},"content":"        System.out.println(\"Oh please, I\u0027m better than him. *Yawns*\");","lastModifiedDate":"2024-09-02","isFullCredit":false},{"lineNumber":33,"author":{"gitId":"Holy-An"},"content":"    }","lastModifiedDate":"2024-09-02","isFullCredit":false},{"lineNumber":34,"author":{"gitId":"Holy-An"},"content":"","lastModifiedDate":"2024-09-02","isFullCredit":false},{"lineNumber":35,"author":{"gitId":"Holy-An"},"content":"    /**","lastModifiedDate":"2024-09-02","isFullCredit":false},{"lineNumber":36,"author":{"gitId":"Holy-An"},"content":"     * Prints a popular quote from Ronaldo, which is commonly used in his celebrations.","lastModifiedDate":"2024-09-02","isFullCredit":false},{"lineNumber":37,"author":{"gitId":"Holy-An"},"content":"     * \"Siu\" is a word in Spanish, which translates to \"yes\" in english.","lastModifiedDate":"2024-09-02","isFullCredit":false},{"lineNumber":38,"author":{"gitId":"Holy-An"},"content":"     */","lastModifiedDate":"2024-09-02","isFullCredit":false},{"lineNumber":39,"author":{"gitId":"Holy-An"},"content":"    public void exclaim() {","lastModifiedDate":"2024-09-02","isFullCredit":false},{"lineNumber":40,"author":{"gitId":"Holy-An"},"content":"        System.out.println(\"SIUUUUUUU!\");","lastModifiedDate":"2024-09-02","isFullCredit":false},{"lineNumber":41,"author":{"gitId":"Holy-An"},"content":"    }","lastModifiedDate":"2024-09-02","isFullCredit":false},{"lineNumber":42,"author":{"gitId":"Holy-An"},"content":"","lastModifiedDate":"2024-09-02","isFullCredit":false},{"lineNumber":43,"author":{"gitId":"Holy-An"},"content":"    /**","lastModifiedDate":"2024-09-02","isFullCredit":false},{"lineNumber":44,"author":{"gitId":"Holy-An"},"content":"     * This method handles the marking and unmarking of a task/goal.","lastModifiedDate":"2024-09-02","isFullCredit":false},{"lineNumber":45,"author":{"gitId":"Holy-An"},"content":"     * The valid format to successfully mark or unmark a goal is: [command] [integer]","lastModifiedDate":"2024-09-02","isFullCredit":false},{"lineNumber":46,"author":{"gitId":"Holy-An"},"content":"     * Where command \u003d mark/unmark, followed by a single space, followed by a valid integer.","lastModifiedDate":"2024-09-02","isFullCredit":false},{"lineNumber":47,"author":{"gitId":"Holy-An"},"content":"     * If an invalid format is used, a NumberFormatException message will be prompted.","lastModifiedDate":"2024-09-02","isFullCredit":false},{"lineNumber":48,"author":{"gitId":"Holy-An"},"content":"     * If the integer provided is out of bounds, an IndexOutOfBoundsException message will be prompted.","lastModifiedDate":"2024-09-02","isFullCredit":false},{"lineNumber":49,"author":{"gitId":"Holy-An"},"content":"     * If the user tries to mark or unmark a goal that has already been marked or unmarked,","lastModifiedDate":"2024-09-02","isFullCredit":false},{"lineNumber":50,"author":{"gitId":"Holy-An"},"content":"     * this method from the chatbot will remind the user its goal completion status.","lastModifiedDate":"2024-09-02","isFullCredit":false},{"lineNumber":51,"author":{"gitId":"Holy-An"},"content":"     * Goals completed will be marked as \u0027X\u0027.","lastModifiedDate":"2024-09-02","isFullCredit":false},{"lineNumber":52,"author":{"gitId":"Holy-An"},"content":"     *","lastModifiedDate":"2024-09-03","isFullCredit":false},{"lineNumber":53,"author":{"gitId":"Holy-An"},"content":"     * @param input The goal index to be marked or unmarked;","lastModifiedDate":"2024-09-02","isFullCredit":false},{"lineNumber":54,"author":{"gitId":"Holy-An"},"content":"     */","lastModifiedDate":"2024-09-02","isFullCredit":false},{"lineNumber":55,"author":{"gitId":"Holy-An"},"content":"    public void handleGoal(String[] input) {","lastModifiedDate":"2024-09-02","isFullCredit":false},{"lineNumber":56,"author":{"gitId":"Holy-An"},"content":"        try {","lastModifiedDate":"2024-09-02","isFullCredit":false},{"lineNumber":57,"author":{"gitId":"Holy-An"},"content":"            if (input.length \u003c\u003d 1) {","lastModifiedDate":"2024-09-02","isFullCredit":false},{"lineNumber":58,"author":{"gitId":"Holy-An"},"content":"                System.out.println(\"Invalid format! Please enter the command, followed by a space, then a valid integer.\\n\");","lastModifiedDate":"2024-09-02","isFullCredit":false},{"lineNumber":59,"author":{"gitId":"Holy-An"},"content":"                return;","lastModifiedDate":"2024-09-02","isFullCredit":false},{"lineNumber":60,"author":{"gitId":"Holy-An"},"content":"            }","lastModifiedDate":"2024-09-02","isFullCredit":false},{"lineNumber":61,"author":{"gitId":"Holy-An"},"content":"            int taskNumber \u003d Integer.parseInt(input[1]) - 1;","lastModifiedDate":"2024-09-02","isFullCredit":false},{"lineNumber":62,"author":{"gitId":"Holy-An"},"content":"            Goal goal \u003d goals.get(taskNumber);","lastModifiedDate":"2024-09-02","isFullCredit":false},{"lineNumber":63,"author":{"gitId":"Holy-An"},"content":"            if (input[0].equals(\"mark\")) {","lastModifiedDate":"2024-09-02","isFullCredit":false},{"lineNumber":64,"author":{"gitId":"Holy-An"},"content":"                if (goal.isDone()) {","lastModifiedDate":"2024-09-02","isFullCredit":false},{"lineNumber":65,"author":{"gitId":"Holy-An"},"content":"                    System.out.println(\"Goal is already marked!\\n\" + \" \");","lastModifiedDate":"2024-09-02","isFullCredit":false},{"lineNumber":66,"author":{"gitId":"Holy-An"},"content":"                    return;","lastModifiedDate":"2024-09-02","isFullCredit":false},{"lineNumber":67,"author":{"gitId":"Holy-An"},"content":"                }","lastModifiedDate":"2024-09-02","isFullCredit":false},{"lineNumber":68,"author":{"gitId":"Holy-An"},"content":"                System.out.println(\"SIUUU! Congrats, one step closer to achieving your dreams! This goal is now achieved:\");","lastModifiedDate":"2024-09-02","isFullCredit":false},{"lineNumber":69,"author":{"gitId":"Holy-An"},"content":"                goal.markAsDone();","lastModifiedDate":"2024-09-02","isFullCredit":false},{"lineNumber":70,"author":{"gitId":"Holy-An"},"content":"                System.out.println(\" \" + \"[\" + goal.getStatusIcon() + \"] \" + goal.description + \"\\n\");","lastModifiedDate":"2024-09-02","isFullCredit":false},{"lineNumber":71,"author":{"gitId":"Holy-An"},"content":"            } else if (input[0].equals(\"unmark\")) {","lastModifiedDate":"2024-09-02","isFullCredit":false},{"lineNumber":72,"author":{"gitId":"Holy-An"},"content":"                if (!goal.isDone()) {","lastModifiedDate":"2024-09-02","isFullCredit":false},{"lineNumber":73,"author":{"gitId":"Holy-An"},"content":"                    System.out.println(\"Goal is already unmarked!\\n\");","lastModifiedDate":"2024-09-02","isFullCredit":false},{"lineNumber":74,"author":{"gitId":"Holy-An"},"content":"                    return;","lastModifiedDate":"2024-09-02","isFullCredit":false},{"lineNumber":75,"author":{"gitId":"Holy-An"},"content":"                }","lastModifiedDate":"2024-09-02","isFullCredit":false},{"lineNumber":76,"author":{"gitId":"Holy-An"},"content":"                System.out.println(\"Ronaldo is disappointed in you. Work harder! This goal is now yet to achieve:\");","lastModifiedDate":"2024-09-02","isFullCredit":false},{"lineNumber":77,"author":{"gitId":"Holy-An"},"content":"                goal.markAsUndone();","lastModifiedDate":"2024-09-02","isFullCredit":false},{"lineNumber":78,"author":{"gitId":"Holy-An"},"content":"                System.out.println(\" \" + \"[\" + goal.getStatusIcon() + \"] \" + goal.description + \"\\n\");","lastModifiedDate":"2024-09-02","isFullCredit":false},{"lineNumber":79,"author":{"gitId":"Holy-An"},"content":"            }","lastModifiedDate":"2024-09-02","isFullCredit":false},{"lineNumber":80,"author":{"gitId":"Holy-An"},"content":"        } catch (NumberFormatException e) {","lastModifiedDate":"2024-09-02","isFullCredit":false},{"lineNumber":81,"author":{"gitId":"Holy-An"},"content":"            System.out.println(\"Invalid format! Please enter the command, followed by a single space, then a valid integer.\\n\");","lastModifiedDate":"2024-09-02","isFullCredit":false},{"lineNumber":82,"author":{"gitId":"Holy-An"},"content":"        } catch (IndexOutOfBoundsException e) {","lastModifiedDate":"2024-09-02","isFullCredit":false},{"lineNumber":83,"author":{"gitId":"Holy-An"},"content":"            System.out.println(\"Goal number is out of range!\\n\");","lastModifiedDate":"2024-09-02","isFullCredit":false},{"lineNumber":84,"author":{"gitId":"Holy-An"},"content":"        }","lastModifiedDate":"2024-09-02","isFullCredit":false},{"lineNumber":85,"author":{"gitId":"Holy-An"},"content":"    }","lastModifiedDate":"2024-09-02","isFullCredit":false},{"lineNumber":86,"author":{"gitId":"Holy-An"},"content":"","lastModifiedDate":"2024-09-02","isFullCredit":false},{"lineNumber":87,"author":{"gitId":"Holy-An"},"content":"    /**","lastModifiedDate":"2024-09-02","isFullCredit":false},{"lineNumber":88,"author":{"gitId":"Holy-An"},"content":"     * Prints out all the goals added, including its completion status.","lastModifiedDate":"2024-09-02","isFullCredit":false},{"lineNumber":89,"author":{"gitId":"Holy-An"},"content":"     * The goal index starts from \u00271\u0027, instead of the common array index, \u00270\u0027.","lastModifiedDate":"2024-09-02","isFullCredit":false},{"lineNumber":90,"author":{"gitId":"Holy-An"},"content":"     */","lastModifiedDate":"2024-09-02","isFullCredit":false},{"lineNumber":91,"author":{"gitId":"Holy-An"},"content":"    public void showListOfGoals() {","lastModifiedDate":"2024-09-02","isFullCredit":false},{"lineNumber":92,"author":{"gitId":"Holy-An"},"content":"        System.out.println(\"Here are the goals to complete in order for you to reach your dreams:\\n\");","lastModifiedDate":"2024-09-02","isFullCredit":false},{"lineNumber":93,"author":{"gitId":"Holy-An"},"content":"        for (int i \u003d 0; i \u003c goals.size(); i++) {","lastModifiedDate":"2024-09-02","isFullCredit":false},{"lineNumber":94,"author":{"gitId":"Holy-An"},"content":"            System.out.println(i + 1 + \".[\" + goals.get(i).getStatusIcon() + \"] \" + goals.get(i).description);","lastModifiedDate":"2024-09-02","isFullCredit":false},{"lineNumber":95,"author":{"gitId":"Holy-An"},"content":"        }","lastModifiedDate":"2024-09-02","isFullCredit":false},{"lineNumber":96,"author":{"gitId":"Holy-An"},"content":"        System.out.println(); //Indentation","lastModifiedDate":"2024-09-02","isFullCredit":false},{"lineNumber":97,"author":{"gitId":"Holy-An"},"content":"    }","lastModifiedDate":"2024-09-02","isFullCredit":false},{"lineNumber":98,"author":{"gitId":"Holy-An"},"content":"","lastModifiedDate":"2024-09-02","isFullCredit":false},{"lineNumber":99,"author":{"gitId":"Holy-An"},"content":"    /**","lastModifiedDate":"2024-09-02","isFullCredit":false},{"lineNumber":100,"author":{"gitId":"Holy-An"},"content":"     * Adds a goal to a list called goals.","lastModifiedDate":"2024-09-02","isFullCredit":false},{"lineNumber":101,"author":{"gitId":"Holy-An"},"content":"     *","lastModifiedDate":"2024-09-03","isFullCredit":false},{"lineNumber":102,"author":{"gitId":"Holy-An"},"content":"     * @param words The description of the goal to be added;","lastModifiedDate":"2024-09-02","isFullCredit":false},{"lineNumber":103,"author":{"gitId":"Holy-An"},"content":"     */","lastModifiedDate":"2024-09-02","isFullCredit":false},{"lineNumber":104,"author":{"gitId":"Holy-An"},"content":"    public void addGoal(String words) {","lastModifiedDate":"2024-09-02","isFullCredit":false},{"lineNumber":105,"author":{"gitId":"Holy-An"},"content":"        System.out.println(\"Your goal has been added: \" + words + \"\\n\");","lastModifiedDate":"2024-09-02","isFullCredit":false},{"lineNumber":106,"author":{"gitId":"Holy-An"},"content":"        Goal t \u003d new Goal(words);","lastModifiedDate":"2024-09-02","isFullCredit":false},{"lineNumber":107,"author":{"gitId":"Holy-An"},"content":"        goals.add(t);","lastModifiedDate":"2024-09-02","isFullCredit":false},{"lineNumber":108,"author":{"gitId":"Holy-An"},"content":"    }","lastModifiedDate":"2024-09-02","isFullCredit":false},{"lineNumber":109,"author":{"gitId":"Holy-An"},"content":"","lastModifiedDate":"2024-09-02","isFullCredit":false},{"lineNumber":110,"author":{"gitId":"Holy-An"},"content":"}","lastModifiedDate":"2024-09-02","isFullCredit":false}],"authorContributionMap":{"Holy-An":110}}]
