[{"path":"src/main/java/nell/Nell.java","fileType":"java","lines":[{"lineNumber":1,"author":{"gitId":"jemehgoh"},"content":"package nell;","lastModifiedDate":"2024-09-09","isFullCredit":false},{"lineNumber":2,"author":{"gitId":"jemehgoh"},"content":"","lastModifiedDate":"2024-09-09","isFullCredit":false},{"lineNumber":3,"author":{"gitId":"jemehgoh"},"content":"import nell.tasks.Deadline;","lastModifiedDate":"2024-09-09","isFullCredit":false},{"lineNumber":4,"author":{"gitId":"jemehgoh"},"content":"import nell.tasks.Event;","lastModifiedDate":"2024-09-09","isFullCredit":false},{"lineNumber":5,"author":{"gitId":"jemehgoh"},"content":"import nell.tasks.Task;","lastModifiedDate":"2024-09-09","isFullCredit":false},{"lineNumber":6,"author":{"gitId":"jemehgoh"},"content":"import nell.tasks.ToDo;","lastModifiedDate":"2024-09-09","isFullCredit":false},{"lineNumber":7,"author":{"gitId":"jemehgoh"},"content":"","lastModifiedDate":"2024-09-09","isFullCredit":false},{"lineNumber":8,"author":{"gitId":"jemehgoh"},"content":"import java.io.File;","lastModifiedDate":"2024-09-14","isFullCredit":false},{"lineNumber":9,"author":{"gitId":"jemehgoh"},"content":"import java.io.FileNotFoundException;","lastModifiedDate":"2024-09-14","isFullCredit":false},{"lineNumber":10,"author":{"gitId":"jemehgoh"},"content":"import java.io.IOException;","lastModifiedDate":"2024-09-14","isFullCredit":false},{"lineNumber":11,"author":{"gitId":"jemehgoh"},"content":"import java.util.Scanner;","lastModifiedDate":"2024-08-25","isFullCredit":false},{"lineNumber":12,"author":{"gitId":"jemehgoh"},"content":"","lastModifiedDate":"2024-08-25","isFullCredit":false},{"lineNumber":13,"author":{"gitId":"jemehgoh"},"content":"public class Nell {","lastModifiedDate":"2024-08-18","isFullCredit":false},{"lineNumber":14,"author":{"gitId":"jemehgoh"},"content":"    private static final String UNMARK_ERROR_MESSAGE \u003d \"\"\"","lastModifiedDate":"2024-09-07","isFullCredit":false},{"lineNumber":15,"author":{"gitId":"jemehgoh"},"content":"            -\u003e Please input the command as follows:","lastModifiedDate":"2024-09-07","isFullCredit":false},{"lineNumber":16,"author":{"gitId":"jemehgoh"},"content":"                  unmark \u003ctask number\u003e","lastModifiedDate":"2024-09-07","isFullCredit":false},{"lineNumber":17,"author":{"gitId":"jemehgoh"},"content":"            \"\"\";","lastModifiedDate":"2024-09-07","isFullCredit":false},{"lineNumber":18,"author":{"gitId":"jemehgoh"},"content":"    private static final String MARK_ERROR_MESSAGE \u003d \"\"\"","lastModifiedDate":"2024-09-07","isFullCredit":false},{"lineNumber":19,"author":{"gitId":"jemehgoh"},"content":"            -\u003e Please input the command as follows:","lastModifiedDate":"2024-09-07","isFullCredit":false},{"lineNumber":20,"author":{"gitId":"jemehgoh"},"content":"                  mark \u003ctask number\u003e","lastModifiedDate":"2024-09-07","isFullCredit":false},{"lineNumber":21,"author":{"gitId":"jemehgoh"},"content":"            \"\"\";","lastModifiedDate":"2024-09-07","isFullCredit":false},{"lineNumber":22,"author":{"gitId":"jemehgoh"},"content":"    private static final String TODO_ERROR_MESSAGE \u003d \"\"\"","lastModifiedDate":"2024-09-07","isFullCredit":false},{"lineNumber":23,"author":{"gitId":"jemehgoh"},"content":"            -\u003e Please input the command as follows:","lastModifiedDate":"2024-09-07","isFullCredit":false},{"lineNumber":24,"author":{"gitId":"jemehgoh"},"content":"                  todo \u003cdescription\u003e","lastModifiedDate":"2024-09-07","isFullCredit":false},{"lineNumber":25,"author":{"gitId":"jemehgoh"},"content":"            \"\"\";","lastModifiedDate":"2024-09-07","isFullCredit":false},{"lineNumber":26,"author":{"gitId":"jemehgoh"},"content":"    private static final String DEADLINE_ERROR_MESSAGE \u003d \"\"\"","lastModifiedDate":"2024-09-07","isFullCredit":false},{"lineNumber":27,"author":{"gitId":"jemehgoh"},"content":"            -\u003e Please input the command as follows:","lastModifiedDate":"2024-09-07","isFullCredit":false},{"lineNumber":28,"author":{"gitId":"jemehgoh"},"content":"                  deadline \u003cdescription\u003e /by \u003cby-date\u003e","lastModifiedDate":"2024-09-07","isFullCredit":false},{"lineNumber":29,"author":{"gitId":"jemehgoh"},"content":"            \"\"\";","lastModifiedDate":"2024-09-07","isFullCredit":false},{"lineNumber":30,"author":{"gitId":"jemehgoh"},"content":"    private static final String EVENT_ERROR_MESSAGE \u003d \"\"\"","lastModifiedDate":"2024-09-07","isFullCredit":false},{"lineNumber":31,"author":{"gitId":"jemehgoh"},"content":"            -\u003e Please input the command as follows:","lastModifiedDate":"2024-09-07","isFullCredit":false},{"lineNumber":32,"author":{"gitId":"jemehgoh"},"content":"                  event \u003cdescription\u003e /from \u003cfrom-date\u003e /to \u003cto-date\u003e","lastModifiedDate":"2024-09-07","isFullCredit":false},{"lineNumber":33,"author":{"gitId":"jemehgoh"},"content":"            \"\"\";","lastModifiedDate":"2024-09-07","isFullCredit":false},{"lineNumber":34,"author":{"gitId":"jemehgoh"},"content":"    public static final String INVALID_TASK_MESSAGE \u003d \"-\u003e Invalid task!\";","lastModifiedDate":"2024-09-07","isFullCredit":false},{"lineNumber":35,"author":{"gitId":"jemehgoh"},"content":"    private static final String REMOVE_ERROR_MESSAGE \u003d \"\"\"","lastModifiedDate":"2024-09-14","isFullCredit":false},{"lineNumber":36,"author":{"gitId":"jemehgoh"},"content":"            -\u003e Please input the command as follows:","lastModifiedDate":"2024-09-14","isFullCredit":false},{"lineNumber":37,"author":{"gitId":"jemehgoh"},"content":"                  remove \u003ctask number\u003e","lastModifiedDate":"2024-09-14","isFullCredit":false},{"lineNumber":38,"author":{"gitId":"jemehgoh"},"content":"            \"\"\";","lastModifiedDate":"2024-09-14","isFullCredit":false},{"lineNumber":39,"author":{"gitId":"jemehgoh"},"content":"","lastModifiedDate":"2024-09-07","isFullCredit":false},{"lineNumber":40,"author":{"gitId":"jemehgoh"},"content":"    private static TaskList tasks \u003d new TaskList();","lastModifiedDate":"2024-09-13","isFullCredit":false},{"lineNumber":41,"author":{"gitId":"jemehgoh"},"content":"","lastModifiedDate":"2024-08-25","isFullCredit":false},{"lineNumber":42,"author":{"gitId":"jemehgoh"},"content":"","lastModifiedDate":"2024-09-07","isFullCredit":false},{"lineNumber":43,"author":{"gitId":"jemehgoh"},"content":"    /**","lastModifiedDate":"2024-09-01","isFullCredit":false},{"lineNumber":44,"author":{"gitId":"jemehgoh"},"content":"     * Prints out the formatted string for the task at a specified index","lastModifiedDate":"2024-09-01","isFullCredit":false},{"lineNumber":45,"author":{"gitId":"jemehgoh"},"content":"     *","lastModifiedDate":"2024-09-01","isFullCredit":false},{"lineNumber":46,"author":{"gitId":"jemehgoh"},"content":"     * @param task  The task at the specified index","lastModifiedDate":"2024-09-01","isFullCredit":false},{"lineNumber":47,"author":{"gitId":"jemehgoh"},"content":"     * @param index The index of task","lastModifiedDate":"2024-09-01","isFullCredit":false},{"lineNumber":48,"author":{"gitId":"jemehgoh"},"content":"     */","lastModifiedDate":"2024-09-01","isFullCredit":false},{"lineNumber":49,"author":{"gitId":"jemehgoh"},"content":"    private static void printTaskAtIndex(Task task, int index) {","lastModifiedDate":"2024-09-03","isFullCredit":false},{"lineNumber":50,"author":{"gitId":"jemehgoh"},"content":"        System.out.println(String.format(\"   %d. %s\", index, task));","lastModifiedDate":"2024-09-01","isFullCredit":false},{"lineNumber":51,"author":{"gitId":"jemehgoh"},"content":"    }","lastModifiedDate":"2024-09-01","isFullCredit":false},{"lineNumber":52,"author":{"gitId":"jemehgoh"},"content":"","lastModifiedDate":"2024-09-01","isFullCredit":false},{"lineNumber":53,"author":{"gitId":"jemehgoh"},"content":"    /**","lastModifiedDate":"2024-09-01","isFullCredit":false},{"lineNumber":54,"author":{"gitId":"jemehgoh"},"content":"     * Lists out the currently stored tasks in TaskList","lastModifiedDate":"2024-09-06","isFullCredit":false},{"lineNumber":55,"author":{"gitId":"jemehgoh"},"content":"     */","lastModifiedDate":"2024-09-01","isFullCredit":false},{"lineNumber":56,"author":{"gitId":"jemehgoh"},"content":"    private static void listTasks() {","lastModifiedDate":"2024-09-06","isFullCredit":false},{"lineNumber":57,"author":{"gitId":"jemehgoh"},"content":"        System.out.println(\"-\u003e The tasks listed are as follows:\");","lastModifiedDate":"2024-09-01","isFullCredit":false},{"lineNumber":58,"author":{"gitId":"jemehgoh"},"content":"        int taskCount \u003d tasks.getTaskCount();","lastModifiedDate":"2024-09-13","isFullCredit":false},{"lineNumber":59,"author":{"gitId":"jemehgoh"},"content":"        for (int i \u003d 0; i \u003c taskCount; i++) {","lastModifiedDate":"2024-09-01","isFullCredit":false},{"lineNumber":60,"author":{"gitId":"jemehgoh"},"content":"            // Prints all tasks in list","lastModifiedDate":"2024-09-01","isFullCredit":false},{"lineNumber":61,"author":{"gitId":"jemehgoh"},"content":"            printTaskAtIndex(tasks.getTaskAtIndex(i), (i + 1));","lastModifiedDate":"2024-09-13","isFullCredit":false},{"lineNumber":62,"author":{"gitId":"jemehgoh"},"content":"        }","lastModifiedDate":"2024-09-01","isFullCredit":false},{"lineNumber":63,"author":{"gitId":"jemehgoh"},"content":"    }","lastModifiedDate":"2024-09-01","isFullCredit":false},{"lineNumber":64,"author":{"gitId":"jemehgoh"},"content":"","lastModifiedDate":"2024-09-01","isFullCredit":false},{"lineNumber":65,"author":{"gitId":"jemehgoh"},"content":"    /**","lastModifiedDate":"2024-09-01","isFullCredit":false},{"lineNumber":66,"author":{"gitId":"jemehgoh"},"content":"     * Adds a todo to the task list","lastModifiedDate":"2024-09-06","isFullCredit":false},{"lineNumber":67,"author":{"gitId":"jemehgoh"},"content":"     *","lastModifiedDate":"2024-09-01","isFullCredit":false},{"lineNumber":68,"author":{"gitId":"jemehgoh"},"content":"     * @param description The description of the todo","lastModifiedDate":"2024-09-06","isFullCredit":false},{"lineNumber":69,"author":{"gitId":"jemehgoh"},"content":"     */","lastModifiedDate":"2024-09-01","isFullCredit":false},{"lineNumber":70,"author":{"gitId":"jemehgoh"},"content":"    private static void addToDo(String description) {","lastModifiedDate":"2024-09-06","isFullCredit":false},{"lineNumber":71,"author":{"gitId":"jemehgoh"},"content":"        ToDo toDoToAdd \u003d new ToDo(description);","lastModifiedDate":"2024-09-06","isFullCredit":false},{"lineNumber":72,"author":{"gitId":"jemehgoh"},"content":"        tasks.addTask(toDoToAdd);","lastModifiedDate":"2024-09-13","isFullCredit":false},{"lineNumber":73,"author":{"gitId":"jemehgoh"},"content":"    }","lastModifiedDate":"2024-09-01","isFullCredit":false},{"lineNumber":74,"author":{"gitId":"jemehgoh"},"content":"","lastModifiedDate":"2024-09-01","isFullCredit":false},{"lineNumber":75,"author":{"gitId":"jemehgoh"},"content":"    /**","lastModifiedDate":"2024-09-01","isFullCredit":false},{"lineNumber":76,"author":{"gitId":"jemehgoh"},"content":"     * Adds a deadline to the task list","lastModifiedDate":"2024-09-06","isFullCredit":false},{"lineNumber":77,"author":{"gitId":"jemehgoh"},"content":"     *","lastModifiedDate":"2024-09-01","isFullCredit":false},{"lineNumber":78,"author":{"gitId":"jemehgoh"},"content":"     * @param detail The detail of the deadline","lastModifiedDate":"2024-09-06","isFullCredit":false},{"lineNumber":79,"author":{"gitId":"jemehgoh"},"content":"     */","lastModifiedDate":"2024-09-01","isFullCredit":false},{"lineNumber":80,"author":{"gitId":"jemehgoh"},"content":"    private static void addDeadline(String detail) {","lastModifiedDate":"2024-09-06","isFullCredit":false},{"lineNumber":81,"author":{"gitId":"jemehgoh"},"content":"        try {","lastModifiedDate":"2024-09-07","isFullCredit":false},{"lineNumber":82,"author":{"gitId":"jemehgoh"},"content":"            String[] details \u003d detail.split(\"/by\");","lastModifiedDate":"2024-09-06","isFullCredit":false},{"lineNumber":83,"author":{"gitId":"jemehgoh"},"content":"            Deadline deadlineToAdd \u003d new Deadline(details[0].trim(), details[1].trim());","lastModifiedDate":"2024-09-06","isFullCredit":false},{"lineNumber":84,"author":{"gitId":"jemehgoh"},"content":"            tasks.addTask(deadlineToAdd);","lastModifiedDate":"2024-09-13","isFullCredit":false},{"lineNumber":85,"author":{"gitId":"jemehgoh"},"content":"        } catch (IndexOutOfBoundsException e) {","lastModifiedDate":"2024-09-07","isFullCredit":false},{"lineNumber":86,"author":{"gitId":"jemehgoh"},"content":"            System.out.println(DEADLINE_ERROR_MESSAGE);","lastModifiedDate":"2024-09-07","isFullCredit":false},{"lineNumber":87,"author":{"gitId":"jemehgoh"},"content":"        }","lastModifiedDate":"2024-09-07","isFullCredit":false},{"lineNumber":88,"author":{"gitId":"jemehgoh"},"content":"    }","lastModifiedDate":"2024-09-01","isFullCredit":false},{"lineNumber":89,"author":{"gitId":"jemehgoh"},"content":"","lastModifiedDate":"2024-09-01","isFullCredit":false},{"lineNumber":90,"author":{"gitId":"jemehgoh"},"content":"    /**","lastModifiedDate":"2024-09-01","isFullCredit":false},{"lineNumber":91,"author":{"gitId":"jemehgoh"},"content":"     * Adds an event command to the task list","lastModifiedDate":"2024-09-06","isFullCredit":false},{"lineNumber":92,"author":{"gitId":"jemehgoh"},"content":"     *","lastModifiedDate":"2024-09-01","isFullCredit":false},{"lineNumber":93,"author":{"gitId":"jemehgoh"},"content":"     * @param detail The detail of the event","lastModifiedDate":"2024-09-06","isFullCredit":false},{"lineNumber":94,"author":{"gitId":"jemehgoh"},"content":"     */","lastModifiedDate":"2024-09-01","isFullCredit":false},{"lineNumber":95,"author":{"gitId":"jemehgoh"},"content":"    private static void addEvent(String detail) {","lastModifiedDate":"2024-09-06","isFullCredit":false},{"lineNumber":96,"author":{"gitId":"jemehgoh"},"content":"        try {","lastModifiedDate":"2024-09-07","isFullCredit":false},{"lineNumber":97,"author":{"gitId":"jemehgoh"},"content":"            String[] details \u003d detail.split(\"/from|/to\", 3);","lastModifiedDate":"2024-09-06","isFullCredit":false},{"lineNumber":98,"author":{"gitId":"jemehgoh"},"content":"            Event eventToAdd \u003d new Event(details[0].trim(), details[1].trim(), details[2].trim());","lastModifiedDate":"2024-09-06","isFullCredit":false},{"lineNumber":99,"author":{"gitId":"jemehgoh"},"content":"            tasks.addTask(eventToAdd);","lastModifiedDate":"2024-09-13","isFullCredit":false},{"lineNumber":100,"author":{"gitId":"jemehgoh"},"content":"        } catch (IndexOutOfBoundsException e) {","lastModifiedDate":"2024-09-07","isFullCredit":false},{"lineNumber":101,"author":{"gitId":"jemehgoh"},"content":"            System.out.println(EVENT_ERROR_MESSAGE);","lastModifiedDate":"2024-09-07","isFullCredit":false},{"lineNumber":102,"author":{"gitId":"jemehgoh"},"content":"        }","lastModifiedDate":"2024-09-07","isFullCredit":false},{"lineNumber":103,"author":{"gitId":"jemehgoh"},"content":"    }","lastModifiedDate":"2024-09-01","isFullCredit":false},{"lineNumber":104,"author":{"gitId":"jemehgoh"},"content":"","lastModifiedDate":"2024-09-01","isFullCredit":false},{"lineNumber":105,"author":{"gitId":"jemehgoh"},"content":"    /**","lastModifiedDate":"2024-09-01","isFullCredit":false},{"lineNumber":106,"author":{"gitId":"jemehgoh"},"content":"     * Unmarks a task as done","lastModifiedDate":"2024-09-06","isFullCredit":false},{"lineNumber":107,"author":{"gitId":"jemehgoh"},"content":"     *","lastModifiedDate":"2024-09-01","isFullCredit":false},{"lineNumber":108,"author":{"gitId":"jemehgoh"},"content":"     * @param taskNumber The command body","lastModifiedDate":"2024-09-06","isFullCredit":false},{"lineNumber":109,"author":{"gitId":"jemehgoh"},"content":"     */","lastModifiedDate":"2024-09-01","isFullCredit":false},{"lineNumber":110,"author":{"gitId":"jemehgoh"},"content":"    private static void unmarkTask(String taskNumber) {","lastModifiedDate":"2024-09-06","isFullCredit":false},{"lineNumber":111,"author":{"gitId":"jemehgoh"},"content":"        try {","lastModifiedDate":"2024-09-07","isFullCredit":false},{"lineNumber":112,"author":{"gitId":"jemehgoh"},"content":"            int taskIndex \u003d Integer.parseInt(taskNumber);","lastModifiedDate":"2024-09-06","isFullCredit":false},{"lineNumber":113,"author":{"gitId":"jemehgoh"},"content":"            tasks.getTaskAtIndex(taskIndex - 1).setDone(false);","lastModifiedDate":"2024-09-13","isFullCredit":false},{"lineNumber":114,"author":{"gitId":"jemehgoh"},"content":"            System.out.println(\"-\u003e The following task has been marked not done:\");","lastModifiedDate":"2024-09-01","isFullCredit":false},{"lineNumber":115,"author":{"gitId":"jemehgoh"},"content":"            printTaskAtIndex(tasks.getTaskAtIndex(taskIndex - 1), taskIndex);","lastModifiedDate":"2024-09-13","isFullCredit":false},{"lineNumber":116,"author":{"gitId":"jemehgoh"},"content":"        } catch (NumberFormatException e) {","lastModifiedDate":"2024-09-07","isFullCredit":false},{"lineNumber":117,"author":{"gitId":"jemehgoh"},"content":"            System.out.print(UNMARK_ERROR_MESSAGE);","lastModifiedDate":"2024-09-07","isFullCredit":false},{"lineNumber":118,"author":{"gitId":"jemehgoh"},"content":"        } catch (IndexOutOfBoundsException e) {","lastModifiedDate":"2024-09-07","isFullCredit":false},{"lineNumber":119,"author":{"gitId":"jemehgoh"},"content":"            System.out.println(INVALID_TASK_MESSAGE);","lastModifiedDate":"2024-09-07","isFullCredit":false},{"lineNumber":120,"author":{"gitId":"jemehgoh"},"content":"        }","lastModifiedDate":"2024-09-07","isFullCredit":false},{"lineNumber":121,"author":{"gitId":"jemehgoh"},"content":"    }","lastModifiedDate":"2024-09-01","isFullCredit":false},{"lineNumber":122,"author":{"gitId":"jemehgoh"},"content":"","lastModifiedDate":"2024-09-01","isFullCredit":false},{"lineNumber":123,"author":{"gitId":"jemehgoh"},"content":"    /**","lastModifiedDate":"2024-09-01","isFullCredit":false},{"lineNumber":124,"author":{"gitId":"jemehgoh"},"content":"     * Marks a task as done","lastModifiedDate":"2024-09-06","isFullCredit":false},{"lineNumber":125,"author":{"gitId":"jemehgoh"},"content":"     *","lastModifiedDate":"2024-09-01","isFullCredit":false},{"lineNumber":126,"author":{"gitId":"jemehgoh"},"content":"     * @param taskNumber The command body","lastModifiedDate":"2024-09-06","isFullCredit":false},{"lineNumber":127,"author":{"gitId":"jemehgoh"},"content":"     */","lastModifiedDate":"2024-09-01","isFullCredit":false},{"lineNumber":128,"author":{"gitId":"jemehgoh"},"content":"    private static void markTask(String taskNumber) {","lastModifiedDate":"2024-09-06","isFullCredit":false},{"lineNumber":129,"author":{"gitId":"jemehgoh"},"content":"        try {","lastModifiedDate":"2024-09-07","isFullCredit":false},{"lineNumber":130,"author":{"gitId":"jemehgoh"},"content":"            int taskIndex \u003d Integer.parseInt(taskNumber);","lastModifiedDate":"2024-09-06","isFullCredit":false},{"lineNumber":131,"author":{"gitId":"jemehgoh"},"content":"            tasks.getTaskAtIndex(taskIndex - 1).setDone(true);","lastModifiedDate":"2024-09-13","isFullCredit":false},{"lineNumber":132,"author":{"gitId":"jemehgoh"},"content":"            System.out.println(\"-\u003e The following task has been marked done:\");","lastModifiedDate":"2024-09-01","isFullCredit":false},{"lineNumber":133,"author":{"gitId":"jemehgoh"},"content":"            printTaskAtIndex(tasks.getTaskAtIndex(taskIndex - 1), taskIndex);","lastModifiedDate":"2024-09-13","isFullCredit":false},{"lineNumber":134,"author":{"gitId":"jemehgoh"},"content":"        } catch (NumberFormatException e) {","lastModifiedDate":"2024-09-07","isFullCredit":false},{"lineNumber":135,"author":{"gitId":"jemehgoh"},"content":"            System.out.print(MARK_ERROR_MESSAGE);","lastModifiedDate":"2024-09-07","isFullCredit":false},{"lineNumber":136,"author":{"gitId":"jemehgoh"},"content":"        } catch (IndexOutOfBoundsException e) {","lastModifiedDate":"2024-09-07","isFullCredit":false},{"lineNumber":137,"author":{"gitId":"jemehgoh"},"content":"            System.out.println(INVALID_TASK_MESSAGE);","lastModifiedDate":"2024-09-07","isFullCredit":false},{"lineNumber":138,"author":{"gitId":"jemehgoh"},"content":"        }","lastModifiedDate":"2024-09-07","isFullCredit":false},{"lineNumber":139,"author":{"gitId":"jemehgoh"},"content":"    }","lastModifiedDate":"2024-09-01","isFullCredit":false},{"lineNumber":140,"author":{"gitId":"jemehgoh"},"content":"","lastModifiedDate":"2024-09-01","isFullCredit":false},{"lineNumber":141,"author":{"gitId":"jemehgoh"},"content":"    /**","lastModifiedDate":"2024-09-14","isFullCredit":false},{"lineNumber":142,"author":{"gitId":"jemehgoh"},"content":"     * Removes a task from the list","lastModifiedDate":"2024-09-14","isFullCredit":false},{"lineNumber":143,"author":{"gitId":"jemehgoh"},"content":"     *","lastModifiedDate":"2024-09-14","isFullCredit":false},{"lineNumber":144,"author":{"gitId":"jemehgoh"},"content":"     * @param taskNumber The command body","lastModifiedDate":"2024-09-14","isFullCredit":false},{"lineNumber":145,"author":{"gitId":"jemehgoh"},"content":"     */","lastModifiedDate":"2024-09-14","isFullCredit":false},{"lineNumber":146,"author":{"gitId":"jemehgoh"},"content":"    private static void removeTask(String taskNumber) {","lastModifiedDate":"2024-09-14","isFullCredit":false},{"lineNumber":147,"author":{"gitId":"jemehgoh"},"content":"        try {","lastModifiedDate":"2024-09-14","isFullCredit":false},{"lineNumber":148,"author":{"gitId":"jemehgoh"},"content":"            int taskIndex \u003d Integer.parseInt(taskNumber);","lastModifiedDate":"2024-09-14","isFullCredit":false},{"lineNumber":149,"author":{"gitId":"jemehgoh"},"content":"            tasks.removeTask(taskIndex - 1);","lastModifiedDate":"2024-09-14","isFullCredit":false},{"lineNumber":150,"author":{"gitId":"jemehgoh"},"content":"        } catch (NumberFormatException e) {","lastModifiedDate":"2024-09-14","isFullCredit":false},{"lineNumber":151,"author":{"gitId":"jemehgoh"},"content":"            System.out.print(REMOVE_ERROR_MESSAGE);","lastModifiedDate":"2024-09-14","isFullCredit":false},{"lineNumber":152,"author":{"gitId":"jemehgoh"},"content":"        } catch (IndexOutOfBoundsException e) {","lastModifiedDate":"2024-09-14","isFullCredit":false},{"lineNumber":153,"author":{"gitId":"jemehgoh"},"content":"            System.out.println(INVALID_TASK_MESSAGE);","lastModifiedDate":"2024-09-14","isFullCredit":false},{"lineNumber":154,"author":{"gitId":"jemehgoh"},"content":"        }","lastModifiedDate":"2024-09-14","isFullCredit":false},{"lineNumber":155,"author":{"gitId":"jemehgoh"},"content":"    }","lastModifiedDate":"2024-09-14","isFullCredit":false},{"lineNumber":156,"author":{"gitId":"jemehgoh"},"content":"","lastModifiedDate":"2024-09-14","isFullCredit":false},{"lineNumber":157,"author":{"gitId":"jemehgoh"},"content":"    /**","lastModifiedDate":"2024-09-01","isFullCredit":false},{"lineNumber":158,"author":{"gitId":"jemehgoh"},"content":"     * Handles wrong or wrongly formatted commands","lastModifiedDate":"2024-09-07","isFullCredit":false},{"lineNumber":159,"author":{"gitId":"jemehgoh"},"content":"     */","lastModifiedDate":"2024-09-01","isFullCredit":false},{"lineNumber":160,"author":{"gitId":"jemehgoh"},"content":"    private static void handleIncorrectInput() {","lastModifiedDate":"2024-09-07","isFullCredit":false},{"lineNumber":161,"author":{"gitId":"jemehgoh"},"content":"        System.out.print(\"\"\"","lastModifiedDate":"2024-09-07","isFullCredit":false},{"lineNumber":162,"author":{"gitId":"jemehgoh"},"content":"                -\u003e Invalid command!","lastModifiedDate":"2024-09-07","isFullCredit":false},{"lineNumber":163,"author":{"gitId":"jemehgoh"},"content":"                   Please enter one of the following commands:","lastModifiedDate":"2024-09-07","isFullCredit":false},{"lineNumber":164,"author":{"gitId":"jemehgoh"},"content":"                      list","lastModifiedDate":"2024-09-07","isFullCredit":false},{"lineNumber":165,"author":{"gitId":"jemehgoh"},"content":"                      mark \u003cnumber\u003e","lastModifiedDate":"2024-09-07","isFullCredit":false},{"lineNumber":166,"author":{"gitId":"jemehgoh"},"content":"                      unmark \u003cnumber\u003e","lastModifiedDate":"2024-09-07","isFullCredit":false},{"lineNumber":167,"author":{"gitId":"jemehgoh"},"content":"                      todo \u003cdescription\u003e","lastModifiedDate":"2024-09-07","isFullCredit":false},{"lineNumber":168,"author":{"gitId":"jemehgoh"},"content":"                      deadline \u003cdescription\u003e /by \u003cby-date\u003e","lastModifiedDate":"2024-09-07","isFullCredit":false},{"lineNumber":169,"author":{"gitId":"jemehgoh"},"content":"                      event \u003cdescription\u003e /from \u003cfrom-date\u003e /to \u003cto-date\u003e","lastModifiedDate":"2024-09-07","isFullCredit":false},{"lineNumber":170,"author":{"gitId":"jemehgoh"},"content":"                      remove \u003cnumber\u003e","lastModifiedDate":"2024-09-14","isFullCredit":false},{"lineNumber":171,"author":{"gitId":"jemehgoh"},"content":"                      bye","lastModifiedDate":"2024-09-07","isFullCredit":false},{"lineNumber":172,"author":{"gitId":"jemehgoh"},"content":"                \"\"\");","lastModifiedDate":"2024-09-07","isFullCredit":false},{"lineNumber":173,"author":{"gitId":"jemehgoh"},"content":"    }","lastModifiedDate":"2024-09-01","isFullCredit":false},{"lineNumber":174,"author":{"gitId":"jemehgoh"},"content":"","lastModifiedDate":"2024-09-01","isFullCredit":false},{"lineNumber":175,"author":{"gitId":"jemehgoh"},"content":"    /**","lastModifiedDate":"2024-09-01","isFullCredit":false},{"lineNumber":176,"author":{"gitId":"jemehgoh"},"content":"     * Says bye to the user","lastModifiedDate":"2024-09-06","isFullCredit":false},{"lineNumber":177,"author":{"gitId":"jemehgoh"},"content":"     */","lastModifiedDate":"2024-09-01","isFullCredit":false},{"lineNumber":178,"author":{"gitId":"jemehgoh"},"content":"    private static void sayBye() {","lastModifiedDate":"2024-09-06","isFullCredit":false},{"lineNumber":179,"author":{"gitId":"jemehgoh"},"content":"        System.out.println(\"-\u003e Bye. Hope to see you again soon!\");","lastModifiedDate":"2024-09-01","isFullCredit":false},{"lineNumber":180,"author":{"gitId":"jemehgoh"},"content":"    }","lastModifiedDate":"2024-09-01","isFullCredit":false},{"lineNumber":181,"author":{"gitId":"jemehgoh"},"content":"","lastModifiedDate":"2024-09-01","isFullCredit":false},{"lineNumber":182,"author":{"gitId":"jemehgoh"},"content":"    private static void loadFromFile() {","lastModifiedDate":"2024-09-14","isFullCredit":false},{"lineNumber":183,"author":{"gitId":"jemehgoh"},"content":"        try {","lastModifiedDate":"2024-09-14","isFullCredit":false},{"lineNumber":184,"author":{"gitId":"jemehgoh"},"content":"            File dataFile \u003d new File(\"data/data.txt\");","lastModifiedDate":"2024-09-14","isFullCredit":false},{"lineNumber":185,"author":{"gitId":"jemehgoh"},"content":"            Scanner fileScanner \u003d new Scanner(dataFile);","lastModifiedDate":"2024-09-14","isFullCredit":false},{"lineNumber":186,"author":{"gitId":"jemehgoh"},"content":"            while (fileScanner.hasNext()) {","lastModifiedDate":"2024-09-14","isFullCredit":false},{"lineNumber":187,"author":{"gitId":"jemehgoh"},"content":"                String fileTask \u003d fileScanner.nextLine();","lastModifiedDate":"2024-09-14","isFullCredit":false},{"lineNumber":188,"author":{"gitId":"jemehgoh"},"content":"                loadTask(fileTask);","lastModifiedDate":"2024-09-14","isFullCredit":false},{"lineNumber":189,"author":{"gitId":"jemehgoh"},"content":"            }","lastModifiedDate":"2024-09-14","isFullCredit":false},{"lineNumber":190,"author":{"gitId":"jemehgoh"},"content":"        } catch (FileNotFoundException e) {","lastModifiedDate":"2024-09-14","isFullCredit":false},{"lineNumber":191,"author":{"gitId":"jemehgoh"},"content":"            System.out.println(\"Data not loaded - File not found\");","lastModifiedDate":"2024-09-14","isFullCredit":false},{"lineNumber":192,"author":{"gitId":"jemehgoh"},"content":"        }","lastModifiedDate":"2024-09-14","isFullCredit":false},{"lineNumber":193,"author":{"gitId":"jemehgoh"},"content":"    }","lastModifiedDate":"2024-09-14","isFullCredit":false},{"lineNumber":194,"author":{"gitId":"jemehgoh"},"content":"","lastModifiedDate":"2024-09-14","isFullCredit":false},{"lineNumber":195,"author":{"gitId":"jemehgoh"},"content":"    /**","lastModifiedDate":"2024-09-14","isFullCredit":false},{"lineNumber":196,"author":{"gitId":"jemehgoh"},"content":"     * Parses a task from the file","lastModifiedDate":"2024-09-14","isFullCredit":false},{"lineNumber":197,"author":{"gitId":"jemehgoh"},"content":"     *","lastModifiedDate":"2024-09-14","isFullCredit":false},{"lineNumber":198,"author":{"gitId":"jemehgoh"},"content":"     * @param taskLine The file line containing the task","lastModifiedDate":"2024-09-14","isFullCredit":false},{"lineNumber":199,"author":{"gitId":"jemehgoh"},"content":"     */","lastModifiedDate":"2024-09-14","isFullCredit":false},{"lineNumber":200,"author":{"gitId":"jemehgoh"},"content":"    private static void loadTask(String taskLine) {","lastModifiedDate":"2024-09-14","isFullCredit":false},{"lineNumber":201,"author":{"gitId":"jemehgoh"},"content":"        String[] taskParameters \u003d taskLine.split(\"\\\\|\");","lastModifiedDate":"2024-09-14","isFullCredit":false},{"lineNumber":202,"author":{"gitId":"jemehgoh"},"content":"        String taskType \u003d taskParameters[0];","lastModifiedDate":"2024-09-14","isFullCredit":false},{"lineNumber":203,"author":{"gitId":"jemehgoh"},"content":"        String taskDescription \u003d taskParameters[2];","lastModifiedDate":"2024-09-14","isFullCredit":false},{"lineNumber":204,"author":{"gitId":"jemehgoh"},"content":"","lastModifiedDate":"2024-09-14","isFullCredit":false},{"lineNumber":205,"author":{"gitId":"jemehgoh"},"content":"        boolean taskIsDone \u003d false;","lastModifiedDate":"2024-09-14","isFullCredit":false},{"lineNumber":206,"author":{"gitId":"jemehgoh"},"content":"        if (taskParameters[1].equals(\"X\"))","lastModifiedDate":"2024-09-14","isFullCredit":false},{"lineNumber":207,"author":{"gitId":"jemehgoh"},"content":"        {","lastModifiedDate":"2024-09-14","isFullCredit":false},{"lineNumber":208,"author":{"gitId":"jemehgoh"},"content":"            taskIsDone \u003d true;","lastModifiedDate":"2024-09-14","isFullCredit":false},{"lineNumber":209,"author":{"gitId":"jemehgoh"},"content":"        }","lastModifiedDate":"2024-09-14","isFullCredit":false},{"lineNumber":210,"author":{"gitId":"jemehgoh"},"content":"","lastModifiedDate":"2024-09-14","isFullCredit":false},{"lineNumber":211,"author":{"gitId":"jemehgoh"},"content":"        switch (taskType) {","lastModifiedDate":"2024-09-14","isFullCredit":false},{"lineNumber":212,"author":{"gitId":"jemehgoh"},"content":"        case \"T\":","lastModifiedDate":"2024-09-14","isFullCredit":false},{"lineNumber":213,"author":{"gitId":"jemehgoh"},"content":"            ToDo toDoToAdd \u003d new ToDo(taskDescription, taskIsDone);","lastModifiedDate":"2024-09-14","isFullCredit":false},{"lineNumber":214,"author":{"gitId":"jemehgoh"},"content":"            tasks.loadTask(toDoToAdd);","lastModifiedDate":"2024-09-14","isFullCredit":false},{"lineNumber":215,"author":{"gitId":"jemehgoh"},"content":"            break;","lastModifiedDate":"2024-09-14","isFullCredit":false},{"lineNumber":216,"author":{"gitId":"jemehgoh"},"content":"","lastModifiedDate":"2024-09-14","isFullCredit":false},{"lineNumber":217,"author":{"gitId":"jemehgoh"},"content":"        case \"D\":","lastModifiedDate":"2024-09-14","isFullCredit":false},{"lineNumber":218,"author":{"gitId":"jemehgoh"},"content":"            String deadlineBy \u003d taskParameters[3];","lastModifiedDate":"2024-09-14","isFullCredit":false},{"lineNumber":219,"author":{"gitId":"jemehgoh"},"content":"            Deadline deadlineToAdd \u003d new Deadline(taskDescription, taskIsDone, deadlineBy);","lastModifiedDate":"2024-09-14","isFullCredit":false},{"lineNumber":220,"author":{"gitId":"jemehgoh"},"content":"            tasks.loadTask(deadlineToAdd);","lastModifiedDate":"2024-09-14","isFullCredit":false},{"lineNumber":221,"author":{"gitId":"jemehgoh"},"content":"            break;","lastModifiedDate":"2024-09-14","isFullCredit":false},{"lineNumber":222,"author":{"gitId":"jemehgoh"},"content":"","lastModifiedDate":"2024-09-14","isFullCredit":false},{"lineNumber":223,"author":{"gitId":"jemehgoh"},"content":"        case \"E\":","lastModifiedDate":"2024-09-14","isFullCredit":false},{"lineNumber":224,"author":{"gitId":"jemehgoh"},"content":"            String eventFrom \u003d taskParameters[3];","lastModifiedDate":"2024-09-14","isFullCredit":false},{"lineNumber":225,"author":{"gitId":"jemehgoh"},"content":"            String eventTo \u003d taskParameters[4];","lastModifiedDate":"2024-09-14","isFullCredit":false},{"lineNumber":226,"author":{"gitId":"jemehgoh"},"content":"            Event eventToAdd \u003d new Event(taskDescription, taskIsDone, eventFrom, eventTo);","lastModifiedDate":"2024-09-14","isFullCredit":false},{"lineNumber":227,"author":{"gitId":"jemehgoh"},"content":"            tasks.loadTask(eventToAdd);","lastModifiedDate":"2024-09-14","isFullCredit":false},{"lineNumber":228,"author":{"gitId":"jemehgoh"},"content":"            break;","lastModifiedDate":"2024-09-14","isFullCredit":false},{"lineNumber":229,"author":{"gitId":"jemehgoh"},"content":"","lastModifiedDate":"2024-09-14","isFullCredit":false},{"lineNumber":230,"author":{"gitId":"jemehgoh"},"content":"        default:","lastModifiedDate":"2024-09-14","isFullCredit":false},{"lineNumber":231,"author":{"gitId":"jemehgoh"},"content":"            break;","lastModifiedDate":"2024-09-14","isFullCredit":false},{"lineNumber":232,"author":{"gitId":"jemehgoh"},"content":"        }","lastModifiedDate":"2024-09-14","isFullCredit":false},{"lineNumber":233,"author":{"gitId":"jemehgoh"},"content":"    }","lastModifiedDate":"2024-09-14","isFullCredit":false},{"lineNumber":234,"author":{"gitId":"jemehgoh"},"content":"","lastModifiedDate":"2024-09-14","isFullCredit":false},{"lineNumber":235,"author":{"gitId":"jemehgoh"},"content":"    /**","lastModifiedDate":"2024-09-14","isFullCredit":false},{"lineNumber":236,"author":{"gitId":"jemehgoh"},"content":"     * Saves the task list data in a file","lastModifiedDate":"2024-09-14","isFullCredit":false},{"lineNumber":237,"author":{"gitId":"jemehgoh"},"content":"     */","lastModifiedDate":"2024-09-14","isFullCredit":false},{"lineNumber":238,"author":{"gitId":"jemehgoh"},"content":"    private static void saveToFile() {","lastModifiedDate":"2024-09-14","isFullCredit":false},{"lineNumber":239,"author":{"gitId":"jemehgoh"},"content":"        try {","lastModifiedDate":"2024-09-14","isFullCredit":false},{"lineNumber":240,"author":{"gitId":"jemehgoh"},"content":"            String filePath \u003d \"data/data.txt\";","lastModifiedDate":"2024-09-14","isFullCredit":false},{"lineNumber":241,"author":{"gitId":"jemehgoh"},"content":"            tasks.writeListToFile(filePath);","lastModifiedDate":"2024-09-14","isFullCredit":false},{"lineNumber":242,"author":{"gitId":"jemehgoh"},"content":"        } catch (IOException e) {","lastModifiedDate":"2024-09-14","isFullCredit":false},{"lineNumber":243,"author":{"gitId":"jemehgoh"},"content":"            System.out.println(\"   Data not saved due to error\");","lastModifiedDate":"2024-09-14","isFullCredit":false},{"lineNumber":244,"author":{"gitId":"jemehgoh"},"content":"        }","lastModifiedDate":"2024-09-14","isFullCredit":false},{"lineNumber":245,"author":{"gitId":"jemehgoh"},"content":"    }","lastModifiedDate":"2024-09-14","isFullCredit":false},{"lineNumber":246,"author":{"gitId":"jemehgoh"},"content":"","lastModifiedDate":"2024-09-14","isFullCredit":false},{"lineNumber":247,"author":{"gitId":"jemehgoh"},"content":"    /**","lastModifiedDate":"2024-09-01","isFullCredit":false},{"lineNumber":248,"author":{"gitId":"jemehgoh"},"content":"     * Greet the user upon program startup","lastModifiedDate":"2024-09-01","isFullCredit":false},{"lineNumber":249,"author":{"gitId":"jemehgoh"},"content":"     */","lastModifiedDate":"2024-09-01","isFullCredit":false},{"lineNumber":250,"author":{"gitId":"jemehgoh"},"content":"    private static void greetUser() {","lastModifiedDate":"2024-09-01","isFullCredit":false},{"lineNumber":251,"author":{"gitId":"jemehgoh"},"content":"        System.out.println(\"Hello! I\u0027m Nell!\");","lastModifiedDate":"2024-08-18","isFullCredit":false},{"lineNumber":252,"author":{"gitId":"jemehgoh"},"content":"        System.out.println(\"What can I do for you?\");","lastModifiedDate":"2024-08-18","isFullCredit":false},{"lineNumber":253,"author":{"gitId":"jemehgoh"},"content":"    }","lastModifiedDate":"2024-09-01","isFullCredit":false},{"lineNumber":254,"author":{"gitId":"jemehgoh"},"content":"","lastModifiedDate":"2024-09-01","isFullCredit":false},{"lineNumber":255,"author":{"gitId":"jemehgoh"},"content":"    /**","lastModifiedDate":"2024-09-01","isFullCredit":false},{"lineNumber":256,"author":{"gitId":"jemehgoh"},"content":"     * Get commands from user and execute commands received","lastModifiedDate":"2024-09-01","isFullCredit":false},{"lineNumber":257,"author":{"gitId":"jemehgoh"},"content":"     */","lastModifiedDate":"2024-09-01","isFullCredit":false},{"lineNumber":258,"author":{"gitId":"jemehgoh"},"content":"    private static void getCommands() {","lastModifiedDate":"2024-09-01","isFullCredit":false},{"lineNumber":259,"author":{"gitId":"jemehgoh"},"content":"        // Initialises scanner to take in user input","lastModifiedDate":"2024-09-01","isFullCredit":false},{"lineNumber":260,"author":{"gitId":"jemehgoh"},"content":"        Scanner input \u003d new Scanner(System.in);","lastModifiedDate":"2024-09-01","isFullCredit":false},{"lineNumber":261,"author":{"gitId":"jemehgoh"},"content":"","lastModifiedDate":"2024-08-18","isFullCredit":false},{"lineNumber":262,"author":{"gitId":"jemehgoh"},"content":"        boolean isGettingCommands \u003d true;","lastModifiedDate":"2024-08-25","isFullCredit":false},{"lineNumber":263,"author":{"gitId":"jemehgoh"},"content":"","lastModifiedDate":"2024-08-25","isFullCredit":false},{"lineNumber":264,"author":{"gitId":"jemehgoh"},"content":"        while (isGettingCommands) {","lastModifiedDate":"2024-08-25","isFullCredit":false},{"lineNumber":265,"author":{"gitId":"jemehgoh"},"content":"            // Get user command and respond accordingly","lastModifiedDate":"2024-08-25","isFullCredit":false},{"lineNumber":266,"author":{"gitId":"jemehgoh"},"content":"            String command \u003d input.nextLine();","lastModifiedDate":"2024-08-25","isFullCredit":false},{"lineNumber":267,"author":{"gitId":"jemehgoh"},"content":"            String[] commandWords \u003d command.split(\" \", 2);","lastModifiedDate":"2024-09-01","isFullCredit":false},{"lineNumber":268,"author":{"gitId":"jemehgoh"},"content":"            switch (commandWords[0]) {","lastModifiedDate":"2024-08-25","isFullCredit":false},{"lineNumber":269,"author":{"gitId":"jemehgoh"},"content":"            case \"bye\":","lastModifiedDate":"2024-08-25","isFullCredit":false},{"lineNumber":270,"author":{"gitId":"jemehgoh"},"content":"                sayBye();","lastModifiedDate":"2024-09-06","isFullCredit":false},{"lineNumber":271,"author":{"gitId":"jemehgoh"},"content":"                saveToFile();","lastModifiedDate":"2024-09-14","isFullCredit":false},{"lineNumber":272,"author":{"gitId":"jemehgoh"},"content":"                isGettingCommands \u003d false;","lastModifiedDate":"2024-08-25","isFullCredit":false},{"lineNumber":273,"author":{"gitId":"jemehgoh"},"content":"                break;","lastModifiedDate":"2024-08-25","isFullCredit":false},{"lineNumber":274,"author":{"gitId":"jemehgoh"},"content":"","lastModifiedDate":"2024-08-25","isFullCredit":false},{"lineNumber":275,"author":{"gitId":"jemehgoh"},"content":"            case \"list\":","lastModifiedDate":"2024-08-25","isFullCredit":false},{"lineNumber":276,"author":{"gitId":"jemehgoh"},"content":"                listTasks();","lastModifiedDate":"2024-09-06","isFullCredit":false},{"lineNumber":277,"author":{"gitId":"jemehgoh"},"content":"                break;","lastModifiedDate":"2024-08-25","isFullCredit":false},{"lineNumber":278,"author":{"gitId":"jemehgoh"},"content":"","lastModifiedDate":"2024-08-25","isFullCredit":false},{"lineNumber":279,"author":{"gitId":"jemehgoh"},"content":"            case \"mark\":","lastModifiedDate":"2024-08-25","isFullCredit":false},{"lineNumber":280,"author":{"gitId":"jemehgoh"},"content":"                try {","lastModifiedDate":"2024-09-07","isFullCredit":false},{"lineNumber":281,"author":{"gitId":"jemehgoh"},"content":"                    markTask(commandWords[1]);","lastModifiedDate":"2024-09-06","isFullCredit":false},{"lineNumber":282,"author":{"gitId":"jemehgoh"},"content":"                } catch (IndexOutOfBoundsException e) {","lastModifiedDate":"2024-09-07","isFullCredit":false},{"lineNumber":283,"author":{"gitId":"jemehgoh"},"content":"                    System.out.print(MARK_ERROR_MESSAGE);","lastModifiedDate":"2024-09-07","isFullCredit":false},{"lineNumber":284,"author":{"gitId":"jemehgoh"},"content":"                }","lastModifiedDate":"2024-09-07","isFullCredit":false},{"lineNumber":285,"author":{"gitId":"jemehgoh"},"content":"                break;","lastModifiedDate":"2024-08-25","isFullCredit":false},{"lineNumber":286,"author":{"gitId":"jemehgoh"},"content":"","lastModifiedDate":"2024-08-25","isFullCredit":false},{"lineNumber":287,"author":{"gitId":"jemehgoh"},"content":"            case \"unmark\":","lastModifiedDate":"2024-08-25","isFullCredit":false},{"lineNumber":288,"author":{"gitId":"jemehgoh"},"content":"                try {","lastModifiedDate":"2024-09-07","isFullCredit":false},{"lineNumber":289,"author":{"gitId":"jemehgoh"},"content":"                    unmarkTask(commandWords[1]);","lastModifiedDate":"2024-09-06","isFullCredit":false},{"lineNumber":290,"author":{"gitId":"jemehgoh"},"content":"                } catch (IndexOutOfBoundsException e) {","lastModifiedDate":"2024-09-07","isFullCredit":false},{"lineNumber":291,"author":{"gitId":"jemehgoh"},"content":"                    System.out.print(UNMARK_ERROR_MESSAGE);","lastModifiedDate":"2024-09-07","isFullCredit":false},{"lineNumber":292,"author":{"gitId":"jemehgoh"},"content":"                }","lastModifiedDate":"2024-09-07","isFullCredit":false},{"lineNumber":293,"author":{"gitId":"jemehgoh"},"content":"                break;","lastModifiedDate":"2024-08-25","isFullCredit":false},{"lineNumber":294,"author":{"gitId":"jemehgoh"},"content":"","lastModifiedDate":"2024-08-25","isFullCredit":false},{"lineNumber":295,"author":{"gitId":"jemehgoh"},"content":"            case \"todo\":","lastModifiedDate":"2024-09-01","isFullCredit":false},{"lineNumber":296,"author":{"gitId":"jemehgoh"},"content":"                try {","lastModifiedDate":"2024-09-07","isFullCredit":false},{"lineNumber":297,"author":{"gitId":"jemehgoh"},"content":"                    addToDo(commandWords[1]);","lastModifiedDate":"2024-09-06","isFullCredit":false},{"lineNumber":298,"author":{"gitId":"jemehgoh"},"content":"                } catch (IndexOutOfBoundsException e) {","lastModifiedDate":"2024-09-07","isFullCredit":false},{"lineNumber":299,"author":{"gitId":"jemehgoh"},"content":"                    System.out.print(TODO_ERROR_MESSAGE);","lastModifiedDate":"2024-09-07","isFullCredit":false},{"lineNumber":300,"author":{"gitId":"jemehgoh"},"content":"                }","lastModifiedDate":"2024-09-07","isFullCredit":false},{"lineNumber":301,"author":{"gitId":"jemehgoh"},"content":"                break;","lastModifiedDate":"2024-09-01","isFullCredit":false},{"lineNumber":302,"author":{"gitId":"jemehgoh"},"content":"","lastModifiedDate":"2024-09-01","isFullCredit":false},{"lineNumber":303,"author":{"gitId":"jemehgoh"},"content":"            case \"deadline\":","lastModifiedDate":"2024-09-01","isFullCredit":false},{"lineNumber":304,"author":{"gitId":"jemehgoh"},"content":"                try {","lastModifiedDate":"2024-09-07","isFullCredit":false},{"lineNumber":305,"author":{"gitId":"jemehgoh"},"content":"                    addDeadline(commandWords[1]);","lastModifiedDate":"2024-09-06","isFullCredit":false},{"lineNumber":306,"author":{"gitId":"jemehgoh"},"content":"                } catch (IndexOutOfBoundsException e) {","lastModifiedDate":"2024-09-07","isFullCredit":false},{"lineNumber":307,"author":{"gitId":"jemehgoh"},"content":"                    System.out.print(DEADLINE_ERROR_MESSAGE);","lastModifiedDate":"2024-09-07","isFullCredit":false},{"lineNumber":308,"author":{"gitId":"jemehgoh"},"content":"                }","lastModifiedDate":"2024-09-07","isFullCredit":false},{"lineNumber":309,"author":{"gitId":"jemehgoh"},"content":"                break;","lastModifiedDate":"2024-09-01","isFullCredit":false},{"lineNumber":310,"author":{"gitId":"jemehgoh"},"content":"","lastModifiedDate":"2024-09-01","isFullCredit":false},{"lineNumber":311,"author":{"gitId":"jemehgoh"},"content":"            case \"event\":","lastModifiedDate":"2024-09-01","isFullCredit":false},{"lineNumber":312,"author":{"gitId":"jemehgoh"},"content":"                try {","lastModifiedDate":"2024-09-07","isFullCredit":false},{"lineNumber":313,"author":{"gitId":"jemehgoh"},"content":"                    addEvent(commandWords[1]);","lastModifiedDate":"2024-09-06","isFullCredit":false},{"lineNumber":314,"author":{"gitId":"jemehgoh"},"content":"                } catch (IndexOutOfBoundsException e) {","lastModifiedDate":"2024-09-07","isFullCredit":false},{"lineNumber":315,"author":{"gitId":"jemehgoh"},"content":"                    System.out.print(EVENT_ERROR_MESSAGE);","lastModifiedDate":"2024-09-07","isFullCredit":false},{"lineNumber":316,"author":{"gitId":"jemehgoh"},"content":"                }","lastModifiedDate":"2024-09-07","isFullCredit":false},{"lineNumber":317,"author":{"gitId":"jemehgoh"},"content":"                break;","lastModifiedDate":"2024-09-01","isFullCredit":false},{"lineNumber":318,"author":{"gitId":"jemehgoh"},"content":"","lastModifiedDate":"2024-09-01","isFullCredit":false},{"lineNumber":319,"author":{"gitId":"jemehgoh"},"content":"            case \"remove\":","lastModifiedDate":"2024-09-14","isFullCredit":false},{"lineNumber":320,"author":{"gitId":"jemehgoh"},"content":"                try {","lastModifiedDate":"2024-09-14","isFullCredit":false},{"lineNumber":321,"author":{"gitId":"jemehgoh"},"content":"                    removeTask(commandWords[1]);","lastModifiedDate":"2024-09-14","isFullCredit":false},{"lineNumber":322,"author":{"gitId":"jemehgoh"},"content":"                } catch (IndexOutOfBoundsException e) {","lastModifiedDate":"2024-09-14","isFullCredit":false},{"lineNumber":323,"author":{"gitId":"jemehgoh"},"content":"                    System.out.print(REMOVE_ERROR_MESSAGE);","lastModifiedDate":"2024-09-14","isFullCredit":false},{"lineNumber":324,"author":{"gitId":"jemehgoh"},"content":"                }","lastModifiedDate":"2024-09-14","isFullCredit":false},{"lineNumber":325,"author":{"gitId":"jemehgoh"},"content":"                break;","lastModifiedDate":"2024-09-14","isFullCredit":false},{"lineNumber":326,"author":{"gitId":"jemehgoh"},"content":"","lastModifiedDate":"2024-09-14","isFullCredit":false},{"lineNumber":327,"author":{"gitId":"jemehgoh"},"content":"            default:","lastModifiedDate":"2024-08-25","isFullCredit":false},{"lineNumber":328,"author":{"gitId":"jemehgoh"},"content":"                handleIncorrectInput();","lastModifiedDate":"2024-09-07","isFullCredit":false},{"lineNumber":329,"author":{"gitId":"jemehgoh"},"content":"                break;","lastModifiedDate":"2024-08-25","isFullCredit":false},{"lineNumber":330,"author":{"gitId":"jemehgoh"},"content":"            }","lastModifiedDate":"2024-08-25","isFullCredit":false},{"lineNumber":331,"author":{"gitId":"jemehgoh"},"content":"        }","lastModifiedDate":"2024-08-25","isFullCredit":false},{"lineNumber":332,"author":{"gitId":"jemehgoh"},"content":"    }","lastModifiedDate":"2024-08-18","isFullCredit":false},{"lineNumber":333,"author":{"gitId":"jemehgoh"},"content":"","lastModifiedDate":"2024-09-01","isFullCredit":false},{"lineNumber":334,"author":{"gitId":"jemehgoh"},"content":"    public static void main(String[] args) {","lastModifiedDate":"2024-09-01","isFullCredit":false},{"lineNumber":335,"author":{"gitId":"jemehgoh"},"content":"        loadFromFile();","lastModifiedDate":"2024-09-14","isFullCredit":false},{"lineNumber":336,"author":{"gitId":"jemehgoh"},"content":"        greetUser();","lastModifiedDate":"2024-09-01","isFullCredit":false},{"lineNumber":337,"author":{"gitId":"jemehgoh"},"content":"        getCommands();","lastModifiedDate":"2024-09-01","isFullCredit":false},{"lineNumber":338,"author":{"gitId":"jemehgoh"},"content":"    }","lastModifiedDate":"2024-09-01","isFullCredit":false},{"lineNumber":339,"author":{"gitId":"jemehgoh"},"content":"}","lastModifiedDate":"2024-08-18","isFullCredit":false}],"authorContributionMap":{"jemehgoh":339}},{"path":"src/main/java/nell/TaskList.java","fileType":"java","lines":[{"lineNumber":1,"author":{"gitId":"jemehgoh"},"content":"package nell;","lastModifiedDate":"2024-09-13","isFullCredit":false},{"lineNumber":2,"author":{"gitId":"jemehgoh"},"content":"","lastModifiedDate":"2024-09-13","isFullCredit":false},{"lineNumber":3,"author":{"gitId":"jemehgoh"},"content":"import nell.tasks.Task;","lastModifiedDate":"2024-09-13","isFullCredit":false},{"lineNumber":4,"author":{"gitId":"jemehgoh"},"content":"","lastModifiedDate":"2024-09-13","isFullCredit":false},{"lineNumber":5,"author":{"gitId":"jemehgoh"},"content":"import java.io.FileWriter;","lastModifiedDate":"2024-09-14","isFullCredit":false},{"lineNumber":6,"author":{"gitId":"jemehgoh"},"content":"import java.io.IOException;","lastModifiedDate":"2024-09-14","isFullCredit":false},{"lineNumber":7,"author":{"gitId":"jemehgoh"},"content":"import java.util.ArrayList;","lastModifiedDate":"2024-09-13","isFullCredit":false},{"lineNumber":8,"author":{"gitId":"jemehgoh"},"content":"","lastModifiedDate":"2024-09-13","isFullCredit":false},{"lineNumber":9,"author":{"gitId":"jemehgoh"},"content":"public class TaskList {","lastModifiedDate":"2024-09-13","isFullCredit":false},{"lineNumber":10,"author":{"gitId":"jemehgoh"},"content":"    private ArrayList\u003cTask\u003e tasks;","lastModifiedDate":"2024-09-13","isFullCredit":false},{"lineNumber":11,"author":{"gitId":"jemehgoh"},"content":"","lastModifiedDate":"2024-09-13","isFullCredit":false},{"lineNumber":12,"author":{"gitId":"jemehgoh"},"content":"    public TaskList() {","lastModifiedDate":"2024-09-13","isFullCredit":false},{"lineNumber":13,"author":{"gitId":"jemehgoh"},"content":"        this.tasks \u003d new ArrayList\u003cTask\u003e();","lastModifiedDate":"2024-09-13","isFullCredit":false},{"lineNumber":14,"author":{"gitId":"jemehgoh"},"content":"    }","lastModifiedDate":"2024-09-13","isFullCredit":false},{"lineNumber":15,"author":{"gitId":"jemehgoh"},"content":"","lastModifiedDate":"2024-09-13","isFullCredit":false},{"lineNumber":16,"author":{"gitId":"jemehgoh"},"content":"    public int getTaskCount() {","lastModifiedDate":"2024-09-13","isFullCredit":false},{"lineNumber":17,"author":{"gitId":"jemehgoh"},"content":"        return this.tasks.size();","lastModifiedDate":"2024-09-13","isFullCredit":false},{"lineNumber":18,"author":{"gitId":"jemehgoh"},"content":"    }","lastModifiedDate":"2024-09-13","isFullCredit":false},{"lineNumber":19,"author":{"gitId":"jemehgoh"},"content":"","lastModifiedDate":"2024-09-13","isFullCredit":false},{"lineNumber":20,"author":{"gitId":"jemehgoh"},"content":"    public void addTask(Task taskToAdd) {","lastModifiedDate":"2024-09-13","isFullCredit":false},{"lineNumber":21,"author":{"gitId":"jemehgoh"},"content":"        System.out.println(\"-\u003e The task has been added to the list:\");","lastModifiedDate":"2024-09-13","isFullCredit":false},{"lineNumber":22,"author":{"gitId":"jemehgoh"},"content":"        tasks.add(taskToAdd);","lastModifiedDate":"2024-09-13","isFullCredit":false},{"lineNumber":23,"author":{"gitId":"jemehgoh"},"content":"        System.out.println(\"   \" + taskToAdd);","lastModifiedDate":"2024-09-13","isFullCredit":false},{"lineNumber":24,"author":{"gitId":"jemehgoh"},"content":"        System.out.println(String.format(\"   The list now has %d tasks\", this.tasks.size()));","lastModifiedDate":"2024-09-13","isFullCredit":false},{"lineNumber":25,"author":{"gitId":"jemehgoh"},"content":"    }","lastModifiedDate":"2024-09-13","isFullCredit":false},{"lineNumber":26,"author":{"gitId":"jemehgoh"},"content":"","lastModifiedDate":"2024-09-13","isFullCredit":false},{"lineNumber":27,"author":{"gitId":"jemehgoh"},"content":"    public Task getTaskAtIndex(int index) throws IndexOutOfBoundsException {","lastModifiedDate":"2024-09-13","isFullCredit":false},{"lineNumber":28,"author":{"gitId":"jemehgoh"},"content":"        return tasks.get(index);","lastModifiedDate":"2024-09-13","isFullCredit":false},{"lineNumber":29,"author":{"gitId":"jemehgoh"},"content":"    }","lastModifiedDate":"2024-09-13","isFullCredit":false},{"lineNumber":30,"author":{"gitId":"jemehgoh"},"content":"","lastModifiedDate":"2024-09-13","isFullCredit":false},{"lineNumber":31,"author":{"gitId":"jemehgoh"},"content":"    public void removeTask(int index) throws IndexOutOfBoundsException {","lastModifiedDate":"2024-09-14","isFullCredit":false},{"lineNumber":32,"author":{"gitId":"jemehgoh"},"content":"        Task taskToRemove \u003d tasks.get(index);","lastModifiedDate":"2024-09-13","isFullCredit":false},{"lineNumber":33,"author":{"gitId":"jemehgoh"},"content":"        System.out.println(\"-\u003e The following task has been removed from the list:\");","lastModifiedDate":"2024-09-14","isFullCredit":false},{"lineNumber":34,"author":{"gitId":"jemehgoh"},"content":"        tasks.remove(index);","lastModifiedDate":"2024-09-13","isFullCredit":false},{"lineNumber":35,"author":{"gitId":"jemehgoh"},"content":"        System.out.println(\"   \" + taskToRemove);","lastModifiedDate":"2024-09-14","isFullCredit":false},{"lineNumber":36,"author":{"gitId":"jemehgoh"},"content":"        System.out.println(String.format(\"   The list now has %d tasks\", this.tasks.size()));","lastModifiedDate":"2024-09-14","isFullCredit":false},{"lineNumber":37,"author":{"gitId":"jemehgoh"},"content":"    }","lastModifiedDate":"2024-09-13","isFullCredit":false},{"lineNumber":38,"author":{"gitId":"jemehgoh"},"content":"","lastModifiedDate":"2024-09-14","isFullCredit":false},{"lineNumber":39,"author":{"gitId":"jemehgoh"},"content":"    public void writeListToFile(String filePath) throws IOException {","lastModifiedDate":"2024-09-14","isFullCredit":false},{"lineNumber":40,"author":{"gitId":"jemehgoh"},"content":"        FileWriter writer \u003d new FileWriter(filePath, false);","lastModifiedDate":"2024-09-14","isFullCredit":false},{"lineNumber":41,"author":{"gitId":"jemehgoh"},"content":"        for (Task task : tasks) {","lastModifiedDate":"2024-09-14","isFullCredit":false},{"lineNumber":42,"author":{"gitId":"jemehgoh"},"content":"            String formatLine \u003d task.getFileLine() + System.lineSeparator();","lastModifiedDate":"2024-09-14","isFullCredit":false},{"lineNumber":43,"author":{"gitId":"jemehgoh"},"content":"            writer.write(formatLine);","lastModifiedDate":"2024-09-14","isFullCredit":false},{"lineNumber":44,"author":{"gitId":"jemehgoh"},"content":"        }","lastModifiedDate":"2024-09-14","isFullCredit":false},{"lineNumber":45,"author":{"gitId":"jemehgoh"},"content":"        writer.close();","lastModifiedDate":"2024-09-14","isFullCredit":false},{"lineNumber":46,"author":{"gitId":"jemehgoh"},"content":"    }","lastModifiedDate":"2024-09-14","isFullCredit":false},{"lineNumber":47,"author":{"gitId":"jemehgoh"},"content":"","lastModifiedDate":"2024-09-14","isFullCredit":false},{"lineNumber":48,"author":{"gitId":"jemehgoh"},"content":"    public void loadTask(Task taskToAdd) {","lastModifiedDate":"2024-09-14","isFullCredit":false},{"lineNumber":49,"author":{"gitId":"jemehgoh"},"content":"        tasks.add(taskToAdd);","lastModifiedDate":"2024-09-14","isFullCredit":false},{"lineNumber":50,"author":{"gitId":"jemehgoh"},"content":"    }","lastModifiedDate":"2024-09-14","isFullCredit":false},{"lineNumber":51,"author":{"gitId":"jemehgoh"},"content":"}","lastModifiedDate":"2024-09-13","isFullCredit":false}],"authorContributionMap":{"jemehgoh":51}},{"path":"src/main/java/nell/tasks/Deadline.java","fileType":"java","lines":[{"lineNumber":1,"author":{"gitId":"jemehgoh"},"content":"package nell.tasks;","lastModifiedDate":"2024-09-09","isFullCredit":false},{"lineNumber":2,"author":{"gitId":"jemehgoh"},"content":"","lastModifiedDate":"2024-09-09","isFullCredit":false},{"lineNumber":3,"author":{"gitId":"jemehgoh"},"content":"public class Deadline extends nell.tasks.Task {","lastModifiedDate":"2024-09-09","isFullCredit":false},{"lineNumber":4,"author":{"gitId":"jemehgoh"},"content":"    private String by;","lastModifiedDate":"2024-09-01","isFullCredit":false},{"lineNumber":5,"author":{"gitId":"jemehgoh"},"content":"","lastModifiedDate":"2024-09-01","isFullCredit":false},{"lineNumber":6,"author":{"gitId":"jemehgoh"},"content":"    public Deadline(String description, String by) {","lastModifiedDate":"2024-09-01","isFullCredit":false},{"lineNumber":7,"author":{"gitId":"jemehgoh"},"content":"        super(description, \"D\");","lastModifiedDate":"2024-09-13","isFullCredit":false},{"lineNumber":8,"author":{"gitId":"jemehgoh"},"content":"        this.by \u003d by;","lastModifiedDate":"2024-09-01","isFullCredit":false},{"lineNumber":9,"author":{"gitId":"jemehgoh"},"content":"    }","lastModifiedDate":"2024-09-01","isFullCredit":false},{"lineNumber":10,"author":{"gitId":"jemehgoh"},"content":"","lastModifiedDate":"2024-09-01","isFullCredit":false},{"lineNumber":11,"author":{"gitId":"jemehgoh"},"content":"    public Deadline(String description, boolean isDone, String by) {","lastModifiedDate":"2024-09-14","isFullCredit":false},{"lineNumber":12,"author":{"gitId":"jemehgoh"},"content":"        super(description, isDone);","lastModifiedDate":"2024-09-14","isFullCredit":false},{"lineNumber":13,"author":{"gitId":"jemehgoh"},"content":"        this.by \u003d by;","lastModifiedDate":"2024-09-14","isFullCredit":false},{"lineNumber":14,"author":{"gitId":"jemehgoh"},"content":"        this.type \u003d \"D\";","lastModifiedDate":"2024-09-14","isFullCredit":false},{"lineNumber":15,"author":{"gitId":"jemehgoh"},"content":"    }","lastModifiedDate":"2024-09-14","isFullCredit":false},{"lineNumber":16,"author":{"gitId":"jemehgoh"},"content":"","lastModifiedDate":"2024-09-14","isFullCredit":false},{"lineNumber":17,"author":{"gitId":"jemehgoh"},"content":"    public String toString() {","lastModifiedDate":"2024-09-01","isFullCredit":false},{"lineNumber":18,"author":{"gitId":"jemehgoh"},"content":"        return String.format(\"%s (by: %s)\", super.toString(), this.by);","lastModifiedDate":"2024-09-13","isFullCredit":false},{"lineNumber":19,"author":{"gitId":"jemehgoh"},"content":"    }","lastModifiedDate":"2024-09-01","isFullCredit":false},{"lineNumber":20,"author":{"gitId":"jemehgoh"},"content":"","lastModifiedDate":"2024-09-14","isFullCredit":false},{"lineNumber":21,"author":{"gitId":"jemehgoh"},"content":"    public String getFileLine() {","lastModifiedDate":"2024-09-14","isFullCredit":false},{"lineNumber":22,"author":{"gitId":"jemehgoh"},"content":"        return String.format(\"%s%s|\", super.getFileLine(), this.by);","lastModifiedDate":"2024-09-14","isFullCredit":false},{"lineNumber":23,"author":{"gitId":"jemehgoh"},"content":"    }","lastModifiedDate":"2024-09-14","isFullCredit":false},{"lineNumber":24,"author":{"gitId":"jemehgoh"},"content":"}","lastModifiedDate":"2024-09-01","isFullCredit":false}],"authorContributionMap":{"jemehgoh":24}},{"path":"src/main/java/nell/tasks/Event.java","fileType":"java","lines":[{"lineNumber":1,"author":{"gitId":"jemehgoh"},"content":"package nell.tasks;","lastModifiedDate":"2024-09-09","isFullCredit":false},{"lineNumber":2,"author":{"gitId":"jemehgoh"},"content":"","lastModifiedDate":"2024-09-09","isFullCredit":false},{"lineNumber":3,"author":{"gitId":"jemehgoh"},"content":"public class Event extends nell.tasks.Task {","lastModifiedDate":"2024-09-09","isFullCredit":false},{"lineNumber":4,"author":{"gitId":"jemehgoh"},"content":"    private String from;","lastModifiedDate":"2024-09-01","isFullCredit":false},{"lineNumber":5,"author":{"gitId":"jemehgoh"},"content":"    private String to;","lastModifiedDate":"2024-09-01","isFullCredit":false},{"lineNumber":6,"author":{"gitId":"jemehgoh"},"content":"","lastModifiedDate":"2024-09-01","isFullCredit":false},{"lineNumber":7,"author":{"gitId":"jemehgoh"},"content":"    public Event(String description, String from, String to) {","lastModifiedDate":"2024-09-01","isFullCredit":false},{"lineNumber":8,"author":{"gitId":"jemehgoh"},"content":"        super(description, \"E\");","lastModifiedDate":"2024-09-13","isFullCredit":false},{"lineNumber":9,"author":{"gitId":"jemehgoh"},"content":"        this.from \u003d from;","lastModifiedDate":"2024-09-01","isFullCredit":false},{"lineNumber":10,"author":{"gitId":"jemehgoh"},"content":"        this.to \u003d to;","lastModifiedDate":"2024-09-01","isFullCredit":false},{"lineNumber":11,"author":{"gitId":"jemehgoh"},"content":"    }","lastModifiedDate":"2024-09-01","isFullCredit":false},{"lineNumber":12,"author":{"gitId":"jemehgoh"},"content":"","lastModifiedDate":"2024-09-01","isFullCredit":false},{"lineNumber":13,"author":{"gitId":"jemehgoh"},"content":"    public Event(String description, boolean isDone, String from, String to) {","lastModifiedDate":"2024-09-14","isFullCredit":false},{"lineNumber":14,"author":{"gitId":"jemehgoh"},"content":"        super(description, isDone);","lastModifiedDate":"2024-09-14","isFullCredit":false},{"lineNumber":15,"author":{"gitId":"jemehgoh"},"content":"        this.from \u003d from;","lastModifiedDate":"2024-09-14","isFullCredit":false},{"lineNumber":16,"author":{"gitId":"jemehgoh"},"content":"        this.to \u003d to;","lastModifiedDate":"2024-09-14","isFullCredit":false},{"lineNumber":17,"author":{"gitId":"jemehgoh"},"content":"        this.type \u003d \"E\";","lastModifiedDate":"2024-09-14","isFullCredit":false},{"lineNumber":18,"author":{"gitId":"jemehgoh"},"content":"    }","lastModifiedDate":"2024-09-14","isFullCredit":false},{"lineNumber":19,"author":{"gitId":"jemehgoh"},"content":"","lastModifiedDate":"2024-09-14","isFullCredit":false},{"lineNumber":20,"author":{"gitId":"jemehgoh"},"content":"    public String toString() {","lastModifiedDate":"2024-09-01","isFullCredit":false},{"lineNumber":21,"author":{"gitId":"jemehgoh"},"content":"        return String.format(\"%s (from: %s to: %s)\", super.toString(),","lastModifiedDate":"2024-09-13","isFullCredit":false},{"lineNumber":22,"author":{"gitId":"jemehgoh"},"content":"                this.from, this.to);","lastModifiedDate":"2024-09-13","isFullCredit":false},{"lineNumber":23,"author":{"gitId":"jemehgoh"},"content":"    }","lastModifiedDate":"2024-09-01","isFullCredit":false},{"lineNumber":24,"author":{"gitId":"jemehgoh"},"content":"","lastModifiedDate":"2024-09-14","isFullCredit":false},{"lineNumber":25,"author":{"gitId":"jemehgoh"},"content":"    public String getFileLine() {","lastModifiedDate":"2024-09-14","isFullCredit":false},{"lineNumber":26,"author":{"gitId":"jemehgoh"},"content":"        return String.format(\"%s%s|%s|\", super.getFileLine(), this.from, this.to);","lastModifiedDate":"2024-09-14","isFullCredit":false},{"lineNumber":27,"author":{"gitId":"jemehgoh"},"content":"    }","lastModifiedDate":"2024-09-14","isFullCredit":false},{"lineNumber":28,"author":{"gitId":"jemehgoh"},"content":"}","lastModifiedDate":"2024-09-01","isFullCredit":false}],"authorContributionMap":{"jemehgoh":28}},{"path":"src/main/java/nell/tasks/Task.java","fileType":"java","lines":[{"lineNumber":1,"author":{"gitId":"jemehgoh"},"content":"package nell.tasks;","lastModifiedDate":"2024-09-09","isFullCredit":false},{"lineNumber":2,"author":{"gitId":"jemehgoh"},"content":"","lastModifiedDate":"2024-09-09","isFullCredit":false},{"lineNumber":3,"author":{"gitId":"jemehgoh"},"content":"public class Task {","lastModifiedDate":"2024-08-25","isFullCredit":false},{"lineNumber":4,"author":{"gitId":"jemehgoh"},"content":"    protected String description;","lastModifiedDate":"2024-09-01","isFullCredit":false},{"lineNumber":5,"author":{"gitId":"jemehgoh"},"content":"    protected boolean isDone;","lastModifiedDate":"2024-09-01","isFullCredit":false},{"lineNumber":6,"author":{"gitId":"jemehgoh"},"content":"    protected String type;","lastModifiedDate":"2024-09-07","isFullCredit":false},{"lineNumber":7,"author":{"gitId":"jemehgoh"},"content":"","lastModifiedDate":"2024-08-25","isFullCredit":false},{"lineNumber":8,"author":{"gitId":"jemehgoh"},"content":"    /**","lastModifiedDate":"2024-08-25","isFullCredit":false},{"lineNumber":9,"author":{"gitId":"jemehgoh"},"content":"     * Constructs a new Task object, with a description as specified in the input string","lastModifiedDate":"2024-08-25","isFullCredit":false},{"lineNumber":10,"author":{"gitId":"jemehgoh"},"content":"     *","lastModifiedDate":"2024-08-25","isFullCredit":false},{"lineNumber":11,"author":{"gitId":"jemehgoh"},"content":"     * @param description The description of the task","lastModifiedDate":"2024-08-25","isFullCredit":false},{"lineNumber":12,"author":{"gitId":"jemehgoh"},"content":"     * @param type The type of task","lastModifiedDate":"2024-09-13","isFullCredit":false},{"lineNumber":13,"author":{"gitId":"jemehgoh"},"content":"     */","lastModifiedDate":"2024-08-25","isFullCredit":false},{"lineNumber":14,"author":{"gitId":"jemehgoh"},"content":"    public Task(String description, String type) {","lastModifiedDate":"2024-09-13","isFullCredit":false},{"lineNumber":15,"author":{"gitId":"jemehgoh"},"content":"        this.description \u003d description;","lastModifiedDate":"2024-08-25","isFullCredit":false},{"lineNumber":16,"author":{"gitId":"jemehgoh"},"content":"        this.isDone \u003d false;","lastModifiedDate":"2024-08-25","isFullCredit":false},{"lineNumber":17,"author":{"gitId":"jemehgoh"},"content":"        this.type \u003d type;","lastModifiedDate":"2024-09-13","isFullCredit":false},{"lineNumber":18,"author":{"gitId":"jemehgoh"},"content":"    }","lastModifiedDate":"2024-08-25","isFullCredit":false},{"lineNumber":19,"author":{"gitId":"jemehgoh"},"content":"","lastModifiedDate":"2024-08-25","isFullCredit":false},{"lineNumber":20,"author":{"gitId":"jemehgoh"},"content":"    /**","lastModifiedDate":"2024-09-14","isFullCredit":false},{"lineNumber":21,"author":{"gitId":"jemehgoh"},"content":"     * Constructs a new Task object, with a specified doneness for the task","lastModifiedDate":"2024-09-14","isFullCredit":false},{"lineNumber":22,"author":{"gitId":"jemehgoh"},"content":"     *","lastModifiedDate":"2024-09-14","isFullCredit":false},{"lineNumber":23,"author":{"gitId":"jemehgoh"},"content":"     * @param description The description of the task","lastModifiedDate":"2024-09-14","isFullCredit":false},{"lineNumber":24,"author":{"gitId":"jemehgoh"},"content":"     * @param isDone Whether the task is done or not","lastModifiedDate":"2024-09-14","isFullCredit":false},{"lineNumber":25,"author":{"gitId":"jemehgoh"},"content":"     */","lastModifiedDate":"2024-09-14","isFullCredit":false},{"lineNumber":26,"author":{"gitId":"jemehgoh"},"content":"    public Task(String description, boolean isDone) {","lastModifiedDate":"2024-09-14","isFullCredit":false},{"lineNumber":27,"author":{"gitId":"jemehgoh"},"content":"        this.description \u003d description;","lastModifiedDate":"2024-09-14","isFullCredit":false},{"lineNumber":28,"author":{"gitId":"jemehgoh"},"content":"        this.isDone \u003d isDone;","lastModifiedDate":"2024-09-14","isFullCredit":false},{"lineNumber":29,"author":{"gitId":"jemehgoh"},"content":"        this.type \u003d \" \";","lastModifiedDate":"2024-09-14","isFullCredit":false},{"lineNumber":30,"author":{"gitId":"jemehgoh"},"content":"    }","lastModifiedDate":"2024-09-14","isFullCredit":false},{"lineNumber":31,"author":{"gitId":"jemehgoh"},"content":"","lastModifiedDate":"2024-09-14","isFullCredit":false},{"lineNumber":32,"author":{"gitId":"jemehgoh"},"content":"    /**","lastModifiedDate":"2024-08-25","isFullCredit":false},{"lineNumber":33,"author":{"gitId":"jemehgoh"},"content":"     * Gets a status icon for the task, depending on whether it has been marked","lastModifiedDate":"2024-08-25","isFullCredit":false},{"lineNumber":34,"author":{"gitId":"jemehgoh"},"content":"     * done or not","lastModifiedDate":"2024-08-25","isFullCredit":false},{"lineNumber":35,"author":{"gitId":"jemehgoh"},"content":"     *","lastModifiedDate":"2024-08-25","isFullCredit":false},{"lineNumber":36,"author":{"gitId":"jemehgoh"},"content":"     * @return X if isDone is true, space otherwise","lastModifiedDate":"2024-08-25","isFullCredit":false},{"lineNumber":37,"author":{"gitId":"jemehgoh"},"content":"     */","lastModifiedDate":"2024-08-25","isFullCredit":false},{"lineNumber":38,"author":{"gitId":"jemehgoh"},"content":"    public char getStatusIcon() {","lastModifiedDate":"2024-08-25","isFullCredit":false},{"lineNumber":39,"author":{"gitId":"jemehgoh"},"content":"        if (isDone) {","lastModifiedDate":"2024-08-25","isFullCredit":false},{"lineNumber":40,"author":{"gitId":"jemehgoh"},"content":"            return \u0027X\u0027;","lastModifiedDate":"2024-08-25","isFullCredit":false},{"lineNumber":41,"author":{"gitId":"jemehgoh"},"content":"        }","lastModifiedDate":"2024-08-25","isFullCredit":false},{"lineNumber":42,"author":{"gitId":"jemehgoh"},"content":"","lastModifiedDate":"2024-08-25","isFullCredit":false},{"lineNumber":43,"author":{"gitId":"jemehgoh"},"content":"        return \u0027 \u0027;","lastModifiedDate":"2024-08-25","isFullCredit":false},{"lineNumber":44,"author":{"gitId":"jemehgoh"},"content":"    }","lastModifiedDate":"2024-08-25","isFullCredit":false},{"lineNumber":45,"author":{"gitId":"jemehgoh"},"content":"","lastModifiedDate":"2024-08-25","isFullCredit":false},{"lineNumber":46,"author":{"gitId":"jemehgoh"},"content":"    /**","lastModifiedDate":"2024-08-25","isFullCredit":false},{"lineNumber":47,"author":{"gitId":"jemehgoh"},"content":"     * Sets the isDone attribute in the class to the specified boolean value","lastModifiedDate":"2024-08-25","isFullCredit":false},{"lineNumber":48,"author":{"gitId":"jemehgoh"},"content":"     *","lastModifiedDate":"2024-08-25","isFullCredit":false},{"lineNumber":49,"author":{"gitId":"jemehgoh"},"content":"     * @param done The boolean value isDone is to be set to","lastModifiedDate":"2024-08-25","isFullCredit":false},{"lineNumber":50,"author":{"gitId":"jemehgoh"},"content":"     */","lastModifiedDate":"2024-08-25","isFullCredit":false},{"lineNumber":51,"author":{"gitId":"jemehgoh"},"content":"    public void setDone(boolean done) {","lastModifiedDate":"2024-08-25","isFullCredit":false},{"lineNumber":52,"author":{"gitId":"jemehgoh"},"content":"        isDone \u003d done;","lastModifiedDate":"2024-08-25","isFullCredit":false},{"lineNumber":53,"author":{"gitId":"jemehgoh"},"content":"    }","lastModifiedDate":"2024-08-25","isFullCredit":false},{"lineNumber":54,"author":{"gitId":"jemehgoh"},"content":"","lastModifiedDate":"2024-09-01","isFullCredit":false},{"lineNumber":55,"author":{"gitId":"jemehgoh"},"content":"    @Override","lastModifiedDate":"2024-09-01","isFullCredit":false},{"lineNumber":56,"author":{"gitId":"jemehgoh"},"content":"    public String toString() {","lastModifiedDate":"2024-09-01","isFullCredit":false},{"lineNumber":57,"author":{"gitId":"jemehgoh"},"content":"        return String.format(\"[%S][%s] %s\", this.type, this.getStatusIcon(), this.description);","lastModifiedDate":"2024-09-13","isFullCredit":false},{"lineNumber":58,"author":{"gitId":"jemehgoh"},"content":"    }","lastModifiedDate":"2024-09-01","isFullCredit":false},{"lineNumber":59,"author":{"gitId":"jemehgoh"},"content":"","lastModifiedDate":"2024-09-14","isFullCredit":false},{"lineNumber":60,"author":{"gitId":"jemehgoh"},"content":"    /**","lastModifiedDate":"2024-09-14","isFullCredit":false},{"lineNumber":61,"author":{"gitId":"jemehgoh"},"content":"     * Formats a string for writing into a .txt file","lastModifiedDate":"2024-09-14","isFullCredit":false},{"lineNumber":62,"author":{"gitId":"jemehgoh"},"content":"     *","lastModifiedDate":"2024-09-14","isFullCredit":false},{"lineNumber":63,"author":{"gitId":"jemehgoh"},"content":"     * @return the formatted string for writing to the file","lastModifiedDate":"2024-09-14","isFullCredit":false},{"lineNumber":64,"author":{"gitId":"jemehgoh"},"content":"     */","lastModifiedDate":"2024-09-14","isFullCredit":false},{"lineNumber":65,"author":{"gitId":"jemehgoh"},"content":"    public String getFileLine() {","lastModifiedDate":"2024-09-14","isFullCredit":false},{"lineNumber":66,"author":{"gitId":"jemehgoh"},"content":"        return String.format(\"%s|%s|%s\", this.type, this.getStatusIcon(), this.description);","lastModifiedDate":"2024-09-14","isFullCredit":false},{"lineNumber":67,"author":{"gitId":"jemehgoh"},"content":"    }","lastModifiedDate":"2024-09-14","isFullCredit":false},{"lineNumber":68,"author":{"gitId":"jemehgoh"},"content":"}","lastModifiedDate":"2024-08-25","isFullCredit":false}],"authorContributionMap":{"jemehgoh":68}},{"path":"src/main/java/nell/tasks/ToDo.java","fileType":"java","lines":[{"lineNumber":1,"author":{"gitId":"jemehgoh"},"content":"package nell.tasks;","lastModifiedDate":"2024-09-09","isFullCredit":false},{"lineNumber":2,"author":{"gitId":"jemehgoh"},"content":"","lastModifiedDate":"2024-09-09","isFullCredit":false},{"lineNumber":3,"author":{"gitId":"jemehgoh"},"content":"public class ToDo extends nell.tasks.Task {","lastModifiedDate":"2024-09-09","isFullCredit":false},{"lineNumber":4,"author":{"gitId":"jemehgoh"},"content":"","lastModifiedDate":"2024-09-01","isFullCredit":false},{"lineNumber":5,"author":{"gitId":"jemehgoh"},"content":"    public ToDo(String description) {","lastModifiedDate":"2024-09-01","isFullCredit":false},{"lineNumber":6,"author":{"gitId":"jemehgoh"},"content":"        super(description, \"T\");","lastModifiedDate":"2024-09-13","isFullCredit":false},{"lineNumber":7,"author":{"gitId":"jemehgoh"},"content":"    }","lastModifiedDate":"2024-09-01","isFullCredit":false},{"lineNumber":8,"author":{"gitId":"jemehgoh"},"content":"","lastModifiedDate":"2024-09-01","isFullCredit":false},{"lineNumber":9,"author":{"gitId":"jemehgoh"},"content":"    public ToDo(String description, boolean isDone) {","lastModifiedDate":"2024-09-14","isFullCredit":false},{"lineNumber":10,"author":{"gitId":"jemehgoh"},"content":"        super(description, isDone);","lastModifiedDate":"2024-09-14","isFullCredit":false},{"lineNumber":11,"author":{"gitId":"jemehgoh"},"content":"        this.type \u003d \"T\";","lastModifiedDate":"2024-09-14","isFullCredit":false},{"lineNumber":12,"author":{"gitId":"jemehgoh"},"content":"    }","lastModifiedDate":"2024-09-14","isFullCredit":false},{"lineNumber":13,"author":{"gitId":"jemehgoh"},"content":"","lastModifiedDate":"2024-09-14","isFullCredit":false},{"lineNumber":14,"author":{"gitId":"jemehgoh"},"content":"    public String toString() {","lastModifiedDate":"2024-09-01","isFullCredit":false},{"lineNumber":15,"author":{"gitId":"jemehgoh"},"content":"        return super.toString();","lastModifiedDate":"2024-09-13","isFullCredit":false},{"lineNumber":16,"author":{"gitId":"jemehgoh"},"content":"    }","lastModifiedDate":"2024-09-01","isFullCredit":false},{"lineNumber":17,"author":{"gitId":"jemehgoh"},"content":"}","lastModifiedDate":"2024-09-01","isFullCredit":false}],"authorContributionMap":{"jemehgoh":17}},{"path":"text-ui-test/input.txt","fileType":"txt","lines":[{"lineNumber":1,"author":{"gitId":"jemehgoh"},"content":"buy furniture","lastModifiedDate":"2024-09-01","isFullCredit":false},{"lineNumber":2,"author":{"gitId":"jemehgoh"},"content":"list","lastModifiedDate":"2024-09-01","isFullCredit":false},{"lineNumber":3,"author":{"gitId":"jemehgoh"},"content":"mark 1","lastModifiedDate":"2024-09-01","isFullCredit":false},{"lineNumber":4,"author":{"gitId":"jemehgoh"},"content":"unmark 4","lastModifiedDate":"2024-09-01","isFullCredit":false},{"lineNumber":5,"author":{"gitId":"jemehgoh"},"content":"todo","lastModifiedDate":"2024-09-07","isFullCredit":false},{"lineNumber":6,"author":{"gitId":"jemehgoh"},"content":"todo buy bread","lastModifiedDate":"2024-09-01","isFullCredit":false},{"lineNumber":7,"author":{"gitId":"jemehgoh"},"content":"list","lastModifiedDate":"2024-09-01","isFullCredit":false},{"lineNumber":8,"author":{"gitId":"jemehgoh"},"content":"mark 1","lastModifiedDate":"2024-09-07","isFullCredit":false},{"lineNumber":9,"author":{"gitId":"jemehgoh"},"content":"list","lastModifiedDate":"2024-09-01","isFullCredit":false},{"lineNumber":10,"author":{"gitId":"jemehgoh"},"content":"deadline submit assignment","lastModifiedDate":"2024-09-09","isFullCredit":false},{"lineNumber":11,"author":{"gitId":"jemehgoh"},"content":"deadline submit assignment /by 3/9/2024 2359","lastModifiedDate":"2024-09-01","isFullCredit":false},{"lineNumber":12,"author":{"gitId":"jemehgoh"},"content":"list","lastModifiedDate":"2024-09-01","isFullCredit":false},{"lineNumber":13,"author":{"gitId":"jemehgoh"},"content":"unmark 1","lastModifiedDate":"2024-09-07","isFullCredit":false},{"lineNumber":14,"author":{"gitId":"jemehgoh"},"content":"mark 2","lastModifiedDate":"2024-09-07","isFullCredit":false},{"lineNumber":15,"author":{"gitId":"jemehgoh"},"content":"list","lastModifiedDate":"2024-09-01","isFullCredit":false},{"lineNumber":16,"author":{"gitId":"jemehgoh"},"content":"event CS2113 tP project meeting /from 2/9/2024 2000 /to 2/9/2024 2100","lastModifiedDate":"2024-09-01","isFullCredit":false},{"lineNumber":17,"author":{"gitId":"jemehgoh"},"content":"list","lastModifiedDate":"2024-09-01","isFullCredit":false},{"lineNumber":18,"author":{"gitId":"jemehgoh"},"content":"unmark 2","lastModifiedDate":"2024-09-07","isFullCredit":false},{"lineNumber":19,"author":{"gitId":"jemehgoh"},"content":"mark 3","lastModifiedDate":"2024-09-07","isFullCredit":false},{"lineNumber":20,"author":{"gitId":"jemehgoh"},"content":"list","lastModifiedDate":"2024-09-01","isFullCredit":false},{"lineNumber":21,"author":{"gitId":"jemehgoh"},"content":"remove 1","lastModifiedDate":"2024-09-14","isFullCredit":false},{"lineNumber":22,"author":{"gitId":"jemehgoh"},"content":"list","lastModifiedDate":"2024-09-14","isFullCredit":false},{"lineNumber":23,"author":{"gitId":"jemehgoh"},"content":"bye","lastModifiedDate":"2024-09-01","isFullCredit":false}],"authorContributionMap":{"jemehgoh":23}},{"path":"text-ui-test/runtest.bat","fileType":"bat","lines":[{"lineNumber":1,"author":{"gitId":"-"},"content":"@ECHO OFF","lastModifiedDate":"2020-05-25","isFullCredit":false},{"lineNumber":2,"author":{"gitId":"-"},"content":"","lastModifiedDate":"2020-05-25","isFullCredit":false},{"lineNumber":3,"author":{"gitId":"-"},"content":"REM create bin directory if it doesn\u0027t exist","lastModifiedDate":"2020-05-25","isFullCredit":false},{"lineNumber":4,"author":{"gitId":"-"},"content":"if not exist ..\\bin mkdir ..\\bin","lastModifiedDate":"2020-05-25","isFullCredit":false},{"lineNumber":5,"author":{"gitId":"-"},"content":"","lastModifiedDate":"2020-05-25","isFullCredit":false},{"lineNumber":6,"author":{"gitId":"-"},"content":"REM delete output from previous run","lastModifiedDate":"2020-05-25","isFullCredit":false},{"lineNumber":7,"author":{"gitId":"-"},"content":"if exist ACTUAL.TXT del ACTUAL.TXT","lastModifiedDate":"2020-08-25","isFullCredit":false},{"lineNumber":8,"author":{"gitId":"-"},"content":"","lastModifiedDate":"2020-05-25","isFullCredit":false},{"lineNumber":9,"author":{"gitId":"-"},"content":"REM compile the code into the bin folder","lastModifiedDate":"2020-05-25","isFullCredit":false},{"lineNumber":10,"author":{"gitId":"jemehgoh"},"content":"javac  -cp ..\\src\\main\\java\\nell -Xlint:none -d ..\\bin ..\\src\\main\\java\\nell\\*.java ..\\src\\main\\java\\nell\\tasks\\*.java","lastModifiedDate":"2024-09-14","isFullCredit":false},{"lineNumber":11,"author":{"gitId":"-"},"content":"IF ERRORLEVEL 1 (","lastModifiedDate":"2020-05-25","isFullCredit":false},{"lineNumber":12,"author":{"gitId":"-"},"content":"    echo ********** BUILD FAILURE **********","lastModifiedDate":"2020-05-25","isFullCredit":false},{"lineNumber":13,"author":{"gitId":"-"},"content":"    exit /b 1","lastModifiedDate":"2020-05-25","isFullCredit":false},{"lineNumber":14,"author":{"gitId":"-"},"content":")","lastModifiedDate":"2020-05-25","isFullCredit":false},{"lineNumber":15,"author":{"gitId":"-"},"content":"REM no error here, errorlevel \u003d\u003d 0","lastModifiedDate":"2020-05-25","isFullCredit":false},{"lineNumber":16,"author":{"gitId":"-"},"content":"","lastModifiedDate":"2020-05-25","isFullCredit":false},{"lineNumber":17,"author":{"gitId":"-"},"content":"REM run the program, feed commands from input.txt file and redirect the output to the ACTUAL.TXT","lastModifiedDate":"2020-05-25","isFullCredit":false},{"lineNumber":18,"author":{"gitId":"jemehgoh"},"content":"java -classpath ..\\bin nell.Nell \u003c input.txt \u003e ACTUAL.TXT","lastModifiedDate":"2024-09-14","isFullCredit":false},{"lineNumber":19,"author":{"gitId":"-"},"content":"","lastModifiedDate":"2020-05-25","isFullCredit":false},{"lineNumber":20,"author":{"gitId":"-"},"content":"REM compare the output to the expected output","lastModifiedDate":"2020-05-25","isFullCredit":false},{"lineNumber":21,"author":{"gitId":"-"},"content":"FC ACTUAL.TXT EXPECTED.TXT","lastModifiedDate":"2020-05-25","isFullCredit":false}],"authorContributionMap":{"jemehgoh":2,"-":19}}]
