{"authorDailyContributionsMap":{"jemehgoh":[{"date":"2024-08-18","commitResults":[{"hash":"9ec4955c2cd9d310b1919d2ffe6e936bb4ab989e","isMergeCommit":false,"messageTitle":"Change chatbot name","messageBody":"","fileTypesAndContributionMap":{"java":{"insertions":6,"deletions":10}}},{"hash":"cf57534d8b7f7793a44e6d33b02a31cd0f72986d","isMergeCommit":false,"messageTitle":"Implement greet and exit","messageBody":"","tags":["Level-0"],"fileTypesAndContributionMap":{"java":{"insertions":19,"deletions":0}}}]},{"date":"2024-08-25","commitResults":[{"hash":"552e2602d4c6d9c55a8e0caeaffcaa8c01dc6887","isMergeCommit":false,"messageTitle":"Add command echo and bye command","messageBody":"","fileTypesAndContributionMap":{"java":{"insertions":27,"deletions":3}}},{"hash":"570710e27b273e2bfce99cfa67f65bb2dcd64038","isMergeCommit":false,"messageTitle":"Change display format to arrow","messageBody":"","tags":["Level-1"],"fileTypesAndContributionMap":{"java":{"insertions":2,"deletions":20}}},{"hash":"b8b78cd6cd129a313c9bccef02eab4715e4bc5cb","isMergeCommit":false,"messageTitle":"Add ability to store text entered by user","messageBody":"","fileTypesAndContributionMap":{"java":{"insertions":7,"deletions":2}}},{"hash":"63bc5b49c11f1cd9d5df817dcfcedf20e6ac8dec","isMergeCommit":false,"messageTitle":"Add ability to display stored tasks","messageBody":"","tags":["Level-2"],"fileTypesAndContributionMap":{"java":{"insertions":7,"deletions":0}}},{"hash":"54321cc07d25e3c54199cc2e84a78a771b6cec67","isMergeCommit":false,"messageTitle":"Add ability to mark and unmark tasks as done","messageBody":"","tags":["Level-3","A-Classes"],"fileTypesAndContributionMap":{"java":{"insertions":81,"deletions":6}}},{"hash":"bd641478b43a363dfdc62911dc35722db40b00ab","isMergeCommit":false,"messageTitle":"Tweak code to follow Java coding standard","messageBody":"","tags":["A-CodingStandard"],"fileTypesAndContributionMap":{"java":{"insertions":6,"deletions":1}}}]},{"date":"2024-09-01","commitResults":[{"hash":"21a21b278b2f2cb05e98b49c5d2c9160ba493e90","isMergeCommit":false,"messageTitle":"Add toString() method to Task class","messageBody":"Add the toString() method, and modify the \"list\", \"mark\", and \"unmark\" commands in the Nell class to use it\n","fileTypesAndContributionMap":{"java":{"insertions":17,"deletions":4}}},{"hash":"6dddb2363861c3525e8e1d7524400f76ee1b9aed","isMergeCommit":false,"messageTitle":"Add ToDo class and command to add ToDo task","messageBody":"","fileTypesAndContributionMap":{"java":{"insertions":50,"deletions":11}}},{"hash":"d93dcb863d5e6454b3a176748dd46b0e3dc7b034","isMergeCommit":false,"messageTitle":"Add Deadline class and deadline command to Nell","messageBody":"","fileTypesAndContributionMap":{"java":{"insertions":42,"deletions":1}}},{"hash":"b08f88ad57929493c81b71626c6b7912de4833a3","isMergeCommit":false,"messageTitle":"Add Event class and event command to Nell","messageBody":"","tags":["Level-4","A-Inheritance"],"fileTypesAndContributionMap":{"java":{"insertions":45,"deletions":2}}},{"hash":"9fa706c6c09dc84f7f6c6680971e59b304753d4f","isMergeCommit":false,"messageTitle":"Add UI tests for up to Level-3 increment","messageBody":"","fileTypesAndContributionMap":{"txt":{"insertions":7,"deletions":0},"java":{"insertions":2,"deletions":2},"bat":{"insertions":1,"deletions":1}}},{"hash":"f9a8a67cf403118b11d9bc65eaee3c63708fa02d","isMergeCommit":false,"messageTitle":"Add UI tests for ToDo class and todo command","messageBody":"","fileTypesAndContributionMap":{"txt":{"insertions":4,"deletions":0}}},{"hash":"6cfa0ca430443b76a4aed21509111345c9d0f636","isMergeCommit":false,"messageTitle":"Add UI tests for Event and Deadline tasks and commands","messageBody":"","tags":["A-TextUiTesting"],"fileTypesAndContributionMap":{"txt":{"insertions":10,"deletions":0}}},{"hash":"23bfa20db00950231e4b194ceb449dc257af672d","isMergeCommit":false,"messageTitle":"Extract command methods from main","messageBody":"The code for the execution of each user command is within a single\nswitch statement in main().\n\nThis makes it difficult to read and trace through the code.\n\nLet\u0027s extract the code handling the command executions into separate\nmethods. This improves the code quality, and also ensures that there is\na single level of abstraction in main() and for the command handling\ncode.\n","fileTypesAndContributionMap":{"java":{"insertions":95,"deletions":51}}},{"hash":"9565349c1b72608ec4c7c4c0093e2ccec381de72","isMergeCommit":false,"messageTitle":"Extract greet and command receiving methods from main","messageBody":"The code for greeting the user and receiving user input is written in\none block in main(). This makes the code difficult to read and debug.\n\nLet\u0027s:\n* extract the code for greeting the user to a greetUser() method\n* extract the code for receiving user input into a getCommands() method\n\nThis allows for code within main and each of the new methods to be at a\nsingle level of abstraction, increasing code quality and readability.\n","fileTypesAndContributionMap":{"java":{"insertions":19,"deletions":5}}}]},{"date":"2024-09-02","commitResults":[{"hash":"07ae73b9029bfe37fe4b47f4944f59f379187603","isMergeCommit":false,"messageTitle":"Refactor code for checking command validity","messageBody":"The code to check if a selected task is valid is present as separate\ncode blocks in two different methods. This results in unnecessary code\nduplication.\n\nLet\u0027s refactor the code to a new method, that checks if the input task\nis valid. This makes the code easier to read and makes tracing through\nit easier.\n","tags":["A-CodeQuality"],"fileTypesAndContributionMap":{"java":{"insertions":24,"deletions":12}}}]},{"date":"2024-09-03","commitResults":[{"hash":"65423f2008be864d08f13d2515cfae9b061d0c3a","isMergeCommit":false,"messageTitle":"Change method access modifiers in Nell (except main()) to private","messageBody":"","fileTypesAndContributionMap":{"java":{"insertions":8,"deletions":8}}},{"hash":"c301204554fa606c55235a912fc706f036fcf375","isMergeCommit":false,"messageTitle":"Refactor task adding functions into one method","messageBody":"The addition of tasks to the task list is done by multiple methods, one\neach for the Task class or its children. This results in code\nduplication, and also terms like \"task[taskCount - 1]\" which are\ndifficult to understand.\n\nLet\u0027s consolidate the adding of tasks to the task list into a single\nmethod. This reduces code duplication and makes the code easier to\ndebug.\n","fileTypesAndContributionMap":{"java":{"insertions":15,"deletions":38}}}]},{"date":"2024-09-06","commitResults":[{"hash":"18180c18b50ef41dd0c748d56dadd4b1d00705ca","isMergeCommit":false,"messageTitle":"Remove unnecessary comments","messageBody":"","fileTypesAndContributionMap":{"java":{"insertions":1,"deletions":5}}},{"hash":"a046e42f3eadc253dcaa804996325ed65ce48e04","isMergeCommit":false,"messageTitle":"Rename command execution methods","messageBody":"The methods for executing the user commands have names beginning with\n\"executeCommand\". This makes the method names difficult to read,\nand potentially misleading (as one could think that the methods only\nexecuted the commands)\n\nLet\u0027s rename these methods with names that reflect what is actually\ndone when executing these commands. This way, the method names would be\nself-explanatory and more readable.\n","fileTypesAndContributionMap":{"java":{"insertions":20,"deletions":22}}},{"hash":"4d538f77a67fa3d7c8b9ccc35f6da6786bb5e952","isMergeCommit":false,"messageTitle":"Rename user command method parameters","messageBody":"The methods for the user commands share the same parameter\n\"commandBody\". This is vague and does not indicate what the parameter\ndoes in the method.\n\nLet\u0027s give the parameters different names, that align with what the\nparameter is used for in the methods. This makes for more readable\ncode, and for the parameter\u0027s use to be self-explantory.\n","fileTypesAndContributionMap":{"java":{"insertions":23,"deletions":23}}},{"hash":"6ef58d59a804b1bb8e751e341bee3514c0ed561d","isMergeCommit":false,"messageTitle":"Rename executeCommandBye() to sayBye()","messageBody":"","fileTypesAndContributionMap":{"java":{"insertions":3,"deletions":3}}}]},{"date":"2024-09-07","commitResults":[{"hash":"a7a56b0cde4bdd7d275d83f395960154a07c3ee4","isMergeCommit":false,"messageTitle":"Add number format error handling to mark and unmark methods","messageBody":"","fileTypesAndContributionMap":{"java":{"insertions":28,"deletions":14}}},{"hash":"831e26c40ebb0302778bad00e182b2212d719eeb","isMergeCommit":false,"messageTitle":"Add invalid command and incorrect format error handling","messageBody":"","fileTypesAndContributionMap":{"java":{"insertions":54,"deletions":28}}},{"hash":"8a9a074a8e822a54605228d471a091e2dcec499a","isMergeCommit":false,"messageTitle":"Replace checkIfTaskValid() method with exception","messageBody":"","fileTypesAndContributionMap":{"java":{"insertions":12,"deletions":35}}},{"hash":"18c0bcd0d2995e8e77d96fa2b04f856f34d7b9bd","isMergeCommit":false,"messageTitle":"Add additional error handling for improperly entered commands","messageBody":"","fileTypesAndContributionMap":{"java":{"insertions":30,"deletions":6}}},{"hash":"9e8a48119962acc557af37a666cd142a915f0f5a","isMergeCommit":false,"messageTitle":"Add error handling for null inputs","messageBody":"","fileTypesAndContributionMap":{"java":{"insertions":4,"deletions":0}}},{"hash":"801146dd8844226e79bd0ede70bed0c49b388570","isMergeCommit":false,"messageTitle":"Update test cases to reflect error checking","messageBody":"","fileTypesAndContributionMap":{"txt":{"insertions":6,"deletions":7}}},{"hash":"2faa9271deae922607effc58ed195326d2596442","isMergeCommit":false,"messageTitle":"Add type member to Task class","messageBody":"","fileTypesAndContributionMap":{"java":{"insertions":5,"deletions":0}}},{"hash":"f4a378ecce9bceba73d726a96f8d9d2055cdac40","isMergeCommit":true,"messageTitle":"Merge branch \u0027branch-Level-5\u0027","messageBody":"","tags":["Level-5","A-Exceptions"],"fileTypesAndContributionMap":{}}]},{"date":"2024-09-09","commitResults":[{"hash":"53d6e3f1687aafd34498cf38653e15a7e5892f9c","isMergeCommit":false,"messageTitle":"Move classes under \"nell\" package","messageBody":"","fileTypesAndContributionMap":{"java":{"insertions":10,"deletions":0}}},{"hash":"36fbbc88a27745f89eb494af0cdbd95936dd2bbf","isMergeCommit":false,"messageTitle":"Move Task class and its child classes into \"nell.task\" package","messageBody":"","fileTypesAndContributionMap":{"java":{"insertions":12,"deletions":7}}},{"hash":"836a650544b537479956c73b47839c1329c61bc8","isMergeCommit":false,"messageTitle":"Add test case for invalid deadline command","messageBody":"","fileTypesAndContributionMap":{"txt":{"insertions":1,"deletions":0}}},{"hash":"cfd571903bb8d21b3db8e8ca1cd2b987a6588876","isMergeCommit":true,"messageTitle":"Merge branch \u0027branch-A-Packages\u0027","messageBody":"","tags":["A-Packages"],"fileTypesAndContributionMap":{}}]},{"date":"2024-09-13","commitResults":[{"hash":"5821da51f0374bbe6b0a698c41a27df03d4350d0","isMergeCommit":false,"messageTitle":"Create new TaskList class","messageBody":"","fileTypesAndContributionMap":{"java":{"insertions":27,"deletions":0}}},{"hash":"fd07d4e53f7c89c78668fc832dafa169ec6d8148","isMergeCommit":false,"messageTitle":"Refactor task list in Nell to use TaskList class","messageBody":"","fileTypesAndContributionMap":{"java":{"insertions":12,"deletions":13}}},{"hash":"4da63882972c30992400b075eea8aa2a20cb0300","isMergeCommit":false,"messageTitle":"Replace ListAddTask() method in Nell with addTask() method in TaskList","messageBody":"The addition of tasks to the task list is done using the ListAddTask()\nmethod, which then calls the addTask() method. This leads to\nunnecessary code duplication.\n\nLet\u0027s replace the calls to ListAddTask() in Nell with calls to\naddTask(), and remove the ListAddTask() method entirely. This makes for\nreduced code duplication and more readable code.\n","fileTypesAndContributionMap":{"java":{"insertions":3,"deletions":12}}},{"hash":"e46af9473ce3a63303460c061478bcc3207cd1e7","isMergeCommit":false,"messageTitle":"Move message printing from Nell to addTask() method in TaskList","messageBody":"The methods to add various task types in Nell print out the same\nmessages, and only differ in the types of task they add. This results\nin unnecessary code duplication\n\nLet\u0027s move the message printing code from these methods to the addTask()\nmethod in TaskList. This allows for reduced code duplication and more\nreadable code.\n","fileTypesAndContributionMap":{"java":{"insertions":3,"deletions":9}}},{"hash":"0acb5fb6b6b4dab60db38daa414cee1e12c5d188","isMergeCommit":false,"messageTitle":"Fix runtest.bat to work with new packages","messageBody":"","fileTypesAndContributionMap":{"bat":{"insertions":2,"deletions":1}}},{"hash":"91261a26ebdb943312d7d3ad25d84d30dae03257","isMergeCommit":false,"messageTitle":"Refactor toString() methods in Task class and child classes","messageBody":"","fileTypesAndContributionMap":{"java":{"insertions":6,"deletions":7}}},{"hash":"6153c94fae0a4960ae6ecdf8adb105ba046e7da2","isMergeCommit":true,"messageTitle":"Merge branch \u0027branch-TaskList\u0027","messageBody":"","fileTypesAndContributionMap":{}},{"hash":"9a8598294b55664fd8580137586a1e621fb5b07c","isMergeCommit":false,"messageTitle":"Replace tasks array in TaskList with ArrayList","messageBody":"","fileTypesAndContributionMap":{"java":{"insertions":9,"deletions":11}}},{"hash":"8e84c4919af056c2d05463ed7a09b091cf9179e0","isMergeCommit":false,"messageTitle":"Refactor task type initialisation to parent class","messageBody":"","fileTypesAndContributionMap":{"java":{"insertions":6,"deletions":8}}},{"hash":"ef4989a7a4e6524b6ec99e50caadc5d03f2a428b","isMergeCommit":false,"messageTitle":"Add removeTask() method to taskList","messageBody":"","fileTypesAndContributionMap":{"java":{"insertions":6,"deletions":0}}}]},{"date":"2024-09-14","commitResults":[{"hash":"f88e7c07c4fc9b251b5b23c1038a6b3806e2c6d4","isMergeCommit":false,"messageTitle":"Remove redundant NullPointerException handling code","messageBody":"","fileTypesAndContributionMap":{"java":{"insertions":0,"deletions":4}}},{"hash":"5140ffbe52ed60830b348a6a98c55270289fca07","isMergeCommit":false,"messageTitle":"Amend removeTask method in TaskList to print messages on task removal","messageBody":"","fileTypesAndContributionMap":{"java":{"insertions":4,"deletions":2}}},{"hash":"f9f987b989a8dbcfbdf499ed33a3ef017b2dce3e","isMergeCommit":false,"messageTitle":"Add removeTask method in Nell","messageBody":"","fileTypesAndContributionMap":{"java":{"insertions":20,"deletions":0}}},{"hash":"9bdf3681cd3f593473b00d7dcb55a0a2ad15914d","isMergeCommit":false,"messageTitle":"Add code to handle user command to remove tasks","messageBody":"","fileTypesAndContributionMap":{"java":{"insertions":8,"deletions":0}}},{"hash":"bd4e5d9f0d958aaa1dc4a572fbc81616819ff428","isMergeCommit":false,"messageTitle":"Amend test cases to account for remove command","messageBody":"","fileTypesAndContributionMap":{"txt":{"insertions":2,"deletions":0},"java":{"insertions":2,"deletions":1},"bat":{"insertions":2,"deletions":3}}},{"hash":"8497c32ba9f4f28028080b65a8ee20487b13e007","isMergeCommit":false,"messageTitle":"Add writeListToFile method to TaskList","messageBody":"","fileTypesAndContributionMap":{"java":{"insertions":12,"deletions":0}}},{"hash":"4fa2ab56ae2732375157b1850ca2217b9f2bef87","isMergeCommit":false,"messageTitle":"Add ability to save task list upon chatbot shutdown","messageBody":"","fileTypesAndContributionMap":{"txt":{"insertions":0,"deletions":0},"java":{"insertions":26,"deletions":12}}},{"hash":"04e223bd7c383abfe7ffcd6184320c411bc06fc7","isMergeCommit":false,"messageTitle":"Amend data format in data.txt","messageBody":"The tasks in data.txt are stored with some attributes in square\nbrackets, and others in parentheses, for readability. This makes\ndata.txt difficult to parse during initialisation.\n\nLet\u0027s store the attributes in lines, separated by pipes.\n\nThis makes data.txt easier to parse, allowing it to be read into the\nprogram upon startup.\n","fileTypesAndContributionMap":{"java":{"insertions":21,"deletions":3}}},{"hash":"c7bba3fbd8a25972a54e5ab995b4cc16ceed2c67","isMergeCommit":false,"messageTitle":"Add loadTask method to TaskList","messageBody":"","fileTypesAndContributionMap":{"java":{"insertions":4,"deletions":1}}},{"hash":"7dbd6434ffc1b5a93b03fb75859928db4e094944","isMergeCommit":false,"messageTitle":"Add overloaded constructor with isDone parameter with overrides","messageBody":"","fileTypesAndContributionMap":{"java":{"insertions":30,"deletions":0}}},{"hash":"82ef2c22cd568019dfaef423be1d2bc312454a77","isMergeCommit":false,"messageTitle":"Add functionality to load saved files upon startup","messageBody":"","fileTypesAndContributionMap":{"java":{"insertions":57,"deletions":2}}},{"hash":"27ed8a3424a64f473726c285fca1dd56eddb4304","isMergeCommit":false,"messageTitle":"Remove message print for main path in saveToFile method in Nell","messageBody":"","fileTypesAndContributionMap":{"java":{"insertions":0,"deletions":1}}},{"hash":"9d0233f5bb2ccc752b725b7c48ca1ee7a3d711dc","isMergeCommit":false,"messageTitle":"Remove unused getDescription method in Task","messageBody":"","fileTypesAndContributionMap":{"java":{"insertions":0,"deletions":9}}},{"hash":"389e727b564f8d41c8b4ee47e0c8b79d595b4dfa","isMergeCommit":true,"messageTitle":"Merge branch \u0027branch-Level-6\u0027","messageBody":"","tags":["Level-6","A-Collections"],"fileTypesAndContributionMap":{}},{"hash":"5aa5b0950162713bff32eef75e4ebe7f282c24e8","isMergeCommit":true,"messageTitle":"Merge branch \u0027branch-Level-7\u0027","messageBody":"","tags":["Level-7","A-Jar"],"fileTypesAndContributionMap":{}}]},{"date":"2024-09-16","commitResults":[{"hash":"ada3aa26188b2e598dc085f618747e600f5d8f2e","isMergeCommit":false,"messageTitle":"Update loadFromFile method to handle case where data/data.txt is absent","messageBody":"","fileTypesAndContributionMap":{"java":{"insertions":8,"deletions":1}}},{"hash":"f46999ed47bc69a58fa4eb888573dab70e6b2c73","isMergeCommit":false,"messageTitle":"Change getFileLine methods to prevent index out of bound","messageBody":"","tags":["Level-7-bugfix"],"fileTypesAndContributionMap":{"java":{"insertions":2,"deletions":2}}}]},{"date":"2024-09-19","commitResults":[{"hash":"40fe51fe0c297b16a6b09ce3d96b8be41dad8237","isMergeCommit":false,"messageTitle":"Simplify assignment statement for TaskIsDone variable in Nell","messageBody":"","fileTypesAndContributionMap":{"java":{"insertions":1,"deletions":5}}},{"hash":"a1bbd8544bfc2a273ee2e3fa117bc49181bf2318","isMergeCommit":false,"messageTitle":"Simplify method body for getStatusIcon with ternary operator","messageBody":"","fileTypesAndContributionMap":{"java":{"insertions":1,"deletions":5}}},{"hash":"1f267a1b81a100af1a0326b97d8dadf19e0c3f35","isMergeCommit":false,"messageTitle":"Change save to file to be executed after each command","messageBody":"","fileTypesAndContributionMap":{"java":{"insertions":1,"deletions":1}}},{"hash":"9c7486a4d8b1e79b0fb4d821dfebe1df5b53fa36","isMergeCommit":false,"messageTitle":"Remove redundant import statement","messageBody":"","fileTypesAndContributionMap":{"java":{"insertions":0,"deletions":1}}},{"hash":"0e7d8c99f56b9cee3259b9250793785e809eda34","isMergeCommit":true,"messageTitle":"Merge branch \u0027branch-pr-review-fix\u0027","messageBody":"","fileTypesAndContributionMap":{}}]},{"date":"2024-09-20","commitResults":[{"hash":"a6dad77ab8b7b13ca6138ff6bf09168268eb7226","isMergeCommit":false,"messageTitle":"Move PrintTaskAtIndex method functionality to TaskList class","messageBody":"","fileTypesAndContributionMap":{"java":{"insertions":12,"deletions":15}}},{"hash":"12a6de3d185b8098182d6003bbaa5b138b16a03e","isMergeCommit":false,"messageTitle":"Create Storage class to handle file loading and saving","messageBody":"","fileTypesAndContributionMap":{"java":{"insertions":36,"deletions":0}}},{"hash":"4747659799ceb17abf4388efc1909c77460604d7","isMergeCommit":false,"messageTitle":"Fix javadoc for Storage class constructor","messageBody":"","fileTypesAndContributionMap":{"java":{"insertions":0,"deletions":1}}},{"hash":"a6406dec55b3fa094c95974d9e764d4883898308","isMergeCommit":false,"messageTitle":"Move code to load and save task data to Storage class","messageBody":"The methods for loading task data from and saving to a data file are\nlocated in the Nell class. This makes the code in Nell difficult to\nread.\n\nLet\u0027s create a new Storage class to handle these tasks. This makes the\ncode in Nell more readable and easier to debug.\n","fileTypesAndContributionMap":{"java":{"insertions":72,"deletions":71}}},{"hash":"714dc38a82987d3cf89867cf19df6b755db5b78f","isMergeCommit":false,"messageTitle":"Update runtest.bat to account for new nell.storage package","messageBody":"","fileTypesAndContributionMap":{"bat":{"insertions":2,"deletions":1}}},{"hash":"c11c9a81a66a8d9c362aa433e09883c557190b80","isMergeCommit":false,"messageTitle":"Remove unused import statements in Nell","messageBody":"","fileTypesAndContributionMap":{"java":{"insertions":0,"deletions":2}}},{"hash":"c74dbf88ba58646820116682d6fac6fa203359e1","isMergeCommit":false,"messageTitle":"Add javadoc for Storage class","messageBody":"","fileTypesAndContributionMap":{"java":{"insertions":5,"deletions":0}}},{"hash":"b708671d24f4ed450a6cc797752c19ba6ed87209","isMergeCommit":false,"messageTitle":"Move message constants in Nell to Messages container class","messageBody":"","fileTypesAndContributionMap":{"java":{"insertions":47,"deletions":40}}},{"hash":"2caa40c047ec605ac5b449abe99139ac959819b1","isMergeCommit":false,"messageTitle":"Convert magic literals in Nell to constants in Messages","messageBody":"","fileTypesAndContributionMap":{"java":{"insertions":26,"deletions":19}}},{"hash":"94ecdbb37ced0ef430a0fa097cd29989fffdaf04","isMergeCommit":false,"messageTitle":"Convert message literals in Storage to constants in Messages","messageBody":"","fileTypesAndContributionMap":{"java":{"insertions":7,"deletions":3}}},{"hash":"a80d8466151e9547d71661e99c9f8ac45995bdb1","isMergeCommit":false,"messageTitle":"Convert message literals in TaskList to constants in Messages","messageBody":"","fileTypesAndContributionMap":{"java":{"insertions":8,"deletions":4}}},{"hash":"3b5306049866b285969845b99ef03bd079f3632b","isMergeCommit":false,"messageTitle":"Update runtest.bat to work with new common package","messageBody":"","fileTypesAndContributionMap":{"bat":{"insertions":2,"deletions":2}}}]},{"date":"2024-09-21","commitResults":[{"hash":"f7e873f997b478dd4e390e73f4b45e14a3facce6","isMergeCommit":false,"messageTitle":"Add containsKeyword method to Task class","messageBody":"","fileTypesAndContributionMap":{"java":{"insertions":11,"deletions":0}}},{"hash":"d5bd7988ef19cdf025a6abc1e99691a9d535a4fb","isMergeCommit":false,"messageTitle":"Add getMatchingTaskList method to TaskList","messageBody":"","fileTypesAndContributionMap":{"java":{"insertions":19,"deletions":0}}},{"hash":"068216b6ce14754a325b67703002b1b35e597721","isMergeCommit":false,"messageTitle":"Add findMatchingTasks method to Nell","messageBody":"","fileTypesAndContributionMap":{"java":{"insertions":8,"deletions":0}}},{"hash":"31e86e4fde0fc05328382ecdd751d22782541c96","isMergeCommit":false,"messageTitle":"Add command for user to find tasks using keywords and error message","messageBody":"","fileTypesAndContributionMap":{"java":{"insertions":12,"deletions":0}}},{"hash":"e19133cc7337c3c20ea77c9962ae81334e215452","isMergeCommit":false,"messageTitle":"Update handleIncorrectInput method to include find command","messageBody":"","fileTypesAndContributionMap":{"java":{"insertions":1,"deletions":0}}},{"hash":"3cb387e1e73af416861677ccfffbf0adcf4489a5","isMergeCommit":false,"messageTitle":"Create new Parser class to handle parsing of commands","messageBody":"","fileTypesAndContributionMap":{"java":{"insertions":19,"deletions":0}}},{"hash":"6b93df9e8ce19ddbc6dd7b8dbd2d0457461890ba","isMergeCommit":false,"messageTitle":"Move command parsing and execution to Parser class","messageBody":"The parsing and execution of commands in the Nell program is done by\nseveral methods in Nell. This makes the code in Nell difficult to\nread.\n\nLet\u0027s move the code for command parsing and execution to another class,\nParser. This makes the code more readable and easier to debug.\n","fileTypesAndContributionMap":{"java":{"insertions":187,"deletions":171}}},{"hash":"49e2d896debdea031c60d62b65c936dafe842383","isMergeCommit":false,"messageTitle":"Update runtest.bat to work with new parser package","messageBody":"","fileTypesAndContributionMap":{"bat":{"insertions":1,"deletions":1}}},{"hash":"7efa164068e13b94f8da3d59b15997cb9c0ce311","isMergeCommit":false,"messageTitle":"Split parseCommand method into multiple methods","messageBody":"The parsing of commands in Parser is done in a single, long\nparseCommand method. This makes for a long method that is difficult to\nread.\n\nLet\u0027s split the parseCommand method into two methods, one for\nsingle-word commands and one for multi-word commands. This makes the\ncode in the resulting methods and Parser more readable.\n","fileTypesAndContributionMap":{"java":{"insertions":37,"deletions":1}}},{"hash":"3b0a4f81f01eb81ec57b7783c868f5aec1291b73","isMergeCommit":false,"messageTitle":"Create new Ui class to handle user interaction in Nell","messageBody":"","fileTypesAndContributionMap":{"java":{"insertions":19,"deletions":0}}},{"hash":"9e91ddd9dc4b6cbafdc8b091b407cfece24311fd","isMergeCommit":false,"messageTitle":"Add dataStorage member to Ui class to handle saving of data","messageBody":"","fileTypesAndContributionMap":{"java":{"insertions":7,"deletions":1}}},{"hash":"c59a62f5e3fedeed18e8d61caca127728934e88c","isMergeCommit":false,"messageTitle":"Move handling of user interactions to Ui class","messageBody":"","fileTypesAndContributionMap":{"java":{"insertions":42,"deletions":39}}},{"hash":"9946bcfa521af8187c1de4236813eae99860e4af","isMergeCommit":false,"messageTitle":"Create abstract parent Command class","messageBody":"","fileTypesAndContributionMap":{"java":{"insertions":35,"deletions":0}}},{"hash":"bdfb1825bdb1520d1714333a80e4fcd83a58bfeb","isMergeCommit":false,"messageTitle":"Create new ListCommand class","messageBody":"","fileTypesAndContributionMap":{"java":{"insertions":30,"deletions":0}}},{"hash":"5b1a174bdde25a206a1182da81afb673809be7c1","isMergeCommit":false,"messageTitle":"Create new ToDoCommand class","messageBody":"","fileTypesAndContributionMap":{"java":{"insertions":31,"deletions":0}}},{"hash":"03dba396d31d146df6717591a378e8ee6b695a73","isMergeCommit":false,"messageTitle":"Add new DeadlineCommand class","messageBody":"","fileTypesAndContributionMap":{"java":{"insertions":28,"deletions":0}}},{"hash":"81632e28f7f325d6ee196c3e13145a72776adb89","isMergeCommit":false,"messageTitle":"Add javadoc comments and made members in Deadline final","messageBody":"","fileTypesAndContributionMap":{"java":{"insertions":16,"deletions":3}}},{"hash":"4adf5a097e73628f90782121db642945e951ed9b","isMergeCommit":false,"messageTitle":"Create new EventCommand class","messageBody":"","fileTypesAndContributionMap":{"java":{"insertions":43,"deletions":0}}},{"hash":"fc9e0b387a7af7796f8b9e522793dceca8c497b6","isMergeCommit":false,"messageTitle":"Create new MarkCommand class","messageBody":"","fileTypesAndContributionMap":{"java":{"insertions":33,"deletions":0}}},{"hash":"da7dcb43f38af4c8afb29d582c73b9a613f29c5f","isMergeCommit":false,"messageTitle":"Create new UnmarkCommand class","messageBody":"","fileTypesAndContributionMap":{"java":{"insertions":33,"deletions":0}}},{"hash":"72d3f61ac9b182689dd5a31819f188d8e3c22b4e","isMergeCommit":false,"messageTitle":"Update javadoc for execute method in UnmarkCommand class","messageBody":"","fileTypesAndContributionMap":{"java":{"insertions":1,"deletions":1}}},{"hash":"196a541dbeb9233790f9bbe0425e040d087e8f36","isMergeCommit":false,"messageTitle":"Create new RemoveCommand class","messageBody":"","fileTypesAndContributionMap":{"java":{"insertions":32,"deletions":0}}},{"hash":"eab44cbf4620d7b7366f2c5ce14a47dad3bc08e3","isMergeCommit":false,"messageTitle":"Create new IncorrectCommand class","messageBody":"","fileTypesAndContributionMap":{"java":{"insertions":25,"deletions":0}}},{"hash":"3204345029608c9f92ea614502831d2fd78e7b55","isMergeCommit":false,"messageTitle":"Refactor command execution to use methods in Command child classes","messageBody":"The code for command execution comprises multiple methods in Parser.\nThis makes the code in Parser difficult to read, and it does not make\nsense for command execution code to be within a Parser class.\n\nLet\u0027s move the command execution code to separate Command classes, one\nfor each command. This makes the code more organised and easier to\nread.\n","fileTypesAndContributionMap":{"java":{"insertions":42,"deletions":31}}},{"hash":"ec56aae19600f05871dbf06b5643ee60d8aaf242","isMergeCommit":false,"messageTitle":"Replace wildcard import statement with single class imports","messageBody":"","fileTypesAndContributionMap":{"java":{"insertions":9,"deletions":1}}},{"hash":"bc13363a403a1730359aa7eff5da3ff38f7d656b","isMergeCommit":false,"messageTitle":"Remove unused command execution methods in Parser","messageBody":"","fileTypesAndContributionMap":{"java":{"insertions":0,"deletions":111}}},{"hash":"6bafa318885704bc94c6aa03d1d68cd4cf4fb661","isMergeCommit":false,"messageTitle":"Remove unused import statements in Nell","messageBody":"","fileTypesAndContributionMap":{"java":{"insertions":0,"deletions":6}}},{"hash":"f4afaa462bb0e04155104c1c14e822712eac9f1d","isMergeCommit":false,"messageTitle":"Remove unused import statements in Parser","messageBody":"","fileTypesAndContributionMap":{"java":{"insertions":0,"deletions":3}}},{"hash":"f8f7129cd00a6e65679e18acb5a96ed8cf136b38","isMergeCommit":false,"messageTitle":"Add additional constructor for IncorrectCommand with message parameter","messageBody":"","fileTypesAndContributionMap":{"java":{"insertions":16,"deletions":2}}},{"hash":"aec2f064ea0191b6708746f606bca51edbfb1949","isMergeCommit":false,"messageTitle":"Update exception handling code in Parser to use IncorrectCommand class","messageBody":"","fileTypesAndContributionMap":{"java":{"insertions":9,"deletions":20}}}]},{"date":"2024-09-22","commitResults":[{"hash":"20be89f2cdbe4bdf39f1aa7507589eab7d341061","isMergeCommit":false,"messageTitle":"Add new parseCommandWithIndex method to Parser","messageBody":"","fileTypesAndContributionMap":{"java":{"insertions":42,"deletions":12}}},{"hash":"ce280d19bc43746669005acbeae47bd304b84cb2","isMergeCommit":false,"messageTitle":"Rewrote javadoc of command parsing methods in Parser","messageBody":"","fileTypesAndContributionMap":{"java":{"insertions":11,"deletions":8}}},{"hash":"1b9e488ebea3e1947d6a561487bd2628b940baff","isMergeCommit":false,"messageTitle":"Fix javadoc of parseCommandWithIndex method in Parser","messageBody":"","fileTypesAndContributionMap":{"java":{"insertions":1,"deletions":0}}},{"hash":"303dc38b245ee555a90d4a73830dbc08308203f8","isMergeCommit":false,"messageTitle":"Replace switch statement in parseSingleWordCommand method with if-else","messageBody":"","fileTypesAndContributionMap":{"java":{"insertions":2,"deletions":4}}},{"hash":"b72b1598c901bb008dca7880930268ceaad42fbe","isMergeCommit":false,"messageTitle":"Extract magic numbers in parseCommand in Parser","messageBody":"","fileTypesAndContributionMap":{"java":{"insertions":5,"deletions":2}}},{"hash":"1ecfcad86d64606fb7db86d8a9ffc6b7f1757073","isMergeCommit":false,"messageTitle":"Make constants in Parser static","messageBody":"","fileTypesAndContributionMap":{"java":{"insertions":2,"deletions":2}}},{"hash":"221482a572f7d05dc076c7c9275bc7b9af58822a","isMergeCommit":false,"messageTitle":"Update runtest.bat to account for ui and command packages","messageBody":"","fileTypesAndContributionMap":{"bat":{"insertions":2,"deletions":1}}},{"hash":"ca3b42f90705f034d7e34635c16345ee168be8f2","isMergeCommit":false,"messageTitle":"Add .trim method calls to DeadlineCommand constructor","messageBody":"","fileTypesAndContributionMap":{"java":{"insertions":2,"deletions":2}}},{"hash":"f03a89ca07159ba6a43bddbe2110a288e8e46577","isMergeCommit":false,"messageTitle":"Add .trim() method to ToDoCommand constructor","messageBody":"","fileTypesAndContributionMap":{"java":{"insertions":1,"deletions":1}}},{"hash":"a3290a184b828bbcd56bd71cda50f45652f981fd","isMergeCommit":false,"messageTitle":"Make unchanged members in Parser and Ui final","messageBody":"","fileTypesAndContributionMap":{"java":{"insertions":3,"deletions":3}}},{"hash":"a9d50d6becf5214c50eb712b2a57736f0de2c415","isMergeCommit":false,"messageTitle":"Make unchanged members in Deadline and Event final","messageBody":"","fileTypesAndContributionMap":{"java":{"insertions":3,"deletions":3}}},{"hash":"65910fb3a6cf64326d58a8c98972ccf2b544c54f","isMergeCommit":true,"messageTitle":"Merge branch \u0027branch-A-MoreOOP\u0027","messageBody":"","tags":["A-MoreOOP"],"fileTypesAndContributionMap":{}},{"hash":"bfae71aa883a132d942d6ebad0c18ef861fe4910","isMergeCommit":false,"messageTitle":"Made \u0027by\u0027 member in Deadline class final","messageBody":"","fileTypesAndContributionMap":{"java":{"insertions":1,"deletions":1}}},{"hash":"c1f7fcefbbb49e39a6530bce8e718887db4c0f21","isMergeCommit":true,"messageTitle":"Merge branch \u0027master\u0027 into branch-Level-8","messageBody":"","fileTypesAndContributionMap":{}},{"hash":"4fef80616ff0ecf9a1457ec5e28f695c16f2806b","isMergeCommit":false,"messageTitle":"Add DateTimeFormatter objects for formatting dates and times for I/O","messageBody":"","fileTypesAndContributionMap":{"java":{"insertions":11,"deletions":0}}},{"hash":"f59fea38355617db4fdefa1f7ff10671b9b1d109","isMergeCommit":false,"messageTitle":"Add date and time handling for by member in Deadline","messageBody":"","fileTypesAndContributionMap":{"java":{"insertions":29,"deletions":9}}},{"hash":"87fc845bc70c457bd4cd8e6d1c67795c07ffd8aa","isMergeCommit":false,"messageTitle":"Update error message for date errors","messageBody":"","fileTypesAndContributionMap":{"java":{"insertions":1,"deletions":1}}},{"hash":"7b9970915a397ec7d00110ade709fc400fb30cbb","isMergeCommit":false,"messageTitle":"Add date and time handling for the Event class","messageBody":"","fileTypesAndContributionMap":{"java":{"insertions":25,"deletions":13}}},{"hash":"5d93f698fdb42826ecffb7a61f48bd14909981ec","isMergeCommit":true,"messageTitle":"Merge branch \u0027master\u0027 into branch-Level-9","messageBody":"","fileTypesAndContributionMap":{}},{"hash":"b066b9dc1e4b430b6eed4eef85247e2985d7e26c","isMergeCommit":false,"messageTitle":"Add javadoc to methods in FindCommand","messageBody":"","fileTypesAndContributionMap":{"java":{"insertions":9,"deletions":0}}},{"hash":"cc4eac5da359b3dde26df9459875bff06d74e859","isMergeCommit":false,"messageTitle":"Replace wildcard import with single class imports","messageBody":"","fileTypesAndContributionMap":{"java":{"insertions":9,"deletions":1}}},{"hash":"2de5e259444025e3aad32d978bed3acee060416f","isMergeCommit":false,"messageTitle":"Add import statement for FindCommand in Parser","messageBody":"","fileTypesAndContributionMap":{"java":{"insertions":2,"deletions":1}}},{"hash":"b374a9a8e7bec54006c46f0e2744ccceb1a103a8","isMergeCommit":false,"messageTitle":"Amend invalid command message to include find command","messageBody":"","fileTypesAndContributionMap":{"java":{"insertions":1,"deletions":0}}}]},{"date":"2024-09-23","commitResults":[{"hash":"cba672b4bc6bacb7ba0ec11a5d44942ce02597cf","isMergeCommit":false,"messageTitle":"Make Task class abstract and create new abstract isOnDate method","messageBody":"","fileTypesAndContributionMap":{"java":{"insertions":5,"deletions":1}}},{"hash":"b8b95f874e6792991fd82acad2ac9122c8f3a61a","isMergeCommit":false,"messageTitle":"Add implementation for isOnDate to ToDo","messageBody":"","fileTypesAndContributionMap":{"java":{"insertions":14,"deletions":0}}},{"hash":"2c2b169936287463c582582c4382862c26a10b62","isMergeCommit":false,"messageTitle":"Implement isOnDate method in Deadline","messageBody":"","fileTypesAndContributionMap":{"java":{"insertions":13,"deletions":0}}},{"hash":"0dd92a398ca7f6f7c8fe75503b2ce539777f1d82","isMergeCommit":false,"messageTitle":"Implement isOnDate method in Event","messageBody":"","fileTypesAndContributionMap":{"java":{"insertions":22,"deletions":0}}},{"hash":"105a2216eab0b3b46cc3d21a2bdad6d24fcebe01","isMergeCommit":false,"messageTitle":"Add getTasksOnDate method to TaskList","messageBody":"","fileTypesAndContributionMap":{"java":{"insertions":20,"deletions":0}}},{"hash":"36a0a674409a3c09a3d88d90570d8ad3e0476f65","isMergeCommit":false,"messageTitle":"Add new SearchCommand class, associated date format and message","messageBody":"","fileTypesAndContributionMap":{"java":{"insertions":38,"deletions":0}}},{"hash":"defe258494edb2e47528dfa510f1abdaa88cefed","isMergeCommit":false,"messageTitle":"Add code to handle search command parsing to Parser","messageBody":"","fileTypesAndContributionMap":{"java":{"insertions":15,"deletions":0}}},{"hash":"baab6527b29f219c0fc42d1d4a16d51e97303ba9","isMergeCommit":false,"messageTitle":"Move exception handling for DateTimeParseException to parseCommand","messageBody":"The exception handling for DateTimeParseException is done separately\nfor each command in parseMultiWordCommand, but executes the same\ncode block. This results in duplicate code.\n\nLet\u0027s move the exception handling to parseCommand, handling all cases\nat once. This reduces code duplication.\n","fileTypesAndContributionMap":{"java":{"insertions":7,"deletions":8}}},{"hash":"5632ac51f951feaeb37a42b3c0360128853767c5","isMergeCommit":false,"messageTitle":"Add javadoc for Task class","messageBody":"","fileTypesAndContributionMap":{"java":{"insertions":3,"deletions":0}}},{"hash":"45b97967d4c4319eb32601ad4a82b9a36ee3f3ac","isMergeCommit":true,"messageTitle":"Merge branch \u0027master\u0027 into branch-A-JavaDoc","messageBody":"","fileTypesAndContributionMap":{}},{"hash":"ca03de2a3af26b6aa91bcd115f080e73d5e68f07","isMergeCommit":true,"messageTitle":"Merge pull request #1 from jemehgoh/branch-Level-8","messageBody":"Level-8","tags":["Level-8"],"fileTypesAndContributionMap":{}},{"hash":"8d9a32596442924b5191bf3e48530d7c39887d72","isMergeCommit":true,"messageTitle":"Merge branch \u0027master\u0027 into branch-Level-9","messageBody":"","fileTypesAndContributionMap":{}},{"hash":"5335a6cf1186862603bc497dd134a3574cca4658","isMergeCommit":false,"messageTitle":"Update incomplete javadoc header for isOnDate in Deadline","messageBody":"","fileTypesAndContributionMap":{"java":{"insertions":2,"deletions":2}}},{"hash":"656945e6f071f7583a0b7e28b55b567b4068d6fb","isMergeCommit":true,"messageTitle":"Merge branch \u0027master\u0027 into branch-Level-9","messageBody":"","fileTypesAndContributionMap":{}},{"hash":"cf07263d7f56633f4e65ceeacea16d020e4f050c","isMergeCommit":false,"messageTitle":"Move TaskList into new nell.list package","messageBody":"","fileTypesAndContributionMap":{"java":{"insertions":15,"deletions":14}}},{"hash":"3465ed707e8e9ebbc75a005183e3cb6c29ff3d72","isMergeCommit":false,"messageTitle":"Replace commandWord member in Command with COMMAND_WORD constants","messageBody":"","fileTypesAndContributionMap":{"java":{"insertions":54,"deletions":39}}},{"hash":"173f0f89f2fab30f68be639b72818c8444e9d163","isMergeCommit":false,"messageTitle":"Extract magic \"bye\" string in Ui as constant","messageBody":"","fileTypesAndContributionMap":{"java":{"insertions":3,"deletions":2}}},{"hash":"545961ea63fc7b2c317166396e894f50804b11da","isMergeCommit":false,"messageTitle":"Rename exception variables","messageBody":"","fileTypesAndContributionMap":{"java":{"insertions":16,"deletions":16}}},{"hash":"926645d759c02fcdb460a7e4ef80a0d3ab6c799b","isMergeCommit":false,"messageTitle":"Amend getMatchingTaskList method to use getTaskStringAtIndex method","messageBody":"","fileTypesAndContributionMap":{"java":{"insertions":1,"deletions":1}}},{"hash":"ba7b4e19c4cf31f3d9393b1890058c19284242ac","isMergeCommit":false,"messageTitle":"Extract task type specifiers as constants in Task child classes","messageBody":"","fileTypesAndContributionMap":{"java":{"insertions":15,"deletions":9}}},{"hash":"32bd129d334256626ea8533fd96ac83dd88af45a","isMergeCommit":false,"messageTitle":"Extract magic string message in FindCommand","messageBody":"","fileTypesAndContributionMap":{"java":{"insertions":3,"deletions":1}}},{"hash":"f431fa09421848a6aa6fd9a2b4c05360cfbc2ccd","isMergeCommit":false,"messageTitle":"Refactor import statement to single class import","messageBody":"","fileTypesAndContributionMap":{"java":{"insertions":1,"deletions":1}}}]},{"date":"2024-09-24","commitResults":[{"hash":"bee4096f7b03555b230c383e0ef237889fc61223","isMergeCommit":false,"messageTitle":"Fix constructor in IncorrectCommand","messageBody":"","fileTypesAndContributionMap":{"java":{"insertions":1,"deletions":1}}},{"hash":"63f62fc416af7a9c0b809c221c9027ac49b528e3","isMergeCommit":false,"messageTitle":"Amend class definition for Deadline, Event and ToDo","messageBody":"","fileTypesAndContributionMap":{"java":{"insertions":3,"deletions":3}}},{"hash":"0240dfb5be55d791408ec262da14750da1140458","isMergeCommit":false,"messageTitle":"Update runtest.bat to account for list package","messageBody":"","fileTypesAndContributionMap":{"bat":{"insertions":1,"deletions":1}}},{"hash":"1d9f4666ab1b94c82806a11f32113f3ec0428d5d","isMergeCommit":true,"messageTitle":"Merge pull request #2 from jemehgoh/branch-Level-9","messageBody":"Level-9","tags":["Level-9"],"fileTypesAndContributionMap":{}},{"hash":"5838d2792532be62cb57ddb38caee35509227056","isMergeCommit":true,"messageTitle":"Merge branch \u0027master\u0027 into branch-A-JavaDoc","messageBody":"","fileTypesAndContributionMap":{}},{"hash":"5e40bd38bbac0e53e5134e7846aa5b86729f9e29","isMergeCommit":false,"messageTitle":"Add Override annotation to execute method definitions","messageBody":"","fileTypesAndContributionMap":{"java":{"insertions":6,"deletions":0}}},{"hash":"d197b4f58a38de0af2f54aadbc1878db3e6120a1","isMergeCommit":false,"messageTitle":"Add javadoc for methods in the ToDo class","messageBody":"","fileTypesAndContributionMap":{"java":{"insertions":14,"deletions":0}}},{"hash":"9ca6b08caccb1be635fd94976ad41803696e15a3","isMergeCommit":false,"messageTitle":"Remove redundant toString method in ToDo","messageBody":"","fileTypesAndContributionMap":{"java":{"insertions":0,"deletions":4}}},{"hash":"1e0b2c234e9529ed836a180ebc26a6fcac91d74e","isMergeCommit":false,"messageTitle":"Add javadoc for methods in Deadline","messageBody":"","fileTypesAndContributionMap":{"java":{"insertions":28,"deletions":0}}},{"hash":"b47e9b07ad3ed1d9a22783e7efdc36d2b0fb8033","isMergeCommit":false,"messageTitle":"Add javadoc for methods in Event","messageBody":"","fileTypesAndContributionMap":{"java":{"insertions":30,"deletions":1}}},{"hash":"d92b77811f0df96cf0d8e91ff6d1da932fd75a85","isMergeCommit":false,"messageTitle":"Add javadoc to methods in TaskList","messageBody":"","fileTypesAndContributionMap":{"java":{"insertions":41,"deletions":0}}},{"hash":"4ec6e4ba43c5a7912e591d6cc5394f89cce8ce56","isMergeCommit":false,"messageTitle":"Add javadoc to methods in Task","messageBody":"","fileTypesAndContributionMap":{"java":{"insertions":12,"deletions":0}}},{"hash":"20d8c99c02cdd44a076eea422452f1f5f807eadb","isMergeCommit":false,"messageTitle":"Amend header comment for getFileLine to bring in line with guidelines","messageBody":"","fileTypesAndContributionMap":{"java":{"insertions":1,"deletions":1}}},{"hash":"23436457b811cf22b5b53299787d27afb105b42c","isMergeCommit":false,"messageTitle":"Fix header comments in Ui","messageBody":"","fileTypesAndContributionMap":{"java":{"insertions":2,"deletions":2}}},{"hash":"0cbb6eb4771602b587ed9fec7378009b6bac757e","isMergeCommit":false,"messageTitle":"Remove redundant comments in getCommands method in Ui","messageBody":"","fileTypesAndContributionMap":{"java":{"insertions":0,"deletions":2}}},{"hash":"e2072984d684543c152972a06fb4c574031c2f46","isMergeCommit":true,"messageTitle":"Merge pull request #3 from jemehgoh/branch-A-JavaDoc","messageBody":"A-JavaDoc","tags":["A-JavaDoc"],"fileTypesAndContributionMap":{}},{"hash":"b8c3a9bfa78d87b383262736377ca7c16c9aa3fe","isMergeCommit":false,"messageTitle":"Change error message for search to reflect correct date format","messageBody":"","fileTypesAndContributionMap":{"java":{"insertions":7,"deletions":0}}},{"hash":"433483be5c848b1e76461b53d095c927a5eec50c","isMergeCommit":false,"messageTitle":"Update FindCommand to only take in the first keyword entered","messageBody":"","fileTypesAndContributionMap":{"java":{"insertions":3,"deletions":1}}},{"hash":"fa6374b9dde8a4db6db56617642f36279db5f2b6","isMergeCommit":false,"messageTitle":"Amend containsKeyword method in Task to only compare entire words","messageBody":"","tags":["Level-9-bugfix"],"fileTypesAndContributionMap":{"java":{"insertions":8,"deletions":1}}},{"hash":"dadec7c4b779cd19b67a27f8ab910e23480ad099","isMergeCommit":false,"messageTitle":"Add user guide","messageBody":"","fileTypesAndContributionMap":{"md":{"insertions":151,"deletions":20}}},{"hash":"a5d117b809ce3e46ee4b7d2389955d16c039c5f3","isMergeCommit":false,"messageTitle":"Add \"Notes on commands\" section to user guide","messageBody":"","fileTypesAndContributionMap":{"md":{"insertions":11,"deletions":0}}},{"hash":"8ca3728c1a783dee3b7d78b8c9193194f63dcbe9","isMergeCommit":false,"messageTitle":"Change exit command in user guide to reflect actual functionality","messageBody":"","fileTypesAndContributionMap":{"md":{"insertions":2,"deletions":2}}},{"hash":"70d35ca63166fb6f0e11f5ca049b8364ce7beb15","isMergeCommit":false,"messageTitle":"Add line breaks and fix indentation in user guide","messageBody":"","fileTypesAndContributionMap":{"md":{"insertions":7,"deletions":7}}},{"hash":"a58dfaadc9d86f163d4cdb422f953a6f332c5ea5","isMergeCommit":false,"messageTitle":"Add whitespace and output for list and search commands","messageBody":"","fileTypesAndContributionMap":{"md":{"insertions":45,"deletions":16}}}]},{"date":"2024-09-25","commitResults":[{"hash":"ae219385637035c469cb9e2a3be2f006b3e1d75c","isMergeCommit":false,"messageTitle":"Add contents to user guide","messageBody":"","fileTypesAndContributionMap":{"md":{"insertions":16,"deletions":0}}},{"hash":"44a94d23a1acb528da046001704afdf613d9366b","isMergeCommit":false,"messageTitle":"Add link to download jar","messageBody":"","fileTypesAndContributionMap":{"md":{"insertions":1,"deletions":1}}},{"hash":"3cdd9e769db12fb91e2f118c145f8a2081e0f74b","isMergeCommit":false,"messageTitle":"Update ToDO command word in user guide to reflect actual functionality","messageBody":"","fileTypesAndContributionMap":{"md":{"insertions":1,"deletions":1}}}]},{"date":"2024-09-26","commitResults":[{"hash":"c61a5f845900ab948502991a572da1b428bc16ec","isMergeCommit":false,"messageTitle":"Move error handling code to parseSingleWordCommand method","messageBody":"The error handling for multi-word commands is done in\nparseMultiWordCommands. This leads to the wrong error message being\nprinted for some multi-word commands.\n\nLet\u0027s move the error handling code to parseSingleWordCommand. This\nensures that the correct error messages are printed every time.\n","fileTypesAndContributionMap":{"java":{"insertions":29,"deletions":2}}},{"hash":"06f0f071d02fcd9ae3bc0be8b7e6e5abf9007ead","isMergeCommit":false,"messageTitle":"Update FindCommand and SearchCommand to not print additional newline","messageBody":"","fileTypesAndContributionMap":{"java":{"insertions":2,"deletions":2}}},{"hash":"a13c5e2961d2593662220c882bcad0fd95527b53","isMergeCommit":false,"messageTitle":"Update test cases to account for new functionality","messageBody":"","fileTypesAndContributionMap":{"txt":{"insertions":9,"deletions":2}}},{"hash":"1d88915805f8878b7928839a1cd80b2f1101492f","isMergeCommit":false,"messageTitle":"Update user guide to note case-sensitivity of command words","messageBody":"","fileTypesAndContributionMap":{"md":{"insertions":2,"deletions":0}}},{"hash":"c09c3be33d63b94441874bbddf6be80252885b99","isMergeCommit":false,"messageTitle":"Fix term used in user guide","messageBody":"","fileTypesAndContributionMap":{"md":{"insertions":1,"deletions":1}}},{"hash":"32ea5b7f3cd959047b360ebc3f01b6c90ac6ab5f","isMergeCommit":false,"messageTitle":"Update docs/README.md to contain user guide","messageBody":"","tags":["A-UserGuide","A-Release"],"fileTypesAndContributionMap":{"md":{"insertions":197,"deletions":14}}}]}]},"authorFileTypeContributionMap":{"jemehgoh":{"java":1357,"md":392,"fxml":0,"sh":0,"bat":4,"gradle":0,"txt":30}},"authorContributionVariance":{"jemehgoh":41390.844},"authorDisplayNameMap":{"jemehgoh":"CS2113-W13-3 GOH ..REMY"}}
