[{"path":"docs/README.md","fileType":"md","lines":[{"lineNumber":1,"author":{"gitId":"jinzihan2002"},"content":"# Bosco User Guide","lastModifiedDate":"2024-08-21","isFullCredit":false},{"lineNumber":2,"author":{"gitId":"-"},"content":"","lastModifiedDate":"2019-07-29","isFullCredit":false},{"lineNumber":3,"author":{"gitId":"-"},"content":"// Update the title above to match the actual product name","lastModifiedDate":"2024-01-07","isFullCredit":false},{"lineNumber":4,"author":{"gitId":"-"},"content":"","lastModifiedDate":"2019-07-29","isFullCredit":false},{"lineNumber":5,"author":{"gitId":"-"},"content":"// Product screenshot goes here","lastModifiedDate":"2024-01-07","isFullCredit":false},{"lineNumber":6,"author":{"gitId":"-"},"content":"","lastModifiedDate":"2021-07-17","isFullCredit":false},{"lineNumber":7,"author":{"gitId":"-"},"content":"// Product intro goes here","lastModifiedDate":"2024-01-07","isFullCredit":false},{"lineNumber":8,"author":{"gitId":"-"},"content":"","lastModifiedDate":"2021-07-17","isFullCredit":false},{"lineNumber":9,"author":{"gitId":"-"},"content":"## Adding deadlines","lastModifiedDate":"2024-01-07","isFullCredit":false},{"lineNumber":10,"author":{"gitId":"-"},"content":"","lastModifiedDate":"2021-07-17","isFullCredit":false},{"lineNumber":11,"author":{"gitId":"-"},"content":"// Describe the action and its outcome.","lastModifiedDate":"2024-01-07","isFullCredit":false},{"lineNumber":12,"author":{"gitId":"-"},"content":"","lastModifiedDate":"2019-07-29","isFullCredit":false},{"lineNumber":13,"author":{"gitId":"-"},"content":"// Give examples of usage","lastModifiedDate":"2024-01-07","isFullCredit":false},{"lineNumber":14,"author":{"gitId":"-"},"content":"","lastModifiedDate":"2019-07-29","isFullCredit":false},{"lineNumber":15,"author":{"gitId":"-"},"content":"Example: `keyword (optional arguments)`","lastModifiedDate":"2024-01-07","isFullCredit":false},{"lineNumber":16,"author":{"gitId":"-"},"content":"","lastModifiedDate":"2019-07-29","isFullCredit":false},{"lineNumber":17,"author":{"gitId":"-"},"content":"// A description of the expected outcome goes here","lastModifiedDate":"2024-01-07","isFullCredit":false},{"lineNumber":18,"author":{"gitId":"-"},"content":"","lastModifiedDate":"2019-07-29","isFullCredit":false},{"lineNumber":19,"author":{"gitId":"-"},"content":"```","lastModifiedDate":"2024-01-07","isFullCredit":false},{"lineNumber":20,"author":{"gitId":"-"},"content":"expected output","lastModifiedDate":"2024-01-07","isFullCredit":false},{"lineNumber":21,"author":{"gitId":"-"},"content":"```","lastModifiedDate":"2024-01-07","isFullCredit":false},{"lineNumber":22,"author":{"gitId":"-"},"content":"","lastModifiedDate":"2019-07-29","isFullCredit":false},{"lineNumber":23,"author":{"gitId":"-"},"content":"## Feature ABC","lastModifiedDate":"2024-01-07","isFullCredit":false},{"lineNumber":24,"author":{"gitId":"-"},"content":"","lastModifiedDate":"2019-07-29","isFullCredit":false},{"lineNumber":25,"author":{"gitId":"-"},"content":"// Feature details","lastModifiedDate":"2024-01-07","isFullCredit":false},{"lineNumber":26,"author":{"gitId":"-"},"content":"","lastModifiedDate":"2019-07-29","isFullCredit":false},{"lineNumber":27,"author":{"gitId":"-"},"content":"","lastModifiedDate":"2021-07-17","isFullCredit":false},{"lineNumber":28,"author":{"gitId":"-"},"content":"## Feature XYZ","lastModifiedDate":"2024-01-07","isFullCredit":false},{"lineNumber":29,"author":{"gitId":"-"},"content":"","lastModifiedDate":"2024-01-07","isFullCredit":false},{"lineNumber":30,"author":{"gitId":"-"},"content":"// Feature details","lastModifiedDate":"2024-01-07","isFullCredit":false}],"authorContributionMap":{"jinzihan2002":1,"-":29}},{"path":"src/main/java/Bosco.java","fileType":"java","lines":[{"lineNumber":1,"author":{"gitId":"jinzihan2002"},"content":"import java.util.Scanner;","lastModifiedDate":"2024-08-29","isFullCredit":false},{"lineNumber":2,"author":{"gitId":"jinzihan2002"},"content":"","lastModifiedDate":"2024-08-29","isFullCredit":false},{"lineNumber":3,"author":{"gitId":"jinzihan2002"},"content":"public class Bosco {","lastModifiedDate":"2024-08-21","isFullCredit":false},{"lineNumber":4,"author":{"gitId":"jinzihan2002"},"content":"    private static void printHorizontalRule() {","lastModifiedDate":"2024-08-29","isFullCredit":false},{"lineNumber":5,"author":{"gitId":"jinzihan2002"},"content":"        System.out.println(\"\\t____________________________________________________________\");","lastModifiedDate":"2024-08-29","isFullCredit":false},{"lineNumber":6,"author":{"gitId":"jinzihan2002"},"content":"    }","lastModifiedDate":"2024-08-29","isFullCredit":false},{"lineNumber":7,"author":{"gitId":"jinzihan2002"},"content":"","lastModifiedDate":"2024-08-29","isFullCredit":false},{"lineNumber":8,"author":{"gitId":"jinzihan2002"},"content":"    public static void main(String[] args) {","lastModifiedDate":"2024-08-21","isFullCredit":false},{"lineNumber":9,"author":{"gitId":"jinzihan2002"},"content":"        Scanner in \u003d new Scanner(System.in);","lastModifiedDate":"2024-08-29","isFullCredit":false},{"lineNumber":10,"author":{"gitId":"jinzihan2002"},"content":"        String userInput;","lastModifiedDate":"2024-08-29","isFullCredit":false},{"lineNumber":11,"author":{"gitId":"jinzihan2002"},"content":"        String userCommand;","lastModifiedDate":"2024-08-29","isFullCredit":false},{"lineNumber":12,"author":{"gitId":"jinzihan2002"},"content":"","lastModifiedDate":"2024-08-29","isFullCredit":false},{"lineNumber":13,"author":{"gitId":"jinzihan2002"},"content":"        printHorizontalRule();","lastModifiedDate":"2024-08-29","isFullCredit":false},{"lineNumber":14,"author":{"gitId":"jinzihan2002"},"content":"        System.out.println(\"\\t Hello! I\u0027m Bosco APD.\");","lastModifiedDate":"2024-08-29","isFullCredit":false},{"lineNumber":15,"author":{"gitId":"jinzihan2002"},"content":"        System.out.println(\"\\t What can I do for you?\");","lastModifiedDate":"2024-08-29","isFullCredit":false},{"lineNumber":16,"author":{"gitId":"jinzihan2002"},"content":"        printHorizontalRule();","lastModifiedDate":"2024-08-29","isFullCredit":false},{"lineNumber":17,"author":{"gitId":"jinzihan2002"},"content":"","lastModifiedDate":"2024-08-29","isFullCredit":false},{"lineNumber":18,"author":{"gitId":"jinzihan2002"},"content":"        while (true) {","lastModifiedDate":"2024-08-29","isFullCredit":false},{"lineNumber":19,"author":{"gitId":"jinzihan2002"},"content":"            userInput \u003d in.nextLine();","lastModifiedDate":"2024-08-29","isFullCredit":false},{"lineNumber":20,"author":{"gitId":"jinzihan2002"},"content":"            userCommand \u003d userInput.split(\"\\\\s+\", 2)[0];","lastModifiedDate":"2024-08-29","isFullCredit":false},{"lineNumber":21,"author":{"gitId":"jinzihan2002"},"content":"            if (userCommand.equals(\"bye\")) {","lastModifiedDate":"2024-08-29","isFullCredit":false},{"lineNumber":22,"author":{"gitId":"jinzihan2002"},"content":"                break;","lastModifiedDate":"2024-08-29","isFullCredit":false},{"lineNumber":23,"author":{"gitId":"jinzihan2002"},"content":"            }","lastModifiedDate":"2024-08-29","isFullCredit":false},{"lineNumber":24,"author":{"gitId":"jinzihan2002"},"content":"            printHorizontalRule();","lastModifiedDate":"2024-08-29","isFullCredit":false},{"lineNumber":25,"author":{"gitId":"jinzihan2002"},"content":"            System.out.println(\"\\t \" + userInput);","lastModifiedDate":"2024-08-29","isFullCredit":false},{"lineNumber":26,"author":{"gitId":"jinzihan2002"},"content":"            printHorizontalRule();","lastModifiedDate":"2024-08-29","isFullCredit":false},{"lineNumber":27,"author":{"gitId":"jinzihan2002"},"content":"        }","lastModifiedDate":"2024-08-29","isFullCredit":false},{"lineNumber":28,"author":{"gitId":"jinzihan2002"},"content":"","lastModifiedDate":"2024-08-29","isFullCredit":false},{"lineNumber":29,"author":{"gitId":"jinzihan2002"},"content":"        printHorizontalRule();","lastModifiedDate":"2024-08-29","isFullCredit":false},{"lineNumber":30,"author":{"gitId":"jinzihan2002"},"content":"        System.out.println(\"\\t Bye! Hope to see you again soon!\");","lastModifiedDate":"2024-08-29","isFullCredit":false},{"lineNumber":31,"author":{"gitId":"jinzihan2002"},"content":"        printHorizontalRule();","lastModifiedDate":"2024-08-29","isFullCredit":false},{"lineNumber":32,"author":{"gitId":"jinzihan2002"},"content":"    }","lastModifiedDate":"2024-08-21","isFullCredit":false},{"lineNumber":33,"author":{"gitId":"jinzihan2002"},"content":"}","lastModifiedDate":"2024-08-21","isFullCredit":false}],"authorContributionMap":{"jinzihan2002":33}}]
