{"authorDailyContributionsMap":{"jinzihan2002":[{"date":"2024-08-21","commitResults":[{"hash":"2771f649fe1f76fe0398aacc6a1713c3e0f0890d","isMergeCommit":false,"messageTitle":"Rename chatbot and add greeting to Bosco.java","messageBody":"","tags":["Level-0"],"fileTypesAndContributionMap":{"java":{"insertions":8,"deletions":10},"md":{"insertions":1,"deletions":1}}}]},{"date":"2024-08-29","commitResults":[{"hash":"34f213bf2f6d78d73c53cddbd34ceb80157c9241","isMergeCommit":false,"messageTitle":"Add echo functionality","messageBody":"","tags":["Level-1"],"fileTypesAndContributionMap":{"java":{"insertions":29,"deletions":4}}},{"hash":"17aecb20991f7a57a237d2fb3e6284f8b8f6a49d","isMergeCommit":false,"messageTitle":"Add feature to store and list user input","messageBody":"","tags":["Level-2"],"fileTypesAndContributionMap":{"java":{"insertions":14,"deletions":4}}},{"hash":"55808ff96c5ab15ddab5178350833af2a1bfee3c","isMergeCommit":false,"messageTitle":"Add Task class to represent tasks","messageBody":"","tags":["A-Classes"],"fileTypesAndContributionMap":{"java":{"insertions":29,"deletions":3}}},{"hash":"76bb8ed7133de766e42c344987165356c5a080ab","isMergeCommit":false,"messageTitle":"Add feature to mark tasks as done or not done","messageBody":"","tags":["Level-3","A-CodingStandard"],"fileTypesAndContributionMap":{"java":{"insertions":20,"deletions":2}}}]},{"date":"2024-09-01","commitResults":[{"hash":"5fcb801fd71e02bc9718fa9813f5451027d27504","isMergeCommit":false,"messageTitle":"Add methods to print welcome and exit messages","messageBody":"","fileTypesAndContributionMap":{"java":{"insertions":20,"deletions":13}}}]},{"date":"2024-09-03","commitResults":[{"hash":"8e0d77e59db4110620e02fd941592a3c78b0a3d1","isMergeCommit":false,"messageTitle":"Add overridden toString method to Task class","messageBody":"","fileTypesAndContributionMap":{"java":{"insertions":8,"deletions":6}}},{"hash":"43d697b9a1a6c1a0c01644a7accd035d1107b8fa","isMergeCommit":false,"messageTitle":"Add Todo, Deadline and Event subclasses","messageBody":"","tags":["A-Inheritance"],"fileTypesAndContributionMap":{"java":{"insertions":77,"deletions":9}}}]},{"date":"2024-09-04","commitResults":[{"hash":"df0cebc6d2bb25492d48715ee77c548d9a1bdf0e","isMergeCommit":false,"messageTitle":"Edit chatbot printouts to follow requirements","messageBody":"","tags":["Level-4"],"fileTypesAndContributionMap":{"java":{"insertions":11,"deletions":4}}},{"hash":"7489081b199e07bcb9c20252625ee6450b04000a","isMergeCommit":false,"messageTitle":"Add semi-auto UI testing using I/O redirection","messageBody":"","tags":["A-TextUiTesting"],"fileTypesAndContributionMap":{"txt":{"insertions":13,"deletions":0},"bat":{"insertions":1,"deletions":1},"sh":{"insertions":2,"deletions":2}}}]},{"date":"2024-09-05","commitResults":[{"hash":"2e647b69c9e00edd6ed917bf2ec390b0bf0fe938","isMergeCommit":false,"messageTitle":"Remove unused import statement","messageBody":"","fileTypesAndContributionMap":{"java":{"insertions":0,"deletions":1}}}]},{"date":"2024-09-06","commitResults":[{"hash":"1c333e4b891ebd3d45b881a674335e069ce1f53d","isMergeCommit":false,"messageTitle":"Add methods for parsing type and args in raw input","messageBody":"","tags":["A-CodeQuality"],"fileTypesAndContributionMap":{"java":{"insertions":36,"deletions":14}}}]},{"date":"2024-09-10","commitResults":[{"hash":"0c8f25238e68450eab9a39ddea184c3a032f6142","isMergeCommit":false,"messageTitle":"Add method to print multiline messages with dividers","messageBody":"","fileTypesAndContributionMap":{"java":{"insertions":25,"deletions":33}}}]},{"date":"2024-09-11","commitResults":[{"hash":"9081a3bf2a92c9aac746212dd449ed60f506cfbd","isMergeCommit":false,"messageTitle":"Refactor command handling into individual methods","messageBody":"","fileTypesAndContributionMap":{"java":{"insertions":100,"deletions":62}}},{"hash":"5e9757c4175ddc401300521bce47a7d0ad65153d","isMergeCommit":false,"messageTitle":"Remove unused variables","messageBody":"","fileTypesAndContributionMap":{"java":{"insertions":0,"deletions":4}}}]},{"date":"2024-09-12","commitResults":[{"hash":"090547094831b55322e60a692143c04aa98dc0d6","isMergeCommit":false,"messageTitle":"Add error handling using exceptions","messageBody":"","tags":["A-Exceptions"],"fileTypesAndContributionMap":{"java":{"insertions":82,"deletions":26}}},{"hash":"b0739c3cec67c4f9c10db56fad2cdc9f6082c709","isMergeCommit":false,"messageTitle":"Add more inputs for UI testing","messageBody":"","fileTypesAndContributionMap":{"txt":{"insertions":11,"deletions":0}}},{"hash":"f6e37456a88bb6c2cd3e9db47d8f1cd26ec0b7e6","isMergeCommit":false,"messageTitle":"Refactor Mark and Unmark methods","messageBody":"","fileTypesAndContributionMap":{"java":{"insertions":12,"deletions":15}}},{"hash":"8ec36b012f0a25e33707b6f2e24d921e19f44d01","isMergeCommit":true,"messageTitle":"Merge branch \u0027branch-Level-5\u0027","messageBody":"* branch-Level-5:\n  Refactor Mark and Unmark methods\n  Add more inputs for UI testing\n  Add error handling using exceptions\n","tags":["Level-5"],"fileTypesAndContributionMap":{}}]},{"date":"2024-09-13","commitResults":[{"hash":"2f3068bf3e23043817a4fc3dcc469c7d1d94b154","isMergeCommit":false,"messageTitle":"Add packages to organise classes","messageBody":"","fileTypesAndContributionMap":{"java":{"insertions":24,"deletions":1}}},{"hash":"d84cc734f14e3107db48aa5f75e3af6398f64741","isMergeCommit":false,"messageTitle":"Update runtest.sh to build files in subdirectories","messageBody":"","fileTypesAndContributionMap":{"sh":{"insertions":1,"deletions":1}}},{"hash":"e911a56aad4dc315e1dbb581316fb199a4bef323","isMergeCommit":true,"messageTitle":"Merge branch \u0027branch-A-Packages\u0027","messageBody":"* branch-A-Packages:\n  Update runtest.sh to build files in subdirectories\n  Add packages to organise classes\n","tags":["A-Packages"],"fileTypesAndContributionMap":{}}]},{"date":"2024-09-18","commitResults":[{"hash":"86ba9ec1b7853cecab2212b166a41e49ae3215be","isMergeCommit":false,"messageTitle":"Replace fixed-length array with ArrayList","messageBody":"","tags":["A-Collections"],"fileTypesAndContributionMap":{"java":{"insertions":14,"deletions":15}}},{"hash":"9821bbbde6ecbe0c89e25fa8ca0054d96203aaf4","isMergeCommit":false,"messageTitle":"Add method to delete tasks","messageBody":"","fileTypesAndContributionMap":{"java":{"insertions":15,"deletions":2}}},{"hash":"4dd49efe847fe98a82867c6bbbe10abcde169354","isMergeCommit":false,"messageTitle":"Add method to get selected task from commandArgs","messageBody":"","fileTypesAndContributionMap":{"java":{"insertions":20,"deletions":20}}},{"hash":"9ff6f12c61da02bd4d6ac7e4ba099e64d26f0e10","isMergeCommit":false,"messageTitle":"Update UI testing to test delete method","messageBody":"","tags":["Level-6"],"fileTypesAndContributionMap":{"txt":{"insertions":5,"deletions":0},"sh":{"insertions":1,"deletions":1}}}]},{"date":"2024-09-19","commitResults":[{"hash":"a42ec5fc74ad14fa971eba8df91a2a6281324a84","isMergeCommit":false,"messageTitle":"Edit Task classes to initialise with isDone value","messageBody":"","fileTypesAndContributionMap":{"java":{"insertions":8,"deletions":8}}},{"hash":"b30eead3f84948f3c564f82ebee3b817d9cb9b99","isMergeCommit":false,"messageTitle":"Add methods to load data from data file on startup","messageBody":"Add function to create file and path if it doesn\u0027t exist\n","fileTypesAndContributionMap":{"java":{"insertions":56,"deletions":7}}},{"hash":"15bf53ee2aec896f395dd5f8db4b2786e129b6c8","isMergeCommit":false,"messageTitle":"Add method to write task list to data file","messageBody":"","fileTypesAndContributionMap":{"java":{"insertions":46,"deletions":8}}},{"hash":"9c3872e8d11ca0c5459f9deb0c42edcbbb5811bd","isMergeCommit":false,"messageTitle":"Update UI testing to support data file","messageBody":"","tags":["Level-7"],"fileTypesAndContributionMap":{"sh":{"insertions":7,"deletions":1}}},{"hash":"7f1d7fc95cc99440fef8337a09f3de70a43839d4","isMergeCommit":true,"messageTitle":"Merge branch \u0027branch-Level-6\u0027","messageBody":"* branch-Level-6:\n  Update UI testing to test delete method\n  Add method to get selected task from commandArgs\n  Add method to delete tasks\n","fileTypesAndContributionMap":{}},{"hash":"a4f49cf761173a8967424bebc3f253de0ae1cb37","isMergeCommit":true,"messageTitle":"Merge branch \u0027branch-Level-7\u0027","messageBody":"* branch-Level-7:\n  Update UI testing to support data file\n  Add method to write task list to data file\n  Add methods to load data from data file on startup\n  Update .gitignore to ignore data file\n  Edit Task classes to initialise with isDone value\n\n# Conflicts:\n#\tsrc/main/java/bosco/Bosco.java\n#\ttext-ui-test/runtest.sh\n","fileTypesAndContributionMap":{}},{"hash":"082b19eb6f28c96f422634bf48daaa1599058c3b","isMergeCommit":false,"messageTitle":"Update main to write to data file after every command","messageBody":"","fileTypesAndContributionMap":{"java":{"insertions":6,"deletions":0}}}]}]},"authorFileTypeContributionMap":{"jinzihan2002":{"java":400,"md":1,"fxml":0,"sh":8,"bat":1,"gradle":0,"txt":29}},"authorContributionVariance":{"jinzihan2002":2341.543},"authorDisplayNameMap":{"jinzihan2002":"CS2113-W13-4 JIN ..IHAN"}}
