{"authorDailyContributionsMap":{"jinzihan2002":[{"date":"2024-08-21","commitResults":[{"hash":"2771f649fe1f76fe0398aacc6a1713c3e0f0890d","isMergeCommit":false,"messageTitle":"Rename chatbot and add greeting to Bosco.java","messageBody":"","tags":["Level-0"],"fileTypesAndContributionMap":{"java":{"insertions":8,"deletions":10},"md":{"insertions":1,"deletions":1}}}]},{"date":"2024-08-29","commitResults":[{"hash":"34f213bf2f6d78d73c53cddbd34ceb80157c9241","isMergeCommit":false,"messageTitle":"Add echo functionality","messageBody":"","tags":["Level-1"],"fileTypesAndContributionMap":{"java":{"insertions":29,"deletions":4}}},{"hash":"17aecb20991f7a57a237d2fb3e6284f8b8f6a49d","isMergeCommit":false,"messageTitle":"Add feature to store and list user input","messageBody":"","tags":["Level-2"],"fileTypesAndContributionMap":{"java":{"insertions":14,"deletions":4}}},{"hash":"55808ff96c5ab15ddab5178350833af2a1bfee3c","isMergeCommit":false,"messageTitle":"Add Task class to represent tasks","messageBody":"","tags":["A-Classes"],"fileTypesAndContributionMap":{"java":{"insertions":29,"deletions":3}}},{"hash":"76bb8ed7133de766e42c344987165356c5a080ab","isMergeCommit":false,"messageTitle":"Add feature to mark tasks as done or not done","messageBody":"","tags":["Level-3","A-CodingStandard"],"fileTypesAndContributionMap":{"java":{"insertions":20,"deletions":2}}}]},{"date":"2024-09-01","commitResults":[{"hash":"5fcb801fd71e02bc9718fa9813f5451027d27504","isMergeCommit":false,"messageTitle":"Add methods to print welcome and exit messages","messageBody":"","fileTypesAndContributionMap":{"java":{"insertions":20,"deletions":13}}}]},{"date":"2024-09-03","commitResults":[{"hash":"8e0d77e59db4110620e02fd941592a3c78b0a3d1","isMergeCommit":false,"messageTitle":"Add overridden toString method to Task class","messageBody":"","fileTypesAndContributionMap":{"java":{"insertions":8,"deletions":6}}},{"hash":"43d697b9a1a6c1a0c01644a7accd035d1107b8fa","isMergeCommit":false,"messageTitle":"Add Todo, Deadline and Event subclasses","messageBody":"","tags":["A-Inheritance"],"fileTypesAndContributionMap":{"java":{"insertions":77,"deletions":9}}}]},{"date":"2024-09-04","commitResults":[{"hash":"df0cebc6d2bb25492d48715ee77c548d9a1bdf0e","isMergeCommit":false,"messageTitle":"Edit chatbot printouts to follow requirements","messageBody":"","tags":["Level-4"],"fileTypesAndContributionMap":{"java":{"insertions":11,"deletions":4}}},{"hash":"7489081b199e07bcb9c20252625ee6450b04000a","isMergeCommit":false,"messageTitle":"Add semi-auto UI testing using I/O redirection","messageBody":"","tags":["A-TextUiTesting"],"fileTypesAndContributionMap":{"txt":{"insertions":13,"deletions":0},"bat":{"insertions":1,"deletions":1},"sh":{"insertions":2,"deletions":2}}}]},{"date":"2024-09-05","commitResults":[{"hash":"2e647b69c9e00edd6ed917bf2ec390b0bf0fe938","isMergeCommit":false,"messageTitle":"Remove unused import statement","messageBody":"","fileTypesAndContributionMap":{"java":{"insertions":0,"deletions":1}}}]},{"date":"2024-09-06","commitResults":[{"hash":"1c333e4b891ebd3d45b881a674335e069ce1f53d","isMergeCommit":false,"messageTitle":"Add methods for parsing type and args in raw input","messageBody":"","tags":["A-CodeQuality"],"fileTypesAndContributionMap":{"java":{"insertions":36,"deletions":14}}}]},{"date":"2024-09-10","commitResults":[{"hash":"0c8f25238e68450eab9a39ddea184c3a032f6142","isMergeCommit":false,"messageTitle":"Add method to print multiline messages with dividers","messageBody":"","fileTypesAndContributionMap":{"java":{"insertions":25,"deletions":33}}}]},{"date":"2024-09-11","commitResults":[{"hash":"9081a3bf2a92c9aac746212dd449ed60f506cfbd","isMergeCommit":false,"messageTitle":"Refactor command handling into individual methods","messageBody":"","fileTypesAndContributionMap":{"java":{"insertions":100,"deletions":62}}},{"hash":"5e9757c4175ddc401300521bce47a7d0ad65153d","isMergeCommit":false,"messageTitle":"Remove unused variables","messageBody":"","fileTypesAndContributionMap":{"java":{"insertions":0,"deletions":4}}}]},{"date":"2024-09-12","commitResults":[{"hash":"090547094831b55322e60a692143c04aa98dc0d6","isMergeCommit":false,"messageTitle":"Add error handling using exceptions","messageBody":"","tags":["A-Exceptions"],"fileTypesAndContributionMap":{"java":{"insertions":82,"deletions":26}}},{"hash":"b0739c3cec67c4f9c10db56fad2cdc9f6082c709","isMergeCommit":false,"messageTitle":"Add more inputs for UI testing","messageBody":"","fileTypesAndContributionMap":{"txt":{"insertions":11,"deletions":0}}},{"hash":"f6e37456a88bb6c2cd3e9db47d8f1cd26ec0b7e6","isMergeCommit":false,"messageTitle":"Refactor Mark and Unmark methods","messageBody":"","fileTypesAndContributionMap":{"java":{"insertions":12,"deletions":15}}},{"hash":"8ec36b012f0a25e33707b6f2e24d921e19f44d01","isMergeCommit":true,"messageTitle":"Merge branch \u0027branch-Level-5\u0027","messageBody":"* branch-Level-5:\n  Refactor Mark and Unmark methods\n  Add more inputs for UI testing\n  Add error handling using exceptions\n","tags":["Level-5"],"fileTypesAndContributionMap":{}}]},{"date":"2024-09-13","commitResults":[{"hash":"2f3068bf3e23043817a4fc3dcc469c7d1d94b154","isMergeCommit":false,"messageTitle":"Add packages to organise classes","messageBody":"","fileTypesAndContributionMap":{"java":{"insertions":24,"deletions":1}}},{"hash":"d84cc734f14e3107db48aa5f75e3af6398f64741","isMergeCommit":false,"messageTitle":"Update runtest.sh to build files in subdirectories","messageBody":"","fileTypesAndContributionMap":{"sh":{"insertions":1,"deletions":1}}},{"hash":"e911a56aad4dc315e1dbb581316fb199a4bef323","isMergeCommit":true,"messageTitle":"Merge branch \u0027branch-A-Packages\u0027","messageBody":"* branch-A-Packages:\n  Update runtest.sh to build files in subdirectories\n  Add packages to organise classes\n","tags":["A-Packages"],"fileTypesAndContributionMap":{}}]},{"date":"2024-09-18","commitResults":[{"hash":"86ba9ec1b7853cecab2212b166a41e49ae3215be","isMergeCommit":false,"messageTitle":"Replace fixed-length array with ArrayList","messageBody":"","tags":["A-Collections"],"fileTypesAndContributionMap":{"java":{"insertions":14,"deletions":15}}},{"hash":"9821bbbde6ecbe0c89e25fa8ca0054d96203aaf4","isMergeCommit":false,"messageTitle":"Add method to delete tasks","messageBody":"","fileTypesAndContributionMap":{"java":{"insertions":15,"deletions":2}}},{"hash":"4dd49efe847fe98a82867c6bbbe10abcde169354","isMergeCommit":false,"messageTitle":"Add method to get selected task from commandArgs","messageBody":"","fileTypesAndContributionMap":{"java":{"insertions":20,"deletions":20}}},{"hash":"9ff6f12c61da02bd4d6ac7e4ba099e64d26f0e10","isMergeCommit":false,"messageTitle":"Update UI testing to test delete method","messageBody":"","tags":["Level-6"],"fileTypesAndContributionMap":{"txt":{"insertions":5,"deletions":0},"sh":{"insertions":1,"deletions":1}}}]},{"date":"2024-09-19","commitResults":[{"hash":"a42ec5fc74ad14fa971eba8df91a2a6281324a84","isMergeCommit":false,"messageTitle":"Edit Task classes to initialise with isDone value","messageBody":"","fileTypesAndContributionMap":{"java":{"insertions":8,"deletions":8}}},{"hash":"b30eead3f84948f3c564f82ebee3b817d9cb9b99","isMergeCommit":false,"messageTitle":"Add methods to load data from data file on startup","messageBody":"Add function to create file and path if it doesn\u0027t exist\n","fileTypesAndContributionMap":{"java":{"insertions":56,"deletions":7}}},{"hash":"15bf53ee2aec896f395dd5f8db4b2786e129b6c8","isMergeCommit":false,"messageTitle":"Add method to write task list to data file","messageBody":"","fileTypesAndContributionMap":{"java":{"insertions":46,"deletions":8}}},{"hash":"9c3872e8d11ca0c5459f9deb0c42edcbbb5811bd","isMergeCommit":false,"messageTitle":"Update UI testing to support data file","messageBody":"","tags":["Level-7"],"fileTypesAndContributionMap":{"sh":{"insertions":7,"deletions":1}}},{"hash":"7f1d7fc95cc99440fef8337a09f3de70a43839d4","isMergeCommit":true,"messageTitle":"Merge branch \u0027branch-Level-6\u0027","messageBody":"* branch-Level-6:\n  Update UI testing to test delete method\n  Add method to get selected task from commandArgs\n  Add method to delete tasks\n","fileTypesAndContributionMap":{}},{"hash":"a4f49cf761173a8967424bebc3f253de0ae1cb37","isMergeCommit":true,"messageTitle":"Merge branch \u0027branch-Level-7\u0027","messageBody":"* branch-Level-7:\n  Update UI testing to support data file\n  Add method to write task list to data file\n  Add methods to load data from data file on startup\n  Update .gitignore to ignore data file\n  Edit Task classes to initialise with isDone value\n\n# Conflicts:\n#\tsrc/main/java/bosco/Bosco.java\n#\ttext-ui-test/runtest.sh\n","fileTypesAndContributionMap":{}},{"hash":"082b19eb6f28c96f422634bf48daaa1599058c3b","isMergeCommit":false,"messageTitle":"Update main to write to data file after every command","messageBody":"","fileTypesAndContributionMap":{"java":{"insertions":6,"deletions":0}}}]},{"date":"2024-09-26","commitResults":[{"hash":"b1a93b4e5a90aabd02d76665b92c26e27210a2f1","isMergeCommit":false,"messageTitle":"Refactor code to extract out UI class","messageBody":"","fileTypesAndContributionMap":{"java":{"insertions":71,"deletions":40}}},{"hash":"626fa5f5002e7c8eacecc6a215e793a52d0e4e85","isMergeCommit":false,"messageTitle":"Refactor code to extract out TaskList class","messageBody":"","fileTypesAndContributionMap":{"java":{"insertions":53,"deletions":16}}}]},{"date":"2024-09-27","commitResults":[{"hash":"663892885cb89b3a8840ce896b21f6a984510744","isMergeCommit":false,"messageTitle":"Refactor code to extract out Parser and Command classes","messageBody":"","fileTypesAndContributionMap":{"java":{"insertions":336,"deletions":188}}},{"hash":"cc81bba974261311efd903a686e22da478b6bc3b","isMergeCommit":false,"messageTitle":"Refactor code to extract out Storage class","messageBody":"","fileTypesAndContributionMap":{"java":{"insertions":88,"deletions":80}}},{"hash":"d2a39cdc1d9c4edb0a235eb4afa598fa41fade16","isMergeCommit":false,"messageTitle":"Refactor code of the main class","messageBody":"","tags":["A-MoreOOP"],"fileTypesAndContributionMap":{"java":{"insertions":24,"deletions":13}}},{"hash":"79f0517909d4443700ae7e0661f4df90d28fe722","isMergeCommit":false,"messageTitle":"Add message to be printed before list command prints tasks","messageBody":"","fileTypesAndContributionMap":{"java":{"insertions":8,"deletions":1}}},{"hash":"5ffe44a5acab01b7aa6f698c96f3c840c29f070d","isMergeCommit":false,"messageTitle":"Add feature to find tasks by searching a keyword","messageBody":"","fileTypesAndContributionMap":{"java":{"insertions":63,"deletions":5}}},{"hash":"a350181119740b723aaf9ca725905ab3a0448c03","isMergeCommit":false,"messageTitle":"Update UI testing to test find function","messageBody":"","fileTypesAndContributionMap":{"txt":{"insertions":3,"deletions":0}}}]},{"date":"2024-09-28","commitResults":[{"hash":"956b3bd192cc4364416bf19b8e92b37092436119","isMergeCommit":false,"messageTitle":"Add parser to parse and format datetime objects","messageBody":"","fileTypesAndContributionMap":{"java":{"insertions":49,"deletions":0}}},{"hash":"68ea1937471f4c5aeb7a72d9db4eda8057722e4e","isMergeCommit":false,"messageTitle":"Modify Deadline and Event to store datetime objects","messageBody":"","fileTypesAndContributionMap":{"java":{"insertions":18,"deletions":10}}},{"hash":"81d51c5ac60e746e0f2b902ad467085472aa78be","isMergeCommit":false,"messageTitle":"Modify Storage to load dates as datetime objects","messageBody":"","fileTypesAndContributionMap":{"java":{"insertions":4,"deletions":2}}},{"hash":"9d990c2bdc9ae8c29146dbceaac1ec4e22490452","isMergeCommit":false,"messageTitle":"Modify Bosco to use datetime objects for Deadlines and Events","messageBody":"","fileTypesAndContributionMap":{"java":{"insertions":38,"deletions":12}}},{"hash":"df99d2d56e7782f69f9c834d3d8fa436e0f246a5","isMergeCommit":false,"messageTitle":"Update UI testing to test datetime format of inputs","messageBody":"","fileTypesAndContributionMap":{"txt":{"insertions":3,"deletions":1}}},{"hash":"e71c1a6baf5d939a919f126da87b8230641be83c","isMergeCommit":false,"messageTitle":"Add JavaDoc comments to Bosco","messageBody":"","fileTypesAndContributionMap":{"java":{"insertions":14,"deletions":2}}},{"hash":"d9317021741c67a6aae35b3a3b738bd993f7657d","isMergeCommit":false,"messageTitle":"Add JavaDoc comments to TaskList","messageBody":"","fileTypesAndContributionMap":{"java":{"insertions":37,"deletions":2}}},{"hash":"7a9a5b51e98a088f98df03fc182354d28934d5af","isMergeCommit":false,"messageTitle":"Add JavaDoc comments to Task","messageBody":"","fileTypesAndContributionMap":{"java":{"insertions":35,"deletions":0}}},{"hash":"4985c3b146bc84e4ca973b9bed485d779c3fa967","isMergeCommit":false,"messageTitle":"Add JavaDoc comments to Todo, Deadline and Event","messageBody":"","fileTypesAndContributionMap":{"java":{"insertions":68,"deletions":0}}},{"hash":"19a683bdb6135648a0000d1aafd2c2a87b704dcb","isMergeCommit":false,"messageTitle":"Add JavaDoc comments to Storage","messageBody":"","fileTypesAndContributionMap":{"java":{"insertions":24,"deletions":0}}},{"hash":"cc088f12043a9720bed1c2640ee6ed9431264519","isMergeCommit":false,"messageTitle":"Add JavaDoc comments to Parser","messageBody":"","fileTypesAndContributionMap":{"java":{"insertions":13,"deletions":0}}},{"hash":"1777a48c27a2610e972bf22014d66d04afeaea80","isMergeCommit":false,"messageTitle":"Add JavaDoc comments to Ui","messageBody":"","fileTypesAndContributionMap":{"java":{"insertions":30,"deletions":9}}},{"hash":"a5a0b9fef2726aef8aa3ab6c8dc8538827a4e3d7","isMergeCommit":false,"messageTitle":"Add JavaDoc comments to Command","messageBody":"","fileTypesAndContributionMap":{"java":{"insertions":12,"deletions":0}}},{"hash":"770553f5ec453ad35231a4ca7828d2e246c4745b","isMergeCommit":false,"messageTitle":"Edit JavaDoc comments for class constructors","messageBody":"","fileTypesAndContributionMap":{"java":{"insertions":10,"deletions":10}}},{"hash":"eec41da24308dced9b64d00569241a7ea9b8b6b5","isMergeCommit":false,"messageTitle":"Add JavaDoc comments to AddDeadlineCommand","messageBody":"","fileTypesAndContributionMap":{"java":{"insertions":13,"deletions":0}}},{"hash":"36de3da6caec8d53f3741aecdeb8ac29512de151","isMergeCommit":false,"messageTitle":"Add JavaDoc comments to AddEventCommand","messageBody":"","fileTypesAndContributionMap":{"java":{"insertions":14,"deletions":0}}},{"hash":"6e39ac1ae9a23b0c5eecfe16a049c94684ee522b","isMergeCommit":false,"messageTitle":"Add JavaDoc comments to AddTodoCommand","messageBody":"","fileTypesAndContributionMap":{"java":{"insertions":12,"deletions":0}}},{"hash":"2cddcc440bb5686784cb9fe4cbd314991729a459","isMergeCommit":false,"messageTitle":"Add JavaDoc comments to DeleteCommand","messageBody":"","fileTypesAndContributionMap":{"java":{"insertions":11,"deletions":0}}},{"hash":"3350f95ac8212e5d4cd6d541d6c0c8ce3114bc39","isMergeCommit":false,"messageTitle":"Add JavaDoc comments to ExitCommand","messageBody":"","fileTypesAndContributionMap":{"java":{"insertions":9,"deletions":0}}},{"hash":"6191d15b5f95b271f29e3a88b5a0ec1ea04c3dd5","isMergeCommit":false,"messageTitle":"Add JavaDoc comments to ListCommand","messageBody":"","fileTypesAndContributionMap":{"java":{"insertions":7,"deletions":0}}},{"hash":"371e073987df9f371642a70ed0db32b3cb977ea5","isMergeCommit":false,"messageTitle":"Add JavaDoc comments to MarkCommand","messageBody":"","fileTypesAndContributionMap":{"java":{"insertions":13,"deletions":0}}},{"hash":"e4453231e6fb3ea40c06df84faa284b181ff934e","isMergeCommit":false,"messageTitle":"Add JavaDoc comments to UnmarkCommand","messageBody":"","fileTypesAndContributionMap":{"java":{"insertions":12,"deletions":0}}},{"hash":"48b18994d8e5ecd60a91bb9f1a9436dc77872f4e","isMergeCommit":true,"messageTitle":"Merge pull request #3 from jinzihan2002/branch-Level-9","messageBody":"branch-Level-9","fileTypesAndContributionMap":{}},{"hash":"5c0131c4615c996f6728bd51776137346340bca4","isMergeCommit":true,"messageTitle":"Merge branch \u0027master\u0027 of github.com:jinzihan2002/ip","messageBody":"* \u0027master\u0027 of github.com:jinzihan2002/ip:\n  Update UI testing to test find function\n  Add feature to find tasks by searching a keyword\n  Add message to be printed before list command prints tasks\n","tags":["Level-9"],"fileTypesAndContributionMap":{}},{"hash":"8632d3d708cae456eb0de212ff11c45063b87d30","isMergeCommit":true,"messageTitle":"Merge branch \u0027master\u0027 into branch-Level-8","messageBody":"* master:\n  Update UI testing to test find function\n  Add feature to find tasks by searching a keyword\n  Add message to be printed before list command prints tasks\n\n# Conflicts:\n#\tsrc/main/java/bosco/Bosco.java\n#\tsrc/main/java/bosco/parser/Parser.java\n","fileTypesAndContributionMap":{}},{"hash":"47e797840b416dc96bed58550b8c282cc856c476","isMergeCommit":true,"messageTitle":"Merge branch \u0027master\u0027 into branch-A-JavaDoc","messageBody":"* master:\n  Update UI testing to test find function\n  Add feature to find tasks by searching a keyword\n  Add message to be printed before list command prints tasks\n","fileTypesAndContributionMap":{}},{"hash":"5f081b32828898b33067bd466ee265f5afba1306","isMergeCommit":false,"messageTitle":"Add JavaDoc comments to FindCommand","messageBody":"","fileTypesAndContributionMap":{"java":{"insertions":14,"deletions":1}}},{"hash":"762d9cce923c443510b54504a54d8590184cd828","isMergeCommit":true,"messageTitle":"Merge pull request #2 from jinzihan2002/branch-Level-8","messageBody":"branch-Level-8","fileTypesAndContributionMap":{}},{"hash":"6dc030bcc6906be35fcdefb1cd98cf38c0caa3e8","isMergeCommit":true,"messageTitle":"Merge branch \u0027master\u0027 of github.com:jinzihan2002/ip","messageBody":"* \u0027master\u0027 of github.com:jinzihan2002/ip:\n  Update UI testing to test datetime format of inputs\n  Modify Bosco to use datetime objects for Deadlines and Events\n  Modify Storage to load dates as datetime objects\n  Modify Deadline and Event to store datetime objects\n  Add parser to parse and format datetime objects\n","tags":["Level-8"],"fileTypesAndContributionMap":{}},{"hash":"8c84fbc983fd5550ba26e1abf5d47bbfb4da9547","isMergeCommit":true,"messageTitle":"Merge branch \u0027master\u0027 into branch-A-JavaDoc","messageBody":"* master:\n  Update UI testing to test datetime format of inputs\n  Modify Bosco to use datetime objects for Deadlines and Events\n  Modify Storage to load dates as datetime objects\n  Modify Deadline and Event to store datetime objects\n  Add parser to parse and format datetime objects\n\n# Conflicts:\n#\tsrc/main/java/bosco/command/AddDeadlineCommand.java\n#\tsrc/main/java/bosco/command/AddEventCommand.java\n#\tsrc/main/java/bosco/parser/Parser.java\n#\tsrc/main/java/bosco/task/Deadline.java\n#\tsrc/main/java/bosco/task/Event.java\n","fileTypesAndContributionMap":{}},{"hash":"c6598a5666c075b09fdc25d3e8a50c1273435e2f","isMergeCommit":true,"messageTitle":"Merge pull request #1 from jinzihan2002/branch-A-JavaDoc","messageBody":"branch-A-JavaDoc","fileTypesAndContributionMap":{}},{"hash":"a2abd6c38cb75e804357b89cc579f251696c047d","isMergeCommit":true,"messageTitle":"Merge branch \u0027master\u0027 of github.com:jinzihan2002/ip","messageBody":"* \u0027master\u0027 of github.com:jinzihan2002/ip:\n  Add JavaDoc comments to FindCommand\n  Add JavaDoc comments to UnmarkCommand\n  Add JavaDoc comments to MarkCommand\n  Add JavaDoc comments to ListCommand\n  Add JavaDoc comments to ExitCommand\n  Add JavaDoc comments to DeleteCommand\n  Add JavaDoc comments to AddTodoCommand\n  Add JavaDoc comments to AddEventCommand\n  Add JavaDoc comments to AddDeadlineCommand\n  Edit JavaDoc comments for class constructors\n  Add JavaDoc comments to Command\n  Add JavaDoc comments to Ui\n  Add JavaDoc comments to Parser\n  Add JavaDoc comments to Storage\n  Add JavaDoc comments to Todo, Deadline and Event\n  Add JavaDoc comments to Task\n  Add JavaDoc comments to TaskList\n  Add JavaDoc comments to Bosco\n","tags":["A-JavaDoc"],"fileTypesAndContributionMap":{}}]},{"date":"2024-10-05","commitResults":[{"hash":"2d22827a559c1808abe0ec12950d5a75c505031e","isMergeCommit":false,"messageTitle":"Edit methods getting target number to strip whitespace","messageBody":"","fileTypesAndContributionMap":{"java":{"insertions":3,"deletions":3}}},{"hash":"cdeaa33c09a56b1928898e8aee759825ae14b0a2","isMergeCommit":false,"messageTitle":"Edit parser to work with any order of /from and /to for Event","messageBody":"","fileTypesAndContributionMap":{"java":{"insertions":17,"deletions":5}}},{"hash":"b572277317b8ec40388deb3e5934f8fd3aa5e433","isMergeCommit":false,"messageTitle":"Update docs/README.md to add User Guide","messageBody":"","fileTypesAndContributionMap":{"md":{"insertions":156,"deletions":13}}},{"hash":"8bf7e712eb82d1e2647c3ac0865355d0990bcff6","isMergeCommit":false,"messageTitle":"Replace printStackTrace with better error handling message","messageBody":"","fileTypesAndContributionMap":{"java":{"insertions":3,"deletions":3}}},{"hash":"03455e7556976949e63f73dfd6e3cd965a480174","isMergeCommit":false,"messageTitle":"Add JavaDoc comments to DateTimeParser","messageBody":"","fileTypesAndContributionMap":{"java":{"insertions":21,"deletions":2}}},{"hash":"0a94b4b460fb71d0ae823ba96c510fc84beb67a1","isMergeCommit":false,"messageTitle":"Edit error message for invalid datetime format","messageBody":"","fileTypesAndContributionMap":{"java":{"insertions":9,"deletions":1}}},{"hash":"795ac955eef5b6fede99716b8da06e2f4cf9f53d","isMergeCommit":false,"messageTitle":"Update docs/README.md with more details","messageBody":"","tags":["A-UserGuide"],"fileTypesAndContributionMap":{"md":{"insertions":28,"deletions":6}}}]},{"date":"2024-10-06","commitResults":[{"hash":"0f77609516b79cd61ab13a69df77c71d5a2b4438","isMergeCommit":false,"messageTitle":"Update docs/README.md with link to release page","messageBody":"","tags":["A-Release"],"fileTypesAndContributionMap":{"md":{"insertions":1,"deletions":1}}}]}]},"authorFileTypeContributionMap":{"jinzihan2002":{"java":1147,"md":179,"fxml":0,"sh":8,"bat":1,"gradle":0,"txt":34}},"authorContributionVariance":{"jinzihan2002":18900.527},"authorDisplayNameMap":{"jinzihan2002":"CS2113-W13-4 JIN ..IHAN"}}
