{"authorDailyContributionsMap":{"jinzihan2002":[{"date":"2024-08-21","commitResults":[{"hash":"2771f649fe1f76fe0398aacc6a1713c3e0f0890d","isMergeCommit":false,"messageTitle":"Rename chatbot and add greeting to Bosco.java","messageBody":"","tags":["Level-0"],"fileTypesAndContributionMap":{"java":{"insertions":8,"deletions":10},"md":{"insertions":1,"deletions":1}}}]},{"date":"2024-08-29","commitResults":[{"hash":"34f213bf2f6d78d73c53cddbd34ceb80157c9241","isMergeCommit":false,"messageTitle":"Add echo functionality","messageBody":"","tags":["Level-1"],"fileTypesAndContributionMap":{"java":{"insertions":29,"deletions":4}}},{"hash":"17aecb20991f7a57a237d2fb3e6284f8b8f6a49d","isMergeCommit":false,"messageTitle":"Add feature to store and list user input","messageBody":"","tags":["Level-2"],"fileTypesAndContributionMap":{"java":{"insertions":14,"deletions":4}}},{"hash":"55808ff96c5ab15ddab5178350833af2a1bfee3c","isMergeCommit":false,"messageTitle":"Add Task class to represent tasks","messageBody":"","tags":["A-Classes"],"fileTypesAndContributionMap":{"java":{"insertions":29,"deletions":3}}},{"hash":"76bb8ed7133de766e42c344987165356c5a080ab","isMergeCommit":false,"messageTitle":"Add feature to mark tasks as done or not done","messageBody":"","tags":["Level-3","A-CodingStandard"],"fileTypesAndContributionMap":{"java":{"insertions":20,"deletions":2}}}]},{"date":"2024-09-01","commitResults":[{"hash":"5fcb801fd71e02bc9718fa9813f5451027d27504","isMergeCommit":false,"messageTitle":"Add methods to print welcome and exit messages","messageBody":"","fileTypesAndContributionMap":{"java":{"insertions":20,"deletions":13}}}]},{"date":"2024-09-03","commitResults":[{"hash":"8e0d77e59db4110620e02fd941592a3c78b0a3d1","isMergeCommit":false,"messageTitle":"Add overridden toString method to Task class","messageBody":"","fileTypesAndContributionMap":{"java":{"insertions":8,"deletions":6}}},{"hash":"43d697b9a1a6c1a0c01644a7accd035d1107b8fa","isMergeCommit":false,"messageTitle":"Add Todo, Deadline and Event subclasses","messageBody":"","fileTypesAndContributionMap":{"java":{"insertions":77,"deletions":9}}}]}]},"authorFileTypeContributionMap":{"jinzihan2002":{"java":164,"md":1,"fxml":0,"sh":0,"bat":0,"gradle":0,"txt":0}},"authorContributionVariance":{"jinzihan2002":1000.5595},"authorDisplayNameMap":{"jinzihan2002":"CS2113-W13-4 JIN ..IHAN"}}
