{"authorDailyContributionsMap":{"jinzihan2002":[{"date":"2024-08-21","commitResults":[{"hash":"2771f649fe1f76fe0398aacc6a1713c3e0f0890d","isMergeCommit":false,"messageTitle":"Rename chatbot and add greeting to Bosco.java","messageBody":"","tags":["Level-0"],"fileTypesAndContributionMap":{"java":{"insertions":8,"deletions":10},"md":{"insertions":1,"deletions":1}}}]},{"date":"2024-08-29","commitResults":[{"hash":"34f213bf2f6d78d73c53cddbd34ceb80157c9241","isMergeCommit":false,"messageTitle":"Add echo functionality","messageBody":"","tags":["Level-1"],"fileTypesAndContributionMap":{"java":{"insertions":29,"deletions":4}}},{"hash":"17aecb20991f7a57a237d2fb3e6284f8b8f6a49d","isMergeCommit":false,"messageTitle":"Add feature to store and list user input","messageBody":"","tags":["Level-2"],"fileTypesAndContributionMap":{"java":{"insertions":14,"deletions":4}}},{"hash":"55808ff96c5ab15ddab5178350833af2a1bfee3c","isMergeCommit":false,"messageTitle":"Add Task class to represent tasks","messageBody":"","tags":["A-Classes"],"fileTypesAndContributionMap":{"java":{"insertions":29,"deletions":3}}},{"hash":"76bb8ed7133de766e42c344987165356c5a080ab","isMergeCommit":false,"messageTitle":"Add feature to mark tasks as done or not done","messageBody":"","tags":["Level-3","A-CodingStandard"],"fileTypesAndContributionMap":{"java":{"insertions":20,"deletions":2}}}]},{"date":"2024-09-01","commitResults":[{"hash":"5fcb801fd71e02bc9718fa9813f5451027d27504","isMergeCommit":false,"messageTitle":"Add methods to print welcome and exit messages","messageBody":"","fileTypesAndContributionMap":{"java":{"insertions":20,"deletions":13}}}]},{"date":"2024-09-03","commitResults":[{"hash":"8e0d77e59db4110620e02fd941592a3c78b0a3d1","isMergeCommit":false,"messageTitle":"Add overridden toString method to Task class","messageBody":"","fileTypesAndContributionMap":{"java":{"insertions":8,"deletions":6}}},{"hash":"43d697b9a1a6c1a0c01644a7accd035d1107b8fa","isMergeCommit":false,"messageTitle":"Add Todo, Deadline and Event subclasses","messageBody":"","tags":["A-Inheritance"],"fileTypesAndContributionMap":{"java":{"insertions":77,"deletions":9}}}]},{"date":"2024-09-04","commitResults":[{"hash":"df0cebc6d2bb25492d48715ee77c548d9a1bdf0e","isMergeCommit":false,"messageTitle":"Edit chatbot printouts to follow requirements","messageBody":"","tags":["Level-4"],"fileTypesAndContributionMap":{"java":{"insertions":11,"deletions":4}}},{"hash":"7489081b199e07bcb9c20252625ee6450b04000a","isMergeCommit":false,"messageTitle":"Add semi-auto UI testing using I/O redirection","messageBody":"","tags":["A-TextUiTesting"],"fileTypesAndContributionMap":{"txt":{"insertions":13,"deletions":0},"bat":{"insertions":1,"deletions":1},"sh":{"insertions":2,"deletions":2}}}]},{"date":"2024-09-05","commitResults":[{"hash":"2e647b69c9e00edd6ed917bf2ec390b0bf0fe938","isMergeCommit":false,"messageTitle":"Remove unused import statement","messageBody":"","fileTypesAndContributionMap":{"java":{"insertions":0,"deletions":1}}}]},{"date":"2024-09-06","commitResults":[{"hash":"1c333e4b891ebd3d45b881a674335e069ce1f53d","isMergeCommit":false,"messageTitle":"Add methods for parsing type and args in raw input","messageBody":"","tags":["A-CodeQuality"],"fileTypesAndContributionMap":{"java":{"insertions":36,"deletions":14}}}]}]},"authorFileTypeContributionMap":{"jinzihan2002":{"java":192,"md":1,"fxml":0,"sh":1,"bat":1,"gradle":0,"txt":13}},"authorContributionVariance":{"jinzihan2002":946.5144},"authorDisplayNameMap":{"jinzihan2002":"CS2113-W13-4 JIN ..IHAN"}}
