[{"path":"docs/README.md","fileType":"md","lines":[{"lineNumber":1,"author":{"gitId":"yijiano"},"content":"# Akshan User Guide","lastModifiedDate":"2024-08-21","isFullCredit":false},{"lineNumber":2,"author":{"gitId":"-"},"content":"","lastModifiedDate":"2019-07-29","isFullCredit":false},{"lineNumber":3,"author":{"gitId":"-"},"content":"// Update the title above to match the actual product name","lastModifiedDate":"2024-01-07","isFullCredit":false},{"lineNumber":4,"author":{"gitId":"-"},"content":"","lastModifiedDate":"2019-07-29","isFullCredit":false},{"lineNumber":5,"author":{"gitId":"-"},"content":"// Product screenshot goes here","lastModifiedDate":"2024-01-07","isFullCredit":false},{"lineNumber":6,"author":{"gitId":"-"},"content":"","lastModifiedDate":"2021-07-17","isFullCredit":false},{"lineNumber":7,"author":{"gitId":"-"},"content":"// Product intro goes here","lastModifiedDate":"2024-01-07","isFullCredit":false},{"lineNumber":8,"author":{"gitId":"-"},"content":"","lastModifiedDate":"2021-07-17","isFullCredit":false},{"lineNumber":9,"author":{"gitId":"-"},"content":"## Adding deadlines","lastModifiedDate":"2024-01-07","isFullCredit":false},{"lineNumber":10,"author":{"gitId":"-"},"content":"","lastModifiedDate":"2021-07-17","isFullCredit":false},{"lineNumber":11,"author":{"gitId":"-"},"content":"// Describe the action and its outcome.","lastModifiedDate":"2024-01-07","isFullCredit":false},{"lineNumber":12,"author":{"gitId":"-"},"content":"","lastModifiedDate":"2019-07-29","isFullCredit":false},{"lineNumber":13,"author":{"gitId":"-"},"content":"// Give examples of usage","lastModifiedDate":"2024-01-07","isFullCredit":false},{"lineNumber":14,"author":{"gitId":"-"},"content":"","lastModifiedDate":"2019-07-29","isFullCredit":false},{"lineNumber":15,"author":{"gitId":"-"},"content":"Example: `keyword (optional arguments)`","lastModifiedDate":"2024-01-07","isFullCredit":false},{"lineNumber":16,"author":{"gitId":"-"},"content":"","lastModifiedDate":"2019-07-29","isFullCredit":false},{"lineNumber":17,"author":{"gitId":"-"},"content":"// A description of the expected outcome goes here","lastModifiedDate":"2024-01-07","isFullCredit":false},{"lineNumber":18,"author":{"gitId":"-"},"content":"","lastModifiedDate":"2019-07-29","isFullCredit":false},{"lineNumber":19,"author":{"gitId":"-"},"content":"```","lastModifiedDate":"2024-01-07","isFullCredit":false},{"lineNumber":20,"author":{"gitId":"-"},"content":"expected output","lastModifiedDate":"2024-01-07","isFullCredit":false},{"lineNumber":21,"author":{"gitId":"-"},"content":"```","lastModifiedDate":"2024-01-07","isFullCredit":false},{"lineNumber":22,"author":{"gitId":"-"},"content":"","lastModifiedDate":"2019-07-29","isFullCredit":false},{"lineNumber":23,"author":{"gitId":"-"},"content":"## Feature ABC","lastModifiedDate":"2024-01-07","isFullCredit":false},{"lineNumber":24,"author":{"gitId":"-"},"content":"","lastModifiedDate":"2019-07-29","isFullCredit":false},{"lineNumber":25,"author":{"gitId":"-"},"content":"// Feature details","lastModifiedDate":"2024-01-07","isFullCredit":false},{"lineNumber":26,"author":{"gitId":"-"},"content":"","lastModifiedDate":"2019-07-29","isFullCredit":false},{"lineNumber":27,"author":{"gitId":"-"},"content":"","lastModifiedDate":"2021-07-17","isFullCredit":false},{"lineNumber":28,"author":{"gitId":"-"},"content":"## Feature XYZ","lastModifiedDate":"2024-01-07","isFullCredit":false},{"lineNumber":29,"author":{"gitId":"-"},"content":"","lastModifiedDate":"2024-01-07","isFullCredit":false},{"lineNumber":30,"author":{"gitId":"-"},"content":"// Feature details","lastModifiedDate":"2024-01-07","isFullCredit":false}],"authorContributionMap":{"yijiano":1,"-":29}},{"path":"src/main/java/Akshan.java","fileType":"java","lines":[{"lineNumber":1,"author":{"gitId":"yijiano"},"content":"import java.util.Scanner;","lastModifiedDate":"2024-08-28","isFullCredit":false},{"lineNumber":2,"author":{"gitId":"yijiano"},"content":"import java.util.HashMap;","lastModifiedDate":"2024-09-03","isFullCredit":false},{"lineNumber":3,"author":{"gitId":"yijiano"},"content":"import java.util.Map;","lastModifiedDate":"2024-09-03","isFullCredit":false},{"lineNumber":4,"author":{"gitId":"yijiano"},"content":"import java.util.function.Function;","lastModifiedDate":"2024-09-03","isFullCredit":false},{"lineNumber":5,"author":{"gitId":"yijiano"},"content":"","lastModifiedDate":"2024-08-28","isFullCredit":false},{"lineNumber":6,"author":{"gitId":"yijiano"},"content":"public class Akshan {","lastModifiedDate":"2024-08-21","isFullCredit":false},{"lineNumber":7,"author":{"gitId":"yijiano"},"content":"","lastModifiedDate":"2024-08-21","isFullCredit":false},{"lineNumber":8,"author":{"gitId":"yijiano"},"content":"    private static final String NAME \u003d \"Akshan\";","lastModifiedDate":"2024-08-28","isFullCredit":false},{"lineNumber":9,"author":{"gitId":"yijiano"},"content":"    private static final String LOGO \u003d \"\"\"","lastModifiedDate":"2024-08-28","isFullCredit":false},{"lineNumber":10,"author":{"gitId":"yijiano"},"content":" ","lastModifiedDate":"2024-08-21","isFullCredit":false},{"lineNumber":11,"author":{"gitId":"yijiano"},"content":"             ░▒▓██████▓▒░░▒▓█▓▒░░▒▓█▓▒░░▒▓███████▓▒░▒▓█▓▒░░▒▓█▓▒░░▒▓██████▓▒░░▒▓███████▓▒░ \\s","lastModifiedDate":"2024-08-21","isFullCredit":false},{"lineNumber":12,"author":{"gitId":"yijiano"},"content":"            ░▒▓█▓▒░░▒▓█▓▒░▒▓█▓▒░░▒▓█▓▒░▒▓█▓▒░      ░▒▓█▓▒░░▒▓█▓▒░▒▓█▓▒░░▒▓█▓▒░▒▓█▓▒░░▒▓█▓▒░\\s","lastModifiedDate":"2024-08-21","isFullCredit":false},{"lineNumber":13,"author":{"gitId":"yijiano"},"content":"            ░▒▓█▓▒░░▒▓█▓▒░▒▓█▓▒░░▒▓█▓▒░▒▓█▓▒░      ░▒▓█▓▒░░▒▓█▓▒░▒▓█▓▒░░▒▓█▓▒░▒▓█▓▒░░▒▓█▓▒░\\s","lastModifiedDate":"2024-08-21","isFullCredit":false},{"lineNumber":14,"author":{"gitId":"yijiano"},"content":"            ░▒▓████████▓▒░▒▓███████▓▒░ ░▒▓██████▓▒░░▒▓████████▓▒░▒▓████████▓▒░▒▓█▓▒░░▒▓█▓▒░\\s","lastModifiedDate":"2024-08-21","isFullCredit":false},{"lineNumber":15,"author":{"gitId":"yijiano"},"content":"            ░▒▓█▓▒░░▒▓█▓▒░▒▓█▓▒░░▒▓█▓▒░      ░▒▓█▓▒░▒▓█▓▒░░▒▓█▓▒░▒▓█▓▒░░▒▓█▓▒░▒▓█▓▒░░▒▓█▓▒░\\s","lastModifiedDate":"2024-08-21","isFullCredit":false},{"lineNumber":16,"author":{"gitId":"yijiano"},"content":"            ░▒▓█▓▒░░▒▓█▓▒░▒▓█▓▒░░▒▓█▓▒░      ░▒▓█▓▒░▒▓█▓▒░░▒▓█▓▒░▒▓█▓▒░░▒▓█▓▒░▒▓█▓▒░░▒▓█▓▒░\\s","lastModifiedDate":"2024-08-21","isFullCredit":false},{"lineNumber":17,"author":{"gitId":"yijiano"},"content":"            ░▒▓█▓▒░░▒▓█▓▒░▒▓█▓▒░░▒▓█▓▒░▒▓███████▓▒░░▒▓█▓▒░░▒▓█▓▒░▒▓█▓▒░░▒▓█▓▒░▒▓█▓▒░░▒▓█▓▒░\\s","lastModifiedDate":"2024-08-21","isFullCredit":false},{"lineNumber":18,"author":{"gitId":"yijiano"},"content":"            \"\"\";","lastModifiedDate":"2024-08-21","isFullCredit":false},{"lineNumber":19,"author":{"gitId":"yijiano"},"content":"    private static final Map\u003cCommandType, Function\u003cString, String[]\u003e\u003e COMMAND_PARSERS \u003d new HashMap\u003c\u003e();","lastModifiedDate":"2024-09-03","isFullCredit":false},{"lineNumber":20,"author":{"gitId":"yijiano"},"content":"","lastModifiedDate":"2024-09-03","isFullCredit":false},{"lineNumber":21,"author":{"gitId":"yijiano"},"content":"    static {","lastModifiedDate":"2024-09-03","isFullCredit":false},{"lineNumber":22,"author":{"gitId":"yijiano"},"content":"        COMMAND_PARSERS.put(CommandType.TODO, Akshan::parseTodo);","lastModifiedDate":"2024-09-03","isFullCredit":false},{"lineNumber":23,"author":{"gitId":"yijiano"},"content":"        COMMAND_PARSERS.put(CommandType.DEADLINE, Akshan::parseDeadline);","lastModifiedDate":"2024-09-03","isFullCredit":false},{"lineNumber":24,"author":{"gitId":"yijiano"},"content":"        COMMAND_PARSERS.put(CommandType.EVENT, Akshan::parseEvent);","lastModifiedDate":"2024-09-03","isFullCredit":false},{"lineNumber":25,"author":{"gitId":"yijiano"},"content":"    }","lastModifiedDate":"2024-09-03","isFullCredit":false},{"lineNumber":26,"author":{"gitId":"yijiano"},"content":"","lastModifiedDate":"2024-08-21","isFullCredit":false},{"lineNumber":27,"author":{"gitId":"yijiano"},"content":"","lastModifiedDate":"2024-08-21","isFullCredit":false},{"lineNumber":28,"author":{"gitId":"yijiano"},"content":"    /**","lastModifiedDate":"2024-08-28","isFullCredit":false},{"lineNumber":29,"author":{"gitId":"yijiano"},"content":"     * Prints a horizontal line.","lastModifiedDate":"2024-08-28","isFullCredit":false},{"lineNumber":30,"author":{"gitId":"yijiano"},"content":"     */","lastModifiedDate":"2024-08-28","isFullCredit":false},{"lineNumber":31,"author":{"gitId":"yijiano"},"content":"    private static void printLine(){","lastModifiedDate":"2024-08-21","isFullCredit":false},{"lineNumber":32,"author":{"gitId":"yijiano"},"content":"        System.out.println(\"_______________________________________________________________\");","lastModifiedDate":"2024-08-21","isFullCredit":false},{"lineNumber":33,"author":{"gitId":"yijiano"},"content":"    }","lastModifiedDate":"2024-08-21","isFullCredit":false},{"lineNumber":34,"author":{"gitId":"yijiano"},"content":"","lastModifiedDate":"2024-08-28","isFullCredit":false},{"lineNumber":35,"author":{"gitId":"yijiano"},"content":"    /**","lastModifiedDate":"2024-09-03","isFullCredit":false},{"lineNumber":36,"author":{"gitId":"yijiano"},"content":"     * Main method to run the Akshan bot.","lastModifiedDate":"2024-09-03","isFullCredit":false},{"lineNumber":37,"author":{"gitId":"yijiano"},"content":"     */","lastModifiedDate":"2024-09-03","isFullCredit":false},{"lineNumber":38,"author":{"gitId":"yijiano"},"content":"    public static void main(String[] args) {","lastModifiedDate":"2024-09-03","isFullCredit":false},{"lineNumber":39,"author":{"gitId":"yijiano"},"content":"        Scanner input \u003d new Scanner(System.in);","lastModifiedDate":"2024-09-03","isFullCredit":false},{"lineNumber":40,"author":{"gitId":"yijiano"},"content":"        TaskList taskList \u003d new TaskList();","lastModifiedDate":"2024-09-03","isFullCredit":false},{"lineNumber":41,"author":{"gitId":"yijiano"},"content":"","lastModifiedDate":"2024-09-03","isFullCredit":false},{"lineNumber":42,"author":{"gitId":"yijiano"},"content":"        init();","lastModifiedDate":"2024-09-03","isFullCredit":false},{"lineNumber":43,"author":{"gitId":"yijiano"},"content":"        String line \u003d input.nextLine();","lastModifiedDate":"2024-09-03","isFullCredit":false},{"lineNumber":44,"author":{"gitId":"yijiano"},"content":"","lastModifiedDate":"2024-09-03","isFullCredit":false},{"lineNumber":45,"author":{"gitId":"yijiano"},"content":"        while (!line.equals(CommandType.BYE.getCommand())) {","lastModifiedDate":"2024-09-03","isFullCredit":false},{"lineNumber":46,"author":{"gitId":"yijiano"},"content":"            processCommand(line, taskList);","lastModifiedDate":"2024-09-03","isFullCredit":false},{"lineNumber":47,"author":{"gitId":"yijiano"},"content":"            printLine();","lastModifiedDate":"2024-09-03","isFullCredit":false},{"lineNumber":48,"author":{"gitId":"yijiano"},"content":"            line \u003d input.nextLine();","lastModifiedDate":"2024-09-03","isFullCredit":false},{"lineNumber":49,"author":{"gitId":"yijiano"},"content":"        }","lastModifiedDate":"2024-09-03","isFullCredit":false},{"lineNumber":50,"author":{"gitId":"yijiano"},"content":"        bye();","lastModifiedDate":"2024-09-03","isFullCredit":false},{"lineNumber":51,"author":{"gitId":"yijiano"},"content":"    }","lastModifiedDate":"2024-09-03","isFullCredit":false},{"lineNumber":52,"author":{"gitId":"yijiano"},"content":"","lastModifiedDate":"2024-09-03","isFullCredit":false},{"lineNumber":53,"author":{"gitId":"yijiano"},"content":"    /**","lastModifiedDate":"2024-08-28","isFullCredit":false},{"lineNumber":54,"author":{"gitId":"yijiano"},"content":"     * Initializes the bot, prints the logo and a welcome message.","lastModifiedDate":"2024-08-28","isFullCredit":false},{"lineNumber":55,"author":{"gitId":"yijiano"},"content":"     */","lastModifiedDate":"2024-08-28","isFullCredit":false},{"lineNumber":56,"author":{"gitId":"yijiano"},"content":"    private static void init(){","lastModifiedDate":"2024-08-28","isFullCredit":false},{"lineNumber":57,"author":{"gitId":"yijiano"},"content":"        System.out.println(LOGO);","lastModifiedDate":"2024-08-28","isFullCredit":false},{"lineNumber":58,"author":{"gitId":"yijiano"},"content":"        printLine();","lastModifiedDate":"2024-08-28","isFullCredit":false},{"lineNumber":59,"author":{"gitId":"yijiano"},"content":"        System.out.println(\"Hello! I\u0027m \" + NAME);","lastModifiedDate":"2024-08-28","isFullCredit":false},{"lineNumber":60,"author":{"gitId":"yijiano"},"content":"        System.out.println(\"What can I do for you?\");","lastModifiedDate":"2024-08-21","isFullCredit":false},{"lineNumber":61,"author":{"gitId":"yijiano"},"content":"        printLine();","lastModifiedDate":"2024-08-28","isFullCredit":false},{"lineNumber":62,"author":{"gitId":"yijiano"},"content":"    }","lastModifiedDate":"2024-08-28","isFullCredit":false},{"lineNumber":63,"author":{"gitId":"yijiano"},"content":"","lastModifiedDate":"2024-08-28","isFullCredit":false},{"lineNumber":64,"author":{"gitId":"yijiano"},"content":"    /**","lastModifiedDate":"2024-08-28","isFullCredit":false},{"lineNumber":65,"author":{"gitId":"yijiano"},"content":"     * Exit bot, prints goodbye sequence.","lastModifiedDate":"2024-08-28","isFullCredit":false},{"lineNumber":66,"author":{"gitId":"yijiano"},"content":"     */","lastModifiedDate":"2024-08-28","isFullCredit":false},{"lineNumber":67,"author":{"gitId":"yijiano"},"content":"    private static void bye(){","lastModifiedDate":"2024-08-28","isFullCredit":false},{"lineNumber":68,"author":{"gitId":"yijiano"},"content":"        System.out.println( \"Bye. Hope to see you again soon!\");","lastModifiedDate":"2024-08-21","isFullCredit":false},{"lineNumber":69,"author":{"gitId":"yijiano"},"content":"        printLine();","lastModifiedDate":"2024-08-28","isFullCredit":false},{"lineNumber":70,"author":{"gitId":"yijiano"},"content":"    }","lastModifiedDate":"2024-08-28","isFullCredit":false},{"lineNumber":71,"author":{"gitId":"yijiano"},"content":"","lastModifiedDate":"2024-08-21","isFullCredit":false},{"lineNumber":72,"author":{"gitId":"yijiano"},"content":"    /**","lastModifiedDate":"2024-09-03","isFullCredit":false},{"lineNumber":73,"author":{"gitId":"yijiano"},"content":"     * Processes the user\u0027s command.","lastModifiedDate":"2024-09-03","isFullCredit":false},{"lineNumber":74,"author":{"gitId":"yijiano"},"content":"     *","lastModifiedDate":"2024-09-03","isFullCredit":false},{"lineNumber":75,"author":{"gitId":"yijiano"},"content":"     * @param command The user\u0027s input command.","lastModifiedDate":"2024-09-03","isFullCredit":false},{"lineNumber":76,"author":{"gitId":"yijiano"},"content":"     * @param taskList The list of tasks.","lastModifiedDate":"2024-09-03","isFullCredit":false},{"lineNumber":77,"author":{"gitId":"yijiano"},"content":"     */","lastModifiedDate":"2024-09-03","isFullCredit":false},{"lineNumber":78,"author":{"gitId":"yijiano"},"content":"    private static void processCommand(String command, TaskList taskList) {","lastModifiedDate":"2024-09-03","isFullCredit":false},{"lineNumber":79,"author":{"gitId":"yijiano"},"content":"        String[] splitInput \u003d command.split(\"/\");","lastModifiedDate":"2024-09-03","isFullCredit":false},{"lineNumber":80,"author":{"gitId":"yijiano"},"content":"        String commandTypeString \u003d splitInput[0].split(\" \")[0];","lastModifiedDate":"2024-09-03","isFullCredit":false},{"lineNumber":81,"author":{"gitId":"yijiano"},"content":"        CommandType commandType \u003d CommandType.fromString(commandTypeString);","lastModifiedDate":"2024-09-03","isFullCredit":false},{"lineNumber":82,"author":{"gitId":"yijiano"},"content":"","lastModifiedDate":"2024-08-28","isFullCredit":false},{"lineNumber":83,"author":{"gitId":"yijiano"},"content":"        switch (commandType) {","lastModifiedDate":"2024-09-03","isFullCredit":false},{"lineNumber":84,"author":{"gitId":"yijiano"},"content":"        case LIST:","lastModifiedDate":"2024-09-03","isFullCredit":false},{"lineNumber":85,"author":{"gitId":"yijiano"},"content":"            taskList.printList();","lastModifiedDate":"2024-09-03","isFullCredit":false},{"lineNumber":86,"author":{"gitId":"yijiano"},"content":"            break;","lastModifiedDate":"2024-09-03","isFullCredit":false},{"lineNumber":87,"author":{"gitId":"yijiano"},"content":"        case MARK:","lastModifiedDate":"2024-09-03","isFullCredit":false},{"lineNumber":88,"author":{"gitId":"yijiano"},"content":"            processMarkUnmark(splitInput[0], taskList, true);","lastModifiedDate":"2024-09-03","isFullCredit":false},{"lineNumber":89,"author":{"gitId":"yijiano"},"content":"            break;","lastModifiedDate":"2024-09-03","isFullCredit":false},{"lineNumber":90,"author":{"gitId":"yijiano"},"content":"        case UNMARK:","lastModifiedDate":"2024-09-03","isFullCredit":false},{"lineNumber":91,"author":{"gitId":"yijiano"},"content":"            processMarkUnmark(splitInput[0], taskList, false);","lastModifiedDate":"2024-09-03","isFullCredit":false},{"lineNumber":92,"author":{"gitId":"yijiano"},"content":"            break;","lastModifiedDate":"2024-09-03","isFullCredit":false},{"lineNumber":93,"author":{"gitId":"yijiano"},"content":"        case TODO:","lastModifiedDate":"2024-09-03","isFullCredit":false},{"lineNumber":94,"author":{"gitId":"yijiano"},"content":"        case DEADLINE:","lastModifiedDate":"2024-09-03","isFullCredit":false},{"lineNumber":95,"author":{"gitId":"yijiano"},"content":"        case EVENT:","lastModifiedDate":"2024-09-03","isFullCredit":false},{"lineNumber":96,"author":{"gitId":"yijiano"},"content":"            processTask(commandType, command, taskList);","lastModifiedDate":"2024-09-03","isFullCredit":false},{"lineNumber":97,"author":{"gitId":"yijiano"},"content":"            break;","lastModifiedDate":"2024-09-03","isFullCredit":false},{"lineNumber":98,"author":{"gitId":"yijiano"},"content":"        default:","lastModifiedDate":"2024-09-03","isFullCredit":false},{"lineNumber":99,"author":{"gitId":"yijiano"},"content":"            System.out.println(\"Uh oh, no command found in: \" + command);","lastModifiedDate":"2024-09-03","isFullCredit":false},{"lineNumber":100,"author":{"gitId":"yijiano"},"content":"        }","lastModifiedDate":"2024-09-03","isFullCredit":false},{"lineNumber":101,"author":{"gitId":"yijiano"},"content":"    }","lastModifiedDate":"2024-09-03","isFullCredit":false},{"lineNumber":102,"author":{"gitId":"yijiano"},"content":"","lastModifiedDate":"2024-08-28","isFullCredit":false},{"lineNumber":103,"author":{"gitId":"yijiano"},"content":"    /**","lastModifiedDate":"2024-09-03","isFullCredit":false},{"lineNumber":104,"author":{"gitId":"yijiano"},"content":"     * Processes a task command (TODO, DEADLINE, or EVENT).","lastModifiedDate":"2024-09-03","isFullCredit":false},{"lineNumber":105,"author":{"gitId":"yijiano"},"content":"     *","lastModifiedDate":"2024-09-03","isFullCredit":false},{"lineNumber":106,"author":{"gitId":"yijiano"},"content":"     * @param taskType The type of task.","lastModifiedDate":"2024-09-03","isFullCredit":false},{"lineNumber":107,"author":{"gitId":"yijiano"},"content":"     * @param command The full command string.","lastModifiedDate":"2024-09-03","isFullCredit":false},{"lineNumber":108,"author":{"gitId":"yijiano"},"content":"     * @param taskList The list of tasks.","lastModifiedDate":"2024-09-03","isFullCredit":false},{"lineNumber":109,"author":{"gitId":"yijiano"},"content":"     */","lastModifiedDate":"2024-09-03","isFullCredit":false},{"lineNumber":110,"author":{"gitId":"yijiano"},"content":"    private static void processTask(CommandType taskType, String command, TaskList taskList) {","lastModifiedDate":"2024-09-03","isFullCredit":false},{"lineNumber":111,"author":{"gitId":"yijiano"},"content":"        String[] params \u003d COMMAND_PARSERS.get(taskType).apply(command);","lastModifiedDate":"2024-09-03","isFullCredit":false},{"lineNumber":112,"author":{"gitId":"yijiano"},"content":"        Task task \u003d Task.createTask(taskType.getCommand(), params);","lastModifiedDate":"2024-09-03","isFullCredit":false},{"lineNumber":113,"author":{"gitId":"yijiano"},"content":"        addTaskToList(taskList, task);","lastModifiedDate":"2024-09-03","isFullCredit":false},{"lineNumber":114,"author":{"gitId":"yijiano"},"content":"    }","lastModifiedDate":"2024-09-03","isFullCredit":false},{"lineNumber":115,"author":{"gitId":"yijiano"},"content":"","lastModifiedDate":"2024-08-28","isFullCredit":false},{"lineNumber":116,"author":{"gitId":"yijiano"},"content":"    /**","lastModifiedDate":"2024-09-03","isFullCredit":false},{"lineNumber":117,"author":{"gitId":"yijiano"},"content":"     * Adds a task to the task list and prints a confirmation message.","lastModifiedDate":"2024-09-03","isFullCredit":false},{"lineNumber":118,"author":{"gitId":"yijiano"},"content":"     *","lastModifiedDate":"2024-09-03","isFullCredit":false},{"lineNumber":119,"author":{"gitId":"yijiano"},"content":"     * @param taskList The list of tasks.","lastModifiedDate":"2024-09-03","isFullCredit":false},{"lineNumber":120,"author":{"gitId":"yijiano"},"content":"     * @param task The task to be added.","lastModifiedDate":"2024-09-03","isFullCredit":false},{"lineNumber":121,"author":{"gitId":"yijiano"},"content":"     */","lastModifiedDate":"2024-09-03","isFullCredit":false},{"lineNumber":122,"author":{"gitId":"yijiano"},"content":"    private static void addTaskToList(TaskList taskList, Task task) {","lastModifiedDate":"2024-09-03","isFullCredit":false},{"lineNumber":123,"author":{"gitId":"yijiano"},"content":"        taskList.addItem(task);","lastModifiedDate":"2024-09-03","isFullCredit":false},{"lineNumber":124,"author":{"gitId":"yijiano"},"content":"        System.out.println(\"Got it. I\u0027ve added this task:\");","lastModifiedDate":"2024-09-03","isFullCredit":false},{"lineNumber":125,"author":{"gitId":"yijiano"},"content":"        System.out.println(\"  \" + task);","lastModifiedDate":"2024-09-03","isFullCredit":false},{"lineNumber":126,"author":{"gitId":"yijiano"},"content":"        System.out.println(\"Now you have \" + taskList.size() + \" tasks in the list.\");","lastModifiedDate":"2024-09-03","isFullCredit":false},{"lineNumber":127,"author":{"gitId":"yijiano"},"content":"    }","lastModifiedDate":"2024-09-03","isFullCredit":false},{"lineNumber":128,"author":{"gitId":"yijiano"},"content":"","lastModifiedDate":"2024-09-03","isFullCredit":false},{"lineNumber":129,"author":{"gitId":"yijiano"},"content":"    /**","lastModifiedDate":"2024-09-03","isFullCredit":false},{"lineNumber":130,"author":{"gitId":"yijiano"},"content":"     * Processes the mark or unmark command.","lastModifiedDate":"2024-09-03","isFullCredit":false},{"lineNumber":131,"author":{"gitId":"yijiano"},"content":"     *","lastModifiedDate":"2024-09-03","isFullCredit":false},{"lineNumber":132,"author":{"gitId":"yijiano"},"content":"     * @param command The command string.","lastModifiedDate":"2024-09-03","isFullCredit":false},{"lineNumber":133,"author":{"gitId":"yijiano"},"content":"     * @param taskList The list of tasks.","lastModifiedDate":"2024-09-03","isFullCredit":false},{"lineNumber":134,"author":{"gitId":"yijiano"},"content":"     * @param mark True if marking, false if unmarking.","lastModifiedDate":"2024-09-03","isFullCredit":false},{"lineNumber":135,"author":{"gitId":"yijiano"},"content":"     */","lastModifiedDate":"2024-09-03","isFullCredit":false},{"lineNumber":136,"author":{"gitId":"yijiano"},"content":"    private static void processMarkUnmark(String command, TaskList taskList, boolean mark) {","lastModifiedDate":"2024-09-03","isFullCredit":false},{"lineNumber":137,"author":{"gitId":"yijiano"},"content":"        String[] parts \u003d command.split(\" \");","lastModifiedDate":"2024-09-03","isFullCredit":false},{"lineNumber":138,"author":{"gitId":"yijiano"},"content":"        if (parts.length \u003d\u003d 2) {","lastModifiedDate":"2024-09-03","isFullCredit":false},{"lineNumber":139,"author":{"gitId":"yijiano"},"content":"            int index \u003d Integer.parseInt(parts[1]);","lastModifiedDate":"2024-09-03","isFullCredit":false},{"lineNumber":140,"author":{"gitId":"yijiano"},"content":"            taskList.setItemStatus(index, mark);","lastModifiedDate":"2024-09-03","isFullCredit":false},{"lineNumber":141,"author":{"gitId":"yijiano"},"content":"        }","lastModifiedDate":"2024-09-03","isFullCredit":false},{"lineNumber":142,"author":{"gitId":"yijiano"},"content":"    }","lastModifiedDate":"2024-08-28","isFullCredit":false},{"lineNumber":143,"author":{"gitId":"yijiano"},"content":"","lastModifiedDate":"2024-09-03","isFullCredit":false},{"lineNumber":144,"author":{"gitId":"yijiano"},"content":"    /**","lastModifiedDate":"2024-09-03","isFullCredit":false},{"lineNumber":145,"author":{"gitId":"yijiano"},"content":"     * Parses a TODO command.","lastModifiedDate":"2024-09-03","isFullCredit":false},{"lineNumber":146,"author":{"gitId":"yijiano"},"content":"     *","lastModifiedDate":"2024-09-03","isFullCredit":false},{"lineNumber":147,"author":{"gitId":"yijiano"},"content":"     * @param command The full command string.","lastModifiedDate":"2024-09-03","isFullCredit":false},{"lineNumber":148,"author":{"gitId":"yijiano"},"content":"     * @return An array containing the task description.","lastModifiedDate":"2024-09-03","isFullCredit":false},{"lineNumber":149,"author":{"gitId":"yijiano"},"content":"     */","lastModifiedDate":"2024-09-03","isFullCredit":false},{"lineNumber":150,"author":{"gitId":"yijiano"},"content":"    private static String[] parseTodo(String command) {","lastModifiedDate":"2024-09-03","isFullCredit":false},{"lineNumber":151,"author":{"gitId":"yijiano"},"content":"        return new String[]{command.split(\" \", 2)[1]};","lastModifiedDate":"2024-09-03","isFullCredit":false},{"lineNumber":152,"author":{"gitId":"yijiano"},"content":"    }","lastModifiedDate":"2024-08-28","isFullCredit":false},{"lineNumber":153,"author":{"gitId":"yijiano"},"content":"","lastModifiedDate":"2024-09-03","isFullCredit":false},{"lineNumber":154,"author":{"gitId":"yijiano"},"content":"    /**","lastModifiedDate":"2024-09-03","isFullCredit":false},{"lineNumber":155,"author":{"gitId":"yijiano"},"content":"     * Parses a DEADLINE command.","lastModifiedDate":"2024-09-03","isFullCredit":false},{"lineNumber":156,"author":{"gitId":"yijiano"},"content":"     *","lastModifiedDate":"2024-09-03","isFullCredit":false},{"lineNumber":157,"author":{"gitId":"yijiano"},"content":"     * @param command The full command string.","lastModifiedDate":"2024-09-03","isFullCredit":false},{"lineNumber":158,"author":{"gitId":"yijiano"},"content":"     * @return An array containing the task description and deadline.","lastModifiedDate":"2024-09-03","isFullCredit":false},{"lineNumber":159,"author":{"gitId":"yijiano"},"content":"     */","lastModifiedDate":"2024-09-03","isFullCredit":false},{"lineNumber":160,"author":{"gitId":"yijiano"},"content":"    private static String[] parseDeadline(String command) {","lastModifiedDate":"2024-09-03","isFullCredit":false},{"lineNumber":161,"author":{"gitId":"yijiano"},"content":"        String[] parts \u003d command.split(\" /by \", 2);","lastModifiedDate":"2024-09-03","isFullCredit":false},{"lineNumber":162,"author":{"gitId":"yijiano"},"content":"        return new String[]{parts[0].split(\" \", 2)[1], parts[1]};","lastModifiedDate":"2024-09-03","isFullCredit":false},{"lineNumber":163,"author":{"gitId":"yijiano"},"content":"    }","lastModifiedDate":"2024-09-03","isFullCredit":false},{"lineNumber":164,"author":{"gitId":"yijiano"},"content":"","lastModifiedDate":"2024-09-03","isFullCredit":false},{"lineNumber":165,"author":{"gitId":"yijiano"},"content":"    /**","lastModifiedDate":"2024-09-03","isFullCredit":false},{"lineNumber":166,"author":{"gitId":"yijiano"},"content":"     * Parses an EVENT command.","lastModifiedDate":"2024-09-03","isFullCredit":false},{"lineNumber":167,"author":{"gitId":"yijiano"},"content":"     *","lastModifiedDate":"2024-09-03","isFullCredit":false},{"lineNumber":168,"author":{"gitId":"yijiano"},"content":"     * @param command The full command string.","lastModifiedDate":"2024-09-03","isFullCredit":false},{"lineNumber":169,"author":{"gitId":"yijiano"},"content":"     * @return An array containing the event description, start time, and end time.","lastModifiedDate":"2024-09-03","isFullCredit":false},{"lineNumber":170,"author":{"gitId":"yijiano"},"content":"     */","lastModifiedDate":"2024-09-03","isFullCredit":false},{"lineNumber":171,"author":{"gitId":"yijiano"},"content":"    private static String[] parseEvent(String command) {","lastModifiedDate":"2024-09-03","isFullCredit":false},{"lineNumber":172,"author":{"gitId":"yijiano"},"content":"        String[] parts \u003d command.split(\" /\", 3);","lastModifiedDate":"2024-09-03","isFullCredit":false},{"lineNumber":173,"author":{"gitId":"yijiano"},"content":"        return new String[]{","lastModifiedDate":"2024-09-03","isFullCredit":false},{"lineNumber":174,"author":{"gitId":"yijiano"},"content":"                parts[0].split(\" \", 2)[1],","lastModifiedDate":"2024-09-03","isFullCredit":false},{"lineNumber":175,"author":{"gitId":"yijiano"},"content":"                parts[1].split(\" \", 2)[1],","lastModifiedDate":"2024-09-03","isFullCredit":false},{"lineNumber":176,"author":{"gitId":"yijiano"},"content":"                parts[2].split(\" \", 2)[1]","lastModifiedDate":"2024-09-03","isFullCredit":false},{"lineNumber":177,"author":{"gitId":"yijiano"},"content":"        };","lastModifiedDate":"2024-09-03","isFullCredit":false},{"lineNumber":178,"author":{"gitId":"yijiano"},"content":"    }","lastModifiedDate":"2024-08-21","isFullCredit":false},{"lineNumber":179,"author":{"gitId":"yijiano"},"content":"}","lastModifiedDate":"2024-08-21","isFullCredit":false}],"authorContributionMap":{"yijiano":179}},{"path":"src/main/java/CommandType.java","fileType":"java","lines":[{"lineNumber":1,"author":{"gitId":"yijiano"},"content":"/**","lastModifiedDate":"2024-09-03","isFullCredit":false},{"lineNumber":2,"author":{"gitId":"yijiano"},"content":" * Enum representing different command types for the task management system.","lastModifiedDate":"2024-09-03","isFullCredit":false},{"lineNumber":3,"author":{"gitId":"yijiano"},"content":" */","lastModifiedDate":"2024-09-03","isFullCredit":false},{"lineNumber":4,"author":{"gitId":"yijiano"},"content":"public enum CommandType {","lastModifiedDate":"2024-09-03","isFullCredit":false},{"lineNumber":5,"author":{"gitId":"yijiano"},"content":"    BYE(\"bye\"),","lastModifiedDate":"2024-09-03","isFullCredit":false},{"lineNumber":6,"author":{"gitId":"yijiano"},"content":"    LIST(\"list\"),","lastModifiedDate":"2024-09-03","isFullCredit":false},{"lineNumber":7,"author":{"gitId":"yijiano"},"content":"    MARK(\"mark\"),","lastModifiedDate":"2024-09-03","isFullCredit":false},{"lineNumber":8,"author":{"gitId":"yijiano"},"content":"    UNMARK(\"unmark\"),","lastModifiedDate":"2024-09-03","isFullCredit":false},{"lineNumber":9,"author":{"gitId":"yijiano"},"content":"    TODO(\"todo\"),","lastModifiedDate":"2024-09-03","isFullCredit":false},{"lineNumber":10,"author":{"gitId":"yijiano"},"content":"    DEADLINE(\"deadline\"),","lastModifiedDate":"2024-09-03","isFullCredit":false},{"lineNumber":11,"author":{"gitId":"yijiano"},"content":"    EVENT(\"event\");","lastModifiedDate":"2024-09-03","isFullCredit":false},{"lineNumber":12,"author":{"gitId":"yijiano"},"content":"","lastModifiedDate":"2024-09-03","isFullCredit":false},{"lineNumber":13,"author":{"gitId":"yijiano"},"content":"    private final String command;","lastModifiedDate":"2024-09-03","isFullCredit":false},{"lineNumber":14,"author":{"gitId":"yijiano"},"content":"","lastModifiedDate":"2024-09-03","isFullCredit":false},{"lineNumber":15,"author":{"gitId":"yijiano"},"content":"    /**","lastModifiedDate":"2024-09-03","isFullCredit":false},{"lineNumber":16,"author":{"gitId":"yijiano"},"content":"     * Constructs a CommandType with the specified command string.","lastModifiedDate":"2024-09-03","isFullCredit":false},{"lineNumber":17,"author":{"gitId":"yijiano"},"content":"     *","lastModifiedDate":"2024-09-03","isFullCredit":false},{"lineNumber":18,"author":{"gitId":"yijiano"},"content":"     * @param command The string representation of the command.","lastModifiedDate":"2024-09-03","isFullCredit":false},{"lineNumber":19,"author":{"gitId":"yijiano"},"content":"     */","lastModifiedDate":"2024-09-03","isFullCredit":false},{"lineNumber":20,"author":{"gitId":"yijiano"},"content":"    CommandType(String command) {","lastModifiedDate":"2024-09-03","isFullCredit":false},{"lineNumber":21,"author":{"gitId":"yijiano"},"content":"        this.command \u003d command;","lastModifiedDate":"2024-09-03","isFullCredit":false},{"lineNumber":22,"author":{"gitId":"yijiano"},"content":"    }","lastModifiedDate":"2024-09-03","isFullCredit":false},{"lineNumber":23,"author":{"gitId":"yijiano"},"content":"","lastModifiedDate":"2024-09-03","isFullCredit":false},{"lineNumber":24,"author":{"gitId":"yijiano"},"content":"    /**","lastModifiedDate":"2024-09-03","isFullCredit":false},{"lineNumber":25,"author":{"gitId":"yijiano"},"content":"     * Returns the string representation of the command.","lastModifiedDate":"2024-09-03","isFullCredit":false},{"lineNumber":26,"author":{"gitId":"yijiano"},"content":"     *","lastModifiedDate":"2024-09-03","isFullCredit":false},{"lineNumber":27,"author":{"gitId":"yijiano"},"content":"     * @return The command string.","lastModifiedDate":"2024-09-03","isFullCredit":false},{"lineNumber":28,"author":{"gitId":"yijiano"},"content":"     */","lastModifiedDate":"2024-09-03","isFullCredit":false},{"lineNumber":29,"author":{"gitId":"yijiano"},"content":"    public String getCommand() {","lastModifiedDate":"2024-09-03","isFullCredit":false},{"lineNumber":30,"author":{"gitId":"yijiano"},"content":"        return command;","lastModifiedDate":"2024-09-03","isFullCredit":false},{"lineNumber":31,"author":{"gitId":"yijiano"},"content":"    }","lastModifiedDate":"2024-09-03","isFullCredit":false},{"lineNumber":32,"author":{"gitId":"yijiano"},"content":"","lastModifiedDate":"2024-09-03","isFullCredit":false},{"lineNumber":33,"author":{"gitId":"yijiano"},"content":"    /**","lastModifiedDate":"2024-09-03","isFullCredit":false},{"lineNumber":34,"author":{"gitId":"yijiano"},"content":"     * Converts a string to the corresponding CommandType.","lastModifiedDate":"2024-09-03","isFullCredit":false},{"lineNumber":35,"author":{"gitId":"yijiano"},"content":"     *","lastModifiedDate":"2024-09-03","isFullCredit":false},{"lineNumber":36,"author":{"gitId":"yijiano"},"content":"     * @param text The string to convert.","lastModifiedDate":"2024-09-03","isFullCredit":false},{"lineNumber":37,"author":{"gitId":"yijiano"},"content":"     * @return The corresponding CommandType.","lastModifiedDate":"2024-09-03","isFullCredit":false},{"lineNumber":38,"author":{"gitId":"yijiano"},"content":"     * @throws IllegalArgumentException If no matching CommandType is found.","lastModifiedDate":"2024-09-03","isFullCredit":false},{"lineNumber":39,"author":{"gitId":"yijiano"},"content":"     */","lastModifiedDate":"2024-09-03","isFullCredit":false},{"lineNumber":40,"author":{"gitId":"yijiano"},"content":"    public static CommandType fromString(String text) {","lastModifiedDate":"2024-09-03","isFullCredit":false},{"lineNumber":41,"author":{"gitId":"yijiano"},"content":"        for (CommandType b : CommandType.values()) {","lastModifiedDate":"2024-09-03","isFullCredit":false},{"lineNumber":42,"author":{"gitId":"yijiano"},"content":"            if (b.command.equalsIgnoreCase(text)) {","lastModifiedDate":"2024-09-03","isFullCredit":false},{"lineNumber":43,"author":{"gitId":"yijiano"},"content":"                return b;","lastModifiedDate":"2024-09-03","isFullCredit":false},{"lineNumber":44,"author":{"gitId":"yijiano"},"content":"            }","lastModifiedDate":"2024-09-03","isFullCredit":false},{"lineNumber":45,"author":{"gitId":"yijiano"},"content":"        }","lastModifiedDate":"2024-09-03","isFullCredit":false},{"lineNumber":46,"author":{"gitId":"yijiano"},"content":"        throw new IllegalArgumentException(\"No command with text \" + text + \" found\");","lastModifiedDate":"2024-09-03","isFullCredit":false},{"lineNumber":47,"author":{"gitId":"yijiano"},"content":"    }","lastModifiedDate":"2024-09-03","isFullCredit":false},{"lineNumber":48,"author":{"gitId":"yijiano"},"content":"}","lastModifiedDate":"2024-09-03","isFullCredit":false}],"authorContributionMap":{"yijiano":48}},{"path":"src/main/java/Deadline.java","fileType":"java","lines":[{"lineNumber":1,"author":{"gitId":"yijiano"},"content":"/**","lastModifiedDate":"2024-09-03","isFullCredit":false},{"lineNumber":2,"author":{"gitId":"yijiano"},"content":" * Represents a deadline task with a due date.","lastModifiedDate":"2024-09-03","isFullCredit":false},{"lineNumber":3,"author":{"gitId":"yijiano"},"content":" */","lastModifiedDate":"2024-09-03","isFullCredit":false},{"lineNumber":4,"author":{"gitId":"yijiano"},"content":"public class Deadline extends Task{","lastModifiedDate":"2024-09-03","isFullCredit":false},{"lineNumber":5,"author":{"gitId":"yijiano"},"content":"    protected final String by;","lastModifiedDate":"2024-09-03","isFullCredit":false},{"lineNumber":6,"author":{"gitId":"yijiano"},"content":"","lastModifiedDate":"2024-09-03","isFullCredit":false},{"lineNumber":7,"author":{"gitId":"yijiano"},"content":"    /**","lastModifiedDate":"2024-09-03","isFullCredit":false},{"lineNumber":8,"author":{"gitId":"yijiano"},"content":"     * Constructs a Deadline task.","lastModifiedDate":"2024-09-03","isFullCredit":false},{"lineNumber":9,"author":{"gitId":"yijiano"},"content":"     *","lastModifiedDate":"2024-09-03","isFullCredit":false},{"lineNumber":10,"author":{"gitId":"yijiano"},"content":"     * @param name Name of the deadline.","lastModifiedDate":"2024-09-03","isFullCredit":false},{"lineNumber":11,"author":{"gitId":"yijiano"},"content":"     * @param by Date when the deadline is due.","lastModifiedDate":"2024-09-03","isFullCredit":false},{"lineNumber":12,"author":{"gitId":"yijiano"},"content":"     */","lastModifiedDate":"2024-09-03","isFullCredit":false},{"lineNumber":13,"author":{"gitId":"yijiano"},"content":"    public Deadline(String name, String by) {","lastModifiedDate":"2024-09-03","isFullCredit":false},{"lineNumber":14,"author":{"gitId":"yijiano"},"content":"        super(name);","lastModifiedDate":"2024-09-03","isFullCredit":false},{"lineNumber":15,"author":{"gitId":"yijiano"},"content":"        this.type \u003d \"D\";","lastModifiedDate":"2024-09-03","isFullCredit":false},{"lineNumber":16,"author":{"gitId":"yijiano"},"content":"        this.by \u003d by;","lastModifiedDate":"2024-09-03","isFullCredit":false},{"lineNumber":17,"author":{"gitId":"yijiano"},"content":"    }","lastModifiedDate":"2024-09-03","isFullCredit":false},{"lineNumber":18,"author":{"gitId":"yijiano"},"content":"","lastModifiedDate":"2024-09-03","isFullCredit":false},{"lineNumber":19,"author":{"gitId":"yijiano"},"content":"    /**","lastModifiedDate":"2024-09-03","isFullCredit":false},{"lineNumber":20,"author":{"gitId":"yijiano"},"content":"     * Returns a string representation of the deadline task.","lastModifiedDate":"2024-09-03","isFullCredit":false},{"lineNumber":21,"author":{"gitId":"yijiano"},"content":"     *","lastModifiedDate":"2024-09-03","isFullCredit":false},{"lineNumber":22,"author":{"gitId":"yijiano"},"content":"     * @return String representation of the deadline.","lastModifiedDate":"2024-09-03","isFullCredit":false},{"lineNumber":23,"author":{"gitId":"yijiano"},"content":"     */","lastModifiedDate":"2024-09-03","isFullCredit":false},{"lineNumber":24,"author":{"gitId":"yijiano"},"content":"    @Override","lastModifiedDate":"2024-09-03","isFullCredit":false},{"lineNumber":25,"author":{"gitId":"yijiano"},"content":"    public String toString() {","lastModifiedDate":"2024-09-03","isFullCredit":false},{"lineNumber":26,"author":{"gitId":"yijiano"},"content":"        return \"[\" + this.type + \"]\" + \"[\" + (this.isDone ? \"X\" : \" \") + \"] \" + this.name","lastModifiedDate":"2024-09-03","isFullCredit":false},{"lineNumber":27,"author":{"gitId":"yijiano"},"content":"                + \" (by: \" + this.by + \")\";","lastModifiedDate":"2024-09-03","isFullCredit":false},{"lineNumber":28,"author":{"gitId":"yijiano"},"content":"    }","lastModifiedDate":"2024-09-03","isFullCredit":false},{"lineNumber":29,"author":{"gitId":"yijiano"},"content":"}","lastModifiedDate":"2024-09-03","isFullCredit":false}],"authorContributionMap":{"yijiano":29}},{"path":"src/main/java/Event.java","fileType":"java","lines":[{"lineNumber":1,"author":{"gitId":"yijiano"},"content":"/**","lastModifiedDate":"2024-09-03","isFullCredit":false},{"lineNumber":2,"author":{"gitId":"yijiano"},"content":" * Represents an event task with a start and end time.","lastModifiedDate":"2024-09-03","isFullCredit":false},{"lineNumber":3,"author":{"gitId":"yijiano"},"content":" */","lastModifiedDate":"2024-09-03","isFullCredit":false},{"lineNumber":4,"author":{"gitId":"yijiano"},"content":"public class Event extends Task{","lastModifiedDate":"2024-09-03","isFullCredit":false},{"lineNumber":5,"author":{"gitId":"yijiano"},"content":"    protected final String start;","lastModifiedDate":"2024-09-03","isFullCredit":false},{"lineNumber":6,"author":{"gitId":"yijiano"},"content":"    protected final String end;","lastModifiedDate":"2024-09-03","isFullCredit":false},{"lineNumber":7,"author":{"gitId":"yijiano"},"content":"","lastModifiedDate":"2024-09-03","isFullCredit":false},{"lineNumber":8,"author":{"gitId":"yijiano"},"content":"    /**","lastModifiedDate":"2024-09-03","isFullCredit":false},{"lineNumber":9,"author":{"gitId":"yijiano"},"content":"     * Constructs an Event task.","lastModifiedDate":"2024-09-03","isFullCredit":false},{"lineNumber":10,"author":{"gitId":"yijiano"},"content":"     *","lastModifiedDate":"2024-09-03","isFullCredit":false},{"lineNumber":11,"author":{"gitId":"yijiano"},"content":"     * @param name Name of the event.","lastModifiedDate":"2024-09-03","isFullCredit":false},{"lineNumber":12,"author":{"gitId":"yijiano"},"content":"     * @param start Date when the event begins.","lastModifiedDate":"2024-09-03","isFullCredit":false},{"lineNumber":13,"author":{"gitId":"yijiano"},"content":"     * @param end Date when the event ends.","lastModifiedDate":"2024-09-03","isFullCredit":false},{"lineNumber":14,"author":{"gitId":"yijiano"},"content":"     */","lastModifiedDate":"2024-09-03","isFullCredit":false},{"lineNumber":15,"author":{"gitId":"yijiano"},"content":"    public Event(String name, String start, String end) {","lastModifiedDate":"2024-09-03","isFullCredit":false},{"lineNumber":16,"author":{"gitId":"yijiano"},"content":"        super(name);","lastModifiedDate":"2024-09-03","isFullCredit":false},{"lineNumber":17,"author":{"gitId":"yijiano"},"content":"        this.type \u003d \"E\";","lastModifiedDate":"2024-09-03","isFullCredit":false},{"lineNumber":18,"author":{"gitId":"yijiano"},"content":"        this.start \u003d start;","lastModifiedDate":"2024-09-03","isFullCredit":false},{"lineNumber":19,"author":{"gitId":"yijiano"},"content":"        this.end \u003d end;","lastModifiedDate":"2024-09-03","isFullCredit":false},{"lineNumber":20,"author":{"gitId":"yijiano"},"content":"    }","lastModifiedDate":"2024-09-03","isFullCredit":false},{"lineNumber":21,"author":{"gitId":"yijiano"},"content":"","lastModifiedDate":"2024-09-03","isFullCredit":false},{"lineNumber":22,"author":{"gitId":"yijiano"},"content":"    /**","lastModifiedDate":"2024-09-03","isFullCredit":false},{"lineNumber":23,"author":{"gitId":"yijiano"},"content":"     * Returns a string representation of the event task.","lastModifiedDate":"2024-09-03","isFullCredit":false},{"lineNumber":24,"author":{"gitId":"yijiano"},"content":"     *","lastModifiedDate":"2024-09-03","isFullCredit":false},{"lineNumber":25,"author":{"gitId":"yijiano"},"content":"     * @return String representation of the event.","lastModifiedDate":"2024-09-03","isFullCredit":false},{"lineNumber":26,"author":{"gitId":"yijiano"},"content":"     */","lastModifiedDate":"2024-09-03","isFullCredit":false},{"lineNumber":27,"author":{"gitId":"yijiano"},"content":"    @Override","lastModifiedDate":"2024-09-03","isFullCredit":false},{"lineNumber":28,"author":{"gitId":"yijiano"},"content":"    public String toString() {","lastModifiedDate":"2024-09-03","isFullCredit":false},{"lineNumber":29,"author":{"gitId":"yijiano"},"content":"        return \"[\" + this.type + \"]\" + \"[\" + (this.isDone ? \"X\" : \" \") + \"] \" + this.name","lastModifiedDate":"2024-09-03","isFullCredit":false},{"lineNumber":30,"author":{"gitId":"yijiano"},"content":"                + \" (from: \" + this.start + \" to: \" + this.end + \")\";","lastModifiedDate":"2024-09-03","isFullCredit":false},{"lineNumber":31,"author":{"gitId":"yijiano"},"content":"    }","lastModifiedDate":"2024-09-03","isFullCredit":false},{"lineNumber":32,"author":{"gitId":"yijiano"},"content":"}","lastModifiedDate":"2024-09-03","isFullCredit":false}],"authorContributionMap":{"yijiano":32}},{"path":"src/main/java/Task.java","fileType":"java","lines":[{"lineNumber":1,"author":{"gitId":"yijiano"},"content":"/**","lastModifiedDate":"2024-09-03","isFullCredit":false},{"lineNumber":2,"author":{"gitId":"yijiano"},"content":" * Abstract class representing a generic task.","lastModifiedDate":"2024-09-03","isFullCredit":false},{"lineNumber":3,"author":{"gitId":"yijiano"},"content":" */","lastModifiedDate":"2024-09-03","isFullCredit":false},{"lineNumber":4,"author":{"gitId":"yijiano"},"content":"public abstract class Task {","lastModifiedDate":"2024-09-03","isFullCredit":false},{"lineNumber":5,"author":{"gitId":"yijiano"},"content":"    protected final String name;","lastModifiedDate":"2024-09-03","isFullCredit":false},{"lineNumber":6,"author":{"gitId":"yijiano"},"content":"    protected boolean isDone;","lastModifiedDate":"2024-09-03","isFullCredit":false},{"lineNumber":7,"author":{"gitId":"yijiano"},"content":"    protected String type;","lastModifiedDate":"2024-09-03","isFullCredit":false},{"lineNumber":8,"author":{"gitId":"yijiano"},"content":"","lastModifiedDate":"2024-08-28","isFullCredit":false},{"lineNumber":9,"author":{"gitId":"yijiano"},"content":"    /**","lastModifiedDate":"2024-08-28","isFullCredit":false},{"lineNumber":10,"author":{"gitId":"yijiano"},"content":"     * Constructs a Task with the given name.","lastModifiedDate":"2024-09-03","isFullCredit":false},{"lineNumber":11,"author":{"gitId":"yijiano"},"content":"     *","lastModifiedDate":"2024-08-28","isFullCredit":false},{"lineNumber":12,"author":{"gitId":"yijiano"},"content":"     * @param name Name of the task.","lastModifiedDate":"2024-08-28","isFullCredit":false},{"lineNumber":13,"author":{"gitId":"yijiano"},"content":"     */","lastModifiedDate":"2024-08-28","isFullCredit":false},{"lineNumber":14,"author":{"gitId":"yijiano"},"content":"    public Task(String name) {","lastModifiedDate":"2024-08-28","isFullCredit":false},{"lineNumber":15,"author":{"gitId":"yijiano"},"content":"        this.name \u003d name;","lastModifiedDate":"2024-08-28","isFullCredit":false},{"lineNumber":16,"author":{"gitId":"yijiano"},"content":"        this.isDone \u003d false;","lastModifiedDate":"2024-08-28","isFullCredit":false},{"lineNumber":17,"author":{"gitId":"yijiano"},"content":"    }","lastModifiedDate":"2024-08-28","isFullCredit":false},{"lineNumber":18,"author":{"gitId":"yijiano"},"content":"","lastModifiedDate":"2024-08-28","isFullCredit":false},{"lineNumber":19,"author":{"gitId":"yijiano"},"content":"    /**","lastModifiedDate":"2024-08-28","isFullCredit":false},{"lineNumber":20,"author":{"gitId":"yijiano"},"content":"     * Returns the name of the task.","lastModifiedDate":"2024-09-03","isFullCredit":false},{"lineNumber":21,"author":{"gitId":"yijiano"},"content":"     *","lastModifiedDate":"2024-08-28","isFullCredit":false},{"lineNumber":22,"author":{"gitId":"yijiano"},"content":"     * @return Name of the task.","lastModifiedDate":"2024-08-28","isFullCredit":false},{"lineNumber":23,"author":{"gitId":"yijiano"},"content":"     */","lastModifiedDate":"2024-08-28","isFullCredit":false},{"lineNumber":24,"author":{"gitId":"yijiano"},"content":"    public String getName() {","lastModifiedDate":"2024-08-28","isFullCredit":false},{"lineNumber":25,"author":{"gitId":"yijiano"},"content":"        return this.name;","lastModifiedDate":"2024-08-28","isFullCredit":false},{"lineNumber":26,"author":{"gitId":"yijiano"},"content":"    }","lastModifiedDate":"2024-08-28","isFullCredit":false},{"lineNumber":27,"author":{"gitId":"yijiano"},"content":"","lastModifiedDate":"2024-08-28","isFullCredit":false},{"lineNumber":28,"author":{"gitId":"yijiano"},"content":"    /**","lastModifiedDate":"2024-09-03","isFullCredit":false},{"lineNumber":29,"author":{"gitId":"yijiano"},"content":"     * Returns the type of task.","lastModifiedDate":"2024-09-03","isFullCredit":false},{"lineNumber":30,"author":{"gitId":"yijiano"},"content":"     *","lastModifiedDate":"2024-09-03","isFullCredit":false},{"lineNumber":31,"author":{"gitId":"yijiano"},"content":"     * @return Name of the task.","lastModifiedDate":"2024-09-03","isFullCredit":false},{"lineNumber":32,"author":{"gitId":"yijiano"},"content":"     */","lastModifiedDate":"2024-09-03","isFullCredit":false},{"lineNumber":33,"author":{"gitId":"yijiano"},"content":"    public String getType() {","lastModifiedDate":"2024-09-03","isFullCredit":false},{"lineNumber":34,"author":{"gitId":"yijiano"},"content":"        return this.type;","lastModifiedDate":"2024-09-03","isFullCredit":false},{"lineNumber":35,"author":{"gitId":"yijiano"},"content":"    }","lastModifiedDate":"2024-09-03","isFullCredit":false},{"lineNumber":36,"author":{"gitId":"yijiano"},"content":"","lastModifiedDate":"2024-09-03","isFullCredit":false},{"lineNumber":37,"author":{"gitId":"yijiano"},"content":"    /**","lastModifiedDate":"2024-08-28","isFullCredit":false},{"lineNumber":38,"author":{"gitId":"yijiano"},"content":"     * Returns the completion status of the task.","lastModifiedDate":"2024-08-28","isFullCredit":false},{"lineNumber":39,"author":{"gitId":"yijiano"},"content":"     *","lastModifiedDate":"2024-08-28","isFullCredit":false},{"lineNumber":40,"author":{"gitId":"yijiano"},"content":"     * @return Completion status of the task.","lastModifiedDate":"2024-08-28","isFullCredit":false},{"lineNumber":41,"author":{"gitId":"yijiano"},"content":"     */","lastModifiedDate":"2024-08-28","isFullCredit":false},{"lineNumber":42,"author":{"gitId":"yijiano"},"content":"    public boolean getStatus() {","lastModifiedDate":"2024-08-28","isFullCredit":false},{"lineNumber":43,"author":{"gitId":"yijiano"},"content":"        return this.isDone;","lastModifiedDate":"2024-08-28","isFullCredit":false},{"lineNumber":44,"author":{"gitId":"yijiano"},"content":"    }","lastModifiedDate":"2024-08-28","isFullCredit":false},{"lineNumber":45,"author":{"gitId":"yijiano"},"content":"","lastModifiedDate":"2024-08-28","isFullCredit":false},{"lineNumber":46,"author":{"gitId":"yijiano"},"content":"    /**","lastModifiedDate":"2024-09-03","isFullCredit":false},{"lineNumber":47,"author":{"gitId":"yijiano"},"content":"     * Prints the task completion status in string form.","lastModifiedDate":"2024-09-03","isFullCredit":false},{"lineNumber":48,"author":{"gitId":"yijiano"},"content":"     *","lastModifiedDate":"2024-09-03","isFullCredit":false},{"lineNumber":49,"author":{"gitId":"yijiano"},"content":"     * @return String representation of task completion status.","lastModifiedDate":"2024-09-03","isFullCredit":false},{"lineNumber":50,"author":{"gitId":"yijiano"},"content":"     */","lastModifiedDate":"2024-09-03","isFullCredit":false},{"lineNumber":51,"author":{"gitId":"yijiano"},"content":"    protected String getStatusString() {","lastModifiedDate":"2024-09-03","isFullCredit":false},{"lineNumber":52,"author":{"gitId":"yijiano"},"content":"        return \"[\" + (isDone ? \"X\" : \" \") + \"]\";","lastModifiedDate":"2024-09-03","isFullCredit":false},{"lineNumber":53,"author":{"gitId":"yijiano"},"content":"    }","lastModifiedDate":"2024-09-03","isFullCredit":false},{"lineNumber":54,"author":{"gitId":"yijiano"},"content":"","lastModifiedDate":"2024-09-03","isFullCredit":false},{"lineNumber":55,"author":{"gitId":"yijiano"},"content":"    /**","lastModifiedDate":"2024-09-03","isFullCredit":false},{"lineNumber":56,"author":{"gitId":"yijiano"},"content":"     * Creates a task of the specified type with the given parameters.","lastModifiedDate":"2024-09-03","isFullCredit":false},{"lineNumber":57,"author":{"gitId":"yijiano"},"content":"     *","lastModifiedDate":"2024-09-03","isFullCredit":false},{"lineNumber":58,"author":{"gitId":"yijiano"},"content":"     * @param type The type of task to create.","lastModifiedDate":"2024-09-03","isFullCredit":false},{"lineNumber":59,"author":{"gitId":"yijiano"},"content":"     * @param params Additional parameters for the task.","lastModifiedDate":"2024-09-03","isFullCredit":false},{"lineNumber":60,"author":{"gitId":"yijiano"},"content":"     * @return The created task.","lastModifiedDate":"2024-09-03","isFullCredit":false},{"lineNumber":61,"author":{"gitId":"yijiano"},"content":"     * @throws IllegalArgumentException If an unknown task type is provided.","lastModifiedDate":"2024-09-03","isFullCredit":false},{"lineNumber":62,"author":{"gitId":"yijiano"},"content":"     */","lastModifiedDate":"2024-09-03","isFullCredit":false},{"lineNumber":63,"author":{"gitId":"yijiano"},"content":"    public static Task createTask(String type, String... params) throws IllegalArgumentException {","lastModifiedDate":"2024-09-03","isFullCredit":false},{"lineNumber":64,"author":{"gitId":"yijiano"},"content":"        return switch (type.toLowerCase()) {","lastModifiedDate":"2024-09-03","isFullCredit":false},{"lineNumber":65,"author":{"gitId":"yijiano"},"content":"            case \"todo\" -\u003e new Todo(params[0]);","lastModifiedDate":"2024-09-03","isFullCredit":false},{"lineNumber":66,"author":{"gitId":"yijiano"},"content":"            case \"deadline\" -\u003e new Deadline(params[0], params[1]);","lastModifiedDate":"2024-09-03","isFullCredit":false},{"lineNumber":67,"author":{"gitId":"yijiano"},"content":"            case \"event\" -\u003e new Event(params[0], params[1], params[2]);","lastModifiedDate":"2024-09-03","isFullCredit":false},{"lineNumber":68,"author":{"gitId":"yijiano"},"content":"            default -\u003e throw new IllegalArgumentException(\"Unknown task type: \" + type);","lastModifiedDate":"2024-09-03","isFullCredit":false},{"lineNumber":69,"author":{"gitId":"yijiano"},"content":"        };","lastModifiedDate":"2024-09-03","isFullCredit":false},{"lineNumber":70,"author":{"gitId":"yijiano"},"content":"    }","lastModifiedDate":"2024-09-03","isFullCredit":false},{"lineNumber":71,"author":{"gitId":"yijiano"},"content":"","lastModifiedDate":"2024-09-03","isFullCredit":false},{"lineNumber":72,"author":{"gitId":"yijiano"},"content":"    /**","lastModifiedDate":"2024-08-28","isFullCredit":false},{"lineNumber":73,"author":{"gitId":"yijiano"},"content":"     * Sets the status of the task, then prints an acknowledgement message.","lastModifiedDate":"2024-08-28","isFullCredit":false},{"lineNumber":74,"author":{"gitId":"yijiano"},"content":"     * If there is redundant task setting, print error message.","lastModifiedDate":"2024-08-28","isFullCredit":false},{"lineNumber":75,"author":{"gitId":"yijiano"},"content":"     *","lastModifiedDate":"2024-08-28","isFullCredit":false},{"lineNumber":76,"author":{"gitId":"yijiano"},"content":"     * @param newStatus The task\u0027s new status.","lastModifiedDate":"2024-08-28","isFullCredit":false},{"lineNumber":77,"author":{"gitId":"yijiano"},"content":"     */","lastModifiedDate":"2024-08-28","isFullCredit":false},{"lineNumber":78,"author":{"gitId":"yijiano"},"content":"    public void setStatus(boolean newStatus) {","lastModifiedDate":"2024-08-28","isFullCredit":false},{"lineNumber":79,"author":{"gitId":"yijiano"},"content":"        if (newStatus \u003d\u003d isDone) {","lastModifiedDate":"2024-09-03","isFullCredit":false},{"lineNumber":80,"author":{"gitId":"yijiano"},"content":"            System.out.println(\"Oops, the task has already been marked as \" + getStatusString() + \"!\");","lastModifiedDate":"2024-09-03","isFullCredit":false},{"lineNumber":81,"author":{"gitId":"yijiano"},"content":"            System.out.println(\"  \" + this);","lastModifiedDate":"2024-09-03","isFullCredit":false},{"lineNumber":82,"author":{"gitId":"yijiano"},"content":"            return;","lastModifiedDate":"2024-08-28","isFullCredit":false},{"lineNumber":83,"author":{"gitId":"yijiano"},"content":"        }","lastModifiedDate":"2024-08-28","isFullCredit":false},{"lineNumber":84,"author":{"gitId":"yijiano"},"content":"","lastModifiedDate":"2024-08-28","isFullCredit":false},{"lineNumber":85,"author":{"gitId":"yijiano"},"content":"        isDone \u003d newStatus;","lastModifiedDate":"2024-09-03","isFullCredit":false},{"lineNumber":86,"author":{"gitId":"yijiano"},"content":"        System.out.println(newStatus ? \"Nice! I\u0027ve marked this task as done:\" : \"OK, I\u0027ve marked this task as not done yet:\");","lastModifiedDate":"2024-09-03","isFullCredit":false},{"lineNumber":87,"author":{"gitId":"yijiano"},"content":"        System.out.println(\"  \" + this);","lastModifiedDate":"2024-09-03","isFullCredit":false},{"lineNumber":88,"author":{"gitId":"yijiano"},"content":"    }","lastModifiedDate":"2024-08-28","isFullCredit":false},{"lineNumber":89,"author":{"gitId":"yijiano"},"content":"","lastModifiedDate":"2024-09-03","isFullCredit":false},{"lineNumber":90,"author":{"gitId":"yijiano"},"content":"    /**","lastModifiedDate":"2024-09-03","isFullCredit":false},{"lineNumber":91,"author":{"gitId":"yijiano"},"content":"     * Returns a string representation of the task.","lastModifiedDate":"2024-09-03","isFullCredit":false},{"lineNumber":92,"author":{"gitId":"yijiano"},"content":"     *","lastModifiedDate":"2024-09-03","isFullCredit":false},{"lineNumber":93,"author":{"gitId":"yijiano"},"content":"     * @return String representation of the task.","lastModifiedDate":"2024-09-03","isFullCredit":false},{"lineNumber":94,"author":{"gitId":"yijiano"},"content":"     */","lastModifiedDate":"2024-09-03","isFullCredit":false},{"lineNumber":95,"author":{"gitId":"yijiano"},"content":"    @Override","lastModifiedDate":"2024-09-03","isFullCredit":false},{"lineNumber":96,"author":{"gitId":"yijiano"},"content":"    public abstract String toString();","lastModifiedDate":"2024-09-03","isFullCredit":false},{"lineNumber":97,"author":{"gitId":"yijiano"},"content":"}","lastModifiedDate":"2024-08-28","isFullCredit":false}],"authorContributionMap":{"yijiano":97}},{"path":"src/main/java/TaskList.java","fileType":"java","lines":[{"lineNumber":1,"author":{"gitId":"yijiano"},"content":"import java.util.ArrayList;","lastModifiedDate":"2024-08-28","isFullCredit":false},{"lineNumber":2,"author":{"gitId":"yijiano"},"content":"import java.util.stream.IntStream;","lastModifiedDate":"2024-08-28","isFullCredit":false},{"lineNumber":3,"author":{"gitId":"yijiano"},"content":"","lastModifiedDate":"2024-08-28","isFullCredit":false},{"lineNumber":4,"author":{"gitId":"yijiano"},"content":"public class TaskList {","lastModifiedDate":"2024-08-28","isFullCredit":false},{"lineNumber":5,"author":{"gitId":"yijiano"},"content":"","lastModifiedDate":"2024-08-28","isFullCredit":false},{"lineNumber":6,"author":{"gitId":"yijiano"},"content":"    private final ArrayList\u003cTask\u003e list \u003d new ArrayList\u003c\u003e();","lastModifiedDate":"2024-08-28","isFullCredit":false},{"lineNumber":7,"author":{"gitId":"yijiano"},"content":"","lastModifiedDate":"2024-08-28","isFullCredit":false},{"lineNumber":8,"author":{"gitId":"yijiano"},"content":"    /**","lastModifiedDate":"2024-09-03","isFullCredit":false},{"lineNumber":9,"author":{"gitId":"yijiano"},"content":"     * Returns size of TaskList","lastModifiedDate":"2024-09-03","isFullCredit":false},{"lineNumber":10,"author":{"gitId":"yijiano"},"content":"     */","lastModifiedDate":"2024-09-03","isFullCredit":false},{"lineNumber":11,"author":{"gitId":"yijiano"},"content":"    public int size() {","lastModifiedDate":"2024-09-03","isFullCredit":false},{"lineNumber":12,"author":{"gitId":"yijiano"},"content":"        return list.size();","lastModifiedDate":"2024-09-03","isFullCredit":false},{"lineNumber":13,"author":{"gitId":"yijiano"},"content":"    }","lastModifiedDate":"2024-09-03","isFullCredit":false},{"lineNumber":14,"author":{"gitId":"yijiano"},"content":"","lastModifiedDate":"2024-09-03","isFullCredit":false},{"lineNumber":15,"author":{"gitId":"yijiano"},"content":"    /**","lastModifiedDate":"2024-08-28","isFullCredit":false},{"lineNumber":16,"author":{"gitId":"yijiano"},"content":"     * Prints list of tasks with their completion status.","lastModifiedDate":"2024-08-28","isFullCredit":false},{"lineNumber":17,"author":{"gitId":"yijiano"},"content":"     */","lastModifiedDate":"2024-08-28","isFullCredit":false},{"lineNumber":18,"author":{"gitId":"yijiano"},"content":"    public void printList() {","lastModifiedDate":"2024-08-28","isFullCredit":false},{"lineNumber":19,"author":{"gitId":"yijiano"},"content":"        if (list.isEmpty()) {","lastModifiedDate":"2024-09-03","isFullCredit":false},{"lineNumber":20,"author":{"gitId":"yijiano"},"content":"            System.out.println(\"Uh oh, the list is empty!\");","lastModifiedDate":"2024-09-03","isFullCredit":false},{"lineNumber":21,"author":{"gitId":"yijiano"},"content":"            return;","lastModifiedDate":"2024-09-03","isFullCredit":false},{"lineNumber":22,"author":{"gitId":"yijiano"},"content":"        }","lastModifiedDate":"2024-09-03","isFullCredit":false},{"lineNumber":23,"author":{"gitId":"yijiano"},"content":"        System.out.println(\"Here are the tasks in your list:\");","lastModifiedDate":"2024-09-03","isFullCredit":false},{"lineNumber":24,"author":{"gitId":"yijiano"},"content":"        IntStream.range(0, list.size())","lastModifiedDate":"2024-08-28","isFullCredit":false},{"lineNumber":25,"author":{"gitId":"yijiano"},"content":"                .forEach(x -\u003e System.out.println( (x + 1) + \".\" + list.get(x)));","lastModifiedDate":"2024-09-03","isFullCredit":false},{"lineNumber":26,"author":{"gitId":"yijiano"},"content":"    }","lastModifiedDate":"2024-08-28","isFullCredit":false},{"lineNumber":27,"author":{"gitId":"yijiano"},"content":"","lastModifiedDate":"2024-08-28","isFullCredit":false},{"lineNumber":28,"author":{"gitId":"yijiano"},"content":"    /**","lastModifiedDate":"2024-08-28","isFullCredit":false},{"lineNumber":29,"author":{"gitId":"yijiano"},"content":"     * Adds a new task.","lastModifiedDate":"2024-08-28","isFullCredit":false},{"lineNumber":30,"author":{"gitId":"yijiano"},"content":"     *","lastModifiedDate":"2024-08-28","isFullCredit":false},{"lineNumber":31,"author":{"gitId":"yijiano"},"content":"     * @param task The task object to be added.","lastModifiedDate":"2024-09-03","isFullCredit":false},{"lineNumber":32,"author":{"gitId":"yijiano"},"content":"     */","lastModifiedDate":"2024-08-28","isFullCredit":false},{"lineNumber":33,"author":{"gitId":"yijiano"},"content":"    public void addItem(Task task) {","lastModifiedDate":"2024-09-03","isFullCredit":false},{"lineNumber":34,"author":{"gitId":"yijiano"},"content":"        this.list.add(task);","lastModifiedDate":"2024-08-28","isFullCredit":false},{"lineNumber":35,"author":{"gitId":"yijiano"},"content":"    }","lastModifiedDate":"2024-08-28","isFullCredit":false},{"lineNumber":36,"author":{"gitId":"yijiano"},"content":"","lastModifiedDate":"2024-08-28","isFullCredit":false},{"lineNumber":37,"author":{"gitId":"yijiano"},"content":"    /**","lastModifiedDate":"2024-08-28","isFullCredit":false},{"lineNumber":38,"author":{"gitId":"yijiano"},"content":"     * Sets the status of a task in the list.","lastModifiedDate":"2024-08-28","isFullCredit":false},{"lineNumber":39,"author":{"gitId":"yijiano"},"content":"     * Includes error catching for task index.","lastModifiedDate":"2024-08-28","isFullCredit":false},{"lineNumber":40,"author":{"gitId":"yijiano"},"content":"     *","lastModifiedDate":"2024-08-28","isFullCredit":false},{"lineNumber":41,"author":{"gitId":"yijiano"},"content":"     * @param index Index of the task in the list.","lastModifiedDate":"2024-08-28","isFullCredit":false},{"lineNumber":42,"author":{"gitId":"yijiano"},"content":"     * @param status The task\u0027s new status.","lastModifiedDate":"2024-08-28","isFullCredit":false},{"lineNumber":43,"author":{"gitId":"yijiano"},"content":"     */","lastModifiedDate":"2024-08-28","isFullCredit":false},{"lineNumber":44,"author":{"gitId":"yijiano"},"content":"    public void setItemStatus(int index, boolean status) {","lastModifiedDate":"2024-08-28","isFullCredit":false},{"lineNumber":45,"author":{"gitId":"yijiano"},"content":"        try {","lastModifiedDate":"2024-08-28","isFullCredit":false},{"lineNumber":46,"author":{"gitId":"yijiano"},"content":"            this.list.get(index - 1).setStatus(status);","lastModifiedDate":"2024-08-28","isFullCredit":false},{"lineNumber":47,"author":{"gitId":"yijiano"},"content":"        } catch (IndexOutOfBoundsException e) {","lastModifiedDate":"2024-08-28","isFullCredit":false},{"lineNumber":48,"author":{"gitId":"yijiano"},"content":"            System.out.println(\"Oh no, the list item does not exist!\");","lastModifiedDate":"2024-08-28","isFullCredit":false},{"lineNumber":49,"author":{"gitId":"yijiano"},"content":"        }","lastModifiedDate":"2024-08-28","isFullCredit":false},{"lineNumber":50,"author":{"gitId":"yijiano"},"content":"    }","lastModifiedDate":"2024-08-28","isFullCredit":false},{"lineNumber":51,"author":{"gitId":"yijiano"},"content":"}","lastModifiedDate":"2024-08-28","isFullCredit":false}],"authorContributionMap":{"yijiano":51}},{"path":"src/main/java/Todo.java","fileType":"java","lines":[{"lineNumber":1,"author":{"gitId":"yijiano"},"content":"/**","lastModifiedDate":"2024-09-03","isFullCredit":false},{"lineNumber":2,"author":{"gitId":"yijiano"},"content":" * Represents a todo task without a specific deadline.","lastModifiedDate":"2024-09-03","isFullCredit":false},{"lineNumber":3,"author":{"gitId":"yijiano"},"content":" */","lastModifiedDate":"2024-09-03","isFullCredit":false},{"lineNumber":4,"author":{"gitId":"yijiano"},"content":"public class Todo extends Task{","lastModifiedDate":"2024-09-03","isFullCredit":false},{"lineNumber":5,"author":{"gitId":"yijiano"},"content":"","lastModifiedDate":"2024-09-03","isFullCredit":false},{"lineNumber":6,"author":{"gitId":"yijiano"},"content":"    /**","lastModifiedDate":"2024-09-03","isFullCredit":false},{"lineNumber":7,"author":{"gitId":"yijiano"},"content":"     * Constructs a Todo task.","lastModifiedDate":"2024-09-03","isFullCredit":false},{"lineNumber":8,"author":{"gitId":"yijiano"},"content":"     *","lastModifiedDate":"2024-09-03","isFullCredit":false},{"lineNumber":9,"author":{"gitId":"yijiano"},"content":"     * @param name Name of the todo.","lastModifiedDate":"2024-09-03","isFullCredit":false},{"lineNumber":10,"author":{"gitId":"yijiano"},"content":"     */","lastModifiedDate":"2024-09-03","isFullCredit":false},{"lineNumber":11,"author":{"gitId":"yijiano"},"content":"    public Todo(String name) {","lastModifiedDate":"2024-09-03","isFullCredit":false},{"lineNumber":12,"author":{"gitId":"yijiano"},"content":"        super(name);","lastModifiedDate":"2024-09-03","isFullCredit":false},{"lineNumber":13,"author":{"gitId":"yijiano"},"content":"        this.type \u003d \"T\";","lastModifiedDate":"2024-09-03","isFullCredit":false},{"lineNumber":14,"author":{"gitId":"yijiano"},"content":"    }","lastModifiedDate":"2024-09-03","isFullCredit":false},{"lineNumber":15,"author":{"gitId":"yijiano"},"content":"","lastModifiedDate":"2024-09-03","isFullCredit":false},{"lineNumber":16,"author":{"gitId":"yijiano"},"content":"    /**","lastModifiedDate":"2024-09-03","isFullCredit":false},{"lineNumber":17,"author":{"gitId":"yijiano"},"content":"     * Returns a string representation of the todo task.","lastModifiedDate":"2024-09-03","isFullCredit":false},{"lineNumber":18,"author":{"gitId":"yijiano"},"content":"     *","lastModifiedDate":"2024-09-03","isFullCredit":false},{"lineNumber":19,"author":{"gitId":"yijiano"},"content":"     * @return String representation of the todo task.","lastModifiedDate":"2024-09-03","isFullCredit":false},{"lineNumber":20,"author":{"gitId":"yijiano"},"content":"     */","lastModifiedDate":"2024-09-03","isFullCredit":false},{"lineNumber":21,"author":{"gitId":"yijiano"},"content":"    @Override","lastModifiedDate":"2024-09-03","isFullCredit":false},{"lineNumber":22,"author":{"gitId":"yijiano"},"content":"    public String toString() {","lastModifiedDate":"2024-09-03","isFullCredit":false},{"lineNumber":23,"author":{"gitId":"yijiano"},"content":"        return \"[\" + this.type + \"]\" + \"[\" + (this.isDone ? \"X\" : \" \") + \"] \" + this.name;","lastModifiedDate":"2024-09-03","isFullCredit":false},{"lineNumber":24,"author":{"gitId":"yijiano"},"content":"    }","lastModifiedDate":"2024-09-03","isFullCredit":false},{"lineNumber":25,"author":{"gitId":"yijiano"},"content":"}","lastModifiedDate":"2024-09-03","isFullCredit":false}],"authorContributionMap":{"yijiano":25}},{"path":"text-ui-test/input.txt","fileType":"txt","lines":[{"lineNumber":1,"author":{"gitId":"yijiano"},"content":"list","lastModifiedDate":"2024-09-03","isFullCredit":false},{"lineNumber":2,"author":{"gitId":"yijiano"},"content":"todo abc","lastModifiedDate":"2024-09-03","isFullCredit":false},{"lineNumber":3,"author":{"gitId":"yijiano"},"content":"list","lastModifiedDate":"2024-09-03","isFullCredit":false},{"lineNumber":4,"author":{"gitId":"yijiano"},"content":"todo 123","lastModifiedDate":"2024-09-03","isFullCredit":false},{"lineNumber":5,"author":{"gitId":"yijiano"},"content":"list","lastModifiedDate":"2024-09-03","isFullCredit":false},{"lineNumber":6,"author":{"gitId":"yijiano"},"content":"unmark 1","lastModifiedDate":"2024-09-03","isFullCredit":false},{"lineNumber":7,"author":{"gitId":"yijiano"},"content":"mark 1","lastModifiedDate":"2024-09-03","isFullCredit":false},{"lineNumber":8,"author":{"gitId":"yijiano"},"content":"deadline qwerty /by 123","lastModifiedDate":"2024-09-03","isFullCredit":false},{"lineNumber":9,"author":{"gitId":"yijiano"},"content":"deadline z12cv /by asd 123","lastModifiedDate":"2024-09-03","isFullCredit":false},{"lineNumber":10,"author":{"gitId":"yijiano"},"content":"list","lastModifiedDate":"2024-09-03","isFullCredit":false},{"lineNumber":11,"author":{"gitId":"yijiano"},"content":"mark 2","lastModifiedDate":"2024-09-03","isFullCredit":false},{"lineNumber":12,"author":{"gitId":"yijiano"},"content":"unmark 1","lastModifiedDate":"2024-09-03","isFullCredit":false},{"lineNumber":13,"author":{"gitId":"yijiano"},"content":"event 12ujk /from 123 /to ned","lastModifiedDate":"2024-09-03","isFullCredit":false},{"lineNumber":14,"author":{"gitId":"yijiano"},"content":"event pks /from q3a cvse /to ned iho","lastModifiedDate":"2024-09-03","isFullCredit":false},{"lineNumber":15,"author":{"gitId":"yijiano"},"content":"list","lastModifiedDate":"2024-09-03","isFullCredit":false},{"lineNumber":16,"author":{"gitId":"yijiano"},"content":"event 7ubj /from 2 /to 21321","lastModifiedDate":"2024-09-03","isFullCredit":false},{"lineNumber":17,"author":{"gitId":"yijiano"},"content":"list","lastModifiedDate":"2024-09-03","isFullCredit":false},{"lineNumber":18,"author":{"gitId":"yijiano"},"content":"mark 4","lastModifiedDate":"2024-09-03","isFullCredit":false},{"lineNumber":19,"author":{"gitId":"yijiano"},"content":"mark 5","lastModifiedDate":"2024-09-03","isFullCredit":false},{"lineNumber":20,"author":{"gitId":"yijiano"},"content":"list","lastModifiedDate":"2024-09-03","isFullCredit":false},{"lineNumber":21,"author":{"gitId":"yijiano"},"content":"todo asdsadsadsadsadasdad","lastModifiedDate":"2024-09-03","isFullCredit":false},{"lineNumber":22,"author":{"gitId":"yijiano"},"content":"list","lastModifiedDate":"2024-09-03","isFullCredit":false},{"lineNumber":23,"author":{"gitId":"yijiano"},"content":"list","lastModifiedDate":"2024-09-03","isFullCredit":false},{"lineNumber":24,"author":{"gitId":"yijiano"},"content":"deadline kidnasds akshan /by 2313213213213","lastModifiedDate":"2024-09-03","isFullCredit":false},{"lineNumber":25,"author":{"gitId":"yijiano"},"content":"list","lastModifiedDate":"2024-09-03","isFullCredit":false},{"lineNumber":26,"author":{"gitId":"yijiano"},"content":"bye","lastModifiedDate":"2024-09-03","isFullCredit":false}],"authorContributionMap":{"yijiano":26}},{"path":"text-ui-test/runtest.bat","fileType":"bat","lines":[{"lineNumber":1,"author":{"gitId":"-"},"content":"@ECHO OFF","lastModifiedDate":"2020-05-25","isFullCredit":false},{"lineNumber":2,"author":{"gitId":"-"},"content":"","lastModifiedDate":"2020-05-25","isFullCredit":false},{"lineNumber":3,"author":{"gitId":"-"},"content":"REM create bin directory if it doesn\u0027t exist","lastModifiedDate":"2020-05-25","isFullCredit":false},{"lineNumber":4,"author":{"gitId":"-"},"content":"if not exist ..\\bin mkdir ..\\bin","lastModifiedDate":"2020-05-25","isFullCredit":false},{"lineNumber":5,"author":{"gitId":"-"},"content":"","lastModifiedDate":"2020-05-25","isFullCredit":false},{"lineNumber":6,"author":{"gitId":"-"},"content":"REM delete output from previous run","lastModifiedDate":"2020-05-25","isFullCredit":false},{"lineNumber":7,"author":{"gitId":"-"},"content":"if exist ACTUAL.TXT del ACTUAL.TXT","lastModifiedDate":"2020-08-25","isFullCredit":false},{"lineNumber":8,"author":{"gitId":"-"},"content":"","lastModifiedDate":"2020-05-25","isFullCredit":false},{"lineNumber":9,"author":{"gitId":"-"},"content":"REM compile the code into the bin folder","lastModifiedDate":"2020-05-25","isFullCredit":false},{"lineNumber":10,"author":{"gitId":"-"},"content":"javac  -cp ..\\src\\main\\java -Xlint:none -d ..\\bin ..\\src\\main\\java\\*.java","lastModifiedDate":"2020-08-25","isFullCredit":false},{"lineNumber":11,"author":{"gitId":"-"},"content":"IF ERRORLEVEL 1 (","lastModifiedDate":"2020-05-25","isFullCredit":false},{"lineNumber":12,"author":{"gitId":"-"},"content":"    echo ********** BUILD FAILURE **********","lastModifiedDate":"2020-05-25","isFullCredit":false},{"lineNumber":13,"author":{"gitId":"-"},"content":"    exit /b 1","lastModifiedDate":"2020-05-25","isFullCredit":false},{"lineNumber":14,"author":{"gitId":"-"},"content":")","lastModifiedDate":"2020-05-25","isFullCredit":false},{"lineNumber":15,"author":{"gitId":"-"},"content":"REM no error here, errorlevel \u003d\u003d 0","lastModifiedDate":"2020-05-25","isFullCredit":false},{"lineNumber":16,"author":{"gitId":"-"},"content":"","lastModifiedDate":"2020-05-25","isFullCredit":false},{"lineNumber":17,"author":{"gitId":"-"},"content":"REM run the program, feed commands from input.txt file and redirect the output to the ACTUAL.TXT","lastModifiedDate":"2020-05-25","isFullCredit":false},{"lineNumber":18,"author":{"gitId":"yijiano"},"content":"java -classpath ..\\bin Akshan \u003c input.txt \u003e ACTUAL.TXT","lastModifiedDate":"2024-08-21","isFullCredit":false},{"lineNumber":19,"author":{"gitId":"-"},"content":"","lastModifiedDate":"2020-05-25","isFullCredit":false},{"lineNumber":20,"author":{"gitId":"-"},"content":"REM compare the output to the expected output","lastModifiedDate":"2020-05-25","isFullCredit":false},{"lineNumber":21,"author":{"gitId":"-"},"content":"FC ACTUAL.TXT EXPECTED.TXT","lastModifiedDate":"2020-05-25","isFullCredit":false}],"authorContributionMap":{"yijiano":1,"-":20}},{"path":"text-ui-test/runtest.sh","fileType":"sh","lines":[{"lineNumber":1,"author":{"gitId":"-"},"content":"#!/usr/bin/env bash","lastModifiedDate":"2020-05-25","isFullCredit":false},{"lineNumber":2,"author":{"gitId":"-"},"content":"","lastModifiedDate":"2020-05-25","isFullCredit":false},{"lineNumber":3,"author":{"gitId":"-"},"content":"# create bin directory if it doesn\u0027t exist","lastModifiedDate":"2020-05-25","isFullCredit":false},{"lineNumber":4,"author":{"gitId":"-"},"content":"if [ ! -d \"../bin\" ]","lastModifiedDate":"2020-05-25","isFullCredit":false},{"lineNumber":5,"author":{"gitId":"-"},"content":"then","lastModifiedDate":"2020-05-25","isFullCredit":false},{"lineNumber":6,"author":{"gitId":"-"},"content":"    mkdir ../bin","lastModifiedDate":"2020-05-25","isFullCredit":false},{"lineNumber":7,"author":{"gitId":"-"},"content":"fi","lastModifiedDate":"2020-05-25","isFullCredit":false},{"lineNumber":8,"author":{"gitId":"-"},"content":"","lastModifiedDate":"2020-05-25","isFullCredit":false},{"lineNumber":9,"author":{"gitId":"-"},"content":"# delete output from previous run","lastModifiedDate":"2020-05-25","isFullCredit":false},{"lineNumber":10,"author":{"gitId":"-"},"content":"if [ -e \"./ACTUAL.TXT\" ]","lastModifiedDate":"2020-05-25","isFullCredit":false},{"lineNumber":11,"author":{"gitId":"-"},"content":"then","lastModifiedDate":"2020-05-25","isFullCredit":false},{"lineNumber":12,"author":{"gitId":"-"},"content":"    rm ACTUAL.TXT","lastModifiedDate":"2020-05-25","isFullCredit":false},{"lineNumber":13,"author":{"gitId":"-"},"content":"fi","lastModifiedDate":"2020-05-25","isFullCredit":false},{"lineNumber":14,"author":{"gitId":"-"},"content":"","lastModifiedDate":"2020-05-25","isFullCredit":false},{"lineNumber":15,"author":{"gitId":"-"},"content":"# compile the code into the bin folder, terminates if error occurred","lastModifiedDate":"2020-05-25","isFullCredit":false},{"lineNumber":16,"author":{"gitId":"-"},"content":"if ! javac -cp ../src/main/java -Xlint:none -d ../bin ../src/main/java/*.java","lastModifiedDate":"2020-08-25","isFullCredit":false},{"lineNumber":17,"author":{"gitId":"-"},"content":"then","lastModifiedDate":"2020-05-25","isFullCredit":false},{"lineNumber":18,"author":{"gitId":"-"},"content":"    echo \"********** BUILD FAILURE **********\"","lastModifiedDate":"2020-05-25","isFullCredit":false},{"lineNumber":19,"author":{"gitId":"-"},"content":"    exit 1","lastModifiedDate":"2020-05-25","isFullCredit":false},{"lineNumber":20,"author":{"gitId":"-"},"content":"fi","lastModifiedDate":"2020-05-25","isFullCredit":false},{"lineNumber":21,"author":{"gitId":"-"},"content":"","lastModifiedDate":"2020-05-25","isFullCredit":false},{"lineNumber":22,"author":{"gitId":"-"},"content":"# run the program, feed commands from input.txt file and redirect the output to the ACTUAL.TXT","lastModifiedDate":"2020-05-25","isFullCredit":false},{"lineNumber":23,"author":{"gitId":"yijiano"},"content":"java -classpath ../bin Akshan \u003c input.txt \u003e ACTUAL.TXT","lastModifiedDate":"2024-08-21","isFullCredit":false},{"lineNumber":24,"author":{"gitId":"-"},"content":"","lastModifiedDate":"2020-05-25","isFullCredit":false},{"lineNumber":25,"author":{"gitId":"-"},"content":"# convert to UNIX format","lastModifiedDate":"2020-05-25","isFullCredit":false},{"lineNumber":26,"author":{"gitId":"-"},"content":"cp EXPECTED.TXT EXPECTED-UNIX.TXT","lastModifiedDate":"2020-05-25","isFullCredit":false},{"lineNumber":27,"author":{"gitId":"-"},"content":"dos2unix ACTUAL.TXT EXPECTED-UNIX.TXT","lastModifiedDate":"2020-05-25","isFullCredit":false},{"lineNumber":28,"author":{"gitId":"-"},"content":"","lastModifiedDate":"2020-05-25","isFullCredit":false},{"lineNumber":29,"author":{"gitId":"-"},"content":"# compare the output to the expected output","lastModifiedDate":"2020-05-25","isFullCredit":false},{"lineNumber":30,"author":{"gitId":"-"},"content":"diff ACTUAL.TXT EXPECTED-UNIX.TXT","lastModifiedDate":"2020-05-25","isFullCredit":false},{"lineNumber":31,"author":{"gitId":"-"},"content":"if [ $? -eq 0 ]","lastModifiedDate":"2020-05-25","isFullCredit":false},{"lineNumber":32,"author":{"gitId":"-"},"content":"then","lastModifiedDate":"2020-05-25","isFullCredit":false},{"lineNumber":33,"author":{"gitId":"-"},"content":"    echo \"Test result: PASSED\"","lastModifiedDate":"2020-05-25","isFullCredit":false},{"lineNumber":34,"author":{"gitId":"-"},"content":"    exit 0","lastModifiedDate":"2020-05-25","isFullCredit":false},{"lineNumber":35,"author":{"gitId":"-"},"content":"else","lastModifiedDate":"2020-05-25","isFullCredit":false},{"lineNumber":36,"author":{"gitId":"-"},"content":"    echo \"Test result: FAILED\"","lastModifiedDate":"2020-05-25","isFullCredit":false},{"lineNumber":37,"author":{"gitId":"-"},"content":"    exit 1","lastModifiedDate":"2020-05-25","isFullCredit":false},{"lineNumber":38,"author":{"gitId":"-"},"content":"fi","lastModifiedDate":"2020-05-25","isFullCredit":false}],"authorContributionMap":{"yijiano":1,"-":37}}]
