{"authorDailyContributionsMap":{"averageandyyy":[{"date":"2024-08-21","commitResults":[{"hash":"1cc23c263679e525942e1c7373c5e727a94e18cf","isMergeCommit":false,"messageTitle":"Remove Duke.java","messageBody":"","fileTypesAndContributionMap":{"java":{"insertions":0,"deletions":10}}},{"hash":"b6999f02a08195edc89dd4146993807930536975","isMergeCommit":false,"messageTitle":"Implement Bento Greeting and Exit","messageBody":"","tags":["Level-0"],"fileTypesAndContributionMap":{"java":{"insertions":32,"deletions":0}}},{"hash":"28babe569005a3477bcfeebcb9580b3a3e9ebc9e","isMergeCommit":false,"messageTitle":"Modify README.md","messageBody":"","fileTypesAndContributionMap":{"md":{"insertions":1,"deletions":2}}}]},{"date":"2024-08-26","commitResults":[{"hash":"3b9f0318a5dfb0822aa0c2f2a997f2b8fcdd7a12","isMergeCommit":false,"messageTitle":"Implement echo behaviour and exit behaviour on bye input","messageBody":"","tags":["Level-1"],"fileTypesAndContributionMap":{"java":{"insertions":53,"deletions":18}}},{"hash":"a5ab97c6451444adb22bd67c011f07eced6b450d","isMergeCommit":false,"messageTitle":"Implement adding of task behavior and listing task behaviour Inputting list will make Bento list all tasks. Otherwise, Bento assumes input to be task and adds it to the list.","messageBody":"","tags":["Level-2"],"fileTypesAndContributionMap":{"java":{"insertions":51,"deletions":3}}},{"hash":"c1adc879282fe72d8732aea94b6d4eb4c3f25365","isMergeCommit":false,"messageTitle":"Add Task and Main class. Implement marking and unmarking behavior. Main class as entry point into program. Task class to better help organize program flow. Bento will mark/unmark tasks based on index provided. Will need to handle cases when invalid indexes are provided in the future.","messageBody":"","tags":["Level-3","A-Classes"],"fileTypesAndContributionMap":{"java":{"insertions":20,"deletions":0}}},{"hash":"8d262908baf6eb279b5868bf3b8daba1b675d1a9","isMergeCommit":false,"messageTitle":"Modify code to adhere with coding standards. Add try-catch blocks to account for out of bounds indexing and wrong inputs. Catch errors where user might provide non-integer inputs or out of bounds task number.","messageBody":"","tags":["A-Collections","A-CodingStandard"],"fileTypesAndContributionMap":{"java":{"insertions":26,"deletions":15}}}]},{"date":"2024-08-31","commitResults":[{"hash":"0c2dac26acdb0cc382f78010e1425792922ac550","isMergeCommit":false,"messageTitle":"Refactor codebase Extract constants such as GREETING_MESSAGE. Extract methods such as printNoTaskMessage()","messageBody":"","fileTypesAndContributionMap":{"java":{"insertions":61,"deletions":21}}},{"hash":"a3609d4598c6cf9a3bbc239b58127dcd7080d251","isMergeCommit":false,"messageTitle":"Add ToDo Class and refactor code","messageBody":"","fileTypesAndContributionMap":{"java":{"insertions":49,"deletions":13}}},{"hash":"8b8fc69159b3acdee3d4bb4891b5c788408d82c3","isMergeCommit":false,"messageTitle":"Implement Deadline and Event classes and refactor code","messageBody":"","tags":["Level-4","A-Inheritance"],"fileTypesAndContributionMap":{"java":{"insertions":204,"deletions":35}}},{"hash":"6fb83c0d4fe87e3ca400aefccf7fb9f8a685cd86","isMergeCommit":false,"messageTitle":"Refactor code and remove magic numbers","messageBody":"","tags":["A-CodeQuality"],"fileTypesAndContributionMap":{"java":{"insertions":16,"deletions":8}}},{"hash":"8a9693c9761ba035a555f817779c83f96161ee0e","isMergeCommit":false,"messageTitle":"Add generate_expected.sh and runtest_bento.sh and modify input.txt While generate_expected.sh helps to automatically generate EXPECTED.TXT, its contents must still be verified manually before use with runtest_bento.sh input.txt should include mis-inputs in the future as the commands/inputs grow.","messageBody":"","tags":["A-TextUiTesting"],"fileTypesAndContributionMap":{"txt":{"insertions":32,"deletions":0},"java":{"insertions":1,"deletions":1},"sh":{"insertions":63,"deletions":0}}}]},{"date":"2024-09-02","commitResults":[{"hash":"f90a255307c45f91fcee9e76bed251c9f748f8be","isMergeCommit":false,"messageTitle":"Update generate_expected.sh","messageBody":"","fileTypesAndContributionMap":{"sh":{"insertions":2,"deletions":2}}}]},{"date":"2024-09-04","commitResults":[{"hash":"8d74e88c38ffc4056a443bfa70bac66b1327372d","isMergeCommit":false,"messageTitle":"Create generic exception classes","messageBody":"","fileTypesAndContributionMap":{"java":{"insertions":96,"deletions":54}}},{"hash":"bdbea042fc3c03b0e9ac4c1a9f57643b45ab3aac","isMergeCommit":false,"messageTitle":"Implement Task and ToDo specific exceptions","messageBody":"","fileTypesAndContributionMap":{"java":{"insertions":22,"deletions":5}}},{"hash":"dc63107005198a9dffba8e82c633de04b6c10a9d","isMergeCommit":false,"messageTitle":"Implement Deadline specific exception","messageBody":"","fileTypesAndContributionMap":{"java":{"insertions":25,"deletions":5}}},{"hash":"002e301c63832c79a3f345e2999274aa0cc7f11d","isMergeCommit":false,"messageTitle":"Implement Event specific exception","messageBody":"","fileTypesAndContributionMap":{"java":{"insertions":19,"deletions":3}}},{"hash":"b78460af19b592e81e7253d57ea932e001cb8863","isMergeCommit":false,"messageTitle":"Update marking exceptions","messageBody":"","fileTypesAndContributionMap":{"java":{"insertions":10,"deletions":6}}},{"hash":"fde709a03e4cc17bed63f134072e124eb8857ca2","isMergeCommit":false,"messageTitle":"Update text parsing behaviours and exceptions","messageBody":"","fileTypesAndContributionMap":{"java":{"insertions":6,"deletions":19}}}]},{"date":"2024-09-05","commitResults":[{"hash":"f3dddf616802e60617cd6b40aa2f5efb31af4bbe","isMergeCommit":true,"messageTitle":"Merge branch \u0027branch-Level-5\u0027","messageBody":"","tags":["Level-5","A-Exceptions"],"fileTypesAndContributionMap":{}},{"hash":"7ea06ef28461b519bec15c81b579ececba697f7c","isMergeCommit":false,"messageTitle":"Refactor code into packages","messageBody":"","fileTypesAndContributionMap":{"java":{"insertions":40,"deletions":6}}},{"hash":"52c478bbd783dfb8e8fa465df950f1de815d1e29","isMergeCommit":true,"messageTitle":"Merge branch \u0027branch-A-Packages\u0027","messageBody":"","tags":["A-Packages"],"fileTypesAndContributionMap":{}}]},{"date":"2024-09-07","commitResults":[{"hash":"ff0d25972d80cb4dc2dcf5f41944959e17f658ab","isMergeCommit":false,"messageTitle":"Refactor code according to PR comments","messageBody":"","fileTypesAndContributionMap":{"txt":{"insertions":2,"deletions":0},"java":{"insertions":15,"deletions":40}}},{"hash":"08260af78165fa2cd9a7d1861562eb60b1121587","isMergeCommit":false,"messageTitle":"Remove addTask method","messageBody":"","fileTypesAndContributionMap":{"java":{"insertions":1,"deletions":11}}}]},{"date":"2024-09-08","commitResults":[{"hash":"48204b5cdb946f8bf1f92ff349004258d89f6052","isMergeCommit":false,"messageTitle":"Make Task class abstract and refactor code","messageBody":"","fileTypesAndContributionMap":{"java":{"insertions":9,"deletions":9}}}]},{"date":"2024-09-10","commitResults":[{"hash":"4dafe1ce6de6bfad7276963bb57650306cbb6260","isMergeCommit":false,"messageTitle":"Implement delete command","messageBody":"","fileTypesAndContributionMap":{"java":{"insertions":37,"deletions":4}}}]},{"date":"2024-09-12","commitResults":[{"hash":"028bc9c8e8df48df98d5ec729b650c63a7a13e55","isMergeCommit":false,"messageTitle":"Implement task list saving behavior - Able to load and save from ./data/save.txt - Update tasks to return themselves as user commands - Introduce new exceptions for when load and save processes encounter errors - Will create new save.txt if not found - Loading tasks makes use of handleUserInput which outputs success messages - TODO: Create handleCommand functions that supress success messages","messageBody":"","fileTypesAndContributionMap":{"txt":{"insertions":4,"deletions":0},"java":{"insertions":137,"deletions":12}}},{"hash":"8dd1a5c407721f8700fb8c34e54bbdcc6481d103","isMergeCommit":true,"messageTitle":"Merge branch \u0027branch-Level-6\u0027","messageBody":"","tags":["Level-6"],"fileTypesAndContributionMap":{}},{"hash":"48ebbfd5af3a3cc8d2b998eb97a7646b4b9990c3","isMergeCommit":true,"messageTitle":"Merge branch \u0027branch-Level-7\u0027","messageBody":"","tags":["Level-7"],"fileTypesAndContributionMap":{}},{"hash":"c68bf6fc4d8731eee21f582c4ca4a9c278c4a972","isMergeCommit":false,"messageTitle":"Update saveTaskList behavior - Will now create a /data directory if not already created - Introduced constants for readability and reusability - Attempted and tested program with JAR file","messageBody":"","tags":["A-Jar"],"fileTypesAndContributionMap":{"java":{"insertions":8,"deletions":2}}},{"hash":"fdabaae00bf3a6443ece2473d02f0a3693050e58","isMergeCommit":false,"messageTitle":"Suppress success messages when loading from save.txt - Introduce fromUserInput flag to determine whether to output success messages - After loading, Bento will list all tasks","messageBody":"","fileTypesAndContributionMap":{"java":{"insertions":22,"deletions":12}}}]}]},"authorFileTypeContributionMap":{"averageandyyy":{"java":649,"md":1,"fxml":0,"sh":63,"bat":0,"gradle":0,"txt":38}},"authorContributionVariance":{"averageandyyy":12258.205},"authorDisplayNameMap":{"averageandyyy":"CS2113-T10-3 CHEN..ANDY"}}
