{"authorDailyContributionsMap":{"CheeKiangg":[{"date":"2024-08-22","commitResults":[{"hash":"30d6687196fd591f6a147c30afcea55927e2e9b3","isMergeCommit":false,"messageTitle":"Change Duke to CodeCatalyst","messageBody":"","tags":["Level-0"],"fileTypesAndContributionMap":{"java":{"insertions":7,"deletions":0}}}]},{"date":"2024-08-27","commitResults":[{"hash":"b54bc98da6948656e797c24f8ea106f187278993","isMergeCommit":false,"messageTitle":"Add level-1","messageBody":"echo commands from user\n","tags":["Level-1"],"fileTypesAndContributionMap":{"java":{"insertions":22,"deletions":3}}},{"hash":"23a0d1f9ee9bc881f9f8c07b4b2e8fe20c720a42","isMergeCommit":false,"messageTitle":"Add Level-2","messageBody":"store text and display back to user when requested\n","tags":["Level-2"],"fileTypesAndContributionMap":{"java":{"insertions":13,"deletions":4}}},{"hash":"a36362163128a277263013d48f343328441c000c","isMergeCommit":false,"messageTitle":"Add Level-3","messageBody":"task can be mark as done or unmark as not done\n","tags":["Level-3"],"fileTypesAndContributionMap":{"java":{"insertions":53,"deletions":9}}}]}]},"authorFileTypeContributionMap":{"CheeKiangg":{"java":79,"md":0,"fxml":0,"sh":0,"bat":0,"gradle":0,"txt":0}},"authorContributionVariance":{"CheeKiangg":819.8542},"authorDisplayNameMap":{"CheeKiangg":"NG C..IANG"}}
