[{"path":"docs/README.md","fileType":"md","lines":[{"lineNumber":1,"author":{"gitId":"-"},"content":"# Duke User Guide","lastModifiedDate":"2024-01-07","isFullCredit":false},{"lineNumber":2,"author":{"gitId":"-"},"content":"","lastModifiedDate":"2019-07-29","isFullCredit":false},{"lineNumber":3,"author":{"gitId":"-"},"content":"// Update the title above to match the actual product name","lastModifiedDate":"2024-01-07","isFullCredit":false},{"lineNumber":4,"author":{"gitId":"-"},"content":"","lastModifiedDate":"2019-07-29","isFullCredit":false},{"lineNumber":5,"author":{"gitId":"-"},"content":"// Product screenshot goes here","lastModifiedDate":"2024-01-07","isFullCredit":false},{"lineNumber":6,"author":{"gitId":"-"},"content":"","lastModifiedDate":"2021-07-17","isFullCredit":false},{"lineNumber":7,"author":{"gitId":"-"},"content":"// Product intro goes here","lastModifiedDate":"2024-01-07","isFullCredit":false},{"lineNumber":8,"author":{"gitId":"-"},"content":"","lastModifiedDate":"2021-07-17","isFullCredit":false},{"lineNumber":9,"author":{"gitId":"-"},"content":"## Adding deadlines","lastModifiedDate":"2024-01-07","isFullCredit":false},{"lineNumber":10,"author":{"gitId":"-"},"content":"","lastModifiedDate":"2021-07-17","isFullCredit":false},{"lineNumber":11,"author":{"gitId":"-"},"content":"// Describe the action and its outcome.","lastModifiedDate":"2024-01-07","isFullCredit":false},{"lineNumber":12,"author":{"gitId":"-"},"content":"","lastModifiedDate":"2019-07-29","isFullCredit":false},{"lineNumber":13,"author":{"gitId":"-"},"content":"// Give examples of usage","lastModifiedDate":"2024-01-07","isFullCredit":false},{"lineNumber":14,"author":{"gitId":"-"},"content":"","lastModifiedDate":"2019-07-29","isFullCredit":false},{"lineNumber":15,"author":{"gitId":"-"},"content":"Example: `keyword (optional arguments)`","lastModifiedDate":"2024-01-07","isFullCredit":false},{"lineNumber":16,"author":{"gitId":"-"},"content":"","lastModifiedDate":"2019-07-29","isFullCredit":false},{"lineNumber":17,"author":{"gitId":"-"},"content":"// A description of the expected outcome goes here","lastModifiedDate":"2024-01-07","isFullCredit":false},{"lineNumber":18,"author":{"gitId":"-"},"content":"","lastModifiedDate":"2019-07-29","isFullCredit":false},{"lineNumber":19,"author":{"gitId":"-"},"content":"```","lastModifiedDate":"2024-01-07","isFullCredit":false},{"lineNumber":20,"author":{"gitId":"Littleme1032"},"content":"HELP ME PLSSS","lastModifiedDate":"2024-08-21","isFullCredit":false},{"lineNumber":21,"author":{"gitId":"-"},"content":"```","lastModifiedDate":"2024-01-07","isFullCredit":false},{"lineNumber":22,"author":{"gitId":"-"},"content":"","lastModifiedDate":"2019-07-29","isFullCredit":false},{"lineNumber":23,"author":{"gitId":"-"},"content":"## Feature ABC","lastModifiedDate":"2024-01-07","isFullCredit":false},{"lineNumber":24,"author":{"gitId":"-"},"content":"","lastModifiedDate":"2019-07-29","isFullCredit":false},{"lineNumber":25,"author":{"gitId":"-"},"content":"// Feature details","lastModifiedDate":"2024-01-07","isFullCredit":false},{"lineNumber":26,"author":{"gitId":"-"},"content":"","lastModifiedDate":"2019-07-29","isFullCredit":false},{"lineNumber":27,"author":{"gitId":"-"},"content":"","lastModifiedDate":"2021-07-17","isFullCredit":false},{"lineNumber":28,"author":{"gitId":"-"},"content":"## Feature XYZ","lastModifiedDate":"2024-01-07","isFullCredit":false},{"lineNumber":29,"author":{"gitId":"-"},"content":"","lastModifiedDate":"2024-01-07","isFullCredit":false},{"lineNumber":30,"author":{"gitId":"-"},"content":"// Feature details","lastModifiedDate":"2024-01-07","isFullCredit":false}],"authorContributionMap":{"-":29,"Littleme1032":1}},{"path":"src/main/java/Bebe.java","fileType":"java","lines":[{"lineNumber":1,"author":{"gitId":"Littleme1032"},"content":"import java.util.Scanner;","lastModifiedDate":"2024-08-21","isFullCredit":false},{"lineNumber":2,"author":{"gitId":"Littleme1032"},"content":"import java.util.ArrayList;","lastModifiedDate":"2024-08-28","isFullCredit":false},{"lineNumber":3,"author":{"gitId":"Littleme1032"},"content":"","lastModifiedDate":"2024-08-28","isFullCredit":false},{"lineNumber":4,"author":{"gitId":"Littleme1032"},"content":"","lastModifiedDate":"2024-08-21","isFullCredit":false},{"lineNumber":5,"author":{"gitId":"Littleme1032"},"content":"public class Bebe {","lastModifiedDate":"2024-08-21","isFullCredit":false},{"lineNumber":6,"author":{"gitId":"Littleme1032"},"content":"","lastModifiedDate":"2024-08-21","isFullCredit":false},{"lineNumber":7,"author":{"gitId":"Littleme1032"},"content":"    private static ArrayList\u003cTask\u003e tasks \u003d new ArrayList\u003c\u003e();","lastModifiedDate":"2024-08-28","isFullCredit":false},{"lineNumber":8,"author":{"gitId":"Littleme1032"},"content":"","lastModifiedDate":"2024-08-28","isFullCredit":false},{"lineNumber":9,"author":{"gitId":"Littleme1032"},"content":"    public static void main(String[] args) {","lastModifiedDate":"2024-08-21","isFullCredit":false},{"lineNumber":10,"author":{"gitId":"Littleme1032"},"content":"        welcomeMessage();","lastModifiedDate":"2024-08-21","isFullCredit":false},{"lineNumber":11,"author":{"gitId":"Littleme1032"},"content":"        runChatbot();","lastModifiedDate":"2024-08-21","isFullCredit":false},{"lineNumber":12,"author":{"gitId":"Littleme1032"},"content":"        exitMessage();","lastModifiedDate":"2024-08-21","isFullCredit":false},{"lineNumber":13,"author":{"gitId":"Littleme1032"},"content":"    }","lastModifiedDate":"2024-08-21","isFullCredit":false},{"lineNumber":14,"author":{"gitId":"Littleme1032"},"content":"","lastModifiedDate":"2024-08-21","isFullCredit":false},{"lineNumber":15,"author":{"gitId":"Littleme1032"},"content":"    /**","lastModifiedDate":"2024-08-28","isFullCredit":false},{"lineNumber":16,"author":{"gitId":"Littleme1032"},"content":"     * Prints a welcome message when the chatbot starts.","lastModifiedDate":"2024-08-28","isFullCredit":false},{"lineNumber":17,"author":{"gitId":"Littleme1032"},"content":"     */","lastModifiedDate":"2024-08-28","isFullCredit":false},{"lineNumber":18,"author":{"gitId":"Littleme1032"},"content":"    private static void welcomeMessage() {","lastModifiedDate":"2024-08-21","isFullCredit":false},{"lineNumber":19,"author":{"gitId":"Littleme1032"},"content":"        System.out.println(\"Hello! I\u0027m Bebe\");","lastModifiedDate":"2024-08-21","isFullCredit":false},{"lineNumber":20,"author":{"gitId":"Littleme1032"},"content":"        System.out.println(\"What can I do for you?\");","lastModifiedDate":"2024-08-21","isFullCredit":false},{"lineNumber":21,"author":{"gitId":"Littleme1032"},"content":"    }","lastModifiedDate":"2024-08-21","isFullCredit":false},{"lineNumber":22,"author":{"gitId":"Littleme1032"},"content":"","lastModifiedDate":"2024-08-21","isFullCredit":false},{"lineNumber":23,"author":{"gitId":"Littleme1032"},"content":"    /**","lastModifiedDate":"2024-09-04","isFullCredit":false},{"lineNumber":24,"author":{"gitId":"Littleme1032"},"content":"     * Prints the available commands and their descriptions.","lastModifiedDate":"2024-09-04","isFullCredit":false},{"lineNumber":25,"author":{"gitId":"Littleme1032"},"content":"     */","lastModifiedDate":"2024-09-04","isFullCredit":false},{"lineNumber":26,"author":{"gitId":"Littleme1032"},"content":"    private static void showHelp() {","lastModifiedDate":"2024-09-04","isFullCredit":false},{"lineNumber":27,"author":{"gitId":"Littleme1032"},"content":"        System.out.println(\"Here are the commands you can use:\");","lastModifiedDate":"2024-09-04","isFullCredit":false},{"lineNumber":28,"author":{"gitId":"Littleme1032"},"content":"        System.out.println(\"  todo \u003ctask description\u003e          - Adds a ToDo task.\");","lastModifiedDate":"2024-09-04","isFullCredit":false},{"lineNumber":29,"author":{"gitId":"Littleme1032"},"content":"        System.out.println(\"  deadline \u003ctask description\u003e /by \u003cdate/time\u003e  - Adds a Deadline task.\");","lastModifiedDate":"2024-09-04","isFullCredit":false},{"lineNumber":30,"author":{"gitId":"Littleme1032"},"content":"        System.out.println(\"  event \u003ctask description\u003e /from \u003cstart time\u003e /to \u003cend time\u003e  - Adds an Event task.\");","lastModifiedDate":"2024-09-04","isFullCredit":false},{"lineNumber":31,"author":{"gitId":"Littleme1032"},"content":"        System.out.println(\"  list                            - Lists all tasks.\");","lastModifiedDate":"2024-09-04","isFullCredit":false},{"lineNumber":32,"author":{"gitId":"Littleme1032"},"content":"        System.out.println(\"  mark \u003ctask number\u003e              - Marks a task as done.\");","lastModifiedDate":"2024-09-04","isFullCredit":false},{"lineNumber":33,"author":{"gitId":"Littleme1032"},"content":"        System.out.println(\"  unmark \u003ctask number\u003e            - Marks a task as not done.\");","lastModifiedDate":"2024-09-04","isFullCredit":false},{"lineNumber":34,"author":{"gitId":"Littleme1032"},"content":"        System.out.println(\"  help                            - Shows this help message.\");","lastModifiedDate":"2024-09-04","isFullCredit":false},{"lineNumber":35,"author":{"gitId":"Littleme1032"},"content":"        System.out.println(\"  bye                             - Exits the chatbot.\\n\");","lastModifiedDate":"2024-09-06","isFullCredit":false},{"lineNumber":36,"author":{"gitId":"Littleme1032"},"content":"        System.out.println(\"So what can I do for you?\");","lastModifiedDate":"2024-09-06","isFullCredit":false},{"lineNumber":37,"author":{"gitId":"Littleme1032"},"content":"    }","lastModifiedDate":"2024-09-04","isFullCredit":false},{"lineNumber":38,"author":{"gitId":"Littleme1032"},"content":"","lastModifiedDate":"2024-09-04","isFullCredit":false},{"lineNumber":39,"author":{"gitId":"Littleme1032"},"content":"    /**","lastModifiedDate":"2024-08-28","isFullCredit":false},{"lineNumber":40,"author":{"gitId":"Littleme1032"},"content":"     * Runs the main loop of the chatbot to handle user input.","lastModifiedDate":"2024-08-28","isFullCredit":false},{"lineNumber":41,"author":{"gitId":"Littleme1032"},"content":"     */","lastModifiedDate":"2024-08-28","isFullCredit":false},{"lineNumber":42,"author":{"gitId":"Littleme1032"},"content":"    private static void runChatbot() {","lastModifiedDate":"2024-08-21","isFullCredit":false},{"lineNumber":43,"author":{"gitId":"Littleme1032"},"content":"        Scanner scanner \u003d new Scanner(System.in);","lastModifiedDate":"2024-08-21","isFullCredit":false},{"lineNumber":44,"author":{"gitId":"Littleme1032"},"content":"        String userInput;","lastModifiedDate":"2024-08-21","isFullCredit":false},{"lineNumber":45,"author":{"gitId":"Littleme1032"},"content":"","lastModifiedDate":"2024-08-21","isFullCredit":false},{"lineNumber":46,"author":{"gitId":"Littleme1032"},"content":"        while (true) {","lastModifiedDate":"2024-08-21","isFullCredit":false},{"lineNumber":47,"author":{"gitId":"Littleme1032"},"content":"            userInput \u003d scanner.nextLine().trim();","lastModifiedDate":"2024-08-21","isFullCredit":false},{"lineNumber":48,"author":{"gitId":"Littleme1032"},"content":"            String[] words \u003d userInput.split(\" \", 2);","lastModifiedDate":"2024-09-04","isFullCredit":false},{"lineNumber":49,"author":{"gitId":"Littleme1032"},"content":"","lastModifiedDate":"2024-08-21","isFullCredit":false},{"lineNumber":50,"author":{"gitId":"Littleme1032"},"content":"            switch (words[0].toLowerCase()) {","lastModifiedDate":"2024-08-28","isFullCredit":false},{"lineNumber":51,"author":{"gitId":"Littleme1032"},"content":"                case \"bye\":","lastModifiedDate":"2024-08-28","isFullCredit":false},{"lineNumber":52,"author":{"gitId":"Littleme1032"},"content":"                    scanner.close();","lastModifiedDate":"2024-08-28","isFullCredit":false},{"lineNumber":53,"author":{"gitId":"Littleme1032"},"content":"                    return; // Exits the method, thus ending the program","lastModifiedDate":"2024-08-28","isFullCredit":false},{"lineNumber":54,"author":{"gitId":"Littleme1032"},"content":"                case \"list\":","lastModifiedDate":"2024-08-28","isFullCredit":false},{"lineNumber":55,"author":{"gitId":"Littleme1032"},"content":"                    listTasks();","lastModifiedDate":"2024-08-28","isFullCredit":false},{"lineNumber":56,"author":{"gitId":"Littleme1032"},"content":"                    break;","lastModifiedDate":"2024-08-21","isFullCredit":false},{"lineNumber":57,"author":{"gitId":"Littleme1032"},"content":"                case \"mark\":","lastModifiedDate":"2024-08-28","isFullCredit":false},{"lineNumber":58,"author":{"gitId":"Littleme1032"},"content":"                    if (words.length \u003d\u003d 2) {","lastModifiedDate":"2024-08-28","isFullCredit":false},{"lineNumber":59,"author":{"gitId":"Littleme1032"},"content":"                        int taskNumber \u003d Integer.parseInt(words[1]) - 1;","lastModifiedDate":"2024-08-28","isFullCredit":false},{"lineNumber":60,"author":{"gitId":"Littleme1032"},"content":"                        markTaskAsDone(Integer.parseInt(words[1]));","lastModifiedDate":"2024-09-04","isFullCredit":false},{"lineNumber":61,"author":{"gitId":"Littleme1032"},"content":"                    }","lastModifiedDate":"2024-08-28","isFullCredit":false},{"lineNumber":62,"author":{"gitId":"Littleme1032"},"content":"                    break;","lastModifiedDate":"2024-08-28","isFullCredit":false},{"lineNumber":63,"author":{"gitId":"Littleme1032"},"content":"                case \"unmark\":","lastModifiedDate":"2024-08-28","isFullCredit":false},{"lineNumber":64,"author":{"gitId":"Littleme1032"},"content":"                    if (words.length \u003d\u003d 2) {","lastModifiedDate":"2024-08-28","isFullCredit":false},{"lineNumber":65,"author":{"gitId":"Littleme1032"},"content":"                        int taskNumber \u003d Integer.parseInt(words[1]) - 1;","lastModifiedDate":"2024-08-28","isFullCredit":false},{"lineNumber":66,"author":{"gitId":"Littleme1032"},"content":"                        markTaskAsNotDone(Integer.parseInt(words[1]));","lastModifiedDate":"2024-09-04","isFullCredit":false},{"lineNumber":67,"author":{"gitId":"Littleme1032"},"content":"                    }","lastModifiedDate":"2024-08-28","isFullCredit":false},{"lineNumber":68,"author":{"gitId":"Littleme1032"},"content":"                    break;","lastModifiedDate":"2024-08-28","isFullCredit":false},{"lineNumber":69,"author":{"gitId":"Littleme1032"},"content":"                case \"todo\":","lastModifiedDate":"2024-09-04","isFullCredit":false},{"lineNumber":70,"author":{"gitId":"Littleme1032"},"content":"                    addTask(new Todo(words[1]));","lastModifiedDate":"2024-09-04","isFullCredit":false},{"lineNumber":71,"author":{"gitId":"Littleme1032"},"content":"                    break;","lastModifiedDate":"2024-09-04","isFullCredit":false},{"lineNumber":72,"author":{"gitId":"Littleme1032"},"content":"                case \"deadline\":","lastModifiedDate":"2024-09-04","isFullCredit":false},{"lineNumber":73,"author":{"gitId":"Littleme1032"},"content":"                    String[] deadlineParts \u003d words[1].split(\" /by \");","lastModifiedDate":"2024-09-04","isFullCredit":false},{"lineNumber":74,"author":{"gitId":"Littleme1032"},"content":"                    addTask(new Deadline(deadlineParts[0], deadlineParts[1]));","lastModifiedDate":"2024-09-04","isFullCredit":false},{"lineNumber":75,"author":{"gitId":"Littleme1032"},"content":"                    break;","lastModifiedDate":"2024-09-04","isFullCredit":false},{"lineNumber":76,"author":{"gitId":"Littleme1032"},"content":"                case \"event\":","lastModifiedDate":"2024-09-04","isFullCredit":false},{"lineNumber":77,"author":{"gitId":"Littleme1032"},"content":"                    String[] eventParts \u003d words[1].split(\" /from | /to \");","lastModifiedDate":"2024-09-04","isFullCredit":false},{"lineNumber":78,"author":{"gitId":"Littleme1032"},"content":"                    addTask(new Event(eventParts[0], eventParts[1], eventParts[2]));","lastModifiedDate":"2024-09-04","isFullCredit":false},{"lineNumber":79,"author":{"gitId":"Littleme1032"},"content":"                    break;","lastModifiedDate":"2024-09-04","isFullCredit":false},{"lineNumber":80,"author":{"gitId":"Littleme1032"},"content":"                case \"help\":","lastModifiedDate":"2024-09-04","isFullCredit":false},{"lineNumber":81,"author":{"gitId":"Littleme1032"},"content":"                    showHelp();","lastModifiedDate":"2024-09-04","isFullCredit":false},{"lineNumber":82,"author":{"gitId":"Littleme1032"},"content":"                    break;","lastModifiedDate":"2024-09-04","isFullCredit":false},{"lineNumber":83,"author":{"gitId":"Littleme1032"},"content":"                default:","lastModifiedDate":"2024-08-28","isFullCredit":false},{"lineNumber":84,"author":{"gitId":"Littleme1032"},"content":"                    System.out.println(\"I\u0027m sorry, I don\u0027t understand that command.\");","lastModifiedDate":"2024-09-04","isFullCredit":false},{"lineNumber":85,"author":{"gitId":"Littleme1032"},"content":"                    break;","lastModifiedDate":"2024-08-28","isFullCredit":false},{"lineNumber":86,"author":{"gitId":"Littleme1032"},"content":"            }","lastModifiedDate":"2024-08-28","isFullCredit":false},{"lineNumber":87,"author":{"gitId":"Littleme1032"},"content":"        }","lastModifiedDate":"2024-08-28","isFullCredit":false},{"lineNumber":88,"author":{"gitId":"Littleme1032"},"content":"    }","lastModifiedDate":"2024-08-21","isFullCredit":false},{"lineNumber":89,"author":{"gitId":"Littleme1032"},"content":"","lastModifiedDate":"2024-08-21","isFullCredit":false},{"lineNumber":90,"author":{"gitId":"Littleme1032"},"content":"","lastModifiedDate":"2024-08-28","isFullCredit":false},{"lineNumber":91,"author":{"gitId":"Littleme1032"},"content":"    /**","lastModifiedDate":"2024-08-28","isFullCredit":false},{"lineNumber":92,"author":{"gitId":"Littleme1032"},"content":"     * Adds a new task to the list.","lastModifiedDate":"2024-08-28","isFullCredit":false},{"lineNumber":93,"author":{"gitId":"Littleme1032"},"content":"     *","lastModifiedDate":"2024-08-28","isFullCredit":false},{"lineNumber":94,"author":{"gitId":"Littleme1032"},"content":"     * @param task The task to be added","lastModifiedDate":"2024-09-04","isFullCredit":false},{"lineNumber":95,"author":{"gitId":"Littleme1032"},"content":"     */","lastModifiedDate":"2024-08-28","isFullCredit":false},{"lineNumber":96,"author":{"gitId":"Littleme1032"},"content":"    private static void addTask(Task task) {","lastModifiedDate":"2024-09-04","isFullCredit":false},{"lineNumber":97,"author":{"gitId":"Littleme1032"},"content":"        tasks.add(task);","lastModifiedDate":"2024-09-04","isFullCredit":false},{"lineNumber":98,"author":{"gitId":"Littleme1032"},"content":"        System.out.println(\"Got it. I\u0027ve added this task:\");","lastModifiedDate":"2024-09-04","isFullCredit":false},{"lineNumber":99,"author":{"gitId":"Littleme1032"},"content":"        System.out.println(\"  \" + task.toString());","lastModifiedDate":"2024-09-04","isFullCredit":false},{"lineNumber":100,"author":{"gitId":"Littleme1032"},"content":"        System.out.println(\"Now you have \" + tasks.size() + \" tasks in the list.\");","lastModifiedDate":"2024-09-04","isFullCredit":false},{"lineNumber":101,"author":{"gitId":"Littleme1032"},"content":"    }","lastModifiedDate":"2024-08-21","isFullCredit":false},{"lineNumber":102,"author":{"gitId":"Littleme1032"},"content":"","lastModifiedDate":"2024-08-21","isFullCredit":false},{"lineNumber":103,"author":{"gitId":"Littleme1032"},"content":"    /**","lastModifiedDate":"2024-08-28","isFullCredit":false},{"lineNumber":104,"author":{"gitId":"Littleme1032"},"content":"     * Lists all the tasks added by the user.","lastModifiedDate":"2024-08-28","isFullCredit":false},{"lineNumber":105,"author":{"gitId":"Littleme1032"},"content":"     */","lastModifiedDate":"2024-08-28","isFullCredit":false},{"lineNumber":106,"author":{"gitId":"Littleme1032"},"content":"    private static void listTasks() {","lastModifiedDate":"2024-08-28","isFullCredit":false},{"lineNumber":107,"author":{"gitId":"Littleme1032"},"content":"        System.out.println(\"Here are the tasks in your list:\");","lastModifiedDate":"2024-08-28","isFullCredit":false},{"lineNumber":108,"author":{"gitId":"Littleme1032"},"content":"        for (int i \u003d 0; i \u003c tasks.size(); i++) {","lastModifiedDate":"2024-08-28","isFullCredit":false},{"lineNumber":109,"author":{"gitId":"Littleme1032"},"content":"            System.out.println((i + 1) + \". \" + tasks.get(i).toString());","lastModifiedDate":"2024-08-28","isFullCredit":false},{"lineNumber":110,"author":{"gitId":"Littleme1032"},"content":"        }","lastModifiedDate":"2024-08-28","isFullCredit":false},{"lineNumber":111,"author":{"gitId":"Littleme1032"},"content":"    }","lastModifiedDate":"2024-08-28","isFullCredit":false},{"lineNumber":112,"author":{"gitId":"Littleme1032"},"content":"","lastModifiedDate":"2024-08-28","isFullCredit":false},{"lineNumber":113,"author":{"gitId":"Littleme1032"},"content":"    /**","lastModifiedDate":"2024-08-28","isFullCredit":false},{"lineNumber":114,"author":{"gitId":"Littleme1032"},"content":"     * Marks a task as done.","lastModifiedDate":"2024-08-28","isFullCredit":false},{"lineNumber":115,"author":{"gitId":"Littleme1032"},"content":"     *","lastModifiedDate":"2024-08-28","isFullCredit":false},{"lineNumber":116,"author":{"gitId":"Littleme1032"},"content":"     * @param index The index of the task to mark as done.","lastModifiedDate":"2024-08-28","isFullCredit":false},{"lineNumber":117,"author":{"gitId":"Littleme1032"},"content":"     */","lastModifiedDate":"2024-08-28","isFullCredit":false},{"lineNumber":118,"author":{"gitId":"Littleme1032"},"content":"    private static void markTaskAsDone(int index) {","lastModifiedDate":"2024-08-28","isFullCredit":false},{"lineNumber":119,"author":{"gitId":"Littleme1032"},"content":"        if (index \u003e\u003d 0 \u0026\u0026 index \u003c tasks.size()) {","lastModifiedDate":"2024-08-28","isFullCredit":false},{"lineNumber":120,"author":{"gitId":"Littleme1032"},"content":"            tasks.get(index).markAsDone();","lastModifiedDate":"2024-08-28","isFullCredit":false},{"lineNumber":121,"author":{"gitId":"Littleme1032"},"content":"            System.out.println(\"Nice! I\u0027ve marked this task as done:\");","lastModifiedDate":"2024-08-28","isFullCredit":false},{"lineNumber":122,"author":{"gitId":"Littleme1032"},"content":"            System.out.println(\"  \" + tasks.get(index).toString());","lastModifiedDate":"2024-08-28","isFullCredit":false},{"lineNumber":123,"author":{"gitId":"Littleme1032"},"content":"        } else {","lastModifiedDate":"2024-08-28","isFullCredit":false},{"lineNumber":124,"author":{"gitId":"Littleme1032"},"content":"            System.out.println(\"Invalid task number.\");","lastModifiedDate":"2024-08-28","isFullCredit":false},{"lineNumber":125,"author":{"gitId":"Littleme1032"},"content":"        }","lastModifiedDate":"2024-08-28","isFullCredit":false},{"lineNumber":126,"author":{"gitId":"Littleme1032"},"content":"    }","lastModifiedDate":"2024-08-28","isFullCredit":false},{"lineNumber":127,"author":{"gitId":"Littleme1032"},"content":"","lastModifiedDate":"2024-08-28","isFullCredit":false},{"lineNumber":128,"author":{"gitId":"Littleme1032"},"content":"    /**","lastModifiedDate":"2024-08-28","isFullCredit":false},{"lineNumber":129,"author":{"gitId":"Littleme1032"},"content":"     * Marks a task as not done.","lastModifiedDate":"2024-08-28","isFullCredit":false},{"lineNumber":130,"author":{"gitId":"Littleme1032"},"content":"     *","lastModifiedDate":"2024-08-28","isFullCredit":false},{"lineNumber":131,"author":{"gitId":"Littleme1032"},"content":"     * @param index The index of the task to mark as not done.","lastModifiedDate":"2024-08-28","isFullCredit":false},{"lineNumber":132,"author":{"gitId":"Littleme1032"},"content":"     */","lastModifiedDate":"2024-08-28","isFullCredit":false},{"lineNumber":133,"author":{"gitId":"Littleme1032"},"content":"    private static void markTaskAsNotDone(int index) {","lastModifiedDate":"2024-08-28","isFullCredit":false},{"lineNumber":134,"author":{"gitId":"Littleme1032"},"content":"        if (index \u003e\u003d 0 \u0026\u0026 index \u003c tasks.size()) {","lastModifiedDate":"2024-08-28","isFullCredit":false},{"lineNumber":135,"author":{"gitId":"Littleme1032"},"content":"            tasks.get(index).markAsNotDone();","lastModifiedDate":"2024-08-28","isFullCredit":false},{"lineNumber":136,"author":{"gitId":"Littleme1032"},"content":"            System.out.println(\"OK, I\u0027ve marked this task as not done yet:\");","lastModifiedDate":"2024-08-28","isFullCredit":false},{"lineNumber":137,"author":{"gitId":"Littleme1032"},"content":"            System.out.println(\"  \" + tasks.get(index).toString());","lastModifiedDate":"2024-08-28","isFullCredit":false},{"lineNumber":138,"author":{"gitId":"Littleme1032"},"content":"        } else {","lastModifiedDate":"2024-08-28","isFullCredit":false},{"lineNumber":139,"author":{"gitId":"Littleme1032"},"content":"            System.out.println(\"Invalid task number.\");","lastModifiedDate":"2024-08-28","isFullCredit":false},{"lineNumber":140,"author":{"gitId":"Littleme1032"},"content":"        }","lastModifiedDate":"2024-08-28","isFullCredit":false},{"lineNumber":141,"author":{"gitId":"Littleme1032"},"content":"    }","lastModifiedDate":"2024-08-21","isFullCredit":false},{"lineNumber":142,"author":{"gitId":"Littleme1032"},"content":"","lastModifiedDate":"2024-08-21","isFullCredit":false},{"lineNumber":143,"author":{"gitId":"Littleme1032"},"content":"    /**","lastModifiedDate":"2024-08-28","isFullCredit":false},{"lineNumber":144,"author":{"gitId":"Littleme1032"},"content":"     * Prints an exit message when the chatbot ends.","lastModifiedDate":"2024-08-28","isFullCredit":false},{"lineNumber":145,"author":{"gitId":"Littleme1032"},"content":"     */","lastModifiedDate":"2024-08-28","isFullCredit":false},{"lineNumber":146,"author":{"gitId":"Littleme1032"},"content":"    private static void exitMessage() {","lastModifiedDate":"2024-08-28","isFullCredit":false},{"lineNumber":147,"author":{"gitId":"Littleme1032"},"content":"        System.out.println(\"Bye. Hope to see you again soon!\");","lastModifiedDate":"2024-08-28","isFullCredit":false},{"lineNumber":148,"author":{"gitId":"Littleme1032"},"content":"    }","lastModifiedDate":"2024-08-21","isFullCredit":false},{"lineNumber":149,"author":{"gitId":"Littleme1032"},"content":"","lastModifiedDate":"2024-08-28","isFullCredit":false},{"lineNumber":150,"author":{"gitId":"Littleme1032"},"content":"}","lastModifiedDate":"2024-08-21","isFullCredit":false}],"authorContributionMap":{"Littleme1032":150}},{"path":"src/main/java/Deadline.java","fileType":"java","lines":[{"lineNumber":1,"author":{"gitId":"Littleme1032"},"content":"public class Deadline extends Task {","lastModifiedDate":"2024-09-04","isFullCredit":false},{"lineNumber":2,"author":{"gitId":"Littleme1032"},"content":"","lastModifiedDate":"2024-09-04","isFullCredit":false},{"lineNumber":3,"author":{"gitId":"Littleme1032"},"content":"    protected String by;","lastModifiedDate":"2024-09-04","isFullCredit":false},{"lineNumber":4,"author":{"gitId":"Littleme1032"},"content":"","lastModifiedDate":"2024-09-04","isFullCredit":false},{"lineNumber":5,"author":{"gitId":"Littleme1032"},"content":"    public Deadline(String description, String by) {","lastModifiedDate":"2024-09-04","isFullCredit":false},{"lineNumber":6,"author":{"gitId":"Littleme1032"},"content":"        super(description);","lastModifiedDate":"2024-09-04","isFullCredit":false},{"lineNumber":7,"author":{"gitId":"Littleme1032"},"content":"        this.by \u003d by;","lastModifiedDate":"2024-09-04","isFullCredit":false},{"lineNumber":8,"author":{"gitId":"Littleme1032"},"content":"    }","lastModifiedDate":"2024-09-04","isFullCredit":false},{"lineNumber":9,"author":{"gitId":"Littleme1032"},"content":"","lastModifiedDate":"2024-09-04","isFullCredit":false},{"lineNumber":10,"author":{"gitId":"Littleme1032"},"content":"    @Override","lastModifiedDate":"2024-09-04","isFullCredit":false},{"lineNumber":11,"author":{"gitId":"Littleme1032"},"content":"    public String toString() {","lastModifiedDate":"2024-09-04","isFullCredit":false},{"lineNumber":12,"author":{"gitId":"Littleme1032"},"content":"        return \"[D]\" + super.toString() + \" (by: \" + by + \")\";","lastModifiedDate":"2024-09-04","isFullCredit":false},{"lineNumber":13,"author":{"gitId":"Littleme1032"},"content":"    }","lastModifiedDate":"2024-09-04","isFullCredit":false},{"lineNumber":14,"author":{"gitId":"Littleme1032"},"content":"}","lastModifiedDate":"2024-09-04","isFullCredit":false}],"authorContributionMap":{"Littleme1032":14}},{"path":"src/main/java/Event.java","fileType":"java","lines":[{"lineNumber":1,"author":{"gitId":"Littleme1032"},"content":"public class Event extends Task {","lastModifiedDate":"2024-09-04","isFullCredit":false},{"lineNumber":2,"author":{"gitId":"Littleme1032"},"content":"","lastModifiedDate":"2024-09-04","isFullCredit":false},{"lineNumber":3,"author":{"gitId":"Littleme1032"},"content":"    protected String to;","lastModifiedDate":"2024-09-04","isFullCredit":false},{"lineNumber":4,"author":{"gitId":"Littleme1032"},"content":"    protected String from;","lastModifiedDate":"2024-09-04","isFullCredit":false},{"lineNumber":5,"author":{"gitId":"Littleme1032"},"content":"","lastModifiedDate":"2024-09-04","isFullCredit":false},{"lineNumber":6,"author":{"gitId":"Littleme1032"},"content":"    public Event(String description, String from, String to){","lastModifiedDate":"2024-09-04","isFullCredit":false},{"lineNumber":7,"author":{"gitId":"Littleme1032"},"content":"        super(description);","lastModifiedDate":"2024-09-04","isFullCredit":false},{"lineNumber":8,"author":{"gitId":"Littleme1032"},"content":"        this.to \u003d to;","lastModifiedDate":"2024-09-04","isFullCredit":false},{"lineNumber":9,"author":{"gitId":"Littleme1032"},"content":"        this.from \u003d from;","lastModifiedDate":"2024-09-04","isFullCredit":false},{"lineNumber":10,"author":{"gitId":"Littleme1032"},"content":"    }","lastModifiedDate":"2024-09-04","isFullCredit":false},{"lineNumber":11,"author":{"gitId":"Littleme1032"},"content":"","lastModifiedDate":"2024-09-04","isFullCredit":false},{"lineNumber":12,"author":{"gitId":"Littleme1032"},"content":"    @Override","lastModifiedDate":"2024-09-04","isFullCredit":false},{"lineNumber":13,"author":{"gitId":"Littleme1032"},"content":"    public String toString() {","lastModifiedDate":"2024-09-04","isFullCredit":false},{"lineNumber":14,"author":{"gitId":"Littleme1032"},"content":"        return \"[E]\" + super.toString() + \" (from: \" + from + \" to: \" + to + \")\";","lastModifiedDate":"2024-09-04","isFullCredit":false},{"lineNumber":15,"author":{"gitId":"Littleme1032"},"content":"    }","lastModifiedDate":"2024-09-04","isFullCredit":false},{"lineNumber":16,"author":{"gitId":"Littleme1032"},"content":"","lastModifiedDate":"2024-09-04","isFullCredit":false},{"lineNumber":17,"author":{"gitId":"Littleme1032"},"content":"}","lastModifiedDate":"2024-09-04","isFullCredit":false}],"authorContributionMap":{"Littleme1032":17}},{"path":"src/main/java/Task.java","fileType":"java","lines":[{"lineNumber":1,"author":{"gitId":"Littleme1032"},"content":"public class Task {","lastModifiedDate":"2024-08-28","isFullCredit":false},{"lineNumber":2,"author":{"gitId":"Littleme1032"},"content":"    private String description;","lastModifiedDate":"2024-08-28","isFullCredit":false},{"lineNumber":3,"author":{"gitId":"Littleme1032"},"content":"    private boolean isDone;","lastModifiedDate":"2024-08-28","isFullCredit":false},{"lineNumber":4,"author":{"gitId":"Littleme1032"},"content":"","lastModifiedDate":"2024-08-28","isFullCredit":false},{"lineNumber":5,"author":{"gitId":"Littleme1032"},"content":"    public Task(String description) {","lastModifiedDate":"2024-08-28","isFullCredit":false},{"lineNumber":6,"author":{"gitId":"Littleme1032"},"content":"        this.description \u003d description;","lastModifiedDate":"2024-08-28","isFullCredit":false},{"lineNumber":7,"author":{"gitId":"Littleme1032"},"content":"        this.isDone \u003d false;","lastModifiedDate":"2024-08-28","isFullCredit":false},{"lineNumber":8,"author":{"gitId":"Littleme1032"},"content":"    }","lastModifiedDate":"2024-08-28","isFullCredit":false},{"lineNumber":9,"author":{"gitId":"Littleme1032"},"content":"","lastModifiedDate":"2024-08-28","isFullCredit":false},{"lineNumber":10,"author":{"gitId":"Littleme1032"},"content":"    public String getStatusIcon() {","lastModifiedDate":"2024-08-28","isFullCredit":false},{"lineNumber":11,"author":{"gitId":"Littleme1032"},"content":"        return (isDone ? \"X\" : \" \"); // mark done task with X","lastModifiedDate":"2024-08-28","isFullCredit":false},{"lineNumber":12,"author":{"gitId":"Littleme1032"},"content":"    }","lastModifiedDate":"2024-08-28","isFullCredit":false},{"lineNumber":13,"author":{"gitId":"Littleme1032"},"content":"","lastModifiedDate":"2024-08-28","isFullCredit":false},{"lineNumber":14,"author":{"gitId":"Littleme1032"},"content":"    public void markAsDone() {","lastModifiedDate":"2024-08-28","isFullCredit":false},{"lineNumber":15,"author":{"gitId":"Littleme1032"},"content":"        this.isDone \u003d true;","lastModifiedDate":"2024-08-28","isFullCredit":false},{"lineNumber":16,"author":{"gitId":"Littleme1032"},"content":"    }","lastModifiedDate":"2024-08-28","isFullCredit":false},{"lineNumber":17,"author":{"gitId":"Littleme1032"},"content":"","lastModifiedDate":"2024-08-28","isFullCredit":false},{"lineNumber":18,"author":{"gitId":"Littleme1032"},"content":"    public void markAsNotDone() {","lastModifiedDate":"2024-08-28","isFullCredit":false},{"lineNumber":19,"author":{"gitId":"Littleme1032"},"content":"        this.isDone \u003d false;","lastModifiedDate":"2024-08-28","isFullCredit":false},{"lineNumber":20,"author":{"gitId":"Littleme1032"},"content":"    }","lastModifiedDate":"2024-08-28","isFullCredit":false},{"lineNumber":21,"author":{"gitId":"Littleme1032"},"content":"","lastModifiedDate":"2024-08-28","isFullCredit":false},{"lineNumber":22,"author":{"gitId":"Littleme1032"},"content":"    @Override","lastModifiedDate":"2024-08-28","isFullCredit":false},{"lineNumber":23,"author":{"gitId":"Littleme1032"},"content":"    public String toString() {","lastModifiedDate":"2024-08-28","isFullCredit":false},{"lineNumber":24,"author":{"gitId":"Littleme1032"},"content":"        return \"[\" + getStatusIcon() + \"] \" + description;","lastModifiedDate":"2024-08-28","isFullCredit":false},{"lineNumber":25,"author":{"gitId":"Littleme1032"},"content":"    }","lastModifiedDate":"2024-08-28","isFullCredit":false},{"lineNumber":26,"author":{"gitId":"Littleme1032"},"content":"}","lastModifiedDate":"2024-08-28","isFullCredit":false}],"authorContributionMap":{"Littleme1032":26}},{"path":"src/main/java/Todo.java","fileType":"java","lines":[{"lineNumber":1,"author":{"gitId":"Littleme1032"},"content":"public class Todo extends Task {","lastModifiedDate":"2024-09-04","isFullCredit":false},{"lineNumber":2,"author":{"gitId":"Littleme1032"},"content":"","lastModifiedDate":"2024-09-04","isFullCredit":false},{"lineNumber":3,"author":{"gitId":"Littleme1032"},"content":"    public Todo(String description) {","lastModifiedDate":"2024-09-04","isFullCredit":false},{"lineNumber":4,"author":{"gitId":"Littleme1032"},"content":"        super(description);","lastModifiedDate":"2024-09-04","isFullCredit":false},{"lineNumber":5,"author":{"gitId":"Littleme1032"},"content":"    }","lastModifiedDate":"2024-09-04","isFullCredit":false},{"lineNumber":6,"author":{"gitId":"Littleme1032"},"content":"","lastModifiedDate":"2024-09-04","isFullCredit":false},{"lineNumber":7,"author":{"gitId":"Littleme1032"},"content":"    @Override","lastModifiedDate":"2024-09-04","isFullCredit":false},{"lineNumber":8,"author":{"gitId":"Littleme1032"},"content":"    public String toString() {","lastModifiedDate":"2024-09-04","isFullCredit":false},{"lineNumber":9,"author":{"gitId":"Littleme1032"},"content":"        return \"[T]\" + super.toString();","lastModifiedDate":"2024-09-04","isFullCredit":false},{"lineNumber":10,"author":{"gitId":"Littleme1032"},"content":"    }","lastModifiedDate":"2024-09-04","isFullCredit":false},{"lineNumber":11,"author":{"gitId":"Littleme1032"},"content":"}","lastModifiedDate":"2024-09-04","isFullCredit":false}],"authorContributionMap":{"Littleme1032":11}}]
