[{"path":"data/bebe.txt","fileType":"txt","lines":[{"lineNumber":1,"author":{"gitId":"Littleme1032"},"content":"T | 0 | help","lastModifiedDate":"2024-09-18","isFullCredit":false},{"lineNumber":2,"author":{"gitId":"Littleme1032"},"content":"T | 0 | quiz","lastModifiedDate":"2024-09-30","isFullCredit":false}],"authorContributionMap":{"Littleme1032":2}},{"path":"docs/README.md","fileType":"md","lines":[{"lineNumber":1,"author":{"gitId":"-"},"content":"# Duke User Guide","lastModifiedDate":"2024-01-07","isFullCredit":false},{"lineNumber":2,"author":{"gitId":"-"},"content":"","lastModifiedDate":"2019-07-29","isFullCredit":false},{"lineNumber":3,"author":{"gitId":"-"},"content":"// Update the title above to match the actual product name","lastModifiedDate":"2024-01-07","isFullCredit":false},{"lineNumber":4,"author":{"gitId":"-"},"content":"","lastModifiedDate":"2019-07-29","isFullCredit":false},{"lineNumber":5,"author":{"gitId":"-"},"content":"// Product screenshot goes here","lastModifiedDate":"2024-01-07","isFullCredit":false},{"lineNumber":6,"author":{"gitId":"-"},"content":"","lastModifiedDate":"2021-07-17","isFullCredit":false},{"lineNumber":7,"author":{"gitId":"-"},"content":"// Product intro goes here","lastModifiedDate":"2024-01-07","isFullCredit":false},{"lineNumber":8,"author":{"gitId":"-"},"content":"","lastModifiedDate":"2021-07-17","isFullCredit":false},{"lineNumber":9,"author":{"gitId":"-"},"content":"## Adding deadlines","lastModifiedDate":"2024-01-07","isFullCredit":false},{"lineNumber":10,"author":{"gitId":"-"},"content":"","lastModifiedDate":"2021-07-17","isFullCredit":false},{"lineNumber":11,"author":{"gitId":"-"},"content":"// Describe the action and its outcome.","lastModifiedDate":"2024-01-07","isFullCredit":false},{"lineNumber":12,"author":{"gitId":"-"},"content":"","lastModifiedDate":"2019-07-29","isFullCredit":false},{"lineNumber":13,"author":{"gitId":"-"},"content":"// Give examples of usage","lastModifiedDate":"2024-01-07","isFullCredit":false},{"lineNumber":14,"author":{"gitId":"-"},"content":"","lastModifiedDate":"2019-07-29","isFullCredit":false},{"lineNumber":15,"author":{"gitId":"-"},"content":"Example: `keyword (optional arguments)`","lastModifiedDate":"2024-01-07","isFullCredit":false},{"lineNumber":16,"author":{"gitId":"-"},"content":"","lastModifiedDate":"2019-07-29","isFullCredit":false},{"lineNumber":17,"author":{"gitId":"-"},"content":"// A description of the expected outcome goes here","lastModifiedDate":"2024-01-07","isFullCredit":false},{"lineNumber":18,"author":{"gitId":"-"},"content":"","lastModifiedDate":"2019-07-29","isFullCredit":false},{"lineNumber":19,"author":{"gitId":"-"},"content":"```","lastModifiedDate":"2024-01-07","isFullCredit":false},{"lineNumber":20,"author":{"gitId":"Littleme1032"},"content":"HELP ME PLSSS","lastModifiedDate":"2024-08-21","isFullCredit":false},{"lineNumber":21,"author":{"gitId":"-"},"content":"```","lastModifiedDate":"2024-01-07","isFullCredit":false},{"lineNumber":22,"author":{"gitId":"-"},"content":"","lastModifiedDate":"2019-07-29","isFullCredit":false},{"lineNumber":23,"author":{"gitId":"-"},"content":"## Feature ABC","lastModifiedDate":"2024-01-07","isFullCredit":false},{"lineNumber":24,"author":{"gitId":"-"},"content":"","lastModifiedDate":"2019-07-29","isFullCredit":false},{"lineNumber":25,"author":{"gitId":"-"},"content":"// Feature details","lastModifiedDate":"2024-01-07","isFullCredit":false},{"lineNumber":26,"author":{"gitId":"-"},"content":"","lastModifiedDate":"2019-07-29","isFullCredit":false},{"lineNumber":27,"author":{"gitId":"-"},"content":"","lastModifiedDate":"2021-07-17","isFullCredit":false},{"lineNumber":28,"author":{"gitId":"-"},"content":"## Feature XYZ","lastModifiedDate":"2024-01-07","isFullCredit":false},{"lineNumber":29,"author":{"gitId":"-"},"content":"","lastModifiedDate":"2024-01-07","isFullCredit":false},{"lineNumber":30,"author":{"gitId":"-"},"content":"// Feature details","lastModifiedDate":"2024-01-07","isFullCredit":false}],"authorContributionMap":{"-":29,"Littleme1032":1}},{"path":"src/main/java/AddCommand.java","fileType":"java","lines":[{"lineNumber":1,"author":{"gitId":"Littleme1032"},"content":"public class AddCommand extends Command {","lastModifiedDate":"2024-09-30","isFullCredit":false},{"lineNumber":2,"author":{"gitId":"Littleme1032"},"content":"    private final String taskType;","lastModifiedDate":"2024-09-30","isFullCredit":false},{"lineNumber":3,"author":{"gitId":"Littleme1032"},"content":"    private final String description;","lastModifiedDate":"2024-09-30","isFullCredit":false},{"lineNumber":4,"author":{"gitId":"Littleme1032"},"content":"","lastModifiedDate":"2024-09-30","isFullCredit":false},{"lineNumber":5,"author":{"gitId":"Littleme1032"},"content":"    public AddCommand(String taskType, String description) {","lastModifiedDate":"2024-09-30","isFullCredit":false},{"lineNumber":6,"author":{"gitId":"Littleme1032"},"content":"        this.taskType \u003d taskType;","lastModifiedDate":"2024-09-30","isFullCredit":false},{"lineNumber":7,"author":{"gitId":"Littleme1032"},"content":"        this.description \u003d description;","lastModifiedDate":"2024-09-30","isFullCredit":false},{"lineNumber":8,"author":{"gitId":"Littleme1032"},"content":"    }","lastModifiedDate":"2024-09-30","isFullCredit":false},{"lineNumber":9,"author":{"gitId":"Littleme1032"},"content":"","lastModifiedDate":"2024-09-30","isFullCredit":false},{"lineNumber":10,"author":{"gitId":"Littleme1032"},"content":"    @Override","lastModifiedDate":"2024-09-30","isFullCredit":false},{"lineNumber":11,"author":{"gitId":"Littleme1032"},"content":"    public void execute(TaskList tasks, Ui ui, Storage storage) throws BebeException {","lastModifiedDate":"2024-09-30","isFullCredit":false},{"lineNumber":12,"author":{"gitId":"Littleme1032"},"content":"        Task task;","lastModifiedDate":"2024-09-30","isFullCredit":false},{"lineNumber":13,"author":{"gitId":"Littleme1032"},"content":"        switch (taskType) {","lastModifiedDate":"2024-09-30","isFullCredit":false},{"lineNumber":14,"author":{"gitId":"Littleme1032"},"content":"            case \"todo\":","lastModifiedDate":"2024-09-30","isFullCredit":false},{"lineNumber":15,"author":{"gitId":"Littleme1032"},"content":"                task \u003d new Todo(description);","lastModifiedDate":"2024-09-30","isFullCredit":false},{"lineNumber":16,"author":{"gitId":"Littleme1032"},"content":"                break;","lastModifiedDate":"2024-09-30","isFullCredit":false},{"lineNumber":17,"author":{"gitId":"Littleme1032"},"content":"            case \"deadline\":","lastModifiedDate":"2024-09-30","isFullCredit":false},{"lineNumber":18,"author":{"gitId":"Littleme1032"},"content":"                String[] parts \u003d description.split(\" /by \");","lastModifiedDate":"2024-09-30","isFullCredit":false},{"lineNumber":19,"author":{"gitId":"Littleme1032"},"content":"                task \u003d new Deadline(parts[0], parts[1]);","lastModifiedDate":"2024-09-30","isFullCredit":false},{"lineNumber":20,"author":{"gitId":"Littleme1032"},"content":"                break;","lastModifiedDate":"2024-09-30","isFullCredit":false},{"lineNumber":21,"author":{"gitId":"Littleme1032"},"content":"            case \"event\":","lastModifiedDate":"2024-09-30","isFullCredit":false},{"lineNumber":22,"author":{"gitId":"Littleme1032"},"content":"                String[] eventParts \u003d description.split(\" /from | /to \");","lastModifiedDate":"2024-09-30","isFullCredit":false},{"lineNumber":23,"author":{"gitId":"Littleme1032"},"content":"                task \u003d new Event(eventParts[0], eventParts[1], eventParts[2]);","lastModifiedDate":"2024-09-30","isFullCredit":false},{"lineNumber":24,"author":{"gitId":"Littleme1032"},"content":"                break;","lastModifiedDate":"2024-09-30","isFullCredit":false},{"lineNumber":25,"author":{"gitId":"Littleme1032"},"content":"            default:","lastModifiedDate":"2024-09-30","isFullCredit":false},{"lineNumber":26,"author":{"gitId":"Littleme1032"},"content":"                throw new BebeException(\"Unknown task type.\");","lastModifiedDate":"2024-09-30","isFullCredit":false},{"lineNumber":27,"author":{"gitId":"Littleme1032"},"content":"        }","lastModifiedDate":"2024-09-30","isFullCredit":false},{"lineNumber":28,"author":{"gitId":"Littleme1032"},"content":"        tasks.addTask(task);","lastModifiedDate":"2024-09-30","isFullCredit":false},{"lineNumber":29,"author":{"gitId":"Littleme1032"},"content":"        storage.save(tasks.getTasks());","lastModifiedDate":"2024-09-30","isFullCredit":false},{"lineNumber":30,"author":{"gitId":"Littleme1032"},"content":"    }","lastModifiedDate":"2024-09-30","isFullCredit":false},{"lineNumber":31,"author":{"gitId":"Littleme1032"},"content":"}","lastModifiedDate":"2024-09-30","isFullCredit":false}],"authorContributionMap":{"Littleme1032":31}},{"path":"src/main/java/Bebe.java","fileType":"java","lines":[{"lineNumber":1,"author":{"gitId":"Littleme1032"},"content":"public class Bebe {","lastModifiedDate":"2024-08-21","isFullCredit":false},{"lineNumber":2,"author":{"gitId":"Littleme1032"},"content":"","lastModifiedDate":"2024-08-21","isFullCredit":false},{"lineNumber":3,"author":{"gitId":"Littleme1032"},"content":"    private Storage storage;","lastModifiedDate":"2024-09-30","isFullCredit":false},{"lineNumber":4,"author":{"gitId":"Littleme1032"},"content":"    private TaskList tasks;","lastModifiedDate":"2024-09-30","isFullCredit":false},{"lineNumber":5,"author":{"gitId":"Littleme1032"},"content":"    private Ui ui;","lastModifiedDate":"2024-09-30","isFullCredit":false},{"lineNumber":6,"author":{"gitId":"Littleme1032"},"content":"","lastModifiedDate":"2024-08-21","isFullCredit":false},{"lineNumber":7,"author":{"gitId":"Littleme1032"},"content":"    public Bebe(String filePath) {","lastModifiedDate":"2024-09-30","isFullCredit":false},{"lineNumber":8,"author":{"gitId":"Littleme1032"},"content":"        ui \u003d new Ui();","lastModifiedDate":"2024-09-30","isFullCredit":false},{"lineNumber":9,"author":{"gitId":"Littleme1032"},"content":"        storage \u003d new Storage(filePath);","lastModifiedDate":"2024-09-30","isFullCredit":false},{"lineNumber":10,"author":{"gitId":"Littleme1032"},"content":"        try {","lastModifiedDate":"2024-09-06","isFullCredit":false},{"lineNumber":11,"author":{"gitId":"Littleme1032"},"content":"            tasks \u003d new TaskList(storage.load());","lastModifiedDate":"2024-09-30","isFullCredit":false},{"lineNumber":12,"author":{"gitId":"Littleme1032"},"content":"        } catch (BebeException e) {","lastModifiedDate":"2024-09-06","isFullCredit":false},{"lineNumber":13,"author":{"gitId":"Littleme1032"},"content":"            ui.showLoadingError();","lastModifiedDate":"2024-09-30","isFullCredit":false},{"lineNumber":14,"author":{"gitId":"Littleme1032"},"content":"            tasks \u003d new TaskList();","lastModifiedDate":"2024-09-30","isFullCredit":false},{"lineNumber":15,"author":{"gitId":"Littleme1032"},"content":"        }","lastModifiedDate":"2024-08-28","isFullCredit":false},{"lineNumber":16,"author":{"gitId":"Littleme1032"},"content":"    }","lastModifiedDate":"2024-08-28","isFullCredit":false},{"lineNumber":17,"author":{"gitId":"Littleme1032"},"content":"","lastModifiedDate":"2024-08-28","isFullCredit":false},{"lineNumber":18,"author":{"gitId":"Littleme1032"},"content":"    public void run() {","lastModifiedDate":"2024-09-30","isFullCredit":false},{"lineNumber":19,"author":{"gitId":"Littleme1032"},"content":"        ui.showLogo();","lastModifiedDate":"2024-09-30","isFullCredit":false},{"lineNumber":20,"author":{"gitId":"Littleme1032"},"content":"        ui.showWelcome();","lastModifiedDate":"2024-09-30","isFullCredit":false},{"lineNumber":21,"author":{"gitId":"Littleme1032"},"content":"        boolean isExit \u003d false;","lastModifiedDate":"2024-09-30","isFullCredit":false},{"lineNumber":22,"author":{"gitId":"Littleme1032"},"content":"        while (!isExit) {","lastModifiedDate":"2024-09-30","isFullCredit":false},{"lineNumber":23,"author":{"gitId":"Littleme1032"},"content":"            try {","lastModifiedDate":"2024-09-06","isFullCredit":false},{"lineNumber":24,"author":{"gitId":"Littleme1032"},"content":"                String fullCommand \u003d ui.readCommand();","lastModifiedDate":"2024-09-30","isFullCredit":false},{"lineNumber":25,"author":{"gitId":"Littleme1032"},"content":"                ui.showLine();","lastModifiedDate":"2024-09-30","isFullCredit":false},{"lineNumber":26,"author":{"gitId":"Littleme1032"},"content":"                Command command \u003d Parser.parse(fullCommand);","lastModifiedDate":"2024-09-30","isFullCredit":false},{"lineNumber":27,"author":{"gitId":"Littleme1032"},"content":"                command.execute(tasks, ui, storage);","lastModifiedDate":"2024-09-30","isFullCredit":false},{"lineNumber":28,"author":{"gitId":"Littleme1032"},"content":"                isExit \u003d command.isExit();","lastModifiedDate":"2024-09-30","isFullCredit":false},{"lineNumber":29,"author":{"gitId":"Littleme1032"},"content":"            } catch (BebeException e) {","lastModifiedDate":"2024-09-30","isFullCredit":false},{"lineNumber":30,"author":{"gitId":"Littleme1032"},"content":"                ui.showError(e.getMessage());","lastModifiedDate":"2024-09-30","isFullCredit":false},{"lineNumber":31,"author":{"gitId":"Littleme1032"},"content":"            } finally {","lastModifiedDate":"2024-09-30","isFullCredit":false},{"lineNumber":32,"author":{"gitId":"Littleme1032"},"content":"                ui.showLine();","lastModifiedDate":"2024-09-30","isFullCredit":false},{"lineNumber":33,"author":{"gitId":"Littleme1032"},"content":"            }","lastModifiedDate":"2024-09-18","isFullCredit":false},{"lineNumber":34,"author":{"gitId":"Littleme1032"},"content":"        }","lastModifiedDate":"2024-09-18","isFullCredit":false},{"lineNumber":35,"author":{"gitId":"Littleme1032"},"content":"    }","lastModifiedDate":"2024-09-18","isFullCredit":false},{"lineNumber":36,"author":{"gitId":"Littleme1032"},"content":"","lastModifiedDate":"2024-09-18","isFullCredit":false},{"lineNumber":37,"author":{"gitId":"Littleme1032"},"content":"    public static void main(String[] args) {","lastModifiedDate":"2024-09-30","isFullCredit":false},{"lineNumber":38,"author":{"gitId":"Littleme1032"},"content":"        new Bebe(\"./data/bebe.txt\").run();","lastModifiedDate":"2024-09-30","isFullCredit":false},{"lineNumber":39,"author":{"gitId":"Littleme1032"},"content":"    }","lastModifiedDate":"2024-08-21","isFullCredit":false},{"lineNumber":40,"author":{"gitId":"Littleme1032"},"content":"}","lastModifiedDate":"2024-08-21","isFullCredit":false}],"authorContributionMap":{"Littleme1032":40}},{"path":"src/main/java/BebeException.java","fileType":"java","lines":[{"lineNumber":1,"author":{"gitId":"Littleme1032"},"content":"public class BebeException extends Exception{","lastModifiedDate":"2024-09-06","isFullCredit":false},{"lineNumber":2,"author":{"gitId":"Littleme1032"},"content":"    public BebeException(String message){","lastModifiedDate":"2024-09-06","isFullCredit":false},{"lineNumber":3,"author":{"gitId":"Littleme1032"},"content":"        super(message);","lastModifiedDate":"2024-09-06","isFullCredit":false},{"lineNumber":4,"author":{"gitId":"Littleme1032"},"content":"    }","lastModifiedDate":"2024-09-06","isFullCredit":false},{"lineNumber":5,"author":{"gitId":"Littleme1032"},"content":"}","lastModifiedDate":"2024-09-06","isFullCredit":false}],"authorContributionMap":{"Littleme1032":5}},{"path":"src/main/java/Command.java","fileType":"java","lines":[{"lineNumber":1,"author":{"gitId":"Littleme1032"},"content":"public abstract class Command {","lastModifiedDate":"2024-09-30","isFullCredit":false},{"lineNumber":2,"author":{"gitId":"Littleme1032"},"content":"","lastModifiedDate":"2024-09-30","isFullCredit":false},{"lineNumber":3,"author":{"gitId":"Littleme1032"},"content":"    public abstract void execute(TaskList tasks, Ui ui, Storage storage) throws BebeException;","lastModifiedDate":"2024-09-30","isFullCredit":false},{"lineNumber":4,"author":{"gitId":"Littleme1032"},"content":"","lastModifiedDate":"2024-09-30","isFullCredit":false},{"lineNumber":5,"author":{"gitId":"Littleme1032"},"content":"    public boolean isExit() {","lastModifiedDate":"2024-09-30","isFullCredit":false},{"lineNumber":6,"author":{"gitId":"Littleme1032"},"content":"        return false;","lastModifiedDate":"2024-09-30","isFullCredit":false},{"lineNumber":7,"author":{"gitId":"Littleme1032"},"content":"    }","lastModifiedDate":"2024-09-30","isFullCredit":false},{"lineNumber":8,"author":{"gitId":"Littleme1032"},"content":"}","lastModifiedDate":"2024-09-30","isFullCredit":false}],"authorContributionMap":{"Littleme1032":8}},{"path":"src/main/java/Deadline.java","fileType":"java","lines":[{"lineNumber":1,"author":{"gitId":"Littleme1032"},"content":"public class Deadline extends Task {","lastModifiedDate":"2024-09-04","isFullCredit":false},{"lineNumber":2,"author":{"gitId":"Littleme1032"},"content":"","lastModifiedDate":"2024-09-04","isFullCredit":false},{"lineNumber":3,"author":{"gitId":"Littleme1032"},"content":"    protected String by;","lastModifiedDate":"2024-09-04","isFullCredit":false},{"lineNumber":4,"author":{"gitId":"Littleme1032"},"content":"","lastModifiedDate":"2024-09-04","isFullCredit":false},{"lineNumber":5,"author":{"gitId":"Littleme1032"},"content":"    public Deadline(String description, String by) {","lastModifiedDate":"2024-09-04","isFullCredit":false},{"lineNumber":6,"author":{"gitId":"Littleme1032"},"content":"        super(description);","lastModifiedDate":"2024-09-04","isFullCredit":false},{"lineNumber":7,"author":{"gitId":"Littleme1032"},"content":"        this.by \u003d by;","lastModifiedDate":"2024-09-04","isFullCredit":false},{"lineNumber":8,"author":{"gitId":"Littleme1032"},"content":"    }","lastModifiedDate":"2024-09-04","isFullCredit":false},{"lineNumber":9,"author":{"gitId":"Littleme1032"},"content":"","lastModifiedDate":"2024-09-04","isFullCredit":false},{"lineNumber":10,"author":{"gitId":"Littleme1032"},"content":"    @Override","lastModifiedDate":"2024-09-04","isFullCredit":false},{"lineNumber":11,"author":{"gitId":"Littleme1032"},"content":"    public String toString() {","lastModifiedDate":"2024-09-04","isFullCredit":false},{"lineNumber":12,"author":{"gitId":"Littleme1032"},"content":"        return \"[D]\" + super.toString() + \" (by: \" + by + \")\";","lastModifiedDate":"2024-09-04","isFullCredit":false},{"lineNumber":13,"author":{"gitId":"Littleme1032"},"content":"    }","lastModifiedDate":"2024-09-04","isFullCredit":false},{"lineNumber":14,"author":{"gitId":"Littleme1032"},"content":"","lastModifiedDate":"2024-09-30","isFullCredit":false},{"lineNumber":15,"author":{"gitId":"Littleme1032"},"content":"    @Override","lastModifiedDate":"2024-09-30","isFullCredit":false},{"lineNumber":16,"author":{"gitId":"Littleme1032"},"content":"    public String toFileFormat() {","lastModifiedDate":"2024-09-30","isFullCredit":false},{"lineNumber":17,"author":{"gitId":"Littleme1032"},"content":"        return \"D | \" + super.toFileFormat() + \" | \" + by;","lastModifiedDate":"2024-09-30","isFullCredit":false},{"lineNumber":18,"author":{"gitId":"Littleme1032"},"content":"    }","lastModifiedDate":"2024-09-30","isFullCredit":false},{"lineNumber":19,"author":{"gitId":"Littleme1032"},"content":"}","lastModifiedDate":"2024-09-04","isFullCredit":false}],"authorContributionMap":{"Littleme1032":19}},{"path":"src/main/java/DeleteCommand.java","fileType":"java","lines":[{"lineNumber":1,"author":{"gitId":"Littleme1032"},"content":"public class DeleteCommand extends Command {","lastModifiedDate":"2024-09-30","isFullCredit":false},{"lineNumber":2,"author":{"gitId":"Littleme1032"},"content":"    private final int taskIndex;","lastModifiedDate":"2024-09-30","isFullCredit":false},{"lineNumber":3,"author":{"gitId":"Littleme1032"},"content":"","lastModifiedDate":"2024-09-30","isFullCredit":false},{"lineNumber":4,"author":{"gitId":"Littleme1032"},"content":"    public DeleteCommand(String taskIndex) throws BebeException {","lastModifiedDate":"2024-09-30","isFullCredit":false},{"lineNumber":5,"author":{"gitId":"Littleme1032"},"content":"        try {","lastModifiedDate":"2024-09-30","isFullCredit":false},{"lineNumber":6,"author":{"gitId":"Littleme1032"},"content":"            this.taskIndex \u003d Integer.parseInt(taskIndex) - 1;","lastModifiedDate":"2024-09-30","isFullCredit":false},{"lineNumber":7,"author":{"gitId":"Littleme1032"},"content":"        } catch (NumberFormatException e) {","lastModifiedDate":"2024-09-30","isFullCredit":false},{"lineNumber":8,"author":{"gitId":"Littleme1032"},"content":"            throw new BebeException(\"Invalid task number.\");","lastModifiedDate":"2024-09-30","isFullCredit":false},{"lineNumber":9,"author":{"gitId":"Littleme1032"},"content":"        }","lastModifiedDate":"2024-09-30","isFullCredit":false},{"lineNumber":10,"author":{"gitId":"Littleme1032"},"content":"    }","lastModifiedDate":"2024-09-30","isFullCredit":false},{"lineNumber":11,"author":{"gitId":"Littleme1032"},"content":"","lastModifiedDate":"2024-09-30","isFullCredit":false},{"lineNumber":12,"author":{"gitId":"Littleme1032"},"content":"    @Override","lastModifiedDate":"2024-09-30","isFullCredit":false},{"lineNumber":13,"author":{"gitId":"Littleme1032"},"content":"    public void execute(TaskList tasks, Ui ui, Storage storage) throws BebeException {","lastModifiedDate":"2024-09-30","isFullCredit":false},{"lineNumber":14,"author":{"gitId":"Littleme1032"},"content":"        tasks.deleteTask(taskIndex);","lastModifiedDate":"2024-09-30","isFullCredit":false},{"lineNumber":15,"author":{"gitId":"Littleme1032"},"content":"        storage.save(tasks.getTasks());","lastModifiedDate":"2024-09-30","isFullCredit":false},{"lineNumber":16,"author":{"gitId":"Littleme1032"},"content":"    }","lastModifiedDate":"2024-09-30","isFullCredit":false},{"lineNumber":17,"author":{"gitId":"Littleme1032"},"content":"}","lastModifiedDate":"2024-09-30","isFullCredit":false}],"authorContributionMap":{"Littleme1032":17}},{"path":"src/main/java/Event.java","fileType":"java","lines":[{"lineNumber":1,"author":{"gitId":"Littleme1032"},"content":"public class Event extends Task {","lastModifiedDate":"2024-09-04","isFullCredit":false},{"lineNumber":2,"author":{"gitId":"Littleme1032"},"content":"","lastModifiedDate":"2024-09-04","isFullCredit":false},{"lineNumber":3,"author":{"gitId":"Littleme1032"},"content":"    protected String to;","lastModifiedDate":"2024-09-04","isFullCredit":false},{"lineNumber":4,"author":{"gitId":"Littleme1032"},"content":"    protected String from;","lastModifiedDate":"2024-09-04","isFullCredit":false},{"lineNumber":5,"author":{"gitId":"Littleme1032"},"content":"","lastModifiedDate":"2024-09-04","isFullCredit":false},{"lineNumber":6,"author":{"gitId":"Littleme1032"},"content":"    public Event(String description, String from, String to){","lastModifiedDate":"2024-09-04","isFullCredit":false},{"lineNumber":7,"author":{"gitId":"Littleme1032"},"content":"        super(description);","lastModifiedDate":"2024-09-04","isFullCredit":false},{"lineNumber":8,"author":{"gitId":"Littleme1032"},"content":"        this.to \u003d to;","lastModifiedDate":"2024-09-04","isFullCredit":false},{"lineNumber":9,"author":{"gitId":"Littleme1032"},"content":"        this.from \u003d from;","lastModifiedDate":"2024-09-04","isFullCredit":false},{"lineNumber":10,"author":{"gitId":"Littleme1032"},"content":"    }","lastModifiedDate":"2024-09-04","isFullCredit":false},{"lineNumber":11,"author":{"gitId":"Littleme1032"},"content":"","lastModifiedDate":"2024-09-04","isFullCredit":false},{"lineNumber":12,"author":{"gitId":"Littleme1032"},"content":"    @Override","lastModifiedDate":"2024-09-04","isFullCredit":false},{"lineNumber":13,"author":{"gitId":"Littleme1032"},"content":"    public String toString() {","lastModifiedDate":"2024-09-04","isFullCredit":false},{"lineNumber":14,"author":{"gitId":"Littleme1032"},"content":"        return \"[E]\" + super.toString() + \" (from: \" + from + \" to: \" + to + \")\";","lastModifiedDate":"2024-09-04","isFullCredit":false},{"lineNumber":15,"author":{"gitId":"Littleme1032"},"content":"    }","lastModifiedDate":"2024-09-04","isFullCredit":false},{"lineNumber":16,"author":{"gitId":"Littleme1032"},"content":"","lastModifiedDate":"2024-09-04","isFullCredit":false},{"lineNumber":17,"author":{"gitId":"Littleme1032"},"content":"    @Override","lastModifiedDate":"2024-09-30","isFullCredit":false},{"lineNumber":18,"author":{"gitId":"Littleme1032"},"content":"    public String toFileFormat() {","lastModifiedDate":"2024-09-30","isFullCredit":false},{"lineNumber":19,"author":{"gitId":"Littleme1032"},"content":"        return \"E | \" + super.toFileFormat() + \" | \" + from + \" to \" + to;","lastModifiedDate":"2024-09-30","isFullCredit":false},{"lineNumber":20,"author":{"gitId":"Littleme1032"},"content":"    }","lastModifiedDate":"2024-09-30","isFullCredit":false},{"lineNumber":21,"author":{"gitId":"Littleme1032"},"content":"}","lastModifiedDate":"2024-09-04","isFullCredit":false}],"authorContributionMap":{"Littleme1032":21}},{"path":"src/main/java/ExitCommand.java","fileType":"java","lines":[{"lineNumber":1,"author":{"gitId":"Littleme1032"},"content":"public class ExitCommand extends Command {","lastModifiedDate":"2024-09-30","isFullCredit":false},{"lineNumber":2,"author":{"gitId":"Littleme1032"},"content":"    @Override","lastModifiedDate":"2024-09-30","isFullCredit":false},{"lineNumber":3,"author":{"gitId":"Littleme1032"},"content":"    public void execute(TaskList tasks, Ui ui, Storage storage) {","lastModifiedDate":"2024-09-30","isFullCredit":false},{"lineNumber":4,"author":{"gitId":"Littleme1032"},"content":"        ui.show(\"Bye. Hope to see you again soon!\");","lastModifiedDate":"2024-09-30","isFullCredit":false},{"lineNumber":5,"author":{"gitId":"Littleme1032"},"content":"    }","lastModifiedDate":"2024-09-30","isFullCredit":false},{"lineNumber":6,"author":{"gitId":"Littleme1032"},"content":"","lastModifiedDate":"2024-09-30","isFullCredit":false},{"lineNumber":7,"author":{"gitId":"Littleme1032"},"content":"    @Override","lastModifiedDate":"2024-09-30","isFullCredit":false},{"lineNumber":8,"author":{"gitId":"Littleme1032"},"content":"    public boolean isExit() {","lastModifiedDate":"2024-09-30","isFullCredit":false},{"lineNumber":9,"author":{"gitId":"Littleme1032"},"content":"        return true;","lastModifiedDate":"2024-09-30","isFullCredit":false},{"lineNumber":10,"author":{"gitId":"Littleme1032"},"content":"    }","lastModifiedDate":"2024-09-30","isFullCredit":false},{"lineNumber":11,"author":{"gitId":"Littleme1032"},"content":"}","lastModifiedDate":"2024-09-30","isFullCredit":false}],"authorContributionMap":{"Littleme1032":11}},{"path":"src/main/java/HelpCommand.java","fileType":"java","lines":[{"lineNumber":1,"author":{"gitId":"Littleme1032"},"content":"public class HelpCommand extends Command {","lastModifiedDate":"2024-09-30","isFullCredit":false},{"lineNumber":2,"author":{"gitId":"Littleme1032"},"content":"","lastModifiedDate":"2024-09-30","isFullCredit":false},{"lineNumber":3,"author":{"gitId":"Littleme1032"},"content":"    @Override","lastModifiedDate":"2024-09-30","isFullCredit":false},{"lineNumber":4,"author":{"gitId":"Littleme1032"},"content":"    public void execute(TaskList tasks, Ui ui, Storage storage) {","lastModifiedDate":"2024-09-30","isFullCredit":false},{"lineNumber":5,"author":{"gitId":"Littleme1032"},"content":"        ui.showHelp(); // Show help menu","lastModifiedDate":"2024-09-30","isFullCredit":false},{"lineNumber":6,"author":{"gitId":"Littleme1032"},"content":"    }","lastModifiedDate":"2024-09-30","isFullCredit":false},{"lineNumber":7,"author":{"gitId":"Littleme1032"},"content":"}","lastModifiedDate":"2024-09-30","isFullCredit":false}],"authorContributionMap":{"Littleme1032":7}},{"path":"src/main/java/ListCommand.java","fileType":"java","lines":[{"lineNumber":1,"author":{"gitId":"Littleme1032"},"content":"public class ListCommand extends Command {","lastModifiedDate":"2024-09-30","isFullCredit":false},{"lineNumber":2,"author":{"gitId":"Littleme1032"},"content":"    @Override","lastModifiedDate":"2024-09-30","isFullCredit":false},{"lineNumber":3,"author":{"gitId":"Littleme1032"},"content":"    public void execute(TaskList tasks, Ui ui, Storage storage) {","lastModifiedDate":"2024-09-30","isFullCredit":false},{"lineNumber":4,"author":{"gitId":"Littleme1032"},"content":"        tasks.listTasks();","lastModifiedDate":"2024-09-30","isFullCredit":false},{"lineNumber":5,"author":{"gitId":"Littleme1032"},"content":"    }","lastModifiedDate":"2024-09-30","isFullCredit":false},{"lineNumber":6,"author":{"gitId":"Littleme1032"},"content":"}","lastModifiedDate":"2024-09-30","isFullCredit":false}],"authorContributionMap":{"Littleme1032":6}},{"path":"src/main/java/MarkCommand.java","fileType":"java","lines":[{"lineNumber":1,"author":{"gitId":"Littleme1032"},"content":"public class MarkCommand extends Command {","lastModifiedDate":"2024-09-30","isFullCredit":false},{"lineNumber":2,"author":{"gitId":"Littleme1032"},"content":"    private final int taskIndex;","lastModifiedDate":"2024-09-30","isFullCredit":false},{"lineNumber":3,"author":{"gitId":"Littleme1032"},"content":"    private final boolean isDone;","lastModifiedDate":"2024-09-30","isFullCredit":false},{"lineNumber":4,"author":{"gitId":"Littleme1032"},"content":"","lastModifiedDate":"2024-09-30","isFullCredit":false},{"lineNumber":5,"author":{"gitId":"Littleme1032"},"content":"    public MarkCommand(String taskIndex, boolean isDone) throws BebeException {","lastModifiedDate":"2024-09-30","isFullCredit":false},{"lineNumber":6,"author":{"gitId":"Littleme1032"},"content":"        try {","lastModifiedDate":"2024-09-30","isFullCredit":false},{"lineNumber":7,"author":{"gitId":"Littleme1032"},"content":"            this.taskIndex \u003d Integer.parseInt(taskIndex) - 1;","lastModifiedDate":"2024-09-30","isFullCredit":false},{"lineNumber":8,"author":{"gitId":"Littleme1032"},"content":"        } catch (NumberFormatException e) {","lastModifiedDate":"2024-09-30","isFullCredit":false},{"lineNumber":9,"author":{"gitId":"Littleme1032"},"content":"            throw new BebeException(\"Invalid task number.\");","lastModifiedDate":"2024-09-30","isFullCredit":false},{"lineNumber":10,"author":{"gitId":"Littleme1032"},"content":"        }","lastModifiedDate":"2024-09-30","isFullCredit":false},{"lineNumber":11,"author":{"gitId":"Littleme1032"},"content":"        this.isDone \u003d isDone;","lastModifiedDate":"2024-09-30","isFullCredit":false},{"lineNumber":12,"author":{"gitId":"Littleme1032"},"content":"    }","lastModifiedDate":"2024-09-30","isFullCredit":false},{"lineNumber":13,"author":{"gitId":"Littleme1032"},"content":"","lastModifiedDate":"2024-09-30","isFullCredit":false},{"lineNumber":14,"author":{"gitId":"Littleme1032"},"content":"    @Override","lastModifiedDate":"2024-09-30","isFullCredit":false},{"lineNumber":15,"author":{"gitId":"Littleme1032"},"content":"    public void execute(TaskList tasks, Ui ui, Storage storage) throws BebeException {","lastModifiedDate":"2024-09-30","isFullCredit":false},{"lineNumber":16,"author":{"gitId":"Littleme1032"},"content":"        tasks.markTask(taskIndex, isDone);","lastModifiedDate":"2024-09-30","isFullCredit":false},{"lineNumber":17,"author":{"gitId":"Littleme1032"},"content":"        storage.save(tasks.getTasks());","lastModifiedDate":"2024-09-30","isFullCredit":false},{"lineNumber":18,"author":{"gitId":"Littleme1032"},"content":"    }","lastModifiedDate":"2024-09-30","isFullCredit":false},{"lineNumber":19,"author":{"gitId":"Littleme1032"},"content":"}","lastModifiedDate":"2024-09-30","isFullCredit":false}],"authorContributionMap":{"Littleme1032":19}},{"path":"src/main/java/Parser.java","fileType":"java","lines":[{"lineNumber":1,"author":{"gitId":"Littleme1032"},"content":"public class Parser {","lastModifiedDate":"2024-09-30","isFullCredit":false},{"lineNumber":2,"author":{"gitId":"Littleme1032"},"content":"","lastModifiedDate":"2024-09-30","isFullCredit":false},{"lineNumber":3,"author":{"gitId":"Littleme1032"},"content":"    public static Command parse(String fullCommand) throws BebeException {","lastModifiedDate":"2024-09-30","isFullCredit":false},{"lineNumber":4,"author":{"gitId":"Littleme1032"},"content":"        String[] words \u003d fullCommand.split(\" \", 2);","lastModifiedDate":"2024-09-30","isFullCredit":false},{"lineNumber":5,"author":{"gitId":"Littleme1032"},"content":"        String command \u003d words[0].toLowerCase();","lastModifiedDate":"2024-09-30","isFullCredit":false},{"lineNumber":6,"author":{"gitId":"Littleme1032"},"content":"        switch (command) {","lastModifiedDate":"2024-09-30","isFullCredit":false},{"lineNumber":7,"author":{"gitId":"Littleme1032"},"content":"            case \"bye\":","lastModifiedDate":"2024-09-30","isFullCredit":false},{"lineNumber":8,"author":{"gitId":"Littleme1032"},"content":"                return new ExitCommand();","lastModifiedDate":"2024-09-30","isFullCredit":false},{"lineNumber":9,"author":{"gitId":"Littleme1032"},"content":"            case \"list\":","lastModifiedDate":"2024-09-30","isFullCredit":false},{"lineNumber":10,"author":{"gitId":"Littleme1032"},"content":"                return new ListCommand();","lastModifiedDate":"2024-09-30","isFullCredit":false},{"lineNumber":11,"author":{"gitId":"Littleme1032"},"content":"            case \"mark\":","lastModifiedDate":"2024-09-30","isFullCredit":false},{"lineNumber":12,"author":{"gitId":"Littleme1032"},"content":"                return new MarkCommand(words[1], true);","lastModifiedDate":"2024-09-30","isFullCredit":false},{"lineNumber":13,"author":{"gitId":"Littleme1032"},"content":"            case \"unmark\":","lastModifiedDate":"2024-09-30","isFullCredit":false},{"lineNumber":14,"author":{"gitId":"Littleme1032"},"content":"                return new MarkCommand(words[1], false);","lastModifiedDate":"2024-09-30","isFullCredit":false},{"lineNumber":15,"author":{"gitId":"Littleme1032"},"content":"            case \"todo\":","lastModifiedDate":"2024-09-30","isFullCredit":false},{"lineNumber":16,"author":{"gitId":"Littleme1032"},"content":"                return new AddCommand(\"todo\", words[1]);","lastModifiedDate":"2024-09-30","isFullCredit":false},{"lineNumber":17,"author":{"gitId":"Littleme1032"},"content":"            case \"deadline\":","lastModifiedDate":"2024-09-30","isFullCredit":false},{"lineNumber":18,"author":{"gitId":"Littleme1032"},"content":"                return new AddCommand(\"deadline\", words[1]);","lastModifiedDate":"2024-09-30","isFullCredit":false},{"lineNumber":19,"author":{"gitId":"Littleme1032"},"content":"            case \"event\":","lastModifiedDate":"2024-09-30","isFullCredit":false},{"lineNumber":20,"author":{"gitId":"Littleme1032"},"content":"                return new AddCommand(\"event\", words[1]);","lastModifiedDate":"2024-09-30","isFullCredit":false},{"lineNumber":21,"author":{"gitId":"Littleme1032"},"content":"            case \"delete\":","lastModifiedDate":"2024-09-30","isFullCredit":false},{"lineNumber":22,"author":{"gitId":"Littleme1032"},"content":"                return new DeleteCommand(words[1]);","lastModifiedDate":"2024-09-30","isFullCredit":false},{"lineNumber":23,"author":{"gitId":"Littleme1032"},"content":"            case \"help\":","lastModifiedDate":"2024-09-30","isFullCredit":false},{"lineNumber":24,"author":{"gitId":"Littleme1032"},"content":"                return new HelpCommand();","lastModifiedDate":"2024-09-30","isFullCredit":false},{"lineNumber":25,"author":{"gitId":"Littleme1032"},"content":"            default:","lastModifiedDate":"2024-09-30","isFullCredit":false},{"lineNumber":26,"author":{"gitId":"Littleme1032"},"content":"                throw new BebeException(\"Unknown command.\");","lastModifiedDate":"2024-09-30","isFullCredit":false},{"lineNumber":27,"author":{"gitId":"Littleme1032"},"content":"        }","lastModifiedDate":"2024-09-30","isFullCredit":false},{"lineNumber":28,"author":{"gitId":"Littleme1032"},"content":"    }","lastModifiedDate":"2024-09-30","isFullCredit":false},{"lineNumber":29,"author":{"gitId":"Littleme1032"},"content":"}","lastModifiedDate":"2024-09-30","isFullCredit":false}],"authorContributionMap":{"Littleme1032":29}},{"path":"src/main/java/Storage.java","fileType":"java","lines":[{"lineNumber":1,"author":{"gitId":"Littleme1032"},"content":"import java.io.File;","lastModifiedDate":"2024-09-30","isFullCredit":false},{"lineNumber":2,"author":{"gitId":"Littleme1032"},"content":"import java.io.FileWriter;","lastModifiedDate":"2024-09-30","isFullCredit":false},{"lineNumber":3,"author":{"gitId":"Littleme1032"},"content":"import java.io.IOException;","lastModifiedDate":"2024-09-30","isFullCredit":false},{"lineNumber":4,"author":{"gitId":"Littleme1032"},"content":"import java.util.ArrayList;","lastModifiedDate":"2024-09-30","isFullCredit":false},{"lineNumber":5,"author":{"gitId":"Littleme1032"},"content":"import java.util.Scanner;","lastModifiedDate":"2024-09-30","isFullCredit":false},{"lineNumber":6,"author":{"gitId":"Littleme1032"},"content":"import java.nio.file.Files;","lastModifiedDate":"2024-09-30","isFullCredit":false},{"lineNumber":7,"author":{"gitId":"Littleme1032"},"content":"import java.nio.file.Paths;","lastModifiedDate":"2024-09-30","isFullCredit":false},{"lineNumber":8,"author":{"gitId":"Littleme1032"},"content":"","lastModifiedDate":"2024-09-30","isFullCredit":false},{"lineNumber":9,"author":{"gitId":"Littleme1032"},"content":"public class Storage {","lastModifiedDate":"2024-09-30","isFullCredit":false},{"lineNumber":10,"author":{"gitId":"Littleme1032"},"content":"","lastModifiedDate":"2024-09-30","isFullCredit":false},{"lineNumber":11,"author":{"gitId":"Littleme1032"},"content":"    private final String filePath;","lastModifiedDate":"2024-09-30","isFullCredit":false},{"lineNumber":12,"author":{"gitId":"Littleme1032"},"content":"","lastModifiedDate":"2024-09-30","isFullCredit":false},{"lineNumber":13,"author":{"gitId":"Littleme1032"},"content":"    public Storage(String filePath) {","lastModifiedDate":"2024-09-30","isFullCredit":false},{"lineNumber":14,"author":{"gitId":"Littleme1032"},"content":"        this.filePath \u003d filePath;","lastModifiedDate":"2024-09-30","isFullCredit":false},{"lineNumber":15,"author":{"gitId":"Littleme1032"},"content":"    }","lastModifiedDate":"2024-09-30","isFullCredit":false},{"lineNumber":16,"author":{"gitId":"Littleme1032"},"content":"","lastModifiedDate":"2024-09-30","isFullCredit":false},{"lineNumber":17,"author":{"gitId":"Littleme1032"},"content":"    public ArrayList\u003cTask\u003e load() throws BebeException {","lastModifiedDate":"2024-09-30","isFullCredit":false},{"lineNumber":18,"author":{"gitId":"Littleme1032"},"content":"        ArrayList\u003cTask\u003e tasks \u003d new ArrayList\u003c\u003e();","lastModifiedDate":"2024-09-30","isFullCredit":false},{"lineNumber":19,"author":{"gitId":"Littleme1032"},"content":"        try {","lastModifiedDate":"2024-09-30","isFullCredit":false},{"lineNumber":20,"author":{"gitId":"Littleme1032"},"content":"            if (!Files.exists(Paths.get(filePath))) {","lastModifiedDate":"2024-09-30","isFullCredit":false},{"lineNumber":21,"author":{"gitId":"Littleme1032"},"content":"                return tasks;  // Return empty list if no file exists","lastModifiedDate":"2024-09-30","isFullCredit":false},{"lineNumber":22,"author":{"gitId":"Littleme1032"},"content":"            }","lastModifiedDate":"2024-09-30","isFullCredit":false},{"lineNumber":23,"author":{"gitId":"Littleme1032"},"content":"","lastModifiedDate":"2024-09-30","isFullCredit":false},{"lineNumber":24,"author":{"gitId":"Littleme1032"},"content":"            Scanner scanner \u003d new Scanner(new File(filePath));","lastModifiedDate":"2024-09-30","isFullCredit":false},{"lineNumber":25,"author":{"gitId":"Littleme1032"},"content":"            while (scanner.hasNext()) {","lastModifiedDate":"2024-09-30","isFullCredit":false},{"lineNumber":26,"author":{"gitId":"Littleme1032"},"content":"                String line \u003d scanner.nextLine();","lastModifiedDate":"2024-09-30","isFullCredit":false},{"lineNumber":27,"author":{"gitId":"Littleme1032"},"content":"                String[] parts \u003d line.split(\" \\\\| \");","lastModifiedDate":"2024-09-30","isFullCredit":false},{"lineNumber":28,"author":{"gitId":"Littleme1032"},"content":"","lastModifiedDate":"2024-09-30","isFullCredit":false},{"lineNumber":29,"author":{"gitId":"Littleme1032"},"content":"                switch (parts[0]) {","lastModifiedDate":"2024-09-30","isFullCredit":false},{"lineNumber":30,"author":{"gitId":"Littleme1032"},"content":"                    case \"T\":","lastModifiedDate":"2024-09-30","isFullCredit":false},{"lineNumber":31,"author":{"gitId":"Littleme1032"},"content":"                        Task todo \u003d new Todo(parts[2]);","lastModifiedDate":"2024-09-30","isFullCredit":false},{"lineNumber":32,"author":{"gitId":"Littleme1032"},"content":"                        if (parts[1].equals(\"1\")) todo.markAsDone();","lastModifiedDate":"2024-09-30","isFullCredit":false},{"lineNumber":33,"author":{"gitId":"Littleme1032"},"content":"                        tasks.add(todo);","lastModifiedDate":"2024-09-30","isFullCredit":false},{"lineNumber":34,"author":{"gitId":"Littleme1032"},"content":"                        break;","lastModifiedDate":"2024-09-30","isFullCredit":false},{"lineNumber":35,"author":{"gitId":"Littleme1032"},"content":"                    case \"D\":","lastModifiedDate":"2024-09-30","isFullCredit":false},{"lineNumber":36,"author":{"gitId":"Littleme1032"},"content":"                        Task deadline \u003d new Deadline(parts[2], parts[3]);","lastModifiedDate":"2024-09-30","isFullCredit":false},{"lineNumber":37,"author":{"gitId":"Littleme1032"},"content":"                        if (parts[1].equals(\"1\")) deadline.markAsDone();","lastModifiedDate":"2024-09-30","isFullCredit":false},{"lineNumber":38,"author":{"gitId":"Littleme1032"},"content":"                        tasks.add(deadline);","lastModifiedDate":"2024-09-30","isFullCredit":false},{"lineNumber":39,"author":{"gitId":"Littleme1032"},"content":"                        break;","lastModifiedDate":"2024-09-30","isFullCredit":false},{"lineNumber":40,"author":{"gitId":"Littleme1032"},"content":"                    case \"E\":","lastModifiedDate":"2024-09-30","isFullCredit":false},{"lineNumber":41,"author":{"gitId":"Littleme1032"},"content":"                        String[] timeParts \u003d parts[3].split(\" to \");","lastModifiedDate":"2024-09-30","isFullCredit":false},{"lineNumber":42,"author":{"gitId":"Littleme1032"},"content":"                        Task event \u003d new Event(parts[2], timeParts[0], timeParts[1]);","lastModifiedDate":"2024-09-30","isFullCredit":false},{"lineNumber":43,"author":{"gitId":"Littleme1032"},"content":"                        if (parts[1].equals(\"1\")) event.markAsDone();","lastModifiedDate":"2024-09-30","isFullCredit":false},{"lineNumber":44,"author":{"gitId":"Littleme1032"},"content":"                        tasks.add(event);","lastModifiedDate":"2024-09-30","isFullCredit":false},{"lineNumber":45,"author":{"gitId":"Littleme1032"},"content":"                        break;","lastModifiedDate":"2024-09-30","isFullCredit":false},{"lineNumber":46,"author":{"gitId":"Littleme1032"},"content":"                }","lastModifiedDate":"2024-09-30","isFullCredit":false},{"lineNumber":47,"author":{"gitId":"Littleme1032"},"content":"            }","lastModifiedDate":"2024-09-30","isFullCredit":false},{"lineNumber":48,"author":{"gitId":"Littleme1032"},"content":"            scanner.close();","lastModifiedDate":"2024-09-30","isFullCredit":false},{"lineNumber":49,"author":{"gitId":"Littleme1032"},"content":"        } catch (IOException e) {","lastModifiedDate":"2024-09-30","isFullCredit":false},{"lineNumber":50,"author":{"gitId":"Littleme1032"},"content":"            throw new BebeException(\"Error loading file.\");","lastModifiedDate":"2024-09-30","isFullCredit":false},{"lineNumber":51,"author":{"gitId":"Littleme1032"},"content":"        }","lastModifiedDate":"2024-09-30","isFullCredit":false},{"lineNumber":52,"author":{"gitId":"Littleme1032"},"content":"        return tasks;","lastModifiedDate":"2024-09-30","isFullCredit":false},{"lineNumber":53,"author":{"gitId":"Littleme1032"},"content":"    }","lastModifiedDate":"2024-09-30","isFullCredit":false},{"lineNumber":54,"author":{"gitId":"Littleme1032"},"content":"","lastModifiedDate":"2024-09-30","isFullCredit":false},{"lineNumber":55,"author":{"gitId":"Littleme1032"},"content":"    public void save(ArrayList\u003cTask\u003e tasks) throws BebeException {","lastModifiedDate":"2024-09-30","isFullCredit":false},{"lineNumber":56,"author":{"gitId":"Littleme1032"},"content":"        try {","lastModifiedDate":"2024-09-30","isFullCredit":false},{"lineNumber":57,"author":{"gitId":"Littleme1032"},"content":"            File directory \u003d new File(\"./data\");","lastModifiedDate":"2024-09-30","isFullCredit":false},{"lineNumber":58,"author":{"gitId":"Littleme1032"},"content":"            if (!directory.exists()) {","lastModifiedDate":"2024-09-30","isFullCredit":false},{"lineNumber":59,"author":{"gitId":"Littleme1032"},"content":"                directory.mkdir();","lastModifiedDate":"2024-09-30","isFullCredit":false},{"lineNumber":60,"author":{"gitId":"Littleme1032"},"content":"            }","lastModifiedDate":"2024-09-30","isFullCredit":false},{"lineNumber":61,"author":{"gitId":"Littleme1032"},"content":"","lastModifiedDate":"2024-09-30","isFullCredit":false},{"lineNumber":62,"author":{"gitId":"Littleme1032"},"content":"            FileWriter writer \u003d new FileWriter(filePath);","lastModifiedDate":"2024-09-30","isFullCredit":false},{"lineNumber":63,"author":{"gitId":"Littleme1032"},"content":"            for (Task task : tasks) {","lastModifiedDate":"2024-09-30","isFullCredit":false},{"lineNumber":64,"author":{"gitId":"Littleme1032"},"content":"                writer.write(task.toFileFormat() + \"\\n\");","lastModifiedDate":"2024-09-30","isFullCredit":false},{"lineNumber":65,"author":{"gitId":"Littleme1032"},"content":"            }","lastModifiedDate":"2024-09-30","isFullCredit":false},{"lineNumber":66,"author":{"gitId":"Littleme1032"},"content":"            writer.close();","lastModifiedDate":"2024-09-30","isFullCredit":false},{"lineNumber":67,"author":{"gitId":"Littleme1032"},"content":"        } catch (IOException e) {","lastModifiedDate":"2024-09-30","isFullCredit":false},{"lineNumber":68,"author":{"gitId":"Littleme1032"},"content":"            throw new BebeException(\"Error saving tasks.\");","lastModifiedDate":"2024-09-30","isFullCredit":false},{"lineNumber":69,"author":{"gitId":"Littleme1032"},"content":"        }","lastModifiedDate":"2024-09-30","isFullCredit":false},{"lineNumber":70,"author":{"gitId":"Littleme1032"},"content":"    }","lastModifiedDate":"2024-09-30","isFullCredit":false},{"lineNumber":71,"author":{"gitId":"Littleme1032"},"content":"}","lastModifiedDate":"2024-09-30","isFullCredit":false}],"authorContributionMap":{"Littleme1032":71}},{"path":"src/main/java/Task.java","fileType":"java","lines":[{"lineNumber":1,"author":{"gitId":"Littleme1032"},"content":"public class Task {","lastModifiedDate":"2024-08-28","isFullCredit":false},{"lineNumber":2,"author":{"gitId":"Littleme1032"},"content":"    public String description;","lastModifiedDate":"2024-09-18","isFullCredit":false},{"lineNumber":3,"author":{"gitId":"Littleme1032"},"content":"    public boolean isDone;","lastModifiedDate":"2024-09-18","isFullCredit":false},{"lineNumber":4,"author":{"gitId":"Littleme1032"},"content":"","lastModifiedDate":"2024-08-28","isFullCredit":false},{"lineNumber":5,"author":{"gitId":"Littleme1032"},"content":"    public Task(String description) {","lastModifiedDate":"2024-08-28","isFullCredit":false},{"lineNumber":6,"author":{"gitId":"Littleme1032"},"content":"        this.description \u003d description;","lastModifiedDate":"2024-08-28","isFullCredit":false},{"lineNumber":7,"author":{"gitId":"Littleme1032"},"content":"        this.isDone \u003d false;","lastModifiedDate":"2024-08-28","isFullCredit":false},{"lineNumber":8,"author":{"gitId":"Littleme1032"},"content":"    }","lastModifiedDate":"2024-08-28","isFullCredit":false},{"lineNumber":9,"author":{"gitId":"Littleme1032"},"content":"","lastModifiedDate":"2024-08-28","isFullCredit":false},{"lineNumber":10,"author":{"gitId":"Littleme1032"},"content":"    public String getStatusIcon() {","lastModifiedDate":"2024-08-28","isFullCredit":false},{"lineNumber":11,"author":{"gitId":"Littleme1032"},"content":"        return (isDone ? \"X\" : \" \"); // mark done task with X","lastModifiedDate":"2024-08-28","isFullCredit":false},{"lineNumber":12,"author":{"gitId":"Littleme1032"},"content":"    }","lastModifiedDate":"2024-08-28","isFullCredit":false},{"lineNumber":13,"author":{"gitId":"Littleme1032"},"content":"","lastModifiedDate":"2024-08-28","isFullCredit":false},{"lineNumber":14,"author":{"gitId":"Littleme1032"},"content":"    public void markAsDone() {","lastModifiedDate":"2024-08-28","isFullCredit":false},{"lineNumber":15,"author":{"gitId":"Littleme1032"},"content":"        this.isDone \u003d true;","lastModifiedDate":"2024-08-28","isFullCredit":false},{"lineNumber":16,"author":{"gitId":"Littleme1032"},"content":"    }","lastModifiedDate":"2024-08-28","isFullCredit":false},{"lineNumber":17,"author":{"gitId":"Littleme1032"},"content":"","lastModifiedDate":"2024-08-28","isFullCredit":false},{"lineNumber":18,"author":{"gitId":"Littleme1032"},"content":"    public void markAsNotDone() {","lastModifiedDate":"2024-08-28","isFullCredit":false},{"lineNumber":19,"author":{"gitId":"Littleme1032"},"content":"        this.isDone \u003d false;","lastModifiedDate":"2024-08-28","isFullCredit":false},{"lineNumber":20,"author":{"gitId":"Littleme1032"},"content":"    }","lastModifiedDate":"2024-08-28","isFullCredit":false},{"lineNumber":21,"author":{"gitId":"Littleme1032"},"content":"","lastModifiedDate":"2024-08-28","isFullCredit":false},{"lineNumber":22,"author":{"gitId":"Littleme1032"},"content":"    @Override","lastModifiedDate":"2024-08-28","isFullCredit":false},{"lineNumber":23,"author":{"gitId":"Littleme1032"},"content":"    public String toString() {","lastModifiedDate":"2024-08-28","isFullCredit":false},{"lineNumber":24,"author":{"gitId":"Littleme1032"},"content":"        return \"[\" + getStatusIcon() + \"] \" + description;","lastModifiedDate":"2024-08-28","isFullCredit":false},{"lineNumber":25,"author":{"gitId":"Littleme1032"},"content":"    }","lastModifiedDate":"2024-08-28","isFullCredit":false},{"lineNumber":26,"author":{"gitId":"Littleme1032"},"content":"","lastModifiedDate":"2024-09-30","isFullCredit":false},{"lineNumber":27,"author":{"gitId":"Littleme1032"},"content":"    public String toFileFormat() {","lastModifiedDate":"2024-09-30","isFullCredit":false},{"lineNumber":28,"author":{"gitId":"Littleme1032"},"content":"        return String.format(\"%s | %s\", isDone ? \"1\" : \"0\", description);","lastModifiedDate":"2024-09-30","isFullCredit":false},{"lineNumber":29,"author":{"gitId":"Littleme1032"},"content":"    }","lastModifiedDate":"2024-09-30","isFullCredit":false},{"lineNumber":30,"author":{"gitId":"Littleme1032"},"content":"}","lastModifiedDate":"2024-08-28","isFullCredit":false}],"authorContributionMap":{"Littleme1032":30}},{"path":"src/main/java/TaskList.java","fileType":"java","lines":[{"lineNumber":1,"author":{"gitId":"Littleme1032"},"content":"import java.util.ArrayList;","lastModifiedDate":"2024-09-30","isFullCredit":false},{"lineNumber":2,"author":{"gitId":"Littleme1032"},"content":"","lastModifiedDate":"2024-09-30","isFullCredit":false},{"lineNumber":3,"author":{"gitId":"Littleme1032"},"content":"public class TaskList {","lastModifiedDate":"2024-09-30","isFullCredit":false},{"lineNumber":4,"author":{"gitId":"Littleme1032"},"content":"","lastModifiedDate":"2024-09-30","isFullCredit":false},{"lineNumber":5,"author":{"gitId":"Littleme1032"},"content":"    private final ArrayList\u003cTask\u003e tasks;","lastModifiedDate":"2024-09-30","isFullCredit":false},{"lineNumber":6,"author":{"gitId":"Littleme1032"},"content":"","lastModifiedDate":"2024-09-30","isFullCredit":false},{"lineNumber":7,"author":{"gitId":"Littleme1032"},"content":"    public TaskList() {","lastModifiedDate":"2024-09-30","isFullCredit":false},{"lineNumber":8,"author":{"gitId":"Littleme1032"},"content":"        this.tasks \u003d new ArrayList\u003c\u003e();","lastModifiedDate":"2024-09-30","isFullCredit":false},{"lineNumber":9,"author":{"gitId":"Littleme1032"},"content":"    }","lastModifiedDate":"2024-09-30","isFullCredit":false},{"lineNumber":10,"author":{"gitId":"Littleme1032"},"content":"","lastModifiedDate":"2024-09-30","isFullCredit":false},{"lineNumber":11,"author":{"gitId":"Littleme1032"},"content":"    public TaskList(ArrayList\u003cTask\u003e tasks) {","lastModifiedDate":"2024-09-30","isFullCredit":false},{"lineNumber":12,"author":{"gitId":"Littleme1032"},"content":"        this.tasks \u003d tasks;","lastModifiedDate":"2024-09-30","isFullCredit":false},{"lineNumber":13,"author":{"gitId":"Littleme1032"},"content":"    }","lastModifiedDate":"2024-09-30","isFullCredit":false},{"lineNumber":14,"author":{"gitId":"Littleme1032"},"content":"","lastModifiedDate":"2024-09-30","isFullCredit":false},{"lineNumber":15,"author":{"gitId":"Littleme1032"},"content":"    public void addTask(Task task) {","lastModifiedDate":"2024-09-30","isFullCredit":false},{"lineNumber":16,"author":{"gitId":"Littleme1032"},"content":"        tasks.add(task);","lastModifiedDate":"2024-09-30","isFullCredit":false},{"lineNumber":17,"author":{"gitId":"Littleme1032"},"content":"        System.out.println(\"Got it. I\u0027ve added this task:\");","lastModifiedDate":"2024-09-30","isFullCredit":false},{"lineNumber":18,"author":{"gitId":"Littleme1032"},"content":"        System.out.println(\"  \" + task);","lastModifiedDate":"2024-09-30","isFullCredit":false},{"lineNumber":19,"author":{"gitId":"Littleme1032"},"content":"        System.out.println(\"Now you have \" + tasks.size() + \" tasks in the list.\");","lastModifiedDate":"2024-09-30","isFullCredit":false},{"lineNumber":20,"author":{"gitId":"Littleme1032"},"content":"    }","lastModifiedDate":"2024-09-30","isFullCredit":false},{"lineNumber":21,"author":{"gitId":"Littleme1032"},"content":"","lastModifiedDate":"2024-09-30","isFullCredit":false},{"lineNumber":22,"author":{"gitId":"Littleme1032"},"content":"    public void deleteTask(int index) throws BebeException {","lastModifiedDate":"2024-09-30","isFullCredit":false},{"lineNumber":23,"author":{"gitId":"Littleme1032"},"content":"        if (index \u003c 0 || index \u003e\u003d tasks.size()) {","lastModifiedDate":"2024-09-30","isFullCredit":false},{"lineNumber":24,"author":{"gitId":"Littleme1032"},"content":"            throw new BebeException(\"Invalid task number.\");","lastModifiedDate":"2024-09-30","isFullCredit":false},{"lineNumber":25,"author":{"gitId":"Littleme1032"},"content":"        }","lastModifiedDate":"2024-09-30","isFullCredit":false},{"lineNumber":26,"author":{"gitId":"Littleme1032"},"content":"        Task task \u003d tasks.remove(index);","lastModifiedDate":"2024-09-30","isFullCredit":false},{"lineNumber":27,"author":{"gitId":"Littleme1032"},"content":"        System.out.println(\"Noted. I\u0027ve removed this task:\");","lastModifiedDate":"2024-09-30","isFullCredit":false},{"lineNumber":28,"author":{"gitId":"Littleme1032"},"content":"        System.out.println(\"  \" + task);","lastModifiedDate":"2024-09-30","isFullCredit":false},{"lineNumber":29,"author":{"gitId":"Littleme1032"},"content":"        System.out.println(\"Now you have \" + tasks.size() + \" tasks in the list.\");","lastModifiedDate":"2024-09-30","isFullCredit":false},{"lineNumber":30,"author":{"gitId":"Littleme1032"},"content":"    }","lastModifiedDate":"2024-09-30","isFullCredit":false},{"lineNumber":31,"author":{"gitId":"Littleme1032"},"content":"","lastModifiedDate":"2024-09-30","isFullCredit":false},{"lineNumber":32,"author":{"gitId":"Littleme1032"},"content":"    public void markTask(int index, boolean isDone) throws BebeException {","lastModifiedDate":"2024-09-30","isFullCredit":false},{"lineNumber":33,"author":{"gitId":"Littleme1032"},"content":"        if (index \u003c 0 || index \u003e\u003d tasks.size()) {","lastModifiedDate":"2024-09-30","isFullCredit":false},{"lineNumber":34,"author":{"gitId":"Littleme1032"},"content":"            throw new BebeException(\"Invalid task number.\");","lastModifiedDate":"2024-09-30","isFullCredit":false},{"lineNumber":35,"author":{"gitId":"Littleme1032"},"content":"        }","lastModifiedDate":"2024-09-30","isFullCredit":false},{"lineNumber":36,"author":{"gitId":"Littleme1032"},"content":"        Task task \u003d tasks.get(index);","lastModifiedDate":"2024-09-30","isFullCredit":false},{"lineNumber":37,"author":{"gitId":"Littleme1032"},"content":"        if (isDone) {","lastModifiedDate":"2024-09-30","isFullCredit":false},{"lineNumber":38,"author":{"gitId":"Littleme1032"},"content":"            task.markAsDone();","lastModifiedDate":"2024-09-30","isFullCredit":false},{"lineNumber":39,"author":{"gitId":"Littleme1032"},"content":"            System.out.println(\"Nice! I\u0027ve marked this task as done:\");","lastModifiedDate":"2024-09-30","isFullCredit":false},{"lineNumber":40,"author":{"gitId":"Littleme1032"},"content":"        } else {","lastModifiedDate":"2024-09-30","isFullCredit":false},{"lineNumber":41,"author":{"gitId":"Littleme1032"},"content":"            task.markAsNotDone();","lastModifiedDate":"2024-09-30","isFullCredit":false},{"lineNumber":42,"author":{"gitId":"Littleme1032"},"content":"            System.out.println(\"OK, I\u0027ve marked this task as not done yet:\");","lastModifiedDate":"2024-09-30","isFullCredit":false},{"lineNumber":43,"author":{"gitId":"Littleme1032"},"content":"        }","lastModifiedDate":"2024-09-30","isFullCredit":false},{"lineNumber":44,"author":{"gitId":"Littleme1032"},"content":"        System.out.println(\"  \" + task);","lastModifiedDate":"2024-09-30","isFullCredit":false},{"lineNumber":45,"author":{"gitId":"Littleme1032"},"content":"    }","lastModifiedDate":"2024-09-30","isFullCredit":false},{"lineNumber":46,"author":{"gitId":"Littleme1032"},"content":"","lastModifiedDate":"2024-09-30","isFullCredit":false},{"lineNumber":47,"author":{"gitId":"Littleme1032"},"content":"    public void listTasks() {","lastModifiedDate":"2024-09-30","isFullCredit":false},{"lineNumber":48,"author":{"gitId":"Littleme1032"},"content":"        System.out.println(\"Here are the tasks in your list:\");","lastModifiedDate":"2024-09-30","isFullCredit":false},{"lineNumber":49,"author":{"gitId":"Littleme1032"},"content":"        for (int i \u003d 0; i \u003c tasks.size(); i++) {","lastModifiedDate":"2024-09-30","isFullCredit":false},{"lineNumber":50,"author":{"gitId":"Littleme1032"},"content":"            System.out.println((i + 1) + \". \" + tasks.get(i));","lastModifiedDate":"2024-09-30","isFullCredit":false},{"lineNumber":51,"author":{"gitId":"Littleme1032"},"content":"        }","lastModifiedDate":"2024-09-30","isFullCredit":false},{"lineNumber":52,"author":{"gitId":"Littleme1032"},"content":"    }","lastModifiedDate":"2024-09-30","isFullCredit":false},{"lineNumber":53,"author":{"gitId":"Littleme1032"},"content":"","lastModifiedDate":"2024-09-30","isFullCredit":false},{"lineNumber":54,"author":{"gitId":"Littleme1032"},"content":"    public ArrayList\u003cTask\u003e getTasks() {","lastModifiedDate":"2024-09-30","isFullCredit":false},{"lineNumber":55,"author":{"gitId":"Littleme1032"},"content":"        return tasks;","lastModifiedDate":"2024-09-30","isFullCredit":false},{"lineNumber":56,"author":{"gitId":"Littleme1032"},"content":"    }","lastModifiedDate":"2024-09-30","isFullCredit":false},{"lineNumber":57,"author":{"gitId":"Littleme1032"},"content":"}","lastModifiedDate":"2024-09-30","isFullCredit":false}],"authorContributionMap":{"Littleme1032":57}},{"path":"src/main/java/Todo.java","fileType":"java","lines":[{"lineNumber":1,"author":{"gitId":"Littleme1032"},"content":"public class Todo extends Task {","lastModifiedDate":"2024-09-04","isFullCredit":false},{"lineNumber":2,"author":{"gitId":"Littleme1032"},"content":"","lastModifiedDate":"2024-09-04","isFullCredit":false},{"lineNumber":3,"author":{"gitId":"Littleme1032"},"content":"    public Todo(String description) {","lastModifiedDate":"2024-09-04","isFullCredit":false},{"lineNumber":4,"author":{"gitId":"Littleme1032"},"content":"        super(description);","lastModifiedDate":"2024-09-04","isFullCredit":false},{"lineNumber":5,"author":{"gitId":"Littleme1032"},"content":"    }","lastModifiedDate":"2024-09-04","isFullCredit":false},{"lineNumber":6,"author":{"gitId":"Littleme1032"},"content":"","lastModifiedDate":"2024-09-04","isFullCredit":false},{"lineNumber":7,"author":{"gitId":"Littleme1032"},"content":"    @Override","lastModifiedDate":"2024-09-04","isFullCredit":false},{"lineNumber":8,"author":{"gitId":"Littleme1032"},"content":"    public String toString() {","lastModifiedDate":"2024-09-04","isFullCredit":false},{"lineNumber":9,"author":{"gitId":"Littleme1032"},"content":"        return \"[T]\" + super.toString();","lastModifiedDate":"2024-09-04","isFullCredit":false},{"lineNumber":10,"author":{"gitId":"Littleme1032"},"content":"    }","lastModifiedDate":"2024-09-04","isFullCredit":false},{"lineNumber":11,"author":{"gitId":"Littleme1032"},"content":"","lastModifiedDate":"2024-09-30","isFullCredit":false},{"lineNumber":12,"author":{"gitId":"Littleme1032"},"content":"    @Override","lastModifiedDate":"2024-09-30","isFullCredit":false},{"lineNumber":13,"author":{"gitId":"Littleme1032"},"content":"    public String toFileFormat() {","lastModifiedDate":"2024-09-30","isFullCredit":false},{"lineNumber":14,"author":{"gitId":"Littleme1032"},"content":"        return \"T | \" + super.toFileFormat();","lastModifiedDate":"2024-09-30","isFullCredit":false},{"lineNumber":15,"author":{"gitId":"Littleme1032"},"content":"    }","lastModifiedDate":"2024-09-30","isFullCredit":false},{"lineNumber":16,"author":{"gitId":"Littleme1032"},"content":"}","lastModifiedDate":"2024-09-04","isFullCredit":false}],"authorContributionMap":{"Littleme1032":16}},{"path":"src/main/java/Ui.java","fileType":"java","lines":[{"lineNumber":1,"author":{"gitId":"Littleme1032"},"content":"import java.util.Scanner;","lastModifiedDate":"2024-09-30","isFullCredit":false},{"lineNumber":2,"author":{"gitId":"Littleme1032"},"content":"","lastModifiedDate":"2024-09-30","isFullCredit":false},{"lineNumber":3,"author":{"gitId":"Littleme1032"},"content":"public class Ui {","lastModifiedDate":"2024-09-30","isFullCredit":false},{"lineNumber":4,"author":{"gitId":"Littleme1032"},"content":"","lastModifiedDate":"2024-09-30","isFullCredit":false},{"lineNumber":5,"author":{"gitId":"Littleme1032"},"content":"    private final Scanner scanner \u003d new Scanner(System.in);","lastModifiedDate":"2024-09-30","isFullCredit":false},{"lineNumber":6,"author":{"gitId":"Littleme1032"},"content":"","lastModifiedDate":"2024-09-30","isFullCredit":false},{"lineNumber":7,"author":{"gitId":"Littleme1032"},"content":"    public void showWelcome() {","lastModifiedDate":"2024-09-30","isFullCredit":false},{"lineNumber":8,"author":{"gitId":"Littleme1032"},"content":"        System.out.println(\"Hello! I\u0027m Bebe, your task manager.\");","lastModifiedDate":"2024-09-30","isFullCredit":false},{"lineNumber":9,"author":{"gitId":"Littleme1032"},"content":"        System.out.println(\"What can I do for you today?\");","lastModifiedDate":"2024-09-30","isFullCredit":false},{"lineNumber":10,"author":{"gitId":"Littleme1032"},"content":"    }","lastModifiedDate":"2024-09-30","isFullCredit":false},{"lineNumber":11,"author":{"gitId":"Littleme1032"},"content":"","lastModifiedDate":"2024-09-30","isFullCredit":false},{"lineNumber":12,"author":{"gitId":"Littleme1032"},"content":"    public String readCommand() {","lastModifiedDate":"2024-09-30","isFullCredit":false},{"lineNumber":13,"author":{"gitId":"Littleme1032"},"content":"        return scanner.nextLine().trim();","lastModifiedDate":"2024-09-30","isFullCredit":false},{"lineNumber":14,"author":{"gitId":"Littleme1032"},"content":"    }","lastModifiedDate":"2024-09-30","isFullCredit":false},{"lineNumber":15,"author":{"gitId":"Littleme1032"},"content":"","lastModifiedDate":"2024-09-30","isFullCredit":false},{"lineNumber":16,"author":{"gitId":"Littleme1032"},"content":"    public void showLine() {","lastModifiedDate":"2024-09-30","isFullCredit":false},{"lineNumber":17,"author":{"gitId":"Littleme1032"},"content":"        System.out.println(\"_______________________________________________________\");","lastModifiedDate":"2024-09-30","isFullCredit":false},{"lineNumber":18,"author":{"gitId":"Littleme1032"},"content":"    }","lastModifiedDate":"2024-09-30","isFullCredit":false},{"lineNumber":19,"author":{"gitId":"Littleme1032"},"content":"","lastModifiedDate":"2024-09-30","isFullCredit":false},{"lineNumber":20,"author":{"gitId":"Littleme1032"},"content":"    public void showLoadingError() {","lastModifiedDate":"2024-09-30","isFullCredit":false},{"lineNumber":21,"author":{"gitId":"Littleme1032"},"content":"        System.out.println(\"Error loading tasks.\");","lastModifiedDate":"2024-09-30","isFullCredit":false},{"lineNumber":22,"author":{"gitId":"Littleme1032"},"content":"    }","lastModifiedDate":"2024-09-30","isFullCredit":false},{"lineNumber":23,"author":{"gitId":"Littleme1032"},"content":"","lastModifiedDate":"2024-09-30","isFullCredit":false},{"lineNumber":24,"author":{"gitId":"Littleme1032"},"content":"    public void showError(String message) {","lastModifiedDate":"2024-09-30","isFullCredit":false},{"lineNumber":25,"author":{"gitId":"Littleme1032"},"content":"        System.out.println(\"Error: \" + message);","lastModifiedDate":"2024-09-30","isFullCredit":false},{"lineNumber":26,"author":{"gitId":"Littleme1032"},"content":"    }","lastModifiedDate":"2024-09-30","isFullCredit":false},{"lineNumber":27,"author":{"gitId":"Littleme1032"},"content":"","lastModifiedDate":"2024-09-30","isFullCredit":false},{"lineNumber":28,"author":{"gitId":"Littleme1032"},"content":"    public void show(String message) {","lastModifiedDate":"2024-09-30","isFullCredit":false},{"lineNumber":29,"author":{"gitId":"Littleme1032"},"content":"        System.out.println(message);","lastModifiedDate":"2024-09-30","isFullCredit":false},{"lineNumber":30,"author":{"gitId":"Littleme1032"},"content":"    }","lastModifiedDate":"2024-09-30","isFullCredit":false},{"lineNumber":31,"author":{"gitId":"Littleme1032"},"content":"","lastModifiedDate":"2024-09-30","isFullCredit":false},{"lineNumber":32,"author":{"gitId":"Littleme1032"},"content":"    public void showHelp() {","lastModifiedDate":"2024-09-30","isFullCredit":false},{"lineNumber":33,"author":{"gitId":"Littleme1032"},"content":"        System.out.println(\"Here are the commands you can use:\");","lastModifiedDate":"2024-09-30","isFullCredit":false},{"lineNumber":34,"author":{"gitId":"Littleme1032"},"content":"        System.out.println(\"  todo \u003ctask description\u003e          - Adds a ToDo task.\");","lastModifiedDate":"2024-09-30","isFullCredit":false},{"lineNumber":35,"author":{"gitId":"Littleme1032"},"content":"        System.out.println(\"  deadline \u003ctask description\u003e /by \u003cdate/time\u003e  - Adds a Deadline task.\");","lastModifiedDate":"2024-09-30","isFullCredit":false},{"lineNumber":36,"author":{"gitId":"Littleme1032"},"content":"        System.out.println(\"  event \u003ctask description\u003e /from \u003cstart time\u003e /to \u003cend time\u003e  - Adds an Event task.\");","lastModifiedDate":"2024-09-30","isFullCredit":false},{"lineNumber":37,"author":{"gitId":"Littleme1032"},"content":"        System.out.println(\"  list                            - Lists all tasks.\");","lastModifiedDate":"2024-09-30","isFullCredit":false},{"lineNumber":38,"author":{"gitId":"Littleme1032"},"content":"        System.out.println(\"  mark \u003ctask number\u003e              - Marks a task as done.\");","lastModifiedDate":"2024-09-30","isFullCredit":false},{"lineNumber":39,"author":{"gitId":"Littleme1032"},"content":"        System.out.println(\"  unmark \u003ctask number\u003e            - Marks a task as not done.\");","lastModifiedDate":"2024-09-30","isFullCredit":false},{"lineNumber":40,"author":{"gitId":"Littleme1032"},"content":"        System.out.println(\"  delete \u003ctask number\u003e            - Deletes a task.\");","lastModifiedDate":"2024-09-30","isFullCredit":false},{"lineNumber":41,"author":{"gitId":"Littleme1032"},"content":"        System.out.println(\"  location                        - Shows the location where the tasks are saved.\");","lastModifiedDate":"2024-09-30","isFullCredit":false},{"lineNumber":42,"author":{"gitId":"Littleme1032"},"content":"        System.out.println(\"  help                            - Shows this help message.\");","lastModifiedDate":"2024-09-30","isFullCredit":false},{"lineNumber":43,"author":{"gitId":"Littleme1032"},"content":"        System.out.println(\"  bye                             - Exits the chatbot.\");","lastModifiedDate":"2024-09-30","isFullCredit":false},{"lineNumber":44,"author":{"gitId":"Littleme1032"},"content":"    }","lastModifiedDate":"2024-09-30","isFullCredit":false},{"lineNumber":45,"author":{"gitId":"Littleme1032"},"content":"","lastModifiedDate":"2024-09-30","isFullCredit":false},{"lineNumber":46,"author":{"gitId":"Littleme1032"},"content":"    public void showLogo() {","lastModifiedDate":"2024-09-30","isFullCredit":false},{"lineNumber":47,"author":{"gitId":"Littleme1032"},"content":"        String logo \u003d","lastModifiedDate":"2024-09-30","isFullCredit":false},{"lineNumber":48,"author":{"gitId":"Littleme1032"},"content":"                \"  ____    ______   ____    ______  \\n\" +","lastModifiedDate":"2024-09-30","isFullCredit":false},{"lineNumber":49,"author":{"gitId":"Littleme1032"},"content":"                \" |  _ \\\\  |  ____| |  _ \\\\  |  ____| \\n\" +","lastModifiedDate":"2024-09-30","isFullCredit":false},{"lineNumber":50,"author":{"gitId":"Littleme1032"},"content":"                \" | |_) | | |__    | |_) | | |__    \\n\" +","lastModifiedDate":"2024-09-30","isFullCredit":false},{"lineNumber":51,"author":{"gitId":"Littleme1032"},"content":"                \" |  _ \u003c  |  __|   |  _ \u003c  |  __|   \\n\" +","lastModifiedDate":"2024-09-30","isFullCredit":false},{"lineNumber":52,"author":{"gitId":"Littleme1032"},"content":"                \" | |_) | | |____  | |_) | | |____  \\n\" +","lastModifiedDate":"2024-09-30","isFullCredit":false},{"lineNumber":53,"author":{"gitId":"Littleme1032"},"content":"                \" |____/  |______| |____/  |______| \\n\" ;","lastModifiedDate":"2024-09-30","isFullCredit":false},{"lineNumber":54,"author":{"gitId":"Littleme1032"},"content":"        System.out.println(logo);","lastModifiedDate":"2024-09-30","isFullCredit":false},{"lineNumber":55,"author":{"gitId":"Littleme1032"},"content":"    }","lastModifiedDate":"2024-09-30","isFullCredit":false},{"lineNumber":56,"author":{"gitId":"Littleme1032"},"content":"}","lastModifiedDate":"2024-09-30","isFullCredit":false}],"authorContributionMap":{"Littleme1032":56}}]
