{"authorDailyContributionsMap":{"Littleme1032":[{"date":"2024-08-21","commitResults":[{"hash":"2c651c6095395c1e1f52e0fc529824a14576c33e","isMergeCommit":false,"messageTitle":"Test 1","messageBody":"Change README.md\n","fileTypesAndContributionMap":{"md":{"insertions":1,"deletions":1}}},{"hash":"2f097472258774697da4c061022096b2598f5f63","isMergeCommit":false,"messageTitle":"Create Bebe.java","messageBody":"add Bebe.java\n","tags":["Level-0"],"fileTypesAndContributionMap":{"java":{"insertions":8,"deletions":0}}},{"hash":"0133be03ca460ba9f7b6e260151040c52f89a035","isMergeCommit":false,"messageTitle":"delete duke.java","messageBody":"delete duke.java\n","fileTypesAndContributionMap":{"java":{"insertions":0,"deletions":10}}},{"hash":"c734b2b6c966cc5150295ddec0e79d2e0cad5520","isMergeCommit":false,"messageTitle":"Update Bebe.java","messageBody":"added level 1, where it can echo and exit when given the  text bye or BYE\n","tags":["Level-1"],"fileTypesAndContributionMap":{"java":{"insertions":37,"deletions":0}}}]},{"date":"2024-08-28","commitResults":[{"hash":"7af391981690c6e31590d244bf1dfd1d58c1ea06","isMergeCommit":false,"messageTitle":"Update Bebe.java","messageBody":"Added level 2\n","tags":["Level-2"],"fileTypesAndContributionMap":{"java":{"insertions":51,"deletions":17}}}]},{"date":"2024-08-30","commitResults":[{"hash":"12d5b3ada219d880af032455369d3b2c15e0b66b","isMergeCommit":false,"messageTitle":"Add Task.java","messageBody":"Added a new class Task, configured it to achieve level-3\n","fileTypesAndContributionMap":{"java":{"insertions":80,"deletions":14}}}]},{"date":"2024-09-04","commitResults":[{"hash":"a19110995b59a50af727dcca08325b0564166dce","isMergeCommit":false,"messageTitle":"Level-4","messageBody":"Added 3 new class deadline, todo and event to achieve level-4\n","tags":["Level-4"],"fileTypesAndContributionMap":{"java":{"insertions":81,"deletions":9}}}]},{"date":"2024-09-06","commitResults":[{"hash":"1bc73873b78665e7dc03be9591da13e40479123a","isMergeCommit":false,"messageTitle":"A-CodeQuality","messageBody":"check code quality\n","tags":["A-CodeQuality"],"fileTypesAndContributionMap":{"java":{"insertions":3,"deletions":2}}},{"hash":"82cfbe7cf9187f037c427ae5de743d60a38a3ce8","isMergeCommit":false,"messageTitle":"Create BebeException","messageBody":"","tags":["A-Exceptions"],"fileTypesAndContributionMap":{"java":{"insertions":5,"deletions":0}}},{"hash":"861170e7360ff8bc14ad7ddc90f4713898477131","isMergeCommit":false,"messageTitle":"Level-5","messageBody":"Add try catch exception to catch possible errors and misinput\n","tags":["Level-5"],"fileTypesAndContributionMap":{"java":{"insertions":120,"deletions":75}}}]},{"date":"2024-09-18","commitResults":[{"hash":"d7b77e553202f6fefaffc4bc89e3baf4800905ed","isMergeCommit":false,"messageTitle":"level-6","messageBody":"added a delete function\n","fileTypesAndContributionMap":{"java":{"insertions":32,"deletions":0}}},{"hash":"19289e7a3632c3618864257b418d4c9783c1411a","isMergeCommit":false,"messageTitle":"Revert \"level-6\"","messageBody":"This reverts commit d7b77e553202f6fefaffc4bc89e3baf4800905ed.\n","fileTypesAndContributionMap":{"java":{"insertions":0,"deletions":32}}},{"hash":"ce20347ac79e0a143c942d6c834ef5ba1d4194f6","isMergeCommit":false,"messageTitle":"Level-6","messageBody":"added Delete Function\n","fileTypesAndContributionMap":{"java":{"insertions":32,"deletions":0}}},{"hash":"2474b3a81a35af72577fde85e89efd00cd11354d","isMergeCommit":false,"messageTitle":"Level-7","messageBody":"","tags":["Level-7"],"fileTypesAndContributionMap":{"txt":{"insertions":1,"deletions":0},"java":{"insertions":103,"deletions":2}}},{"hash":"18e5f546bca1498c6debab4475d688bb37035680","isMergeCommit":true,"messageTitle":"Merge pull request #1 from Littleme1032/branch-Level-6","messageBody":"Level-6","fileTypesAndContributionMap":{}},{"hash":"6124c84805ebf02d74b8e21448438d1a27bf68fe","isMergeCommit":true,"messageTitle":"Merge branch \u0027master\u0027 into branch-Level-7","messageBody":"","fileTypesAndContributionMap":{}},{"hash":"17867a13338b0a269d185a9fe53e94c58d457081","isMergeCommit":true,"messageTitle":"Merge pull request #2 from Littleme1032/branch-Level-7","messageBody":"Level-7","fileTypesAndContributionMap":{}},{"hash":"0721fb726ac6b002dfc6cf50505636d833781b66","isMergeCommit":false,"messageTitle":"level-6a","messageBody":"update delete function\n","tags":["Level-6a","Level-6","A-Collections"],"fileTypesAndContributionMap":{"java":{"insertions":1,"deletions":0}}}]},{"date":"2024-09-20","commitResults":[{"hash":"59462ce3bff248d022af4cd5b40b98e51a03cdbd","isMergeCommit":false,"messageTitle":"Refactor Name","messageBody":"","fileTypesAndContributionMap":{"java":{"insertions":38,"deletions":20}}}]},{"date":"2024-09-30","commitResults":[{"hash":"8a7d342805c17783b0b4f96e4791b273cc4c20a4","isMergeCommit":false,"messageTitle":"A-MoreOOP","messageBody":"","tags":["A-MoreOOP"],"fileTypesAndContributionMap":{"txt":{"insertions":1,"deletions":0},"java":{"insertions":345,"deletions":335}}},{"hash":"f7cd3f526d22afc92a0db89927ed96785cb2d900","isMergeCommit":false,"messageTitle":"add logo","messageBody":"","fileTypesAndContributionMap":{"java":{"insertions":14,"deletions":2}}},{"hash":"608332c8ad81886dc0343c198d7120754fc557c1","isMergeCommit":false,"messageTitle":"update","messageBody":"","fileTypesAndContributionMap":{"txt":{"insertions":2,"deletions":0},"java":{"insertions":139,"deletions":101}}},{"hash":"e8aab31fc57448bd9263a9cc9c34e536d1cc6cff","isMergeCommit":false,"messageTitle":"update","messageBody":"","fileTypesAndContributionMap":{"java":{"insertions":8,"deletions":6}}},{"hash":"752e1111669a304c7c0939fdff5eb190878a3056","isMergeCommit":false,"messageTitle":"update","messageBody":"","fileTypesAndContributionMap":{"java":{"insertions":19,"deletions":9}}}]},{"date":"2024-10-02","commitResults":[{"hash":"031b0e64967e2c22e939f779b22e11c8b5c17d38","isMergeCommit":false,"messageTitle":"level-9","messageBody":"","tags":["Level-9"],"fileTypesAndContributionMap":{"txt":{"insertions":3,"deletions":0},"java":{"insertions":42,"deletions":0}}},{"hash":"554e55dbfacfecbbf7355d45c53a1fb6bd9dc235","isMergeCommit":false,"messageTitle":"A-JavaDoc","messageBody":"","tags":["A-JavaDoc"],"fileTypesAndContributionMap":{"txt":{"insertions":1,"deletions":1},"java":{"insertions":361,"deletions":9}}},{"hash":"8b91f653b3fd123917d50ec1260a04d3392573fe","isMergeCommit":false,"messageTitle":"Level-8","messageBody":"","tags":["Level-8"],"fileTypesAndContributionMap":{"txt":{"insertions":3,"deletions":2},"java":{"insertions":153,"deletions":57}}}]},{"date":"2024-10-03","commitResults":[{"hash":"eb367e691ea3a839764d0e03d5a1fdba4cab6c82","isMergeCommit":false,"messageTitle":"UserGuide","messageBody":"","tags":["A-UserGuide"],"fileTypesAndContributionMap":{"txt":{"insertions":1,"deletions":4},"java":{"insertions":20,"deletions":8},"md":{"insertions":238,"deletions":14}}}]}]},"authorFileTypeContributionMap":{"Littleme1032":{"java":995,"md":234,"fxml":0,"sh":0,"bat":0,"gradle":0,"txt":5}},"authorContributionVariance":{"Littleme1032":28746.982},"authorDisplayNameMap":{"Littleme1032":"CS2113-W14-3 JUVE..G YI"}}
