[{"path":"src/main/java/Deadline.java","fileType":"java","lines":[{"lineNumber":1,"author":{"gitId":"jadenlimjc"},"content":"import java.time.LocalDateTime;","lastModifiedDate":"2024-09-27","isFullCredit":false},{"lineNumber":2,"author":{"gitId":"jadenlimjc"},"content":"import java.time.format.DateTimeFormatter;","lastModifiedDate":"2024-09-27","isFullCredit":false},{"lineNumber":3,"author":{"gitId":"jadenlimjc"},"content":"","lastModifiedDate":"2024-09-27","isFullCredit":false},{"lineNumber":4,"author":{"gitId":"jadenlimjc"},"content":"public class Deadline extends Task {","lastModifiedDate":"2024-09-25","isFullCredit":false},{"lineNumber":5,"author":{"gitId":"jadenlimjc"},"content":"","lastModifiedDate":"2024-09-25","isFullCredit":false},{"lineNumber":6,"author":{"gitId":"jadenlimjc"},"content":"    public LocalDateTime by;","lastModifiedDate":"2024-09-27","isFullCredit":false},{"lineNumber":7,"author":{"gitId":"jadenlimjc"},"content":"","lastModifiedDate":"2024-09-25","isFullCredit":false},{"lineNumber":8,"author":{"gitId":"jadenlimjc"},"content":"    public Deadline(String description, LocalDateTime by) {","lastModifiedDate":"2024-09-27","isFullCredit":false},{"lineNumber":9,"author":{"gitId":"jadenlimjc"},"content":"        super(description);","lastModifiedDate":"2024-09-25","isFullCredit":false},{"lineNumber":10,"author":{"gitId":"jadenlimjc"},"content":"        this.by \u003d by;","lastModifiedDate":"2024-09-25","isFullCredit":false},{"lineNumber":11,"author":{"gitId":"jadenlimjc"},"content":"    }","lastModifiedDate":"2024-09-25","isFullCredit":false},{"lineNumber":12,"author":{"gitId":"jadenlimjc"},"content":"    @Override","lastModifiedDate":"2024-09-25","isFullCredit":false},{"lineNumber":13,"author":{"gitId":"jadenlimjc"},"content":"    public String toString() {","lastModifiedDate":"2024-09-25","isFullCredit":false},{"lineNumber":14,"author":{"gitId":"jadenlimjc"},"content":"        DateTimeFormatter formatter \u003d DateTimeFormatter.ofPattern(\"MMM dd yyyy, HH:mm a\");","lastModifiedDate":"2024-09-27","isFullCredit":false},{"lineNumber":15,"author":{"gitId":"jadenlimjc"},"content":"        return \"[D]\" + super.toString() + \" (by: \" + by.format(formatter) + \")\";","lastModifiedDate":"2024-09-27","isFullCredit":false},{"lineNumber":16,"author":{"gitId":"jadenlimjc"},"content":"    }","lastModifiedDate":"2024-09-25","isFullCredit":false},{"lineNumber":17,"author":{"gitId":"jadenlimjc"},"content":"}","lastModifiedDate":"2024-09-25","isFullCredit":false}],"authorContributionMap":{"jadenlimjc":17}},{"path":"src/main/java/EchoUtils.java","fileType":"java","lines":[{"lineNumber":1,"author":{"gitId":"jadenlimjc"},"content":"public class EchoUtils {","lastModifiedDate":"2024-08-22","isFullCredit":false},{"lineNumber":2,"author":{"gitId":"jadenlimjc"},"content":"    public static void echo(String input) {","lastModifiedDate":"2024-08-28","isFullCredit":false},{"lineNumber":3,"author":{"gitId":"jadenlimjc"},"content":"        System.out.println(\"_______________________________________\");","lastModifiedDate":"2024-08-28","isFullCredit":false},{"lineNumber":4,"author":{"gitId":"jadenlimjc"},"content":"        System.out.println(input);","lastModifiedDate":"2024-08-28","isFullCredit":false},{"lineNumber":5,"author":{"gitId":"jadenlimjc"},"content":"        System.out.println(\"_______________________________________\");","lastModifiedDate":"2024-08-28","isFullCredit":false},{"lineNumber":6,"author":{"gitId":"jadenlimjc"},"content":"    }","lastModifiedDate":"2024-08-28","isFullCredit":false},{"lineNumber":7,"author":{"gitId":"jadenlimjc"},"content":"}","lastModifiedDate":"2024-08-22","isFullCredit":false}],"authorContributionMap":{"jadenlimjc":7}},{"path":"src/main/java/Event.java","fileType":"java","lines":[{"lineNumber":1,"author":{"gitId":"jadenlimjc"},"content":"import java.time.LocalDateTime;","lastModifiedDate":"2024-09-27","isFullCredit":false},{"lineNumber":2,"author":{"gitId":"jadenlimjc"},"content":"import java.time.format.DateTimeFormatter;","lastModifiedDate":"2024-09-27","isFullCredit":false},{"lineNumber":3,"author":{"gitId":"jadenlimjc"},"content":"","lastModifiedDate":"2024-09-27","isFullCredit":false},{"lineNumber":4,"author":{"gitId":"jadenlimjc"},"content":"public class Event extends Task {","lastModifiedDate":"2024-09-25","isFullCredit":false},{"lineNumber":5,"author":{"gitId":"jadenlimjc"},"content":"    public LocalDateTime from;","lastModifiedDate":"2024-09-27","isFullCredit":false},{"lineNumber":6,"author":{"gitId":"jadenlimjc"},"content":"    public LocalDateTime to;","lastModifiedDate":"2024-09-27","isFullCredit":false},{"lineNumber":7,"author":{"gitId":"jadenlimjc"},"content":"    Event(String description, LocalDateTime from, LocalDateTime to) {","lastModifiedDate":"2024-09-27","isFullCredit":false},{"lineNumber":8,"author":{"gitId":"jadenlimjc"},"content":"        super(description);","lastModifiedDate":"2024-09-25","isFullCredit":false},{"lineNumber":9,"author":{"gitId":"jadenlimjc"},"content":"        this.from \u003d from;","lastModifiedDate":"2024-09-25","isFullCredit":false},{"lineNumber":10,"author":{"gitId":"jadenlimjc"},"content":"        this.to \u003d to;","lastModifiedDate":"2024-09-25","isFullCredit":false},{"lineNumber":11,"author":{"gitId":"jadenlimjc"},"content":"    }","lastModifiedDate":"2024-09-25","isFullCredit":false},{"lineNumber":12,"author":{"gitId":"jadenlimjc"},"content":"","lastModifiedDate":"2024-09-25","isFullCredit":false},{"lineNumber":13,"author":{"gitId":"jadenlimjc"},"content":"    @Override","lastModifiedDate":"2024-09-25","isFullCredit":false},{"lineNumber":14,"author":{"gitId":"jadenlimjc"},"content":"    public String toString() {","lastModifiedDate":"2024-09-25","isFullCredit":false},{"lineNumber":15,"author":{"gitId":"jadenlimjc"},"content":"        DateTimeFormatter formatter \u003d DateTimeFormatter.ofPattern(\"MMM dd yyyy, HH:mm a\");","lastModifiedDate":"2024-09-27","isFullCredit":false},{"lineNumber":16,"author":{"gitId":"jadenlimjc"},"content":"        return \"[E]\" + super.toString() + \" (from: \" + from.format(formatter) + \", to: \" + to.format(formatter) + \")\";","lastModifiedDate":"2024-09-27","isFullCredit":false},{"lineNumber":17,"author":{"gitId":"jadenlimjc"},"content":"    }","lastModifiedDate":"2024-09-25","isFullCredit":false},{"lineNumber":18,"author":{"gitId":"jadenlimjc"},"content":"","lastModifiedDate":"2024-09-25","isFullCredit":false},{"lineNumber":19,"author":{"gitId":"jadenlimjc"},"content":"}","lastModifiedDate":"2024-09-25","isFullCredit":false}],"authorContributionMap":{"jadenlimjc":19}},{"path":"src/main/java/Parser.java","fileType":"java","lines":[{"lineNumber":1,"author":{"gitId":"jadenlimjc"},"content":"import java.time.LocalDateTime;","lastModifiedDate":"2024-09-27","isFullCredit":false},{"lineNumber":2,"author":{"gitId":"jadenlimjc"},"content":"import java.time.LocalDate;","lastModifiedDate":"2024-09-27","isFullCredit":false},{"lineNumber":3,"author":{"gitId":"jadenlimjc"},"content":"import java.time.format.DateTimeFormatter;","lastModifiedDate":"2024-09-27","isFullCredit":false},{"lineNumber":4,"author":{"gitId":"jadenlimjc"},"content":"import java.time.format.DateTimeParseException;","lastModifiedDate":"2024-09-27","isFullCredit":false},{"lineNumber":5,"author":{"gitId":"jadenlimjc"},"content":"","lastModifiedDate":"2024-09-27","isFullCredit":false},{"lineNumber":6,"author":{"gitId":"jadenlimjc"},"content":"","lastModifiedDate":"2024-09-27","isFullCredit":false},{"lineNumber":7,"author":{"gitId":"jadenlimjc"},"content":"public class Parser {","lastModifiedDate":"2024-09-25","isFullCredit":false},{"lineNumber":8,"author":{"gitId":"jadenlimjc"},"content":"    public static boolean parse(String userInput) {","lastModifiedDate":"2024-09-25","isFullCredit":false},{"lineNumber":9,"author":{"gitId":"jadenlimjc"},"content":"        UI ui \u003d new UI();","lastModifiedDate":"2024-09-25","isFullCredit":false},{"lineNumber":10,"author":{"gitId":"jadenlimjc"},"content":"        String[] parts \u003d userInput.split(\" \");","lastModifiedDate":"2024-09-25","isFullCredit":false},{"lineNumber":11,"author":{"gitId":"jadenlimjc"},"content":"        String command \u003d parts[0];","lastModifiedDate":"2024-09-25","isFullCredit":false},{"lineNumber":12,"author":{"gitId":"jadenlimjc"},"content":"        String description;","lastModifiedDate":"2024-09-25","isFullCredit":false},{"lineNumber":13,"author":{"gitId":"jadenlimjc"},"content":"","lastModifiedDate":"2024-09-25","isFullCredit":false},{"lineNumber":14,"author":{"gitId":"jadenlimjc"},"content":"        switch (command) {","lastModifiedDate":"2024-09-25","isFullCredit":false},{"lineNumber":15,"author":{"gitId":"jadenlimjc"},"content":"            case \"quag\":","lastModifiedDate":"2024-09-25","isFullCredit":false},{"lineNumber":16,"author":{"gitId":"jadenlimjc"},"content":"                ui.showExit();","lastModifiedDate":"2024-09-25","isFullCredit":false},{"lineNumber":17,"author":{"gitId":"jadenlimjc"},"content":"                return false;","lastModifiedDate":"2024-09-25","isFullCredit":false},{"lineNumber":18,"author":{"gitId":"jadenlimjc"},"content":"","lastModifiedDate":"2024-09-25","isFullCredit":false},{"lineNumber":19,"author":{"gitId":"jadenlimjc"},"content":"            case \"list\":","lastModifiedDate":"2024-09-25","isFullCredit":false},{"lineNumber":20,"author":{"gitId":"jadenlimjc"},"content":"                TaskList.displayList();","lastModifiedDate":"2024-09-25","isFullCredit":false},{"lineNumber":21,"author":{"gitId":"jadenlimjc"},"content":"                break;","lastModifiedDate":"2024-09-25","isFullCredit":false},{"lineNumber":22,"author":{"gitId":"jadenlimjc"},"content":"","lastModifiedDate":"2024-09-25","isFullCredit":false},{"lineNumber":23,"author":{"gitId":"jadenlimjc"},"content":"            case \"mark\":","lastModifiedDate":"2024-09-25","isFullCredit":false},{"lineNumber":24,"author":{"gitId":"jadenlimjc"},"content":"                if (parts.length \u003e\u003d 2) {","lastModifiedDate":"2024-09-25","isFullCredit":false},{"lineNumber":25,"author":{"gitId":"jadenlimjc"},"content":"                    try {","lastModifiedDate":"2024-09-25","isFullCredit":false},{"lineNumber":26,"author":{"gitId":"jadenlimjc"},"content":"                        int taskIndex \u003d Integer.parseInt(parts[1]);","lastModifiedDate":"2024-09-25","isFullCredit":false},{"lineNumber":27,"author":{"gitId":"jadenlimjc"},"content":"                        TaskList.markAsDone(taskIndex);","lastModifiedDate":"2024-09-25","isFullCredit":false},{"lineNumber":28,"author":{"gitId":"jadenlimjc"},"content":"                    } catch (NumberFormatException e) {","lastModifiedDate":"2024-09-25","isFullCredit":false},{"lineNumber":29,"author":{"gitId":"jadenlimjc"},"content":"                        ui.notNumberEntered();","lastModifiedDate":"2024-09-25","isFullCredit":false},{"lineNumber":30,"author":{"gitId":"jadenlimjc"},"content":"                    }","lastModifiedDate":"2024-09-25","isFullCredit":false},{"lineNumber":31,"author":{"gitId":"jadenlimjc"},"content":"                } else {","lastModifiedDate":"2024-09-25","isFullCredit":false},{"lineNumber":32,"author":{"gitId":"jadenlimjc"},"content":"                    ui.noNumberEntered();","lastModifiedDate":"2024-09-25","isFullCredit":false},{"lineNumber":33,"author":{"gitId":"jadenlimjc"},"content":"                }","lastModifiedDate":"2024-09-25","isFullCredit":false},{"lineNumber":34,"author":{"gitId":"jadenlimjc"},"content":"                break;","lastModifiedDate":"2024-09-25","isFullCredit":false},{"lineNumber":35,"author":{"gitId":"jadenlimjc"},"content":"","lastModifiedDate":"2024-09-25","isFullCredit":false},{"lineNumber":36,"author":{"gitId":"jadenlimjc"},"content":"            case \"unmark\":","lastModifiedDate":"2024-09-25","isFullCredit":false},{"lineNumber":37,"author":{"gitId":"jadenlimjc"},"content":"                if (parts.length \u003e\u003d 2) {","lastModifiedDate":"2024-09-25","isFullCredit":false},{"lineNumber":38,"author":{"gitId":"jadenlimjc"},"content":"                    try {","lastModifiedDate":"2024-09-25","isFullCredit":false},{"lineNumber":39,"author":{"gitId":"jadenlimjc"},"content":"                        int taskIndex \u003d Integer.parseInt(parts[1]);","lastModifiedDate":"2024-09-25","isFullCredit":false},{"lineNumber":40,"author":{"gitId":"jadenlimjc"},"content":"                        TaskList.markAsNotDone(taskIndex);","lastModifiedDate":"2024-09-25","isFullCredit":false},{"lineNumber":41,"author":{"gitId":"jadenlimjc"},"content":"                    } catch (NumberFormatException e) {","lastModifiedDate":"2024-09-25","isFullCredit":false},{"lineNumber":42,"author":{"gitId":"jadenlimjc"},"content":"                        ui.notNumberEntered();","lastModifiedDate":"2024-09-25","isFullCredit":false},{"lineNumber":43,"author":{"gitId":"jadenlimjc"},"content":"                    }","lastModifiedDate":"2024-09-25","isFullCredit":false},{"lineNumber":44,"author":{"gitId":"jadenlimjc"},"content":"                } else {","lastModifiedDate":"2024-09-25","isFullCredit":false},{"lineNumber":45,"author":{"gitId":"jadenlimjc"},"content":"                    ui.noNumberEntered();","lastModifiedDate":"2024-09-25","isFullCredit":false},{"lineNumber":46,"author":{"gitId":"jadenlimjc"},"content":"                }","lastModifiedDate":"2024-09-25","isFullCredit":false},{"lineNumber":47,"author":{"gitId":"jadenlimjc"},"content":"                break;","lastModifiedDate":"2024-09-25","isFullCredit":false},{"lineNumber":48,"author":{"gitId":"jadenlimjc"},"content":"","lastModifiedDate":"2024-09-25","isFullCredit":false},{"lineNumber":49,"author":{"gitId":"jadenlimjc"},"content":"            case \"todo\":","lastModifiedDate":"2024-09-25","isFullCredit":false},{"lineNumber":50,"author":{"gitId":"jadenlimjc"},"content":"                //description is from parts[1] to end","lastModifiedDate":"2024-09-25","isFullCredit":false},{"lineNumber":51,"author":{"gitId":"jadenlimjc"},"content":"                description \u003d userInput.substring(\"todo\".length()).trim();","lastModifiedDate":"2024-09-25","isFullCredit":false},{"lineNumber":52,"author":{"gitId":"jadenlimjc"},"content":"                TaskList.addTodoToList(description);","lastModifiedDate":"2024-09-25","isFullCredit":false},{"lineNumber":53,"author":{"gitId":"jadenlimjc"},"content":"                break;","lastModifiedDate":"2024-09-25","isFullCredit":false},{"lineNumber":54,"author":{"gitId":"jadenlimjc"},"content":"","lastModifiedDate":"2024-09-25","isFullCredit":false},{"lineNumber":55,"author":{"gitId":"jadenlimjc"},"content":"            case \"deadline\":","lastModifiedDate":"2024-09-25","isFullCredit":false},{"lineNumber":56,"author":{"gitId":"jadenlimjc"},"content":"                try {","lastModifiedDate":"2024-09-27","isFullCredit":false},{"lineNumber":57,"author":{"gitId":"jadenlimjc"},"content":"                    //description is from parts[1] until / is detected","lastModifiedDate":"2024-09-25","isFullCredit":false},{"lineNumber":58,"author":{"gitId":"jadenlimjc"},"content":"                    //deadline is after /","lastModifiedDate":"2024-09-25","isFullCredit":false},{"lineNumber":59,"author":{"gitId":"jadenlimjc"},"content":"","lastModifiedDate":"2024-09-25","isFullCredit":false},{"lineNumber":60,"author":{"gitId":"jadenlimjc"},"content":"                    // int to denote length and position of \"/by\" separator","lastModifiedDate":"2024-09-25","isFullCredit":false},{"lineNumber":61,"author":{"gitId":"jadenlimjc"},"content":"                    int byLength \u003d 4;","lastModifiedDate":"2024-09-25","isFullCredit":false},{"lineNumber":62,"author":{"gitId":"jadenlimjc"},"content":"                    int byIndex \u003d userInput.indexOf(\"/by\");","lastModifiedDate":"2024-09-25","isFullCredit":false},{"lineNumber":63,"author":{"gitId":"jadenlimjc"},"content":"","lastModifiedDate":"2024-09-25","isFullCredit":false},{"lineNumber":64,"author":{"gitId":"jadenlimjc"},"content":"                    //find position of /by separator","lastModifiedDate":"2024-09-25","isFullCredit":false},{"lineNumber":65,"author":{"gitId":"jadenlimjc"},"content":"                    if (byIndex !\u003d -1) {","lastModifiedDate":"2024-09-25","isFullCredit":false},{"lineNumber":66,"author":{"gitId":"jadenlimjc"},"content":"                        //extract the description and deadline","lastModifiedDate":"2024-09-25","isFullCredit":false},{"lineNumber":67,"author":{"gitId":"jadenlimjc"},"content":"                        description \u003d userInput.substring(\"deadline\".length(), byIndex).trim();","lastModifiedDate":"2024-09-25","isFullCredit":false},{"lineNumber":68,"author":{"gitId":"jadenlimjc"},"content":"                        // Skip over \"/by \"","lastModifiedDate":"2024-09-25","isFullCredit":false},{"lineNumber":69,"author":{"gitId":"jadenlimjc"},"content":"                        String by \u003d userInput.substring(byIndex + byLength).trim();","lastModifiedDate":"2024-09-25","isFullCredit":false},{"lineNumber":70,"author":{"gitId":"jadenlimjc"},"content":"                        // Parse the date and time","lastModifiedDate":"2024-09-27","isFullCredit":false},{"lineNumber":71,"author":{"gitId":"jadenlimjc"},"content":"                        DateTimeFormatter formatter \u003d DateTimeFormatter.ofPattern(\"d/M/yyyy HHmm\");","lastModifiedDate":"2024-09-27","isFullCredit":false},{"lineNumber":72,"author":{"gitId":"jadenlimjc"},"content":"                        LocalDateTime deadlineTime \u003d LocalDateTime.parse(by, formatter);","lastModifiedDate":"2024-09-27","isFullCredit":false},{"lineNumber":73,"author":{"gitId":"jadenlimjc"},"content":"","lastModifiedDate":"2024-09-27","isFullCredit":false},{"lineNumber":74,"author":{"gitId":"jadenlimjc"},"content":"                        TaskList.addDeadlineToList(description, deadlineTime);","lastModifiedDate":"2024-09-27","isFullCredit":false},{"lineNumber":75,"author":{"gitId":"jadenlimjc"},"content":"                    }","lastModifiedDate":"2024-09-27","isFullCredit":false},{"lineNumber":76,"author":{"gitId":"jadenlimjc"},"content":"                } catch (DateTimeParseException e) {","lastModifiedDate":"2024-09-27","isFullCredit":false},{"lineNumber":77,"author":{"gitId":"jadenlimjc"},"content":"                        ui.invalidFormat();","lastModifiedDate":"2024-09-25","isFullCredit":false},{"lineNumber":78,"author":{"gitId":"jadenlimjc"},"content":"                    }","lastModifiedDate":"2024-09-25","isFullCredit":false},{"lineNumber":79,"author":{"gitId":"jadenlimjc"},"content":"                break;","lastModifiedDate":"2024-09-25","isFullCredit":false},{"lineNumber":80,"author":{"gitId":"jadenlimjc"},"content":"","lastModifiedDate":"2024-09-25","isFullCredit":false},{"lineNumber":81,"author":{"gitId":"jadenlimjc"},"content":"            case \"event\":","lastModifiedDate":"2024-09-25","isFullCredit":false},{"lineNumber":82,"author":{"gitId":"jadenlimjc"},"content":"                //description is from parts[1] until first /","lastModifiedDate":"2024-09-25","isFullCredit":false},{"lineNumber":83,"author":{"gitId":"jadenlimjc"},"content":"                //from is in between first and second /","lastModifiedDate":"2024-09-25","isFullCredit":false},{"lineNumber":84,"author":{"gitId":"jadenlimjc"},"content":"                //to is after second /","lastModifiedDate":"2024-09-25","isFullCredit":false},{"lineNumber":85,"author":{"gitId":"jadenlimjc"},"content":"","lastModifiedDate":"2024-09-25","isFullCredit":false},{"lineNumber":86,"author":{"gitId":"jadenlimjc"},"content":"                // int to denote length and position of \"/from\" and \"/to\" separator","lastModifiedDate":"2024-09-25","isFullCredit":false},{"lineNumber":87,"author":{"gitId":"jadenlimjc"},"content":"                int fromIndex \u003d userInput.indexOf(\"/from\");","lastModifiedDate":"2024-09-25","isFullCredit":false},{"lineNumber":88,"author":{"gitId":"jadenlimjc"},"content":"                int fromLength \u003d 6;","lastModifiedDate":"2024-09-25","isFullCredit":false},{"lineNumber":89,"author":{"gitId":"jadenlimjc"},"content":"                int toIndex \u003d userInput.indexOf(\"/to\");","lastModifiedDate":"2024-09-25","isFullCredit":false},{"lineNumber":90,"author":{"gitId":"jadenlimjc"},"content":"                int toLength \u003d 4;","lastModifiedDate":"2024-09-25","isFullCredit":false},{"lineNumber":91,"author":{"gitId":"jadenlimjc"},"content":"","lastModifiedDate":"2024-09-25","isFullCredit":false},{"lineNumber":92,"author":{"gitId":"jadenlimjc"},"content":"                if (fromIndex !\u003d -1 \u0026\u0026 toIndex !\u003d -1 \u0026\u0026 toIndex \u003e fromIndex) {","lastModifiedDate":"2024-09-25","isFullCredit":false},{"lineNumber":93,"author":{"gitId":"jadenlimjc"},"content":"                    // extract description, from and to","lastModifiedDate":"2024-09-25","isFullCredit":false},{"lineNumber":94,"author":{"gitId":"jadenlimjc"},"content":"                    description \u003d userInput.substring(\"event\".length(), fromIndex).trim();","lastModifiedDate":"2024-09-25","isFullCredit":false},{"lineNumber":95,"author":{"gitId":"jadenlimjc"},"content":"                    DateTimeFormatter formatter \u003d DateTimeFormatter.ofPattern(\"d/M/yyyy HHmm\");","lastModifiedDate":"2024-09-27","isFullCredit":false},{"lineNumber":96,"author":{"gitId":"jadenlimjc"},"content":"                    String from \u003d userInput.substring(fromIndex + fromLength, toIndex).trim();","lastModifiedDate":"2024-09-25","isFullCredit":false},{"lineNumber":97,"author":{"gitId":"jadenlimjc"},"content":"                    String to \u003d userInput.substring(toIndex + toLength).trim();","lastModifiedDate":"2024-09-25","isFullCredit":false},{"lineNumber":98,"author":{"gitId":"jadenlimjc"},"content":"                    LocalDateTime fromTime \u003d LocalDateTime.parse(from, formatter);","lastModifiedDate":"2024-09-27","isFullCredit":false},{"lineNumber":99,"author":{"gitId":"jadenlimjc"},"content":"                    LocalDateTime toTime \u003d LocalDateTime.parse(to, formatter);","lastModifiedDate":"2024-09-27","isFullCredit":false},{"lineNumber":100,"author":{"gitId":"jadenlimjc"},"content":"                    TaskList.addEventToList(description, fromTime, toTime);","lastModifiedDate":"2024-09-27","isFullCredit":false},{"lineNumber":101,"author":{"gitId":"jadenlimjc"},"content":"                }  else {","lastModifiedDate":"2024-09-25","isFullCredit":false},{"lineNumber":102,"author":{"gitId":"jadenlimjc"},"content":"                    ui.invalidFormat();","lastModifiedDate":"2024-09-25","isFullCredit":false},{"lineNumber":103,"author":{"gitId":"jadenlimjc"},"content":"                }","lastModifiedDate":"2024-09-25","isFullCredit":false},{"lineNumber":104,"author":{"gitId":"jadenlimjc"},"content":"                break;","lastModifiedDate":"2024-09-25","isFullCredit":false},{"lineNumber":105,"author":{"gitId":"jadenlimjc"},"content":"","lastModifiedDate":"2024-09-25","isFullCredit":false},{"lineNumber":106,"author":{"gitId":"jadenlimjc"},"content":"            case \"delete\":","lastModifiedDate":"2024-09-25","isFullCredit":false},{"lineNumber":107,"author":{"gitId":"jadenlimjc"},"content":"                if (parts.length \u003e\u003d 2) {","lastModifiedDate":"2024-09-25","isFullCredit":false},{"lineNumber":108,"author":{"gitId":"jadenlimjc"},"content":"                    try {","lastModifiedDate":"2024-09-25","isFullCredit":false},{"lineNumber":109,"author":{"gitId":"jadenlimjc"},"content":"                        int taskIndex \u003d Integer.parseInt(parts[1]);","lastModifiedDate":"2024-09-25","isFullCredit":false},{"lineNumber":110,"author":{"gitId":"jadenlimjc"},"content":"                        TaskList.deleteTask(taskIndex);","lastModifiedDate":"2024-09-25","isFullCredit":false},{"lineNumber":111,"author":{"gitId":"jadenlimjc"},"content":"                    } catch (NumberFormatException e) {","lastModifiedDate":"2024-09-25","isFullCredit":false},{"lineNumber":112,"author":{"gitId":"jadenlimjc"},"content":"                        ui.notNumberEntered();","lastModifiedDate":"2024-09-25","isFullCredit":false},{"lineNumber":113,"author":{"gitId":"jadenlimjc"},"content":"                    }","lastModifiedDate":"2024-09-25","isFullCredit":false},{"lineNumber":114,"author":{"gitId":"jadenlimjc"},"content":"                } else {","lastModifiedDate":"2024-09-25","isFullCredit":false},{"lineNumber":115,"author":{"gitId":"jadenlimjc"},"content":"                    ui.noNumberEntered();","lastModifiedDate":"2024-09-25","isFullCredit":false},{"lineNumber":116,"author":{"gitId":"jadenlimjc"},"content":"                }","lastModifiedDate":"2024-09-25","isFullCredit":false},{"lineNumber":117,"author":{"gitId":"jadenlimjc"},"content":"                break;","lastModifiedDate":"2024-09-25","isFullCredit":false},{"lineNumber":118,"author":{"gitId":"jadenlimjc"},"content":"            case \"due\":","lastModifiedDate":"2024-09-27","isFullCredit":false},{"lineNumber":119,"author":{"gitId":"jadenlimjc"},"content":"                try {","lastModifiedDate":"2024-09-27","isFullCredit":false},{"lineNumber":120,"author":{"gitId":"jadenlimjc"},"content":"                    String dateString \u003d parts[1].trim();","lastModifiedDate":"2024-09-27","isFullCredit":false},{"lineNumber":121,"author":{"gitId":"jadenlimjc"},"content":"                    DateTimeFormatter formatter \u003d DateTimeFormatter.ofPattern(\"d/M/yyyy\");","lastModifiedDate":"2024-09-27","isFullCredit":false},{"lineNumber":122,"author":{"gitId":"jadenlimjc"},"content":"                    LocalDate dueDate \u003d LocalDate.parse(dateString, formatter);","lastModifiedDate":"2024-09-27","isFullCredit":false},{"lineNumber":123,"author":{"gitId":"jadenlimjc"},"content":"","lastModifiedDate":"2024-09-25","isFullCredit":false},{"lineNumber":124,"author":{"gitId":"jadenlimjc"},"content":"                    TaskList.printTasksOnDate(dueDate);","lastModifiedDate":"2024-09-27","isFullCredit":false},{"lineNumber":125,"author":{"gitId":"jadenlimjc"},"content":"                } catch (DateTimeParseException e) {","lastModifiedDate":"2024-09-27","isFullCredit":false},{"lineNumber":126,"author":{"gitId":"jadenlimjc"},"content":"                    ui.invalidFormat();","lastModifiedDate":"2024-09-27","isFullCredit":false},{"lineNumber":127,"author":{"gitId":"jadenlimjc"},"content":"                }","lastModifiedDate":"2024-09-27","isFullCredit":false},{"lineNumber":128,"author":{"gitId":"jadenlimjc"},"content":"                break;","lastModifiedDate":"2024-09-27","isFullCredit":false},{"lineNumber":129,"author":{"gitId":"jadenlimjc"},"content":"            default:","lastModifiedDate":"2024-09-25","isFullCredit":false},{"lineNumber":130,"author":{"gitId":"jadenlimjc"},"content":"                ui.showCommandList();","lastModifiedDate":"2024-09-25","isFullCredit":false},{"lineNumber":131,"author":{"gitId":"jadenlimjc"},"content":"                break;","lastModifiedDate":"2024-09-25","isFullCredit":false},{"lineNumber":132,"author":{"gitId":"jadenlimjc"},"content":"        }","lastModifiedDate":"2024-09-25","isFullCredit":false},{"lineNumber":133,"author":{"gitId":"jadenlimjc"},"content":"        return true;","lastModifiedDate":"2024-09-25","isFullCredit":false},{"lineNumber":134,"author":{"gitId":"jadenlimjc"},"content":"    }","lastModifiedDate":"2024-09-25","isFullCredit":false},{"lineNumber":135,"author":{"gitId":"jadenlimjc"},"content":"}","lastModifiedDate":"2024-09-25","isFullCredit":false}],"authorContributionMap":{"jadenlimjc":135}},{"path":"src/main/java/Quag.java","fileType":"java","lines":[{"lineNumber":1,"author":{"gitId":"jadenlimjc"},"content":"public class Quag {","lastModifiedDate":"2024-08-22","isFullCredit":false},{"lineNumber":2,"author":{"gitId":"jadenlimjc"},"content":"    public static void main(String[] args) {","lastModifiedDate":"2024-08-22","isFullCredit":false},{"lineNumber":3,"author":{"gitId":"jadenlimjc"},"content":"        UI ui \u003d new UI();","lastModifiedDate":"2024-09-25","isFullCredit":false},{"lineNumber":4,"author":{"gitId":"jadenlimjc"},"content":"        ui.showWelcome();","lastModifiedDate":"2024-09-25","isFullCredit":false},{"lineNumber":5,"author":{"gitId":"jadenlimjc"},"content":"        Storage.loadFromFile();","lastModifiedDate":"2024-09-25","isFullCredit":false},{"lineNumber":6,"author":{"gitId":"jadenlimjc"},"content":"        TaskList.displayList();","lastModifiedDate":"2024-09-25","isFullCredit":false},{"lineNumber":7,"author":{"gitId":"jadenlimjc"},"content":"        String userInput;","lastModifiedDate":"2024-08-28","isFullCredit":false},{"lineNumber":8,"author":{"gitId":"jadenlimjc"},"content":"","lastModifiedDate":"2024-08-28","isFullCredit":false},{"lineNumber":9,"author":{"gitId":"jadenlimjc"},"content":"        while (true) {","lastModifiedDate":"2024-08-28","isFullCredit":false},{"lineNumber":10,"author":{"gitId":"jadenlimjc"},"content":"            // Read command from user","lastModifiedDate":"2024-09-25","isFullCredit":false},{"lineNumber":11,"author":{"gitId":"jadenlimjc"},"content":"            userInput \u003d ui.readCommand();","lastModifiedDate":"2024-09-25","isFullCredit":false},{"lineNumber":12,"author":{"gitId":"jadenlimjc"},"content":"","lastModifiedDate":"2024-08-28","isFullCredit":false},{"lineNumber":13,"author":{"gitId":"jadenlimjc"},"content":"            // Parse user input to execute command","lastModifiedDate":"2024-09-25","isFullCredit":false},{"lineNumber":14,"author":{"gitId":"jadenlimjc"},"content":"            boolean shouldContinue \u003d Parser.parse(userInput);","lastModifiedDate":"2024-09-25","isFullCredit":false},{"lineNumber":15,"author":{"gitId":"jadenlimjc"},"content":"            if (!shouldContinue) {","lastModifiedDate":"2024-09-25","isFullCredit":false},{"lineNumber":16,"author":{"gitId":"jadenlimjc"},"content":"                break;","lastModifiedDate":"2024-09-25","isFullCredit":false},{"lineNumber":17,"author":{"gitId":"jadenlimjc"},"content":"            }","lastModifiedDate":"2024-09-14","isFullCredit":false},{"lineNumber":18,"author":{"gitId":"jadenlimjc"},"content":"        }","lastModifiedDate":"2024-09-14","isFullCredit":false},{"lineNumber":19,"author":{"gitId":"jadenlimjc"},"content":"    }","lastModifiedDate":"2024-08-28","isFullCredit":false},{"lineNumber":20,"author":{"gitId":"jadenlimjc"},"content":"}","lastModifiedDate":"2024-08-22","isFullCredit":false}],"authorContributionMap":{"jadenlimjc":20}},{"path":"src/main/java/Storage.java","fileType":"java","lines":[{"lineNumber":1,"author":{"gitId":"jadenlimjc"},"content":"import java.io.File;","lastModifiedDate":"2024-09-25","isFullCredit":false},{"lineNumber":2,"author":{"gitId":"jadenlimjc"},"content":"import java.io.FileWriter;","lastModifiedDate":"2024-09-25","isFullCredit":false},{"lineNumber":3,"author":{"gitId":"jadenlimjc"},"content":"import java.io.FileReader;","lastModifiedDate":"2024-09-25","isFullCredit":false},{"lineNumber":4,"author":{"gitId":"jadenlimjc"},"content":"import java.io.BufferedReader;","lastModifiedDate":"2024-09-25","isFullCredit":false},{"lineNumber":5,"author":{"gitId":"jadenlimjc"},"content":"import java.io.IOException;","lastModifiedDate":"2024-09-25","isFullCredit":false},{"lineNumber":6,"author":{"gitId":"jadenlimjc"},"content":"import java.time.LocalDateTime;","lastModifiedDate":"2024-09-27","isFullCredit":false},{"lineNumber":7,"author":{"gitId":"jadenlimjc"},"content":"import java.time.format.DateTimeFormatter;","lastModifiedDate":"2024-09-27","isFullCredit":false},{"lineNumber":8,"author":{"gitId":"jadenlimjc"},"content":"import java.time.format.DateTimeParseException;","lastModifiedDate":"2024-09-27","isFullCredit":false},{"lineNumber":9,"author":{"gitId":"jadenlimjc"},"content":"","lastModifiedDate":"2024-09-25","isFullCredit":false},{"lineNumber":10,"author":{"gitId":"jadenlimjc"},"content":"public class Storage {","lastModifiedDate":"2024-09-25","isFullCredit":false},{"lineNumber":11,"author":{"gitId":"jadenlimjc"},"content":"    //define filepath","lastModifiedDate":"2024-09-25","isFullCredit":false},{"lineNumber":12,"author":{"gitId":"jadenlimjc"},"content":"    private static final String FILE_PATH \u003d \"./data/quag.txt\";","lastModifiedDate":"2024-09-25","isFullCredit":false},{"lineNumber":13,"author":{"gitId":"jadenlimjc"},"content":"    public static void saveToFile() {","lastModifiedDate":"2024-09-25","isFullCredit":false},{"lineNumber":14,"author":{"gitId":"jadenlimjc"},"content":"        try {","lastModifiedDate":"2024-09-25","isFullCredit":false},{"lineNumber":15,"author":{"gitId":"jadenlimjc"},"content":"            File dir \u003d new File(\"./data\");","lastModifiedDate":"2024-09-25","isFullCredit":false},{"lineNumber":16,"author":{"gitId":"jadenlimjc"},"content":"            //create directory if file does not exist","lastModifiedDate":"2024-09-25","isFullCredit":false},{"lineNumber":17,"author":{"gitId":"jadenlimjc"},"content":"            if (!dir.exists()) {","lastModifiedDate":"2024-09-25","isFullCredit":false},{"lineNumber":18,"author":{"gitId":"jadenlimjc"},"content":"                dir.mkdirs();","lastModifiedDate":"2024-09-25","isFullCredit":false},{"lineNumber":19,"author":{"gitId":"jadenlimjc"},"content":"            }","lastModifiedDate":"2024-09-25","isFullCredit":false},{"lineNumber":20,"author":{"gitId":"jadenlimjc"},"content":"            FileWriter writer \u003d new FileWriter(FILE_PATH);","lastModifiedDate":"2024-09-25","isFullCredit":false},{"lineNumber":21,"author":{"gitId":"jadenlimjc"},"content":"            for (Task task : TaskList.tasks) {","lastModifiedDate":"2024-09-25","isFullCredit":false},{"lineNumber":22,"author":{"gitId":"jadenlimjc"},"content":"                if (task instanceof Todo) {","lastModifiedDate":"2024-09-25","isFullCredit":false},{"lineNumber":23,"author":{"gitId":"jadenlimjc"},"content":"                    writer.write(\"T | \" + (task.isDone ? \"1\" : \"0\") + \" | \" + task.description + \"\\n\");","lastModifiedDate":"2024-09-25","isFullCredit":false},{"lineNumber":24,"author":{"gitId":"jadenlimjc"},"content":"                } else if (task instanceof Deadline) {","lastModifiedDate":"2024-09-25","isFullCredit":false},{"lineNumber":25,"author":{"gitId":"jadenlimjc"},"content":"                    writer.write(\"D | \" + (task.isDone ? \"1\" : \"0\") + \" | \" + task.description + \" | \" + ((Deadline) task).by + \"\\n\");","lastModifiedDate":"2024-09-25","isFullCredit":false},{"lineNumber":26,"author":{"gitId":"jadenlimjc"},"content":"                } else if (task instanceof Event) {","lastModifiedDate":"2024-09-25","isFullCredit":false},{"lineNumber":27,"author":{"gitId":"jadenlimjc"},"content":"                    writer.write(\"E | \" + (task.isDone ? \"1\" : \"0\") + \" | \" + task.description + \" | \" + ((Event) task).from + \" | \" + ((Event) task).to + \"\\n\");","lastModifiedDate":"2024-09-25","isFullCredit":false},{"lineNumber":28,"author":{"gitId":"jadenlimjc"},"content":"                }","lastModifiedDate":"2024-09-25","isFullCredit":false},{"lineNumber":29,"author":{"gitId":"jadenlimjc"},"content":"","lastModifiedDate":"2024-09-25","isFullCredit":false},{"lineNumber":30,"author":{"gitId":"jadenlimjc"},"content":"            }","lastModifiedDate":"2024-09-25","isFullCredit":false},{"lineNumber":31,"author":{"gitId":"jadenlimjc"},"content":"            writer.close();","lastModifiedDate":"2024-09-25","isFullCredit":false},{"lineNumber":32,"author":{"gitId":"jadenlimjc"},"content":"        } catch (IOException e) {","lastModifiedDate":"2024-09-25","isFullCredit":false},{"lineNumber":33,"author":{"gitId":"jadenlimjc"},"content":"            System.out.println(\"Error while saving tasks: \" + e.getMessage());","lastModifiedDate":"2024-09-25","isFullCredit":false},{"lineNumber":34,"author":{"gitId":"jadenlimjc"},"content":"        }","lastModifiedDate":"2024-09-25","isFullCredit":false},{"lineNumber":35,"author":{"gitId":"jadenlimjc"},"content":"    }","lastModifiedDate":"2024-09-25","isFullCredit":false},{"lineNumber":36,"author":{"gitId":"jadenlimjc"},"content":"","lastModifiedDate":"2024-09-25","isFullCredit":false},{"lineNumber":37,"author":{"gitId":"jadenlimjc"},"content":"    public static void loadFromFile() {","lastModifiedDate":"2024-09-25","isFullCredit":false},{"lineNumber":38,"author":{"gitId":"jadenlimjc"},"content":"        try {","lastModifiedDate":"2024-09-25","isFullCredit":false},{"lineNumber":39,"author":{"gitId":"jadenlimjc"},"content":"            File file \u003d new File(FILE_PATH);","lastModifiedDate":"2024-09-25","isFullCredit":false},{"lineNumber":40,"author":{"gitId":"jadenlimjc"},"content":"            if (!file.exists()) {","lastModifiedDate":"2024-09-25","isFullCredit":false},{"lineNumber":41,"author":{"gitId":"jadenlimjc"},"content":"                System.out.println(\"No such file! quag\");","lastModifiedDate":"2024-09-25","isFullCredit":false},{"lineNumber":42,"author":{"gitId":"jadenlimjc"},"content":"                return;","lastModifiedDate":"2024-09-25","isFullCredit":false},{"lineNumber":43,"author":{"gitId":"jadenlimjc"},"content":"            }","lastModifiedDate":"2024-09-25","isFullCredit":false},{"lineNumber":44,"author":{"gitId":"jadenlimjc"},"content":"            BufferedReader reader \u003d new BufferedReader(new FileReader(FILE_PATH));","lastModifiedDate":"2024-09-25","isFullCredit":false},{"lineNumber":45,"author":{"gitId":"jadenlimjc"},"content":"            String line;","lastModifiedDate":"2024-09-25","isFullCredit":false},{"lineNumber":46,"author":{"gitId":"jadenlimjc"},"content":"            while ((line \u003d reader.readLine()) !\u003d null) {","lastModifiedDate":"2024-09-25","isFullCredit":false},{"lineNumber":47,"author":{"gitId":"jadenlimjc"},"content":"                String[] data \u003d line.split(\" \\\\| \");","lastModifiedDate":"2024-09-25","isFullCredit":false},{"lineNumber":48,"author":{"gitId":"jadenlimjc"},"content":"                switch (data[0]) {","lastModifiedDate":"2024-09-25","isFullCredit":false},{"lineNumber":49,"author":{"gitId":"jadenlimjc"},"content":"                    case \"T\":","lastModifiedDate":"2024-09-25","isFullCredit":false},{"lineNumber":50,"author":{"gitId":"jadenlimjc"},"content":"                        Todo todo \u003d new Todo(data[2]);","lastModifiedDate":"2024-09-25","isFullCredit":false},{"lineNumber":51,"author":{"gitId":"jadenlimjc"},"content":"                        if (data[1].equals(\"1\")) {","lastModifiedDate":"2024-09-25","isFullCredit":false},{"lineNumber":52,"author":{"gitId":"jadenlimjc"},"content":"                            todo.markAsDone();","lastModifiedDate":"2024-09-25","isFullCredit":false},{"lineNumber":53,"author":{"gitId":"jadenlimjc"},"content":"                        }","lastModifiedDate":"2024-09-25","isFullCredit":false},{"lineNumber":54,"author":{"gitId":"jadenlimjc"},"content":"                        TaskList.tasks.add(todo);","lastModifiedDate":"2024-09-25","isFullCredit":false},{"lineNumber":55,"author":{"gitId":"jadenlimjc"},"content":"                        break;","lastModifiedDate":"2024-09-25","isFullCredit":false},{"lineNumber":56,"author":{"gitId":"jadenlimjc"},"content":"                    case \"D\":","lastModifiedDate":"2024-09-25","isFullCredit":false},{"lineNumber":57,"author":{"gitId":"jadenlimjc"},"content":"                        LocalDateTime deadlineTime \u003d LocalDateTime.parse(data[3]);","lastModifiedDate":"2024-09-27","isFullCredit":false},{"lineNumber":58,"author":{"gitId":"jadenlimjc"},"content":"                        Deadline deadline \u003d new Deadline(data[2], deadlineTime);","lastModifiedDate":"2024-09-27","isFullCredit":false},{"lineNumber":59,"author":{"gitId":"jadenlimjc"},"content":"                        if (data[1].equals(\"1\")) {","lastModifiedDate":"2024-09-25","isFullCredit":false},{"lineNumber":60,"author":{"gitId":"jadenlimjc"},"content":"                            deadline.markAsDone();","lastModifiedDate":"2024-09-25","isFullCredit":false},{"lineNumber":61,"author":{"gitId":"jadenlimjc"},"content":"                        }","lastModifiedDate":"2024-09-25","isFullCredit":false},{"lineNumber":62,"author":{"gitId":"jadenlimjc"},"content":"                        TaskList.tasks.add(deadline);","lastModifiedDate":"2024-09-25","isFullCredit":false},{"lineNumber":63,"author":{"gitId":"jadenlimjc"},"content":"                        break;","lastModifiedDate":"2024-09-25","isFullCredit":false},{"lineNumber":64,"author":{"gitId":"jadenlimjc"},"content":"                    case \"E\":","lastModifiedDate":"2024-09-25","isFullCredit":false},{"lineNumber":65,"author":{"gitId":"jadenlimjc"},"content":"                        String startTimeString \u003d data[3];","lastModifiedDate":"2024-09-27","isFullCredit":false},{"lineNumber":66,"author":{"gitId":"jadenlimjc"},"content":"                        String endTimeString \u003d data[4];","lastModifiedDate":"2024-09-27","isFullCredit":false},{"lineNumber":67,"author":{"gitId":"jadenlimjc"},"content":"                        LocalDateTime startTime \u003d LocalDateTime.parse(startTimeString);","lastModifiedDate":"2024-09-27","isFullCredit":false},{"lineNumber":68,"author":{"gitId":"jadenlimjc"},"content":"                        LocalDateTime endTime \u003d LocalDateTime.parse(endTimeString);","lastModifiedDate":"2024-09-27","isFullCredit":false},{"lineNumber":69,"author":{"gitId":"jadenlimjc"},"content":"                        Event event \u003d new Event(data[2],startTime,endTime);","lastModifiedDate":"2024-09-27","isFullCredit":false},{"lineNumber":70,"author":{"gitId":"jadenlimjc"},"content":"                        if (data[1].equals(\"1\")) {","lastModifiedDate":"2024-09-25","isFullCredit":false},{"lineNumber":71,"author":{"gitId":"jadenlimjc"},"content":"                            event.markAsDone();","lastModifiedDate":"2024-09-25","isFullCredit":false},{"lineNumber":72,"author":{"gitId":"jadenlimjc"},"content":"                        }","lastModifiedDate":"2024-09-25","isFullCredit":false},{"lineNumber":73,"author":{"gitId":"jadenlimjc"},"content":"                        TaskList.tasks.add(event);","lastModifiedDate":"2024-09-25","isFullCredit":false},{"lineNumber":74,"author":{"gitId":"jadenlimjc"},"content":"                        break;","lastModifiedDate":"2024-09-25","isFullCredit":false},{"lineNumber":75,"author":{"gitId":"jadenlimjc"},"content":"                }","lastModifiedDate":"2024-09-25","isFullCredit":false},{"lineNumber":76,"author":{"gitId":"jadenlimjc"},"content":"            }","lastModifiedDate":"2024-09-25","isFullCredit":false},{"lineNumber":77,"author":{"gitId":"jadenlimjc"},"content":"            reader.close();","lastModifiedDate":"2024-09-25","isFullCredit":false},{"lineNumber":78,"author":{"gitId":"jadenlimjc"},"content":"        } catch (IOException e) {","lastModifiedDate":"2024-09-25","isFullCredit":false},{"lineNumber":79,"author":{"gitId":"jadenlimjc"},"content":"            System.out.println(\"Error while loading tasks: \" + e.getMessage());","lastModifiedDate":"2024-09-25","isFullCredit":false},{"lineNumber":80,"author":{"gitId":"jadenlimjc"},"content":"        }","lastModifiedDate":"2024-09-25","isFullCredit":false},{"lineNumber":81,"author":{"gitId":"jadenlimjc"},"content":"    }","lastModifiedDate":"2024-09-25","isFullCredit":false},{"lineNumber":82,"author":{"gitId":"jadenlimjc"},"content":"","lastModifiedDate":"2024-09-25","isFullCredit":false},{"lineNumber":83,"author":{"gitId":"jadenlimjc"},"content":"}","lastModifiedDate":"2024-09-25","isFullCredit":false}],"authorContributionMap":{"jadenlimjc":83}},{"path":"src/main/java/Task.java","fileType":"java","lines":[{"lineNumber":1,"author":{"gitId":"jadenlimjc"},"content":"public abstract class Task {","lastModifiedDate":"2024-09-25","isFullCredit":false},{"lineNumber":2,"author":{"gitId":"jadenlimjc"},"content":"    String description;","lastModifiedDate":"2024-09-25","isFullCredit":false},{"lineNumber":3,"author":{"gitId":"jadenlimjc"},"content":"    boolean isDone;","lastModifiedDate":"2024-09-25","isFullCredit":false},{"lineNumber":4,"author":{"gitId":"jadenlimjc"},"content":"    Task(String description) {","lastModifiedDate":"2024-09-25","isFullCredit":false},{"lineNumber":5,"author":{"gitId":"jadenlimjc"},"content":"        this.description \u003d description;","lastModifiedDate":"2024-09-25","isFullCredit":false},{"lineNumber":6,"author":{"gitId":"jadenlimjc"},"content":"        this.isDone \u003d false;","lastModifiedDate":"2024-09-25","isFullCredit":false},{"lineNumber":7,"author":{"gitId":"jadenlimjc"},"content":"    }","lastModifiedDate":"2024-09-25","isFullCredit":false},{"lineNumber":8,"author":{"gitId":"jadenlimjc"},"content":"    void markAsDone() {","lastModifiedDate":"2024-09-25","isFullCredit":false},{"lineNumber":9,"author":{"gitId":"jadenlimjc"},"content":"        this.isDone \u003d true;","lastModifiedDate":"2024-09-25","isFullCredit":false},{"lineNumber":10,"author":{"gitId":"jadenlimjc"},"content":"    }","lastModifiedDate":"2024-09-25","isFullCredit":false},{"lineNumber":11,"author":{"gitId":"jadenlimjc"},"content":"","lastModifiedDate":"2024-09-25","isFullCredit":false},{"lineNumber":12,"author":{"gitId":"jadenlimjc"},"content":"    void markAsNotDone() {","lastModifiedDate":"2024-09-25","isFullCredit":false},{"lineNumber":13,"author":{"gitId":"jadenlimjc"},"content":"        this.isDone \u003d false;","lastModifiedDate":"2024-09-25","isFullCredit":false},{"lineNumber":14,"author":{"gitId":"jadenlimjc"},"content":"    }","lastModifiedDate":"2024-09-25","isFullCredit":false},{"lineNumber":15,"author":{"gitId":"jadenlimjc"},"content":"","lastModifiedDate":"2024-09-25","isFullCredit":false},{"lineNumber":16,"author":{"gitId":"jadenlimjc"},"content":"    @Override","lastModifiedDate":"2024-09-25","isFullCredit":false},{"lineNumber":17,"author":{"gitId":"jadenlimjc"},"content":"    public String toString() {","lastModifiedDate":"2024-09-25","isFullCredit":false},{"lineNumber":18,"author":{"gitId":"jadenlimjc"},"content":"        return \"[\" + (isDone ? \"X\" : \" \") + \"] \" + description;","lastModifiedDate":"2024-09-25","isFullCredit":false},{"lineNumber":19,"author":{"gitId":"jadenlimjc"},"content":"    }","lastModifiedDate":"2024-09-25","isFullCredit":false},{"lineNumber":20,"author":{"gitId":"jadenlimjc"},"content":"","lastModifiedDate":"2024-09-25","isFullCredit":false},{"lineNumber":21,"author":{"gitId":"jadenlimjc"},"content":"}","lastModifiedDate":"2024-09-25","isFullCredit":false},{"lineNumber":22,"author":{"gitId":"jadenlimjc"},"content":"","lastModifiedDate":"2024-09-25","isFullCredit":false},{"lineNumber":23,"author":{"gitId":"jadenlimjc"},"content":"","lastModifiedDate":"2024-09-25","isFullCredit":false}],"authorContributionMap":{"jadenlimjc":23}},{"path":"src/main/java/TaskList.java","fileType":"java","lines":[{"lineNumber":1,"author":{"gitId":"jadenlimjc"},"content":"import java.time.LocalDateTime;","lastModifiedDate":"2024-09-27","isFullCredit":false},{"lineNumber":2,"author":{"gitId":"jadenlimjc"},"content":"import java.time.LocalDate;","lastModifiedDate":"2024-09-27","isFullCredit":false},{"lineNumber":3,"author":{"gitId":"jadenlimjc"},"content":"import java.util.ArrayList;","lastModifiedDate":"2024-09-25","isFullCredit":false},{"lineNumber":4,"author":{"gitId":"jadenlimjc"},"content":"","lastModifiedDate":"2024-09-25","isFullCredit":false},{"lineNumber":5,"author":{"gitId":"jadenlimjc"},"content":"","lastModifiedDate":"2024-09-25","isFullCredit":false},{"lineNumber":6,"author":{"gitId":"jadenlimjc"},"content":"public class TaskList {","lastModifiedDate":"2024-09-25","isFullCredit":false},{"lineNumber":7,"author":{"gitId":"jadenlimjc"},"content":"","lastModifiedDate":"2024-09-25","isFullCredit":false},{"lineNumber":8,"author":{"gitId":"jadenlimjc"},"content":"    ","lastModifiedDate":"2024-09-27","isFullCredit":false},{"lineNumber":9,"author":{"gitId":"jadenlimjc"},"content":"    public static UI ui \u003d new UI();","lastModifiedDate":"2024-09-25","isFullCredit":false},{"lineNumber":10,"author":{"gitId":"jadenlimjc"},"content":"    public static ArrayList\u003cTask\u003e tasks \u003d new ArrayList\u003c\u003e();","lastModifiedDate":"2024-09-25","isFullCredit":false},{"lineNumber":11,"author":{"gitId":"jadenlimjc"},"content":"","lastModifiedDate":"2024-09-25","isFullCredit":false},{"lineNumber":12,"author":{"gitId":"jadenlimjc"},"content":"    public static void addTaskToList(Task task) {","lastModifiedDate":"2024-09-25","isFullCredit":false},{"lineNumber":13,"author":{"gitId":"jadenlimjc"},"content":"        tasks.add(task);","lastModifiedDate":"2024-09-25","isFullCredit":false},{"lineNumber":14,"author":{"gitId":"jadenlimjc"},"content":"        ui.showLine();","lastModifiedDate":"2024-09-25","isFullCredit":false},{"lineNumber":15,"author":{"gitId":"jadenlimjc"},"content":"        System.out.println(\"added: \");","lastModifiedDate":"2024-09-25","isFullCredit":false},{"lineNumber":16,"author":{"gitId":"jadenlimjc"},"content":"        System.out.println(\"    \" + task);","lastModifiedDate":"2024-09-25","isFullCredit":false},{"lineNumber":17,"author":{"gitId":"jadenlimjc"},"content":"        System.out.println(\"you have \" + tasks.size() + \" quaggin tasks to do! get to work!\");","lastModifiedDate":"2024-09-25","isFullCredit":false},{"lineNumber":18,"author":{"gitId":"jadenlimjc"},"content":"        ui.showLine();","lastModifiedDate":"2024-09-25","isFullCredit":false},{"lineNumber":19,"author":{"gitId":"jadenlimjc"},"content":"    }","lastModifiedDate":"2024-09-25","isFullCredit":false},{"lineNumber":20,"author":{"gitId":"jadenlimjc"},"content":"","lastModifiedDate":"2024-09-25","isFullCredit":false},{"lineNumber":21,"author":{"gitId":"jadenlimjc"},"content":"    // Adding Todo task","lastModifiedDate":"2024-09-25","isFullCredit":false},{"lineNumber":22,"author":{"gitId":"jadenlimjc"},"content":"    public static void addTodoToList(String description) {","lastModifiedDate":"2024-09-25","isFullCredit":false},{"lineNumber":23,"author":{"gitId":"jadenlimjc"},"content":"        Todo todo \u003d new Todo(description);","lastModifiedDate":"2024-09-25","isFullCredit":false},{"lineNumber":24,"author":{"gitId":"jadenlimjc"},"content":"        addTaskToList(todo); // Reuse the helper method","lastModifiedDate":"2024-09-25","isFullCredit":false},{"lineNumber":25,"author":{"gitId":"jadenlimjc"},"content":"        //save list after adding","lastModifiedDate":"2024-09-25","isFullCredit":false},{"lineNumber":26,"author":{"gitId":"jadenlimjc"},"content":"        Storage.saveToFile();","lastModifiedDate":"2024-09-25","isFullCredit":false},{"lineNumber":27,"author":{"gitId":"jadenlimjc"},"content":"    }","lastModifiedDate":"2024-09-25","isFullCredit":false},{"lineNumber":28,"author":{"gitId":"jadenlimjc"},"content":"","lastModifiedDate":"2024-09-25","isFullCredit":false},{"lineNumber":29,"author":{"gitId":"jadenlimjc"},"content":"    // Adding Deadline task","lastModifiedDate":"2024-09-25","isFullCredit":false},{"lineNumber":30,"author":{"gitId":"jadenlimjc"},"content":"    public static void addDeadlineToList(String description, LocalDateTime by) {","lastModifiedDate":"2024-09-27","isFullCredit":false},{"lineNumber":31,"author":{"gitId":"jadenlimjc"},"content":"        Deadline deadline \u003d new Deadline(description, by);","lastModifiedDate":"2024-09-25","isFullCredit":false},{"lineNumber":32,"author":{"gitId":"jadenlimjc"},"content":"        addTaskToList(deadline); // Reuse the helper method","lastModifiedDate":"2024-09-25","isFullCredit":false},{"lineNumber":33,"author":{"gitId":"jadenlimjc"},"content":"        Storage.saveToFile();","lastModifiedDate":"2024-09-25","isFullCredit":false},{"lineNumber":34,"author":{"gitId":"jadenlimjc"},"content":"    }","lastModifiedDate":"2024-09-25","isFullCredit":false},{"lineNumber":35,"author":{"gitId":"jadenlimjc"},"content":"","lastModifiedDate":"2024-09-25","isFullCredit":false},{"lineNumber":36,"author":{"gitId":"jadenlimjc"},"content":"    // Adding Event task","lastModifiedDate":"2024-09-25","isFullCredit":false},{"lineNumber":37,"author":{"gitId":"jadenlimjc"},"content":"    public static void addEventToList(String description, LocalDateTime from, LocalDateTime to) {","lastModifiedDate":"2024-09-27","isFullCredit":false},{"lineNumber":38,"author":{"gitId":"jadenlimjc"},"content":"        Event event \u003d new Event(description, from, to);","lastModifiedDate":"2024-09-25","isFullCredit":false},{"lineNumber":39,"author":{"gitId":"jadenlimjc"},"content":"        addTaskToList(event); // Reuse the helper method","lastModifiedDate":"2024-09-25","isFullCredit":false},{"lineNumber":40,"author":{"gitId":"jadenlimjc"},"content":"        Storage.saveToFile();","lastModifiedDate":"2024-09-25","isFullCredit":false},{"lineNumber":41,"author":{"gitId":"jadenlimjc"},"content":"    }","lastModifiedDate":"2024-09-25","isFullCredit":false},{"lineNumber":42,"author":{"gitId":"jadenlimjc"},"content":"","lastModifiedDate":"2024-09-25","isFullCredit":false},{"lineNumber":43,"author":{"gitId":"jadenlimjc"},"content":"    public static void displayList() {","lastModifiedDate":"2024-09-25","isFullCredit":false},{"lineNumber":44,"author":{"gitId":"jadenlimjc"},"content":"        if (!tasks.isEmpty()) {","lastModifiedDate":"2024-09-25","isFullCredit":false},{"lineNumber":45,"author":{"gitId":"jadenlimjc"},"content":"            ui.showLine();","lastModifiedDate":"2024-09-25","isFullCredit":false},{"lineNumber":46,"author":{"gitId":"jadenlimjc"},"content":"            for (int i \u003d 0; i \u003c tasks.size(); i++) {","lastModifiedDate":"2024-09-25","isFullCredit":false},{"lineNumber":47,"author":{"gitId":"jadenlimjc"},"content":"                System.out.println((i + 1) + \". \" + tasks.get(i));","lastModifiedDate":"2024-09-25","isFullCredit":false},{"lineNumber":48,"author":{"gitId":"jadenlimjc"},"content":"            }","lastModifiedDate":"2024-09-25","isFullCredit":false},{"lineNumber":49,"author":{"gitId":"jadenlimjc"},"content":"            ui.showLine();","lastModifiedDate":"2024-09-25","isFullCredit":false},{"lineNumber":50,"author":{"gitId":"jadenlimjc"},"content":"        } else {","lastModifiedDate":"2024-09-25","isFullCredit":false},{"lineNumber":51,"author":{"gitId":"jadenlimjc"},"content":"            System.out.println(\"nothing in list! quag\");","lastModifiedDate":"2024-09-25","isFullCredit":false},{"lineNumber":52,"author":{"gitId":"jadenlimjc"},"content":"        }","lastModifiedDate":"2024-09-25","isFullCredit":false},{"lineNumber":53,"author":{"gitId":"jadenlimjc"},"content":"    }","lastModifiedDate":"2024-09-25","isFullCredit":false},{"lineNumber":54,"author":{"gitId":"jadenlimjc"},"content":"","lastModifiedDate":"2024-09-25","isFullCredit":false},{"lineNumber":55,"author":{"gitId":"jadenlimjc"},"content":"    public static void markAsDone(int index) {","lastModifiedDate":"2024-09-25","isFullCredit":false},{"lineNumber":56,"author":{"gitId":"jadenlimjc"},"content":"        if (index \u003e\u003d 1 \u0026\u0026 index \u003c\u003d tasks.size()) {","lastModifiedDate":"2024-09-25","isFullCredit":false},{"lineNumber":57,"author":{"gitId":"jadenlimjc"},"content":"            Task task \u003d tasks.get(index - 1);","lastModifiedDate":"2024-09-25","isFullCredit":false},{"lineNumber":58,"author":{"gitId":"jadenlimjc"},"content":"            if (task.isDone) {","lastModifiedDate":"2024-09-25","isFullCredit":false},{"lineNumber":59,"author":{"gitId":"jadenlimjc"},"content":"                ui.showLine();","lastModifiedDate":"2024-09-25","isFullCredit":false},{"lineNumber":60,"author":{"gitId":"jadenlimjc"},"content":"                ui.alreadyMarked();","lastModifiedDate":"2024-09-25","isFullCredit":false},{"lineNumber":61,"author":{"gitId":"jadenlimjc"},"content":"                System.out.println(\"  \" + task);","lastModifiedDate":"2024-09-25","isFullCredit":false},{"lineNumber":62,"author":{"gitId":"jadenlimjc"},"content":"                ui.showLine();","lastModifiedDate":"2024-09-25","isFullCredit":false},{"lineNumber":63,"author":{"gitId":"jadenlimjc"},"content":"            } else {","lastModifiedDate":"2024-09-25","isFullCredit":false},{"lineNumber":64,"author":{"gitId":"jadenlimjc"},"content":"                task.markAsDone();","lastModifiedDate":"2024-09-25","isFullCredit":false},{"lineNumber":65,"author":{"gitId":"jadenlimjc"},"content":"                Storage.saveToFile();","lastModifiedDate":"2024-09-25","isFullCredit":false},{"lineNumber":66,"author":{"gitId":"jadenlimjc"},"content":"                ui.showLine();","lastModifiedDate":"2024-09-25","isFullCredit":false},{"lineNumber":67,"author":{"gitId":"jadenlimjc"},"content":"                System.out.println(\"quag! you\u0027re done with this task :\");","lastModifiedDate":"2024-09-25","isFullCredit":false},{"lineNumber":68,"author":{"gitId":"jadenlimjc"},"content":"                System.out.println(\"  \" + task);","lastModifiedDate":"2024-09-25","isFullCredit":false},{"lineNumber":69,"author":{"gitId":"jadenlimjc"},"content":"                ui.showLine();","lastModifiedDate":"2024-09-25","isFullCredit":false},{"lineNumber":70,"author":{"gitId":"jadenlimjc"},"content":"            }","lastModifiedDate":"2024-09-25","isFullCredit":false},{"lineNumber":71,"author":{"gitId":"jadenlimjc"},"content":"        } else {","lastModifiedDate":"2024-09-25","isFullCredit":false},{"lineNumber":72,"author":{"gitId":"jadenlimjc"},"content":"            System.out.println(\"invalid task number! quag\");","lastModifiedDate":"2024-09-25","isFullCredit":false},{"lineNumber":73,"author":{"gitId":"jadenlimjc"},"content":"        }","lastModifiedDate":"2024-09-25","isFullCredit":false},{"lineNumber":74,"author":{"gitId":"jadenlimjc"},"content":"    }","lastModifiedDate":"2024-09-25","isFullCredit":false},{"lineNumber":75,"author":{"gitId":"jadenlimjc"},"content":"","lastModifiedDate":"2024-09-25","isFullCredit":false},{"lineNumber":76,"author":{"gitId":"jadenlimjc"},"content":"    public static void markAsNotDone(int index) {","lastModifiedDate":"2024-09-25","isFullCredit":false},{"lineNumber":77,"author":{"gitId":"jadenlimjc"},"content":"        if (index \u003e\u003d 1 \u0026\u0026 index \u003c\u003d tasks.size()) {","lastModifiedDate":"2024-09-25","isFullCredit":false},{"lineNumber":78,"author":{"gitId":"jadenlimjc"},"content":"            Task task \u003d tasks.get(index - 1);","lastModifiedDate":"2024-09-25","isFullCredit":false},{"lineNumber":79,"author":{"gitId":"jadenlimjc"},"content":"            if (!task.isDone) {","lastModifiedDate":"2024-09-25","isFullCredit":false},{"lineNumber":80,"author":{"gitId":"jadenlimjc"},"content":"                ui.showLine();","lastModifiedDate":"2024-09-25","isFullCredit":false},{"lineNumber":81,"author":{"gitId":"jadenlimjc"},"content":"                ui.alreadyUnmarked();","lastModifiedDate":"2024-09-25","isFullCredit":false},{"lineNumber":82,"author":{"gitId":"jadenlimjc"},"content":"                System.out.println(\"  \" + task);","lastModifiedDate":"2024-09-25","isFullCredit":false},{"lineNumber":83,"author":{"gitId":"jadenlimjc"},"content":"                ui.showLine();","lastModifiedDate":"2024-09-25","isFullCredit":false},{"lineNumber":84,"author":{"gitId":"jadenlimjc"},"content":"            } else {","lastModifiedDate":"2024-09-25","isFullCredit":false},{"lineNumber":85,"author":{"gitId":"jadenlimjc"},"content":"                task.markAsNotDone();","lastModifiedDate":"2024-09-25","isFullCredit":false},{"lineNumber":86,"author":{"gitId":"jadenlimjc"},"content":"                Storage.saveToFile();","lastModifiedDate":"2024-09-25","isFullCredit":false},{"lineNumber":87,"author":{"gitId":"jadenlimjc"},"content":"                ui.showLine();","lastModifiedDate":"2024-09-25","isFullCredit":false},{"lineNumber":88,"author":{"gitId":"jadenlimjc"},"content":"                System.out.println(\"quag! you\u0027re NOT done with this task :\");","lastModifiedDate":"2024-09-25","isFullCredit":false},{"lineNumber":89,"author":{"gitId":"jadenlimjc"},"content":"                System.out.println(\"  \" + task);","lastModifiedDate":"2024-09-25","isFullCredit":false},{"lineNumber":90,"author":{"gitId":"jadenlimjc"},"content":"                ui.showLine();","lastModifiedDate":"2024-09-25","isFullCredit":false},{"lineNumber":91,"author":{"gitId":"jadenlimjc"},"content":"            }","lastModifiedDate":"2024-09-25","isFullCredit":false},{"lineNumber":92,"author":{"gitId":"jadenlimjc"},"content":"        } else {","lastModifiedDate":"2024-09-25","isFullCredit":false},{"lineNumber":93,"author":{"gitId":"jadenlimjc"},"content":"            System.out.println(\"invalid task number! quag\");","lastModifiedDate":"2024-09-25","isFullCredit":false},{"lineNumber":94,"author":{"gitId":"jadenlimjc"},"content":"        }","lastModifiedDate":"2024-09-25","isFullCredit":false},{"lineNumber":95,"author":{"gitId":"jadenlimjc"},"content":"    }","lastModifiedDate":"2024-09-25","isFullCredit":false},{"lineNumber":96,"author":{"gitId":"jadenlimjc"},"content":"","lastModifiedDate":"2024-09-25","isFullCredit":false},{"lineNumber":97,"author":{"gitId":"jadenlimjc"},"content":"    public static void deleteTask(int taskIndex) {","lastModifiedDate":"2024-09-25","isFullCredit":false},{"lineNumber":98,"author":{"gitId":"jadenlimjc"},"content":"        ui.showLine();","lastModifiedDate":"2024-09-25","isFullCredit":false},{"lineNumber":99,"author":{"gitId":"jadenlimjc"},"content":"        System.out.println(\"quag! deleted this task :\");","lastModifiedDate":"2024-09-25","isFullCredit":false},{"lineNumber":100,"author":{"gitId":"jadenlimjc"},"content":"        System.out.println(\"  \" + tasks.get(taskIndex - 1));","lastModifiedDate":"2024-09-25","isFullCredit":false},{"lineNumber":101,"author":{"gitId":"jadenlimjc"},"content":"        tasks.remove(taskIndex - 1);","lastModifiedDate":"2024-09-25","isFullCredit":false},{"lineNumber":102,"author":{"gitId":"jadenlimjc"},"content":"        System.out.println(\"You have \" + tasks.size() + \" quaggin tasks to do! get to work!\");","lastModifiedDate":"2024-09-25","isFullCredit":false},{"lineNumber":103,"author":{"gitId":"jadenlimjc"},"content":"        ui.showLine();","lastModifiedDate":"2024-09-25","isFullCredit":false},{"lineNumber":104,"author":{"gitId":"jadenlimjc"},"content":"        Storage.saveToFile();","lastModifiedDate":"2024-09-25","isFullCredit":false},{"lineNumber":105,"author":{"gitId":"jadenlimjc"},"content":"    }","lastModifiedDate":"2024-09-25","isFullCredit":false},{"lineNumber":106,"author":{"gitId":"jadenlimjc"},"content":"","lastModifiedDate":"2024-09-27","isFullCredit":false},{"lineNumber":107,"author":{"gitId":"jadenlimjc"},"content":"    public static void printTasksOnDate( LocalDate dueDate) {","lastModifiedDate":"2024-09-27","isFullCredit":false},{"lineNumber":108,"author":{"gitId":"jadenlimjc"},"content":"        for (Task task : tasks) {","lastModifiedDate":"2024-09-27","isFullCredit":false},{"lineNumber":109,"author":{"gitId":"jadenlimjc"},"content":"            if (task instanceof Deadline) {","lastModifiedDate":"2024-09-27","isFullCredit":false},{"lineNumber":110,"author":{"gitId":"jadenlimjc"},"content":"                Deadline deadline \u003d (Deadline) task;","lastModifiedDate":"2024-09-27","isFullCredit":false},{"lineNumber":111,"author":{"gitId":"jadenlimjc"},"content":"                if (deadline.by.toLocalDate().equals(dueDate)) {","lastModifiedDate":"2024-09-27","isFullCredit":false},{"lineNumber":112,"author":{"gitId":"jadenlimjc"},"content":"                    System.out.println(\"  \" + task);","lastModifiedDate":"2024-09-27","isFullCredit":false},{"lineNumber":113,"author":{"gitId":"jadenlimjc"},"content":"                }","lastModifiedDate":"2024-09-27","isFullCredit":false},{"lineNumber":114,"author":{"gitId":"jadenlimjc"},"content":"            } else if (task instanceof Event) {","lastModifiedDate":"2024-09-27","isFullCredit":false},{"lineNumber":115,"author":{"gitId":"jadenlimjc"},"content":"                Event event \u003d (Event) task;","lastModifiedDate":"2024-09-27","isFullCredit":false},{"lineNumber":116,"author":{"gitId":"jadenlimjc"},"content":"                if (event.from.toLocalDate().equals(dueDate)) {","lastModifiedDate":"2024-09-27","isFullCredit":false},{"lineNumber":117,"author":{"gitId":"jadenlimjc"},"content":"                    System.out.println(\"  \" + task);","lastModifiedDate":"2024-09-27","isFullCredit":false},{"lineNumber":118,"author":{"gitId":"jadenlimjc"},"content":"                }","lastModifiedDate":"2024-09-27","isFullCredit":false},{"lineNumber":119,"author":{"gitId":"jadenlimjc"},"content":"            }","lastModifiedDate":"2024-09-27","isFullCredit":false},{"lineNumber":120,"author":{"gitId":"jadenlimjc"},"content":"        }","lastModifiedDate":"2024-09-27","isFullCredit":false},{"lineNumber":121,"author":{"gitId":"jadenlimjc"},"content":"    }","lastModifiedDate":"2024-09-27","isFullCredit":false},{"lineNumber":122,"author":{"gitId":"jadenlimjc"},"content":"}","lastModifiedDate":"2024-09-25","isFullCredit":false},{"lineNumber":123,"author":{"gitId":"jadenlimjc"},"content":"","lastModifiedDate":"2024-09-25","isFullCredit":false}],"authorContributionMap":{"jadenlimjc":123}},{"path":"src/main/java/Todo.java","fileType":"java","lines":[{"lineNumber":1,"author":{"gitId":"jadenlimjc"},"content":"","lastModifiedDate":"2024-09-25","isFullCredit":false},{"lineNumber":2,"author":{"gitId":"jadenlimjc"},"content":"public class Todo extends Task {","lastModifiedDate":"2024-09-25","isFullCredit":false},{"lineNumber":3,"author":{"gitId":"jadenlimjc"},"content":"    Todo(String description) {","lastModifiedDate":"2024-09-25","isFullCredit":false},{"lineNumber":4,"author":{"gitId":"jadenlimjc"},"content":"        super(description);","lastModifiedDate":"2024-09-25","isFullCredit":false},{"lineNumber":5,"author":{"gitId":"jadenlimjc"},"content":"    }","lastModifiedDate":"2024-09-25","isFullCredit":false},{"lineNumber":6,"author":{"gitId":"jadenlimjc"},"content":"","lastModifiedDate":"2024-09-25","isFullCredit":false},{"lineNumber":7,"author":{"gitId":"jadenlimjc"},"content":"    @Override","lastModifiedDate":"2024-09-25","isFullCredit":false},{"lineNumber":8,"author":{"gitId":"jadenlimjc"},"content":"    public String toString() {","lastModifiedDate":"2024-09-25","isFullCredit":false},{"lineNumber":9,"author":{"gitId":"jadenlimjc"},"content":"        return \"[T]\" + super.toString();","lastModifiedDate":"2024-09-25","isFullCredit":false},{"lineNumber":10,"author":{"gitId":"jadenlimjc"},"content":"    }","lastModifiedDate":"2024-09-25","isFullCredit":false},{"lineNumber":11,"author":{"gitId":"jadenlimjc"},"content":"}","lastModifiedDate":"2024-09-25","isFullCredit":false}],"authorContributionMap":{"jadenlimjc":11}},{"path":"src/main/java/UI.java","fileType":"java","lines":[{"lineNumber":1,"author":{"gitId":"jadenlimjc"},"content":"import java.util.Scanner;","lastModifiedDate":"2024-09-25","isFullCredit":false},{"lineNumber":2,"author":{"gitId":"jadenlimjc"},"content":"","lastModifiedDate":"2024-09-25","isFullCredit":false},{"lineNumber":3,"author":{"gitId":"jadenlimjc"},"content":"public class UI {","lastModifiedDate":"2024-09-25","isFullCredit":false},{"lineNumber":4,"author":{"gitId":"jadenlimjc"},"content":"","lastModifiedDate":"2024-09-25","isFullCredit":false},{"lineNumber":5,"author":{"gitId":"jadenlimjc"},"content":"    private Scanner scanner \u003d new Scanner(System.in);","lastModifiedDate":"2024-09-25","isFullCredit":false},{"lineNumber":6,"author":{"gitId":"jadenlimjc"},"content":"","lastModifiedDate":"2024-09-25","isFullCredit":false},{"lineNumber":7,"author":{"gitId":"jadenlimjc"},"content":"    public String readCommand() {","lastModifiedDate":"2024-09-25","isFullCredit":false},{"lineNumber":8,"author":{"gitId":"jadenlimjc"},"content":"        return scanner.nextLine();","lastModifiedDate":"2024-09-25","isFullCredit":false},{"lineNumber":9,"author":{"gitId":"jadenlimjc"},"content":"    }","lastModifiedDate":"2024-09-25","isFullCredit":false},{"lineNumber":10,"author":{"gitId":"jadenlimjc"},"content":"","lastModifiedDate":"2024-09-25","isFullCredit":false},{"lineNumber":11,"author":{"gitId":"jadenlimjc"},"content":"    public void showLine() {","lastModifiedDate":"2024-09-25","isFullCredit":false},{"lineNumber":12,"author":{"gitId":"jadenlimjc"},"content":"        System.out.println(\"_______________________________________\");","lastModifiedDate":"2024-09-25","isFullCredit":false},{"lineNumber":13,"author":{"gitId":"jadenlimjc"},"content":"    }","lastModifiedDate":"2024-09-25","isFullCredit":false},{"lineNumber":14,"author":{"gitId":"jadenlimjc"},"content":"","lastModifiedDate":"2024-09-25","isFullCredit":false},{"lineNumber":15,"author":{"gitId":"jadenlimjc"},"content":"    public void showWelcome() {","lastModifiedDate":"2024-09-25","isFullCredit":false},{"lineNumber":16,"author":{"gitId":"jadenlimjc"},"content":"        showLine();","lastModifiedDate":"2024-09-25","isFullCredit":false},{"lineNumber":17,"author":{"gitId":"jadenlimjc"},"content":"        System.out.println(\"Hello! I\u0027m QUAG!\");","lastModifiedDate":"2024-09-25","isFullCredit":false},{"lineNumber":18,"author":{"gitId":"jadenlimjc"},"content":"        System.out.println(\"This is your current list of tasks! quag\");","lastModifiedDate":"2024-09-25","isFullCredit":false},{"lineNumber":19,"author":{"gitId":"jadenlimjc"},"content":"        showLine();","lastModifiedDate":"2024-09-25","isFullCredit":false},{"lineNumber":20,"author":{"gitId":"jadenlimjc"},"content":"    }","lastModifiedDate":"2024-09-25","isFullCredit":false},{"lineNumber":21,"author":{"gitId":"jadenlimjc"},"content":"","lastModifiedDate":"2024-09-25","isFullCredit":false},{"lineNumber":22,"author":{"gitId":"jadenlimjc"},"content":"    public void showExit() {","lastModifiedDate":"2024-09-25","isFullCredit":false},{"lineNumber":23,"author":{"gitId":"jadenlimjc"},"content":"        showLine();","lastModifiedDate":"2024-09-25","isFullCredit":false},{"lineNumber":24,"author":{"gitId":"jadenlimjc"},"content":"        System.out.println(\"See you soon! quag quag\");","lastModifiedDate":"2024-09-25","isFullCredit":false},{"lineNumber":25,"author":{"gitId":"jadenlimjc"},"content":"        showLine();","lastModifiedDate":"2024-09-25","isFullCredit":false},{"lineNumber":26,"author":{"gitId":"jadenlimjc"},"content":"    }","lastModifiedDate":"2024-09-25","isFullCredit":false},{"lineNumber":27,"author":{"gitId":"jadenlimjc"},"content":"","lastModifiedDate":"2024-09-25","isFullCredit":false},{"lineNumber":28,"author":{"gitId":"jadenlimjc"},"content":"    public void notNumberEntered() {","lastModifiedDate":"2024-09-25","isFullCredit":false},{"lineNumber":29,"author":{"gitId":"jadenlimjc"},"content":"        System.out.println(\"That\u0027s not a quaggin number!!\");","lastModifiedDate":"2024-09-25","isFullCredit":false},{"lineNumber":30,"author":{"gitId":"jadenlimjc"},"content":"    }","lastModifiedDate":"2024-09-25","isFullCredit":false},{"lineNumber":31,"author":{"gitId":"jadenlimjc"},"content":"","lastModifiedDate":"2024-09-25","isFullCredit":false},{"lineNumber":32,"author":{"gitId":"jadenlimjc"},"content":"    public void noNumberEntered() {","lastModifiedDate":"2024-09-25","isFullCredit":false},{"lineNumber":33,"author":{"gitId":"jadenlimjc"},"content":"        System.out.println(\"There\u0027s no quaggin number!!\");","lastModifiedDate":"2024-09-25","isFullCredit":false},{"lineNumber":34,"author":{"gitId":"jadenlimjc"},"content":"    }","lastModifiedDate":"2024-09-25","isFullCredit":false},{"lineNumber":35,"author":{"gitId":"jadenlimjc"},"content":"","lastModifiedDate":"2024-09-25","isFullCredit":false},{"lineNumber":36,"author":{"gitId":"jadenlimjc"},"content":"    public void invalidFormat() {","lastModifiedDate":"2024-09-25","isFullCredit":false},{"lineNumber":37,"author":{"gitId":"jadenlimjc"},"content":"","lastModifiedDate":"2024-09-27","isFullCredit":false},{"lineNumber":38,"author":{"gitId":"jadenlimjc"},"content":"        System.out.println(\"That\u0027s not a valid quaggin format!!\");","lastModifiedDate":"2024-09-25","isFullCredit":false},{"lineNumber":39,"author":{"gitId":"jadenlimjc"},"content":"        showLine();","lastModifiedDate":"2024-09-27","isFullCredit":false},{"lineNumber":40,"author":{"gitId":"jadenlimjc"},"content":"        showCommandList();","lastModifiedDate":"2024-09-27","isFullCredit":false},{"lineNumber":41,"author":{"gitId":"jadenlimjc"},"content":"    }","lastModifiedDate":"2024-09-25","isFullCredit":false},{"lineNumber":42,"author":{"gitId":"jadenlimjc"},"content":"","lastModifiedDate":"2024-09-25","isFullCredit":false},{"lineNumber":43,"author":{"gitId":"jadenlimjc"},"content":"    public void alreadyMarked() {","lastModifiedDate":"2024-09-25","isFullCredit":false},{"lineNumber":44,"author":{"gitId":"jadenlimjc"},"content":"        System.out.println(\"quag! you\u0027re done with this task :\");","lastModifiedDate":"2024-09-25","isFullCredit":false},{"lineNumber":45,"author":{"gitId":"jadenlimjc"},"content":"    }","lastModifiedDate":"2024-09-25","isFullCredit":false},{"lineNumber":46,"author":{"gitId":"jadenlimjc"},"content":"","lastModifiedDate":"2024-09-25","isFullCredit":false},{"lineNumber":47,"author":{"gitId":"jadenlimjc"},"content":"    public void alreadyUnmarked() {","lastModifiedDate":"2024-09-25","isFullCredit":false},{"lineNumber":48,"author":{"gitId":"jadenlimjc"},"content":"        System.out.println(\"quag! you ain\u0027t even done w this yet:\");","lastModifiedDate":"2024-09-25","isFullCredit":false},{"lineNumber":49,"author":{"gitId":"jadenlimjc"},"content":"    }","lastModifiedDate":"2024-09-25","isFullCredit":false},{"lineNumber":50,"author":{"gitId":"jadenlimjc"},"content":"","lastModifiedDate":"2024-09-25","isFullCredit":false},{"lineNumber":51,"author":{"gitId":"jadenlimjc"},"content":"    public void showCommandList() {","lastModifiedDate":"2024-09-25","isFullCredit":false},{"lineNumber":52,"author":{"gitId":"jadenlimjc"},"content":"        System.out.println(\"list of all quaggin commands:\");","lastModifiedDate":"2024-09-25","isFullCredit":false},{"lineNumber":53,"author":{"gitId":"jadenlimjc"},"content":"        showLine();","lastModifiedDate":"2024-09-25","isFullCredit":false},{"lineNumber":54,"author":{"gitId":"jadenlimjc"},"content":"        System.out.println(\"list: lists out all your tasks\");","lastModifiedDate":"2024-09-25","isFullCredit":false},{"lineNumber":55,"author":{"gitId":"jadenlimjc"},"content":"        System.out.println(\"mark \u003cindex\u003e: marks task corresponding to index\");","lastModifiedDate":"2024-09-25","isFullCredit":false},{"lineNumber":56,"author":{"gitId":"jadenlimjc"},"content":"        System.out.println(\"unmark \u003cindex\u003e: unmarks task corresponding to index\");","lastModifiedDate":"2024-09-25","isFullCredit":false},{"lineNumber":57,"author":{"gitId":"jadenlimjc"},"content":"        System.out.println(\"todo \u003cdescription\u003e: adds task type todo to list\");","lastModifiedDate":"2024-09-25","isFullCredit":false},{"lineNumber":58,"author":{"gitId":"jadenlimjc"},"content":"        System.out.println(\"deadline \u003cdescription\u003e /by \u003cdd/mm/yyyy hhmm\u003e: adds task type deadline to list\");","lastModifiedDate":"2024-09-27","isFullCredit":false},{"lineNumber":59,"author":{"gitId":"jadenlimjc"},"content":"        System.out.println(\"event \u003cdescription\u003e /from \u003cdd/mm/yyyy hhmm\u003e /to \u003cdd/mm/yyyy hhmm\u003e: adds task type event to list\");","lastModifiedDate":"2024-09-27","isFullCredit":false},{"lineNumber":60,"author":{"gitId":"jadenlimjc"},"content":"        System.out.println(\"delete \u003cindex\u003e: delete task corresponding to index\");","lastModifiedDate":"2024-09-25","isFullCredit":false},{"lineNumber":61,"author":{"gitId":"jadenlimjc"},"content":"        System.out.println(\"due \u003cdd/mm/yyyy\u003e: deletes task type description to list\");","lastModifiedDate":"2024-09-27","isFullCredit":false},{"lineNumber":62,"author":{"gitId":"jadenlimjc"},"content":"        System.out.println(\"quag: exit program\");","lastModifiedDate":"2024-09-25","isFullCredit":false},{"lineNumber":63,"author":{"gitId":"jadenlimjc"},"content":"        showLine();","lastModifiedDate":"2024-09-25","isFullCredit":false},{"lineNumber":64,"author":{"gitId":"jadenlimjc"},"content":"    }","lastModifiedDate":"2024-09-25","isFullCredit":false},{"lineNumber":65,"author":{"gitId":"jadenlimjc"},"content":"}","lastModifiedDate":"2024-09-25","isFullCredit":false}],"authorContributionMap":{"jadenlimjc":65}},{"path":"src/main/java/data/quag.txt","fileType":"txt","lines":[{"lineNumber":1,"author":{"gitId":"jadenlimjc"},"content":"D | 0 | gym | 2024-09-09T16:30","lastModifiedDate":"2024-09-27","isFullCredit":false},{"lineNumber":2,"author":{"gitId":"jadenlimjc"},"content":"D | 0 | submission | 2024-09-10T16:30","lastModifiedDate":"2024-09-27","isFullCredit":false}],"authorContributionMap":{"jadenlimjc":2}}]
