{"authorDailyContributionsMap":{"jadenlimjc":[{"date":"2024-08-22","commitResults":[{"hash":"97d3e2efb1c66edfb7ea62663590eafe692d23ea","isMergeCommit":false,"messageTitle":"renamed files","messageBody":"","fileTypesAndContributionMap":{"java":{"insertions":21,"deletions":10}}},{"hash":"c7c2ac6f59f89415ea51381cadc78a3edbb4e541","isMergeCommit":false,"messageTitle":"created EchoUtils class, echo and bye functions","messageBody":"","fileTypesAndContributionMap":{"java":{"insertions":4,"deletions":0}}},{"hash":"7936bd22f28def12a018ff1d9377b6cef2c353d3","isMergeCommit":false,"messageTitle":"created listUtils class and display and add functions","messageBody":"","fileTypesAndContributionMap":{"java":{"insertions":4,"deletions":0}}}]},{"date":"2024-08-28","commitResults":[{"hash":"55d412159d97048c01fbe4e04240ae25b6776a77","isMergeCommit":false,"messageTitle":"completed marking and unmarking of tasks","messageBody":"","fileTypesAndContributionMap":{"java":{"insertions":8,"deletions":0}}},{"hash":"d6c8f62d247bab4243fea06d033979a8519824a1","isMergeCommit":false,"messageTitle":"completed marking and unmarking of tasks.","messageBody":"","fileTypesAndContributionMap":{"java":{"insertions":164,"deletions":4}}},{"hash":"8e46cb842f0812f5160fa556935f11a8ba42c3de","isMergeCommit":false,"messageTitle":"Delete src/main/java/Circle.java","messageBody":"deleted redundant circle file","fileTypesAndContributionMap":{"java":{"insertions":0,"deletions":4}}},{"hash":"686ef66cd8a059d45b48782749d34d9506dd7e6e","isMergeCommit":false,"messageTitle":"Delete src/main/java/RectangleCreator.java","messageBody":"deleted redundant rectangle file","fileTypesAndContributionMap":{"java":{"insertions":0,"deletions":4}}}]},{"date":"2024-09-01","commitResults":[{"hash":"d8ef9d5599ced1149a8200a6baf98222a5f0921a","isMergeCommit":false,"messageTitle":"finished level 4","messageBody":"","tags":["level-4"],"fileTypesAndContributionMap":{"java":{"insertions":164,"deletions":41}}}]},{"date":"2024-09-08","commitResults":[{"hash":"2f530c70f44d279a03f68f3f8bcd2e270d04684e","isMergeCommit":false,"messageTitle":"added command list to be displayed when wrong command is entered","messageBody":"","tags":["level-5"],"fileTypesAndContributionMap":{"java":{"insertions":13,"deletions":2}}}]},{"date":"2024-09-14","commitResults":[{"hash":"353477ad93f1dbce95cb194b658a841e2f86c882","isMergeCommit":false,"messageTitle":"completed level 6","messageBody":"","tags":["Level-6"],"fileTypesAndContributionMap":{"java":{"insertions":43,"deletions":19}}},{"hash":"a48fb4f8ffb6da2494d2e2d8d2daf72943149261","isMergeCommit":false,"messageTitle":"level 7 done","messageBody":"","tags":["Level-7"],"fileTypesAndContributionMap":{"txt":{"insertions":1,"deletions":0},"java":{"insertions":89,"deletions":5}}},{"hash":"3d93f725b042453b0e183f9a49b16ae44b48f8b5","isMergeCommit":true,"messageTitle":"Merge branch \u0027branch-Level-7\u0027","messageBody":"","fileTypesAndContributionMap":{}}]}]},"authorFileTypeContributionMap":{"jadenlimjc":{"java":432,"md":0,"fxml":0,"sh":0,"bat":0,"gradle":0,"txt":1}},"authorContributionVariance":{"jadenlimjc":3009.2},"authorDisplayNameMap":{"jadenlimjc":"CS2113-T10-1 JADE..CHEN"}}
