{"authorDailyContributionsMap":{"jadenlimjc":[{"date":"2024-08-22","commitResults":[{"hash":"97d3e2efb1c66edfb7ea62663590eafe692d23ea","isMergeCommit":false,"messageTitle":"renamed files","messageBody":"","fileTypesAndContributionMap":{"java":{"insertions":21,"deletions":10}}},{"hash":"c7c2ac6f59f89415ea51381cadc78a3edbb4e541","isMergeCommit":false,"messageTitle":"created EchoUtils class, echo and bye functions","messageBody":"","fileTypesAndContributionMap":{"java":{"insertions":4,"deletions":0}}},{"hash":"7936bd22f28def12a018ff1d9377b6cef2c353d3","isMergeCommit":false,"messageTitle":"created listUtils class and display and add functions","messageBody":"","fileTypesAndContributionMap":{"java":{"insertions":4,"deletions":0}}}]},{"date":"2024-08-28","commitResults":[{"hash":"55d412159d97048c01fbe4e04240ae25b6776a77","isMergeCommit":false,"messageTitle":"completed marking and unmarking of tasks","messageBody":"","fileTypesAndContributionMap":{"java":{"insertions":8,"deletions":0}}},{"hash":"d6c8f62d247bab4243fea06d033979a8519824a1","isMergeCommit":false,"messageTitle":"completed marking and unmarking of tasks.","messageBody":"","fileTypesAndContributionMap":{"java":{"insertions":164,"deletions":4}}},{"hash":"8e46cb842f0812f5160fa556935f11a8ba42c3de","isMergeCommit":false,"messageTitle":"Delete src/main/java/Circle.java","messageBody":"deleted redundant circle file","fileTypesAndContributionMap":{"java":{"insertions":0,"deletions":4}}},{"hash":"686ef66cd8a059d45b48782749d34d9506dd7e6e","isMergeCommit":false,"messageTitle":"Delete src/main/java/RectangleCreator.java","messageBody":"deleted redundant rectangle file","fileTypesAndContributionMap":{"java":{"insertions":0,"deletions":4}}}]},{"date":"2024-09-01","commitResults":[{"hash":"d8ef9d5599ced1149a8200a6baf98222a5f0921a","isMergeCommit":false,"messageTitle":"finished level 4","messageBody":"","tags":["level-4"],"fileTypesAndContributionMap":{"java":{"insertions":164,"deletions":41}}}]}]},"authorFileTypeContributionMap":{"jadenlimjc":{"java":312,"md":0,"fxml":0,"sh":0,"bat":0,"gradle":0,"txt":0}},"authorContributionVariance":{"jadenlimjc":3919.204},"authorDisplayNameMap":{"jadenlimjc":"CS2113-T10-1 JADE..CHEN"}}
