{"authorDailyContributionsMap":{"YukeeHong":[{"date":"2024-08-27","commitResults":[{"hash":"f1caf56a2a625e9ae49bd054c43366c0f3c3010f","isMergeCommit":false,"messageTitle":"level-0","messageBody":"","fileTypesAndContributionMap":{"java":{"insertions":12,"deletions":10}}},{"hash":"3c89782edc0181f865e87aaedd5992e05e009b1e","isMergeCommit":false,"messageTitle":"level-0 level-1/2","messageBody":"","tags":["Level-3","Level-2","Level-1","Level-0","A-CodingStandard"],"fileTypesAndContributionMap":{"java":{"insertions":74,"deletions":3}}},{"hash":"e9fc367115b2cdeb6235870e04615dcbcbbf9ffd","isMergeCommit":false,"messageTitle":"level-0 level-1/2 level-3","messageBody":"","fileTypesAndContributionMap":{"java":{"insertions":2,"deletions":2}}}]},{"date":"2024-08-30","commitResults":[{"hash":"17bddca1d8be2557c537aa88e03715bea4e52954","isMergeCommit":false,"messageTitle":"Level-0 Level-1/2 Level-3 change","messageBody":"","fileTypesAndContributionMap":{"java":{"insertions":78,"deletions":49}}}]},{"date":"2024-09-04","commitResults":[{"hash":"67f21d09a6304ec0047e1357fc2da5b3e1ceb06f","isMergeCommit":false,"messageTitle":"Level-0 Level-1/2 Level-3 change Level-4","messageBody":"","tags":["Level-4"],"fileTypesAndContributionMap":{"java":{"insertions":87,"deletions":13}}},{"hash":"f7e1aea1a5fc563d6689177b853f75889e32bea7","isMergeCommit":false,"messageTitle":"Level-0 Level-1/2 Level-3 change Level-4","messageBody":"","fileTypesAndContributionMap":{"java":{"insertions":7,"deletions":5}}}]},{"date":"2024-09-05","commitResults":[{"hash":"43c195e4b103ea9dc83ae70e374be4dccf7f24d5","isMergeCommit":false,"messageTitle":"A-TextUiTesting","messageBody":"","tags":["A-TextUiTesting","A-CodeQuality"],"fileTypesAndContributionMap":{"txt":{"insertions":7,"deletions":0},"java":{"insertions":6,"deletions":6},"sh":{"insertions":1,"deletions":1}}}]},{"date":"2024-09-10","commitResults":[{"hash":"15edd7aabee2500278fe2d6deee4d8c29415e6c7","isMergeCommit":false,"messageTitle":"error handling","messageBody":"","tags":["A-Exceptions"],"fileTypesAndContributionMap":{"java":{"insertions":112,"deletions":83}}},{"hash":"89824c8e4b1946d60492dfb119b82a4d3ba6d0dd","isMergeCommit":true,"messageTitle":"Merge branch \u0027branch-Level-5\u0027","messageBody":"","tags":["Level-5"],"fileTypesAndContributionMap":{}},{"hash":"557b4fc9783345013ab82c8895eef89cb4b2445c","isMergeCommit":false,"messageTitle":"packaging","messageBody":"","fileTypesAndContributionMap":{"java":{"insertions":0,"deletions":217}}},{"hash":"26ffae254558c098c4aa2ccf37676f3b905b7cf6","isMergeCommit":true,"messageTitle":"Merge branch \u0027branch-A-Packages\u0027","messageBody":"","tags":["A-Packages"],"fileTypesAndContributionMap":{}},{"hash":"19e19103d456afb2e279f335285dd25c655d779b","isMergeCommit":false,"messageTitle":"packaging","messageBody":"","fileTypesAndContributionMap":{"java":{"insertions":234,"deletions":0}}}]},{"date":"2024-09-16","commitResults":[{"hash":"fef1ea9db2eb82440d4237739940321c50a52f34","isMergeCommit":false,"messageTitle":"6,7","messageBody":"","fileTypesAndContributionMap":{"java":{"insertions":149,"deletions":27}}},{"hash":"cc1022f51963497e4291746bfdaf5424845a960f","isMergeCommit":false,"messageTitle":"6,7","messageBody":"","fileTypesAndContributionMap":{"txt":{"insertions":1,"deletions":0},"java":{"insertions":148,"deletions":27}}},{"hash":"b0432f846bd55ac24fe45b35e6b65d3f6d214276","isMergeCommit":true,"messageTitle":"Merge remote-tracking branch \u0027origin/master\u0027","messageBody":"# Conflicts:\n#\tsrc/main/java/Yukee/Yukee.java\n","tags":["Level-7","Level-6","A-Jar","A-Collections"],"fileTypesAndContributionMap":{}}]},{"date":"2024-09-17","commitResults":[{"hash":"1d875534c24e71407926dcd1eed2f72e3322606c","isMergeCommit":false,"messageTitle":"6,7","messageBody":"","fileTypesAndContributionMap":{"java":{"insertions":3,"deletions":3}}}]},{"date":"2024-10-01","commitResults":[{"hash":"d6fb2034d5d9fa0d2b135d4b30a15586e63418ac","isMergeCommit":false,"messageTitle":"A-MoreOOP","messageBody":"","tags":["Level-8","A-MoreOOP"],"fileTypesAndContributionMap":{"java":{"insertions":353,"deletions":210}}},{"hash":"ed29ea62cefd8528d9464fe3846738348c5522a2","isMergeCommit":false,"messageTitle":"localdatetime","messageBody":"","fileTypesAndContributionMap":{"java":{"insertions":20,"deletions":6}}},{"hash":"112032ec77419ab74215b6471b16f49632e2d849","isMergeCommit":true,"messageTitle":"Merge pull request #1 from YukeeHong/branch-Level-8","messageBody":"localdatetime","fileTypesAndContributionMap":{}},{"hash":"d461dd4c872bd294f9de3623d898d6fc1647d09c","isMergeCommit":false,"messageTitle":"find","messageBody":"","tags":["Level-9"],"fileTypesAndContributionMap":{"java":{"insertions":36,"deletions":2}}},{"hash":"a6cf624d2e6db23cefb82330837312b54f637f31","isMergeCommit":true,"messageTitle":"Merge pull request #2 from YukeeHong/branch-Level-9","messageBody":"find","fileTypesAndContributionMap":{}},{"hash":"a996defd8cfb50ad40e06c9c6357cff7cc1cdf59","isMergeCommit":false,"messageTitle":"A-JavaDoc","messageBody":"","fileTypesAndContributionMap":{"java":{"insertions":311,"deletions":49}}},{"hash":"2c6339da9b42d596f3219e983c1148088467cb08","isMergeCommit":true,"messageTitle":"Merge remote-tracking branch \u0027origin/master\u0027","messageBody":"# Conflicts:\n#\tsrc/main/java/Yukee/Ui.java\n#\tsrc/main/java/Yukee/Yukee.java\n#\tsrc/main/java/Yukee/task/TaskList.java\n","fileTypesAndContributionMap":{}},{"hash":"548ba57d1bfa04c6754db154e496ece5e1d0fa82","isMergeCommit":false,"messageTitle":"A-JavaDoc","messageBody":"","tags":["A-JavaDoc"],"fileTypesAndContributionMap":{"java":{"insertions":3,"deletions":4}}},{"hash":"768839e701b73766029cafad1b6d20c430f601a4","isMergeCommit":false,"messageTitle":"UG","messageBody":"","fileTypesAndContributionMap":{"md":{"insertions":111,"deletions":16}}},{"hash":"83ca06e05bfbf117c973f88022c14c827bd81530","isMergeCommit":false,"messageTitle":"UG_new","messageBody":"","tags":["A-UserGuide"],"fileTypesAndContributionMap":{"md":{"insertions":9,"deletions":10}}},{"hash":"8a507370b95dc0b59a95cf43b3422b04d0054689","isMergeCommit":false,"messageTitle":"Update README.md","messageBody":"","fileTypesAndContributionMap":{"md":{"insertions":1,"deletions":1}}}]},{"date":"2024-10-02","commitResults":[{"hash":"d44f696cc6ed77027aa5cd067552b8e1c95cd6bf","isMergeCommit":false,"messageTitle":"UG_new","messageBody":"","fileTypesAndContributionMap":{"md":{"insertions":1,"deletions":1}}},{"hash":"38e9a0eee1945a3b03f403246870022b8dce4815","isMergeCommit":true,"messageTitle":"Merge pull request #3 from YukeeHong/branch-A-JavaDoc","messageBody":"UG_new","fileTypesAndContributionMap":{}}]},{"date":"2024-10-07","commitResults":[{"hash":"9ad70992752c0dcc37ef8c1aceb11962d0c78c65","isMergeCommit":false,"messageTitle":"10.7","messageBody":"","fileTypesAndContributionMap":{"java":{"insertions":13,"deletions":6},"md":{"insertions":11,"deletions":11}}},{"hash":"760f733a96d65847f25856f0d473fb34126dfc26","isMergeCommit":true,"messageTitle":"Merge remote-tracking branch \u0027origin/master\u0027","messageBody":"# Conflicts:\n#\tdocs/README.md\n","fileTypesAndContributionMap":{}},{"hash":"0bcfe8eb7b2348389f4a3e2670f226a4d8cd1ea5","isMergeCommit":false,"messageTitle":"10.7","messageBody":"","tags":["A-Release"],"fileTypesAndContributionMap":{"md":{"insertions":11,"deletions":11}}}]},{"date":"2024-10-10","commitResults":[{"hash":"f41f5d812bb7760f0499313d4148f65d7fc90d1d","isMergeCommit":false,"messageTitle":"latest","messageBody":"","tags":["V3.0"],"fileTypesAndContributionMap":{"java":{"insertions":79,"deletions":25}}}]},{"date":"2024-10-11","commitResults":[{"hash":"92fd6e7ccab4e6b12cb0d284c22c3ce4764ced4d","isMergeCommit":false,"messageTitle":"latest","messageBody":"","tags":["V4.0"],"fileTypesAndContributionMap":{"txt":{"insertions":2,"deletions":0},"java":{"insertions":123,"deletions":101},"md":{"insertions":33,"deletions":18}}}]}]},"authorFileTypeContributionMap":{"YukeeHong":{"java":856,"md":126,"fxml":0,"sh":1,"bat":0,"gradle":0,"txt":10}},"authorContributionVariance":{"YukeeHong":31990.664},"authorDisplayNameMap":{"YukeeHong":"CS2113-W10-4 ZHAI..HONG"}}
