{"authorDailyContributionsMap":{"YukeeHong":[{"date":"2024-08-27","commitResults":[{"hash":"f1caf56a2a625e9ae49bd054c43366c0f3c3010f","isMergeCommit":false,"messageTitle":"level-0","messageBody":"","fileTypesAndContributionMap":{"java":{"insertions":12,"deletions":10}}},{"hash":"3c89782edc0181f865e87aaedd5992e05e009b1e","isMergeCommit":false,"messageTitle":"level-0 level-1/2","messageBody":"","tags":["Level-3","Level-2","Level-1","Level-0","A-CodingStandard"],"fileTypesAndContributionMap":{"java":{"insertions":74,"deletions":3}}},{"hash":"e9fc367115b2cdeb6235870e04615dcbcbbf9ffd","isMergeCommit":false,"messageTitle":"level-0 level-1/2 level-3","messageBody":"","fileTypesAndContributionMap":{"java":{"insertions":2,"deletions":2}}}]}]},"authorFileTypeContributionMap":{"YukeeHong":{"java":83,"md":0,"fxml":0,"sh":0,"bat":0,"gradle":0,"txt":0}},"authorContributionVariance":{"YukeeHong":810.40967},"authorDisplayNameMap":{"YukeeHong":"CS2113-W10-4 ZHAI..HONG"}}
