{"authorDailyContributionsMap":{"Zhang-Zhitong":[{"date":"2024-08-30","commitResults":[{"hash":"e5b61e16455568ddd2776fdead9ee951a1ad8498","isMergeCommit":false,"messageTitle":"added commands class","messageBody":"","tags":["Level-0"],"fileTypesAndContributionMap":{"java":{"insertions":12,"deletions":10}}},{"hash":"a99766a4c6bdd26d52fa4e50b4c26c5c98c1c038","isMergeCommit":false,"messageTitle":"added commands class","messageBody":"","fileTypesAndContributionMap":{"java":{"insertions":34,"deletions":2}}}]},{"date":"2024-09-04","commitResults":[{"hash":"f17a40fd4b91c4d3d8ccb7e2044a159ddf09316c","isMergeCommit":false,"messageTitle":"added an exit condition. made echo actually work","messageBody":"","tags":["Level-1"],"fileTypesAndContributionMap":{"java":{"insertions":16,"deletions":4}}},{"hash":"18ea09879dfc7f13e93a0c1bdf1c01991ad500c2","isMergeCommit":false,"messageTitle":"added Texts class to contain string constants used by text","messageBody":"","fileTypesAndContributionMap":{"java":{"insertions":12,"deletions":8}}},{"hash":"c9f4e1cc9f5d615aaf432ae85b01cac0989e4fcf","isMergeCommit":false,"messageTitle":"added list function","messageBody":"","tags":["Level-2"],"fileTypesAndContributionMap":{"java":{"insertions":20,"deletions":10}}},{"hash":"10b1dd81c6d83a5ae9afc8dc881e801faace6116","isMergeCommit":false,"messageTitle":"added mark unmark feature.","messageBody":"","fileTypesAndContributionMap":{"java":{"insertions":27,"deletions":13}}},{"hash":"73edcfc683c357066a4acef7657001c05b918d93","isMergeCommit":false,"messageTitle":"added task.java to git","messageBody":"","tags":["Level-3","A-CodingStandard","A-Classes"],"fileTypesAndContributionMap":{"java":{"insertions":36,"deletions":0}}}]}]},"authorFileTypeContributionMap":{"Zhang-Zhitong":{"java":120,"md":0,"fxml":0,"sh":0,"bat":0,"gradle":0,"txt":0}},"authorContributionVariance":{"Zhang-Zhitong":1129.9601},"authorDisplayNameMap":{"Zhang-Zhitong":"CS2113-W12-4 ZHAN..TONG"}}
