{"authorDailyContributionsMap":{"Dri-water":[{"date":"2024-08-22","commitResults":[{"hash":"bc886419e6633da39f2f48070d6188c8fc8ffc11","isMergeCommit":false,"messageTitle":"Implement Archibald greeter chatbot","messageBody":"","fileTypesAndContributionMap":{"java":{"insertions":8,"deletions":10},"bat":{"insertions":2,"deletions":2},"sh":{"insertions":2,"deletions":2},"md":{"insertions":9,"deletions":11}}}]}]},"authorFileTypeContributionMap":{"Dri-water":{"java":8,"md":9,"fxml":0,"sh":2,"bat":2,"gradle":0,"txt":0}},"authorContributionVariance":{"Dri-water":259.10202},"authorDisplayNameMap":{"Dri-water":"JONA..SEET"}}
