[{"path":"src/main/java/Deadline.java","fileType":"java","lines":[{"lineNumber":1,"author":{"gitId":"DucPhong135"},"content":"public class Deadline extends Task {","lastModifiedDate":"2024-09-04","isFullCredit":false},{"lineNumber":2,"author":{"gitId":"DucPhong135"},"content":"","lastModifiedDate":"2024-09-04","isFullCredit":false},{"lineNumber":3,"author":{"gitId":"DucPhong135"},"content":"    protected String by;","lastModifiedDate":"2024-09-04","isFullCredit":false},{"lineNumber":4,"author":{"gitId":"DucPhong135"},"content":"","lastModifiedDate":"2024-09-04","isFullCredit":false},{"lineNumber":5,"author":{"gitId":"DucPhong135"},"content":"    public Deadline(String description, String by) {","lastModifiedDate":"2024-09-04","isFullCredit":false},{"lineNumber":6,"author":{"gitId":"DucPhong135"},"content":"        super(description);","lastModifiedDate":"2024-09-04","isFullCredit":false},{"lineNumber":7,"author":{"gitId":"DucPhong135"},"content":"        this.by \u003d by;","lastModifiedDate":"2024-09-04","isFullCredit":false},{"lineNumber":8,"author":{"gitId":"DucPhong135"},"content":"    }","lastModifiedDate":"2024-09-04","isFullCredit":false},{"lineNumber":9,"author":{"gitId":"DucPhong135"},"content":"","lastModifiedDate":"2024-09-04","isFullCredit":false},{"lineNumber":10,"author":{"gitId":"DucPhong135"},"content":"    @Override","lastModifiedDate":"2024-09-04","isFullCredit":false},{"lineNumber":11,"author":{"gitId":"DucPhong135"},"content":"    public String toString() {","lastModifiedDate":"2024-09-04","isFullCredit":false},{"lineNumber":12,"author":{"gitId":"DucPhong135"},"content":"        return \"[D]\" + super.toString() + \" (by: \" + by + \")\";","lastModifiedDate":"2024-09-04","isFullCredit":false},{"lineNumber":13,"author":{"gitId":"DucPhong135"},"content":"    }","lastModifiedDate":"2024-09-04","isFullCredit":false},{"lineNumber":14,"author":{"gitId":"DucPhong135"},"content":"","lastModifiedDate":"2024-09-04","isFullCredit":false},{"lineNumber":15,"author":{"gitId":"DucPhong135"},"content":"","lastModifiedDate":"2024-09-04","isFullCredit":false},{"lineNumber":16,"author":{"gitId":"DucPhong135"},"content":"}","lastModifiedDate":"2024-09-04","isFullCredit":false}],"authorContributionMap":{"DucPhong135":16}},{"path":"src/main/java/Duke.java","fileType":"java","lines":[{"lineNumber":1,"author":{"gitId":"DucPhong135"},"content":"import java.util.Scanner;","lastModifiedDate":"2024-08-29","isFullCredit":false},{"lineNumber":2,"author":{"gitId":"DucPhong135"},"content":"","lastModifiedDate":"2024-08-29","isFullCredit":false},{"lineNumber":3,"author":{"gitId":"-"},"content":"public class Duke {","lastModifiedDate":"2019-07-29","isFullCredit":false},{"lineNumber":4,"author":{"gitId":"DucPhong135"},"content":"","lastModifiedDate":"2024-08-29","isFullCredit":false},{"lineNumber":5,"author":{"gitId":"DucPhong135"},"content":"    //taskList variable for level-2 onwards","lastModifiedDate":"2024-08-29","isFullCredit":false},{"lineNumber":6,"author":{"gitId":"DucPhong135"},"content":"    private static Task[] taskList \u003d new Task[100];","lastModifiedDate":"2024-08-29","isFullCredit":false},{"lineNumber":7,"author":{"gitId":"DucPhong135"},"content":"    //task count","lastModifiedDate":"2024-08-29","isFullCredit":false},{"lineNumber":8,"author":{"gitId":"DucPhong135"},"content":"    private static int taskCount \u003d 0;","lastModifiedDate":"2024-08-29","isFullCredit":false},{"lineNumber":9,"author":{"gitId":"DucPhong135"},"content":"","lastModifiedDate":"2024-08-29","isFullCredit":false},{"lineNumber":10,"author":{"gitId":"DucPhong135"},"content":"","lastModifiedDate":"2024-08-29","isFullCredit":false},{"lineNumber":11,"author":{"gitId":"DucPhong135"},"content":"    //echo function for level-1","lastModifiedDate":"2024-08-29","isFullCredit":false},{"lineNumber":12,"author":{"gitId":"DucPhong135"},"content":"    public static void echo(String message) {","lastModifiedDate":"2024-08-29","isFullCredit":false},{"lineNumber":13,"author":{"gitId":"DucPhong135"},"content":"        System.out.println(message);","lastModifiedDate":"2024-08-29","isFullCredit":false},{"lineNumber":14,"author":{"gitId":"DucPhong135"},"content":"    }","lastModifiedDate":"2024-08-29","isFullCredit":false},{"lineNumber":15,"author":{"gitId":"DucPhong135"},"content":"","lastModifiedDate":"2024-08-29","isFullCredit":false},{"lineNumber":16,"author":{"gitId":"DucPhong135"},"content":"","lastModifiedDate":"2024-08-29","isFullCredit":false},{"lineNumber":17,"author":{"gitId":"DucPhong135"},"content":"    //add function for level-2","lastModifiedDate":"2024-08-29","isFullCredit":false},{"lineNumber":18,"author":{"gitId":"DucPhong135"},"content":"    public static void add(String task) {","lastModifiedDate":"2024-08-29","isFullCredit":false},{"lineNumber":19,"author":{"gitId":"DucPhong135"},"content":"        Task newTask \u003d new Task(task);","lastModifiedDate":"2024-08-29","isFullCredit":false},{"lineNumber":20,"author":{"gitId":"DucPhong135"},"content":"        taskList[taskCount] \u003d newTask;","lastModifiedDate":"2024-08-29","isFullCredit":false},{"lineNumber":21,"author":{"gitId":"DucPhong135"},"content":"        taskCount++;","lastModifiedDate":"2024-08-29","isFullCredit":false},{"lineNumber":22,"author":{"gitId":"DucPhong135"},"content":"        System.out.println(\"added: \" + task);","lastModifiedDate":"2024-08-29","isFullCredit":false},{"lineNumber":23,"author":{"gitId":"DucPhong135"},"content":"    }","lastModifiedDate":"2024-08-29","isFullCredit":false},{"lineNumber":24,"author":{"gitId":"DucPhong135"},"content":"","lastModifiedDate":"2024-08-29","isFullCredit":false},{"lineNumber":25,"author":{"gitId":"DucPhong135"},"content":"","lastModifiedDate":"2024-09-04","isFullCredit":false},{"lineNumber":26,"author":{"gitId":"DucPhong135"},"content":"    //list function for level-2","lastModifiedDate":"2024-09-04","isFullCredit":false},{"lineNumber":27,"author":{"gitId":"DucPhong135"},"content":"    public static void list() {","lastModifiedDate":"2024-09-04","isFullCredit":false},{"lineNumber":28,"author":{"gitId":"DucPhong135"},"content":"        for (int i \u003d 0; i \u003c taskCount; i++) {","lastModifiedDate":"2024-09-04","isFullCredit":false},{"lineNumber":29,"author":{"gitId":"DucPhong135"},"content":"            System.out.print((i + 1) + \". \");","lastModifiedDate":"2024-09-04","isFullCredit":false},{"lineNumber":30,"author":{"gitId":"DucPhong135"},"content":"            System.out.println(taskList[i].toString());","lastModifiedDate":"2024-09-04","isFullCredit":false},{"lineNumber":31,"author":{"gitId":"DucPhong135"},"content":"        }","lastModifiedDate":"2024-09-04","isFullCredit":false},{"lineNumber":32,"author":{"gitId":"DucPhong135"},"content":"    }","lastModifiedDate":"2024-09-04","isFullCredit":false},{"lineNumber":33,"author":{"gitId":"DucPhong135"},"content":"","lastModifiedDate":"2024-09-04","isFullCredit":false},{"lineNumber":34,"author":{"gitId":"DucPhong135"},"content":"","lastModifiedDate":"2024-09-04","isFullCredit":false},{"lineNumber":35,"author":{"gitId":"DucPhong135"},"content":"    //mark function for level-3","lastModifiedDate":"2024-09-04","isFullCredit":false},{"lineNumber":36,"author":{"gitId":"DucPhong135"},"content":"    public void mark(int index) throws DukeException {","lastModifiedDate":"2024-09-10","isFullCredit":false},{"lineNumber":37,"author":{"gitId":"DucPhong135"},"content":"        try {","lastModifiedDate":"2024-09-10","isFullCredit":false},{"lineNumber":38,"author":{"gitId":"DucPhong135"},"content":"            checkMarkUnmarkInput(index);","lastModifiedDate":"2024-09-10","isFullCredit":false},{"lineNumber":39,"author":{"gitId":"DucPhong135"},"content":"            System.out.println(\"Nice! I\u0027ve marked this task as done:\");","lastModifiedDate":"2024-09-04","isFullCredit":false},{"lineNumber":40,"author":{"gitId":"DucPhong135"},"content":"            taskList[index - 1].markAsDone();","lastModifiedDate":"2024-09-04","isFullCredit":false},{"lineNumber":41,"author":{"gitId":"DucPhong135"},"content":"        } catch (DukeException e) {","lastModifiedDate":"2024-09-10","isFullCredit":false},{"lineNumber":42,"author":{"gitId":"DucPhong135"},"content":"            e.displayMessage();","lastModifiedDate":"2024-09-10","isFullCredit":false},{"lineNumber":43,"author":{"gitId":"DucPhong135"},"content":"        }","lastModifiedDate":"2024-09-10","isFullCredit":false},{"lineNumber":44,"author":{"gitId":"DucPhong135"},"content":"","lastModifiedDate":"2024-09-10","isFullCredit":false},{"lineNumber":45,"author":{"gitId":"DucPhong135"},"content":"    }","lastModifiedDate":"2024-09-04","isFullCredit":false},{"lineNumber":46,"author":{"gitId":"DucPhong135"},"content":"","lastModifiedDate":"2024-09-04","isFullCredit":false},{"lineNumber":47,"author":{"gitId":"DucPhong135"},"content":"","lastModifiedDate":"2024-09-04","isFullCredit":false},{"lineNumber":48,"author":{"gitId":"DucPhong135"},"content":"    //unmark function for level-3","lastModifiedDate":"2024-09-04","isFullCredit":false},{"lineNumber":49,"author":{"gitId":"DucPhong135"},"content":"    public void unmark(int index) throws DukeException {","lastModifiedDate":"2024-09-10","isFullCredit":false},{"lineNumber":50,"author":{"gitId":"DucPhong135"},"content":"        try {","lastModifiedDate":"2024-09-10","isFullCredit":false},{"lineNumber":51,"author":{"gitId":"DucPhong135"},"content":"            checkMarkUnmarkInput(index);","lastModifiedDate":"2024-09-10","isFullCredit":false},{"lineNumber":52,"author":{"gitId":"DucPhong135"},"content":"            System.out.println(\"Ok, I\u0027ve marked this task as not done yet:\");","lastModifiedDate":"2024-09-04","isFullCredit":false},{"lineNumber":53,"author":{"gitId":"DucPhong135"},"content":"            taskList[index - 1].markAsNotDone();","lastModifiedDate":"2024-09-04","isFullCredit":false},{"lineNumber":54,"author":{"gitId":"DucPhong135"},"content":"        } catch (DukeException e) {","lastModifiedDate":"2024-09-10","isFullCredit":false},{"lineNumber":55,"author":{"gitId":"DucPhong135"},"content":"            e.displayMessage();","lastModifiedDate":"2024-09-10","isFullCredit":false},{"lineNumber":56,"author":{"gitId":"DucPhong135"},"content":"        }","lastModifiedDate":"2024-09-10","isFullCredit":false},{"lineNumber":57,"author":{"gitId":"DucPhong135"},"content":"    }","lastModifiedDate":"2024-09-04","isFullCredit":false},{"lineNumber":58,"author":{"gitId":"DucPhong135"},"content":"","lastModifiedDate":"2024-09-04","isFullCredit":false},{"lineNumber":59,"author":{"gitId":"DucPhong135"},"content":"","lastModifiedDate":"2024-09-04","isFullCredit":false},{"lineNumber":60,"author":{"gitId":"DucPhong135"},"content":"    //add toDo task for level-4","lastModifiedDate":"2024-09-04","isFullCredit":false},{"lineNumber":61,"author":{"gitId":"DucPhong135"},"content":"    public static void addToDo(String[] inputComponent) throws DukeException {","lastModifiedDate":"2024-09-10","isFullCredit":false},{"lineNumber":62,"author":{"gitId":"DucPhong135"},"content":"        String description \u003d \"\";","lastModifiedDate":"2024-09-04","isFullCredit":false},{"lineNumber":63,"author":{"gitId":"DucPhong135"},"content":"","lastModifiedDate":"2024-09-04","isFullCredit":false},{"lineNumber":64,"author":{"gitId":"DucPhong135"},"content":"        for (int i \u003d 1; i \u003c inputComponent.length; i++) {","lastModifiedDate":"2024-09-04","isFullCredit":false},{"lineNumber":65,"author":{"gitId":"DucPhong135"},"content":"            description +\u003d inputComponent[i];","lastModifiedDate":"2024-09-04","isFullCredit":false},{"lineNumber":66,"author":{"gitId":"DucPhong135"},"content":"            description +\u003d \" \";","lastModifiedDate":"2024-09-04","isFullCredit":false},{"lineNumber":67,"author":{"gitId":"DucPhong135"},"content":"        }","lastModifiedDate":"2024-09-04","isFullCredit":false},{"lineNumber":68,"author":{"gitId":"DucPhong135"},"content":"","lastModifiedDate":"2024-09-04","isFullCredit":false},{"lineNumber":69,"author":{"gitId":"DucPhong135"},"content":"        try {","lastModifiedDate":"2024-09-10","isFullCredit":false},{"lineNumber":70,"author":{"gitId":"DucPhong135"},"content":"            checkTodoInput(description);","lastModifiedDate":"2024-09-10","isFullCredit":false},{"lineNumber":71,"author":{"gitId":"DucPhong135"},"content":"            taskList[taskCount] \u003d new ToDo(description.trim());","lastModifiedDate":"2024-09-04","isFullCredit":false},{"lineNumber":72,"author":{"gitId":"DucPhong135"},"content":"            System.out.println(\"Got it. I\u0027ve added this task:\");","lastModifiedDate":"2024-09-04","isFullCredit":false},{"lineNumber":73,"author":{"gitId":"DucPhong135"},"content":"            System.out.println(taskList[taskCount].toString());","lastModifiedDate":"2024-09-04","isFullCredit":false},{"lineNumber":74,"author":{"gitId":"DucPhong135"},"content":"            taskCount++;","lastModifiedDate":"2024-09-04","isFullCredit":false},{"lineNumber":75,"author":{"gitId":"DucPhong135"},"content":"            System.out.println(\"Now you have \" + taskCount + \" tasks in the list\");","lastModifiedDate":"2024-09-04","isFullCredit":false},{"lineNumber":76,"author":{"gitId":"DucPhong135"},"content":"        } catch (DukeException e) {","lastModifiedDate":"2024-09-10","isFullCredit":false},{"lineNumber":77,"author":{"gitId":"DucPhong135"},"content":"            e.displayMessage();","lastModifiedDate":"2024-09-10","isFullCredit":false},{"lineNumber":78,"author":{"gitId":"DucPhong135"},"content":"        }","lastModifiedDate":"2024-09-10","isFullCredit":false},{"lineNumber":79,"author":{"gitId":"DucPhong135"},"content":"","lastModifiedDate":"2024-09-10","isFullCredit":false},{"lineNumber":80,"author":{"gitId":"DucPhong135"},"content":"    }","lastModifiedDate":"2024-09-04","isFullCredit":false},{"lineNumber":81,"author":{"gitId":"DucPhong135"},"content":"","lastModifiedDate":"2024-09-04","isFullCredit":false},{"lineNumber":82,"author":{"gitId":"DucPhong135"},"content":"","lastModifiedDate":"2024-09-04","isFullCredit":false},{"lineNumber":83,"author":{"gitId":"DucPhong135"},"content":"    //add deadline task for level-4","lastModifiedDate":"2024-09-04","isFullCredit":false},{"lineNumber":84,"author":{"gitId":"DucPhong135"},"content":"    public static void addDeadline(String[] inputComponent) throws DukeException {","lastModifiedDate":"2024-09-10","isFullCredit":false},{"lineNumber":85,"author":{"gitId":"DucPhong135"},"content":"        String description \u003d \"\";","lastModifiedDate":"2024-09-04","isFullCredit":false},{"lineNumber":86,"author":{"gitId":"DucPhong135"},"content":"        String by \u003d \"\";","lastModifiedDate":"2024-09-04","isFullCredit":false},{"lineNumber":87,"author":{"gitId":"DucPhong135"},"content":"        int state \u003d 0;//transition from \"description\" to \"by\" string","lastModifiedDate":"2024-09-04","isFullCredit":false},{"lineNumber":88,"author":{"gitId":"DucPhong135"},"content":"","lastModifiedDate":"2024-09-04","isFullCredit":false},{"lineNumber":89,"author":{"gitId":"DucPhong135"},"content":"","lastModifiedDate":"2024-09-04","isFullCredit":false},{"lineNumber":90,"author":{"gitId":"DucPhong135"},"content":"        for (int i \u003d 1; i \u003c inputComponent.length; i++) {","lastModifiedDate":"2024-09-04","isFullCredit":false},{"lineNumber":91,"author":{"gitId":"DucPhong135"},"content":"            if (inputComponent[i].equals(\"/by\")) {","lastModifiedDate":"2024-09-04","isFullCredit":false},{"lineNumber":92,"author":{"gitId":"DucPhong135"},"content":"                state +\u003d 1;","lastModifiedDate":"2024-09-10","isFullCredit":false},{"lineNumber":93,"author":{"gitId":"DucPhong135"},"content":"            } else {","lastModifiedDate":"2024-09-04","isFullCredit":false},{"lineNumber":94,"author":{"gitId":"DucPhong135"},"content":"                if (state \u003d\u003d 1) {","lastModifiedDate":"2024-09-04","isFullCredit":false},{"lineNumber":95,"author":{"gitId":"DucPhong135"},"content":"                    by +\u003d inputComponent[i];","lastModifiedDate":"2024-09-04","isFullCredit":false},{"lineNumber":96,"author":{"gitId":"DucPhong135"},"content":"                    by +\u003d \" \";","lastModifiedDate":"2024-09-04","isFullCredit":false},{"lineNumber":97,"author":{"gitId":"DucPhong135"},"content":"                } else {","lastModifiedDate":"2024-09-04","isFullCredit":false},{"lineNumber":98,"author":{"gitId":"DucPhong135"},"content":"                    description +\u003d inputComponent[i];","lastModifiedDate":"2024-09-04","isFullCredit":false},{"lineNumber":99,"author":{"gitId":"DucPhong135"},"content":"                    description +\u003d \" \";","lastModifiedDate":"2024-09-04","isFullCredit":false},{"lineNumber":100,"author":{"gitId":"DucPhong135"},"content":"                }","lastModifiedDate":"2024-09-04","isFullCredit":false},{"lineNumber":101,"author":{"gitId":"DucPhong135"},"content":"            }","lastModifiedDate":"2024-09-04","isFullCredit":false},{"lineNumber":102,"author":{"gitId":"DucPhong135"},"content":"        }","lastModifiedDate":"2024-09-04","isFullCredit":false},{"lineNumber":103,"author":{"gitId":"DucPhong135"},"content":"","lastModifiedDate":"2024-09-04","isFullCredit":false},{"lineNumber":104,"author":{"gitId":"DucPhong135"},"content":"        try {","lastModifiedDate":"2024-09-10","isFullCredit":false},{"lineNumber":105,"author":{"gitId":"DucPhong135"},"content":"            checkDeadlineInput(description, state);","lastModifiedDate":"2024-09-10","isFullCredit":false},{"lineNumber":106,"author":{"gitId":"DucPhong135"},"content":"            taskList[taskCount] \u003d new Deadline(description.trim(), by.trim());","lastModifiedDate":"2024-09-04","isFullCredit":false},{"lineNumber":107,"author":{"gitId":"DucPhong135"},"content":"            System.out.println(\"Got it. I\u0027ve added this task:\");","lastModifiedDate":"2024-09-04","isFullCredit":false},{"lineNumber":108,"author":{"gitId":"DucPhong135"},"content":"            System.out.println(taskList[taskCount].toString());","lastModifiedDate":"2024-09-04","isFullCredit":false},{"lineNumber":109,"author":{"gitId":"DucPhong135"},"content":"            taskCount++;","lastModifiedDate":"2024-09-04","isFullCredit":false},{"lineNumber":110,"author":{"gitId":"DucPhong135"},"content":"            System.out.println(\"Now you have \" + taskCount + \" tasks in the list\");","lastModifiedDate":"2024-09-04","isFullCredit":false},{"lineNumber":111,"author":{"gitId":"DucPhong135"},"content":"        } catch (DukeException e) {","lastModifiedDate":"2024-09-10","isFullCredit":false},{"lineNumber":112,"author":{"gitId":"DucPhong135"},"content":"            e.displayMessage();","lastModifiedDate":"2024-09-10","isFullCredit":false},{"lineNumber":113,"author":{"gitId":"DucPhong135"},"content":"        }","lastModifiedDate":"2024-09-10","isFullCredit":false},{"lineNumber":114,"author":{"gitId":"DucPhong135"},"content":"","lastModifiedDate":"2024-09-10","isFullCredit":false},{"lineNumber":115,"author":{"gitId":"DucPhong135"},"content":"    }","lastModifiedDate":"2024-09-04","isFullCredit":false},{"lineNumber":116,"author":{"gitId":"DucPhong135"},"content":"","lastModifiedDate":"2024-09-04","isFullCredit":false},{"lineNumber":117,"author":{"gitId":"DucPhong135"},"content":"","lastModifiedDate":"2024-09-04","isFullCredit":false},{"lineNumber":118,"author":{"gitId":"DucPhong135"},"content":"    //add event task for level-4","lastModifiedDate":"2024-09-04","isFullCredit":false},{"lineNumber":119,"author":{"gitId":"DucPhong135"},"content":"    public static void addEvent(String[] inputComponent) {","lastModifiedDate":"2024-09-04","isFullCredit":false},{"lineNumber":120,"author":{"gitId":"DucPhong135"},"content":"        String description \u003d \"\";","lastModifiedDate":"2024-09-04","isFullCredit":false},{"lineNumber":121,"author":{"gitId":"DucPhong135"},"content":"        String from \u003d \"\";","lastModifiedDate":"2024-09-04","isFullCredit":false},{"lineNumber":122,"author":{"gitId":"DucPhong135"},"content":"        String to \u003d \"\";","lastModifiedDate":"2024-09-04","isFullCredit":false},{"lineNumber":123,"author":{"gitId":"DucPhong135"},"content":"        int state \u003d 0;//transition from \"description\" to \"from\" to \"to\" string","lastModifiedDate":"2024-09-04","isFullCredit":false},{"lineNumber":124,"author":{"gitId":"DucPhong135"},"content":"","lastModifiedDate":"2024-09-04","isFullCredit":false},{"lineNumber":125,"author":{"gitId":"DucPhong135"},"content":"","lastModifiedDate":"2024-09-04","isFullCredit":false},{"lineNumber":126,"author":{"gitId":"DucPhong135"},"content":"        for (int i \u003d 1; i \u003c inputComponent.length; i++) {","lastModifiedDate":"2024-09-04","isFullCredit":false},{"lineNumber":127,"author":{"gitId":"DucPhong135"},"content":"            if (inputComponent[i].equals(\"/from\")) {","lastModifiedDate":"2024-09-04","isFullCredit":false},{"lineNumber":128,"author":{"gitId":"DucPhong135"},"content":"                state \u003d 1;","lastModifiedDate":"2024-09-04","isFullCredit":false},{"lineNumber":129,"author":{"gitId":"DucPhong135"},"content":"            } else if (inputComponent[i].equals(\"/to\")) {","lastModifiedDate":"2024-09-04","isFullCredit":false},{"lineNumber":130,"author":{"gitId":"DucPhong135"},"content":"                state \u003d 2;","lastModifiedDate":"2024-09-04","isFullCredit":false},{"lineNumber":131,"author":{"gitId":"DucPhong135"},"content":"            } else {","lastModifiedDate":"2024-09-04","isFullCredit":false},{"lineNumber":132,"author":{"gitId":"DucPhong135"},"content":"                if (state \u003d\u003d 1) {","lastModifiedDate":"2024-09-04","isFullCredit":false},{"lineNumber":133,"author":{"gitId":"DucPhong135"},"content":"                    from +\u003d inputComponent[i];","lastModifiedDate":"2024-09-04","isFullCredit":false},{"lineNumber":134,"author":{"gitId":"DucPhong135"},"content":"                    from +\u003d \" \";","lastModifiedDate":"2024-09-04","isFullCredit":false},{"lineNumber":135,"author":{"gitId":"DucPhong135"},"content":"                } else if (state \u003d\u003d 2) {","lastModifiedDate":"2024-09-04","isFullCredit":false},{"lineNumber":136,"author":{"gitId":"DucPhong135"},"content":"                    to +\u003d inputComponent[i];","lastModifiedDate":"2024-09-04","isFullCredit":false},{"lineNumber":137,"author":{"gitId":"DucPhong135"},"content":"                    to +\u003d \" \";","lastModifiedDate":"2024-09-04","isFullCredit":false},{"lineNumber":138,"author":{"gitId":"DucPhong135"},"content":"                } else {","lastModifiedDate":"2024-09-04","isFullCredit":false},{"lineNumber":139,"author":{"gitId":"DucPhong135"},"content":"                    description +\u003d inputComponent[i];","lastModifiedDate":"2024-09-04","isFullCredit":false},{"lineNumber":140,"author":{"gitId":"DucPhong135"},"content":"                    description +\u003d \" \";","lastModifiedDate":"2024-09-04","isFullCredit":false},{"lineNumber":141,"author":{"gitId":"DucPhong135"},"content":"                }","lastModifiedDate":"2024-09-04","isFullCredit":false},{"lineNumber":142,"author":{"gitId":"DucPhong135"},"content":"            }","lastModifiedDate":"2024-09-04","isFullCredit":false},{"lineNumber":143,"author":{"gitId":"DucPhong135"},"content":"        }","lastModifiedDate":"2024-09-04","isFullCredit":false},{"lineNumber":144,"author":{"gitId":"DucPhong135"},"content":"","lastModifiedDate":"2024-09-04","isFullCredit":false},{"lineNumber":145,"author":{"gitId":"DucPhong135"},"content":"        try {","lastModifiedDate":"2024-09-10","isFullCredit":false},{"lineNumber":146,"author":{"gitId":"DucPhong135"},"content":"            checkEventInput(description, state);","lastModifiedDate":"2024-09-10","isFullCredit":false},{"lineNumber":147,"author":{"gitId":"DucPhong135"},"content":"            taskList[taskCount] \u003d new Event(description.trim(), from.trim(), to.trim());","lastModifiedDate":"2024-09-04","isFullCredit":false},{"lineNumber":148,"author":{"gitId":"DucPhong135"},"content":"            System.out.println(\"Got it. I\u0027ve added this task:\");","lastModifiedDate":"2024-09-04","isFullCredit":false},{"lineNumber":149,"author":{"gitId":"DucPhong135"},"content":"            System.out.println(taskList[taskCount].toString());","lastModifiedDate":"2024-09-04","isFullCredit":false},{"lineNumber":150,"author":{"gitId":"DucPhong135"},"content":"            taskCount++;","lastModifiedDate":"2024-09-04","isFullCredit":false},{"lineNumber":151,"author":{"gitId":"DucPhong135"},"content":"            System.out.println(\"Now you have \" + taskCount + \" tasks in the list\");","lastModifiedDate":"2024-09-04","isFullCredit":false},{"lineNumber":152,"author":{"gitId":"DucPhong135"},"content":"        } catch (DukeException e) {","lastModifiedDate":"2024-09-10","isFullCredit":false},{"lineNumber":153,"author":{"gitId":"DucPhong135"},"content":"            e.displayMessage();","lastModifiedDate":"2024-09-10","isFullCredit":false},{"lineNumber":154,"author":{"gitId":"DucPhong135"},"content":"        }","lastModifiedDate":"2024-09-10","isFullCredit":false},{"lineNumber":155,"author":{"gitId":"DucPhong135"},"content":"    }","lastModifiedDate":"2024-09-10","isFullCredit":false},{"lineNumber":156,"author":{"gitId":"DucPhong135"},"content":"","lastModifiedDate":"2024-09-10","isFullCredit":false},{"lineNumber":157,"author":{"gitId":"DucPhong135"},"content":"    //exception handler for todo level-5","lastModifiedDate":"2024-09-10","isFullCredit":false},{"lineNumber":158,"author":{"gitId":"DucPhong135"},"content":"    public static void checkTodoInput(String input) throws DukeException {","lastModifiedDate":"2024-09-10","isFullCredit":false},{"lineNumber":159,"author":{"gitId":"DucPhong135"},"content":"        if (input \u003d\u003d null || input.isEmpty()) {","lastModifiedDate":"2024-09-10","isFullCredit":false},{"lineNumber":160,"author":{"gitId":"DucPhong135"},"content":"            // Throw a custom exception for empty input","lastModifiedDate":"2024-09-10","isFullCredit":false},{"lineNumber":161,"author":{"gitId":"DucPhong135"},"content":"            throw new DukeException(\"Description for a todo cannot be empty\");","lastModifiedDate":"2024-09-10","isFullCredit":false},{"lineNumber":162,"author":{"gitId":"DucPhong135"},"content":"        }","lastModifiedDate":"2024-09-10","isFullCredit":false},{"lineNumber":163,"author":{"gitId":"DucPhong135"},"content":"    }","lastModifiedDate":"2024-09-10","isFullCredit":false},{"lineNumber":164,"author":{"gitId":"DucPhong135"},"content":"","lastModifiedDate":"2024-09-10","isFullCredit":false},{"lineNumber":165,"author":{"gitId":"DucPhong135"},"content":"    //exception handler for deadline level-5","lastModifiedDate":"2024-09-10","isFullCredit":false},{"lineNumber":166,"author":{"gitId":"DucPhong135"},"content":"    public static void checkDeadlineInput(String input, int state) throws DukeException {","lastModifiedDate":"2024-09-10","isFullCredit":false},{"lineNumber":167,"author":{"gitId":"DucPhong135"},"content":"        if (input \u003d\u003d null || input.isEmpty()) {","lastModifiedDate":"2024-09-10","isFullCredit":false},{"lineNumber":168,"author":{"gitId":"DucPhong135"},"content":"            // Throw a custom exception for empty input","lastModifiedDate":"2024-09-10","isFullCredit":false},{"lineNumber":169,"author":{"gitId":"DucPhong135"},"content":"            throw new DukeException(\"Description for a deadline cannot be empty\");","lastModifiedDate":"2024-09-10","isFullCredit":false},{"lineNumber":170,"author":{"gitId":"DucPhong135"},"content":"        } else if (state \u003d\u003d 0) {","lastModifiedDate":"2024-09-10","isFullCredit":false},{"lineNumber":171,"author":{"gitId":"DucPhong135"},"content":"            throw new DukeException(\"There is no date for a deadline\");","lastModifiedDate":"2024-09-10","isFullCredit":false},{"lineNumber":172,"author":{"gitId":"DucPhong135"},"content":"        } else if (state \u003e 1) {","lastModifiedDate":"2024-09-10","isFullCredit":false},{"lineNumber":173,"author":{"gitId":"DucPhong135"},"content":"            throw new DukeException(\"Too many /by statement\");","lastModifiedDate":"2024-09-10","isFullCredit":false},{"lineNumber":174,"author":{"gitId":"DucPhong135"},"content":"        }","lastModifiedDate":"2024-09-10","isFullCredit":false},{"lineNumber":175,"author":{"gitId":"DucPhong135"},"content":"    }","lastModifiedDate":"2024-09-10","isFullCredit":false},{"lineNumber":176,"author":{"gitId":"DucPhong135"},"content":"","lastModifiedDate":"2024-09-10","isFullCredit":false},{"lineNumber":177,"author":{"gitId":"DucPhong135"},"content":"","lastModifiedDate":"2024-09-10","isFullCredit":false},{"lineNumber":178,"author":{"gitId":"DucPhong135"},"content":"    //exception handler for event level-5","lastModifiedDate":"2024-09-10","isFullCredit":false},{"lineNumber":179,"author":{"gitId":"DucPhong135"},"content":"    public static void checkEventInput(String input, int state) throws DukeException {","lastModifiedDate":"2024-09-10","isFullCredit":false},{"lineNumber":180,"author":{"gitId":"DucPhong135"},"content":"        if (input \u003d\u003d null || input.isEmpty()) {","lastModifiedDate":"2024-09-10","isFullCredit":false},{"lineNumber":181,"author":{"gitId":"DucPhong135"},"content":"            // Throw a custom exception for empty input","lastModifiedDate":"2024-09-10","isFullCredit":false},{"lineNumber":182,"author":{"gitId":"DucPhong135"},"content":"            throw new DukeException(\"Description for an event cannot be empty\");","lastModifiedDate":"2024-09-10","isFullCredit":false},{"lineNumber":183,"author":{"gitId":"DucPhong135"},"content":"        } else if (state \u003d\u003d 0) {","lastModifiedDate":"2024-09-10","isFullCredit":false},{"lineNumber":184,"author":{"gitId":"DucPhong135"},"content":"            throw new DukeException(\"There is no start and end for this event\");","lastModifiedDate":"2024-09-10","isFullCredit":false},{"lineNumber":185,"author":{"gitId":"DucPhong135"},"content":"        } else if (state \u003d\u003d 1) {","lastModifiedDate":"2024-09-10","isFullCredit":false},{"lineNumber":186,"author":{"gitId":"DucPhong135"},"content":"            throw new DukeException(\"There is no end for this event\");","lastModifiedDate":"2024-09-10","isFullCredit":false},{"lineNumber":187,"author":{"gitId":"DucPhong135"},"content":"        }","lastModifiedDate":"2024-09-10","isFullCredit":false},{"lineNumber":188,"author":{"gitId":"DucPhong135"},"content":"    }","lastModifiedDate":"2024-09-04","isFullCredit":false},{"lineNumber":189,"author":{"gitId":"DucPhong135"},"content":"","lastModifiedDate":"2024-09-04","isFullCredit":false},{"lineNumber":190,"author":{"gitId":"DucPhong135"},"content":"","lastModifiedDate":"2024-08-29","isFullCredit":false},{"lineNumber":191,"author":{"gitId":"DucPhong135"},"content":"    //exception handler for mark and unmark level-5","lastModifiedDate":"2024-09-10","isFullCredit":false},{"lineNumber":192,"author":{"gitId":"DucPhong135"},"content":"    public static void checkMarkUnmarkInput(int index) throws DukeException {","lastModifiedDate":"2024-09-10","isFullCredit":false},{"lineNumber":193,"author":{"gitId":"DucPhong135"},"content":"        if (index \u003c 0 || index \u003e taskCount) {","lastModifiedDate":"2024-09-10","isFullCredit":false},{"lineNumber":194,"author":{"gitId":"DucPhong135"},"content":"            throw new DukeException(\"You have input an invalid index\");","lastModifiedDate":"2024-09-10","isFullCredit":false},{"lineNumber":195,"author":{"gitId":"DucPhong135"},"content":"        }","lastModifiedDate":"2024-09-10","isFullCredit":false},{"lineNumber":196,"author":{"gitId":"DucPhong135"},"content":"    }","lastModifiedDate":"2024-09-10","isFullCredit":false},{"lineNumber":197,"author":{"gitId":"DucPhong135"},"content":"","lastModifiedDate":"2024-09-10","isFullCredit":false},{"lineNumber":198,"author":{"gitId":"DucPhong135"},"content":"    //exception handler for general input level-5","lastModifiedDate":"2024-09-10","isFullCredit":false},{"lineNumber":199,"author":{"gitId":"DucPhong135"},"content":"    public static void checkGeneralInput() throws DukeException {","lastModifiedDate":"2024-09-10","isFullCredit":false},{"lineNumber":200,"author":{"gitId":"DucPhong135"},"content":"        throw new DukeException(\"Sorry I cannot understand that\");","lastModifiedDate":"2024-09-10","isFullCredit":false},{"lineNumber":201,"author":{"gitId":"DucPhong135"},"content":"    }","lastModifiedDate":"2024-09-10","isFullCredit":false},{"lineNumber":202,"author":{"gitId":"DucPhong135"},"content":"","lastModifiedDate":"2024-09-10","isFullCredit":false},{"lineNumber":203,"author":{"gitId":"DucPhong135"},"content":"    //main function to execute the chatbot","lastModifiedDate":"2024-08-29","isFullCredit":false},{"lineNumber":204,"author":{"gitId":"DucPhong135"},"content":"    public void execute() throws DukeException {","lastModifiedDate":"2024-09-10","isFullCredit":false},{"lineNumber":205,"author":{"gitId":"DucPhong135"},"content":"        System.out.println(\"Hello I\u0027m Lambo\");","lastModifiedDate":"2024-08-29","isFullCredit":false},{"lineNumber":206,"author":{"gitId":"DucPhong135"},"content":"        System.out.println(\"What can I do for you?\");","lastModifiedDate":"2024-08-29","isFullCredit":false},{"lineNumber":207,"author":{"gitId":"DucPhong135"},"content":"        Scanner inputReader \u003d new Scanner(System.in);//scanner for receiving input","lastModifiedDate":"2024-08-29","isFullCredit":false},{"lineNumber":208,"author":{"gitId":"DucPhong135"},"content":"","lastModifiedDate":"2024-08-29","isFullCredit":false},{"lineNumber":209,"author":{"gitId":"DucPhong135"},"content":"","lastModifiedDate":"2024-08-29","isFullCredit":false},{"lineNumber":210,"author":{"gitId":"DucPhong135"},"content":"        //Super loop used for receiving inputs continuously and response back to user","lastModifiedDate":"2024-08-29","isFullCredit":false},{"lineNumber":211,"author":{"gitId":"DucPhong135"},"content":"        SuperLoop:","lastModifiedDate":"2024-08-29","isFullCredit":false},{"lineNumber":212,"author":{"gitId":"DucPhong135"},"content":"        while (true) {","lastModifiedDate":"2024-08-29","isFullCredit":false},{"lineNumber":213,"author":{"gitId":"DucPhong135"},"content":"            String input \u003d inputReader.nextLine();","lastModifiedDate":"2024-08-29","isFullCredit":false},{"lineNumber":214,"author":{"gitId":"DucPhong135"},"content":"            String[] inputComponent \u003d input.split(\" \");","lastModifiedDate":"2024-08-29","isFullCredit":false},{"lineNumber":215,"author":{"gitId":"DucPhong135"},"content":"","lastModifiedDate":"2024-08-29","isFullCredit":false},{"lineNumber":216,"author":{"gitId":"DucPhong135"},"content":"            //switch case based on the first word of input line","lastModifiedDate":"2024-08-29","isFullCredit":false},{"lineNumber":217,"author":{"gitId":"DucPhong135"},"content":"            switch (inputComponent[0]) {","lastModifiedDate":"2024-08-29","isFullCredit":false},{"lineNumber":218,"author":{"gitId":"DucPhong135"},"content":"                case \"bye\":","lastModifiedDate":"2024-08-29","isFullCredit":false},{"lineNumber":219,"author":{"gitId":"DucPhong135"},"content":"                    System.out.println(\"Bye. Hope to see you again soon!\");","lastModifiedDate":"2024-08-29","isFullCredit":false},{"lineNumber":220,"author":{"gitId":"DucPhong135"},"content":"                    break SuperLoop;","lastModifiedDate":"2024-08-29","isFullCredit":false},{"lineNumber":221,"author":{"gitId":"DucPhong135"},"content":"                case \"list\":","lastModifiedDate":"2024-08-29","isFullCredit":false},{"lineNumber":222,"author":{"gitId":"DucPhong135"},"content":"                    list();","lastModifiedDate":"2024-08-29","isFullCredit":false},{"lineNumber":223,"author":{"gitId":"DucPhong135"},"content":"                    break;","lastModifiedDate":"2024-08-29","isFullCredit":false},{"lineNumber":224,"author":{"gitId":"DucPhong135"},"content":"                case \"mark\":","lastModifiedDate":"2024-08-29","isFullCredit":false},{"lineNumber":225,"author":{"gitId":"DucPhong135"},"content":"                    try {","lastModifiedDate":"2024-09-10","isFullCredit":false},{"lineNumber":226,"author":{"gitId":"DucPhong135"},"content":"                        mark(Integer.parseInt(inputComponent[1]));","lastModifiedDate":"2024-08-29","isFullCredit":false},{"lineNumber":227,"author":{"gitId":"DucPhong135"},"content":"                    } catch (ArrayIndexOutOfBoundsException e) {","lastModifiedDate":"2024-09-10","isFullCredit":false},{"lineNumber":228,"author":{"gitId":"DucPhong135"},"content":"                        System.out.println(\"Warning: You haven\u0027t input any number\");","lastModifiedDate":"2024-09-10","isFullCredit":false},{"lineNumber":229,"author":{"gitId":"DucPhong135"},"content":"                    }","lastModifiedDate":"2024-09-10","isFullCredit":false},{"lineNumber":230,"author":{"gitId":"DucPhong135"},"content":"                    break;","lastModifiedDate":"2024-08-29","isFullCredit":false},{"lineNumber":231,"author":{"gitId":"DucPhong135"},"content":"                case \"unmark\":","lastModifiedDate":"2024-08-29","isFullCredit":false},{"lineNumber":232,"author":{"gitId":"DucPhong135"},"content":"                    try {","lastModifiedDate":"2024-09-10","isFullCredit":false},{"lineNumber":233,"author":{"gitId":"DucPhong135"},"content":"                        unmark(Integer.parseInt(inputComponent[1]));","lastModifiedDate":"2024-08-29","isFullCredit":false},{"lineNumber":234,"author":{"gitId":"DucPhong135"},"content":"                    } catch (ArrayIndexOutOfBoundsException e) {","lastModifiedDate":"2024-09-10","isFullCredit":false},{"lineNumber":235,"author":{"gitId":"DucPhong135"},"content":"                        System.out.println(\"Warning: You haven\u0027t input any number\");","lastModifiedDate":"2024-09-10","isFullCredit":false},{"lineNumber":236,"author":{"gitId":"DucPhong135"},"content":"                    }","lastModifiedDate":"2024-09-10","isFullCredit":false},{"lineNumber":237,"author":{"gitId":"DucPhong135"},"content":"                    break;","lastModifiedDate":"2024-08-29","isFullCredit":false},{"lineNumber":238,"author":{"gitId":"DucPhong135"},"content":"                case \"todo\":","lastModifiedDate":"2024-09-04","isFullCredit":false},{"lineNumber":239,"author":{"gitId":"DucPhong135"},"content":"                    addToDo(inputComponent);","lastModifiedDate":"2024-09-04","isFullCredit":false},{"lineNumber":240,"author":{"gitId":"DucPhong135"},"content":"                    break;","lastModifiedDate":"2024-09-04","isFullCredit":false},{"lineNumber":241,"author":{"gitId":"DucPhong135"},"content":"                case \"deadline\":","lastModifiedDate":"2024-09-04","isFullCredit":false},{"lineNumber":242,"author":{"gitId":"DucPhong135"},"content":"                    addDeadline(inputComponent);","lastModifiedDate":"2024-09-04","isFullCredit":false},{"lineNumber":243,"author":{"gitId":"DucPhong135"},"content":"                    break;","lastModifiedDate":"2024-09-04","isFullCredit":false},{"lineNumber":244,"author":{"gitId":"DucPhong135"},"content":"                case \"event\":","lastModifiedDate":"2024-09-04","isFullCredit":false},{"lineNumber":245,"author":{"gitId":"DucPhong135"},"content":"                    addEvent(inputComponent);","lastModifiedDate":"2024-09-04","isFullCredit":false},{"lineNumber":246,"author":{"gitId":"DucPhong135"},"content":"                    break;","lastModifiedDate":"2024-09-04","isFullCredit":false},{"lineNumber":247,"author":{"gitId":"DucPhong135"},"content":"                default:","lastModifiedDate":"2024-08-29","isFullCredit":false},{"lineNumber":248,"author":{"gitId":"DucPhong135"},"content":"                    try {","lastModifiedDate":"2024-09-10","isFullCredit":false},{"lineNumber":249,"author":{"gitId":"DucPhong135"},"content":"                        checkGeneralInput(); //check for invalid command","lastModifiedDate":"2024-09-10","isFullCredit":false},{"lineNumber":250,"author":{"gitId":"DucPhong135"},"content":"                    } catch (DukeException e) {","lastModifiedDate":"2024-09-10","isFullCredit":false},{"lineNumber":251,"author":{"gitId":"DucPhong135"},"content":"                        e.displayMessage();","lastModifiedDate":"2024-09-10","isFullCredit":false},{"lineNumber":252,"author":{"gitId":"DucPhong135"},"content":"                    }","lastModifiedDate":"2024-08-29","isFullCredit":false},{"lineNumber":253,"author":{"gitId":"DucPhong135"},"content":"            }","lastModifiedDate":"2024-08-29","isFullCredit":false},{"lineNumber":254,"author":{"gitId":"DucPhong135"},"content":"        }","lastModifiedDate":"2024-08-29","isFullCredit":false},{"lineNumber":255,"author":{"gitId":"-"},"content":"    }","lastModifiedDate":"2019-07-29","isFullCredit":false},{"lineNumber":256,"author":{"gitId":"-"},"content":"}","lastModifiedDate":"2019-07-29","isFullCredit":false}],"authorContributionMap":{"DucPhong135":253,"-":3}},{"path":"src/main/java/DukeException.java","fileType":"java","lines":[{"lineNumber":1,"author":{"gitId":"DucPhong135"},"content":"","lastModifiedDate":"2024-09-10","isFullCredit":false},{"lineNumber":2,"author":{"gitId":"DucPhong135"},"content":"public class DukeException extends Exception {","lastModifiedDate":"2024-09-10","isFullCredit":false},{"lineNumber":3,"author":{"gitId":"DucPhong135"},"content":"","lastModifiedDate":"2024-09-10","isFullCredit":false},{"lineNumber":4,"author":{"gitId":"DucPhong135"},"content":"","lastModifiedDate":"2024-09-10","isFullCredit":false},{"lineNumber":5,"author":{"gitId":"DucPhong135"},"content":"    public DukeException(String message) {","lastModifiedDate":"2024-09-10","isFullCredit":false},{"lineNumber":6,"author":{"gitId":"DucPhong135"},"content":"        super(message);","lastModifiedDate":"2024-09-10","isFullCredit":false},{"lineNumber":7,"author":{"gitId":"DucPhong135"},"content":"    }","lastModifiedDate":"2024-09-10","isFullCredit":false},{"lineNumber":8,"author":{"gitId":"DucPhong135"},"content":"","lastModifiedDate":"2024-09-10","isFullCredit":false},{"lineNumber":9,"author":{"gitId":"DucPhong135"},"content":"    public void displayMessage() {","lastModifiedDate":"2024-09-10","isFullCredit":false},{"lineNumber":10,"author":{"gitId":"DucPhong135"},"content":"        System.out.println(\"Warning: \" + getMessage());","lastModifiedDate":"2024-09-10","isFullCredit":false},{"lineNumber":11,"author":{"gitId":"DucPhong135"},"content":"    }","lastModifiedDate":"2024-09-10","isFullCredit":false},{"lineNumber":12,"author":{"gitId":"DucPhong135"},"content":"","lastModifiedDate":"2024-09-10","isFullCredit":false},{"lineNumber":13,"author":{"gitId":"DucPhong135"},"content":"}","lastModifiedDate":"2024-09-10","isFullCredit":false}],"authorContributionMap":{"DucPhong135":13}},{"path":"src/main/java/Event.java","fileType":"java","lines":[{"lineNumber":1,"author":{"gitId":"DucPhong135"},"content":"public class Event extends Task {","lastModifiedDate":"2024-09-04","isFullCredit":false},{"lineNumber":2,"author":{"gitId":"DucPhong135"},"content":"    protected String from;","lastModifiedDate":"2024-09-04","isFullCredit":false},{"lineNumber":3,"author":{"gitId":"DucPhong135"},"content":"    protected String to;","lastModifiedDate":"2024-09-04","isFullCredit":false},{"lineNumber":4,"author":{"gitId":"DucPhong135"},"content":"","lastModifiedDate":"2024-09-04","isFullCredit":false},{"lineNumber":5,"author":{"gitId":"DucPhong135"},"content":"    public Event(String description, String from, String to) {","lastModifiedDate":"2024-09-04","isFullCredit":false},{"lineNumber":6,"author":{"gitId":"DucPhong135"},"content":"        super(description);","lastModifiedDate":"2024-09-04","isFullCredit":false},{"lineNumber":7,"author":{"gitId":"DucPhong135"},"content":"        this.from \u003d from;","lastModifiedDate":"2024-09-04","isFullCredit":false},{"lineNumber":8,"author":{"gitId":"DucPhong135"},"content":"        this.to \u003d to;","lastModifiedDate":"2024-09-04","isFullCredit":false},{"lineNumber":9,"author":{"gitId":"DucPhong135"},"content":"    }","lastModifiedDate":"2024-09-04","isFullCredit":false},{"lineNumber":10,"author":{"gitId":"DucPhong135"},"content":"","lastModifiedDate":"2024-09-04","isFullCredit":false},{"lineNumber":11,"author":{"gitId":"DucPhong135"},"content":"    @Override","lastModifiedDate":"2024-09-04","isFullCredit":false},{"lineNumber":12,"author":{"gitId":"DucPhong135"},"content":"    public String toString() {","lastModifiedDate":"2024-09-04","isFullCredit":false},{"lineNumber":13,"author":{"gitId":"DucPhong135"},"content":"        return \"[E]\" + super.toString() + \" (from: \" + from + \" to: \" + to + \")\";","lastModifiedDate":"2024-09-04","isFullCredit":false},{"lineNumber":14,"author":{"gitId":"DucPhong135"},"content":"    }","lastModifiedDate":"2024-09-04","isFullCredit":false},{"lineNumber":15,"author":{"gitId":"DucPhong135"},"content":"}","lastModifiedDate":"2024-09-04","isFullCredit":false}],"authorContributionMap":{"DucPhong135":15}},{"path":"src/main/java/Main.java","fileType":"java","lines":[{"lineNumber":1,"author":{"gitId":"DucPhong135"},"content":"import java.io.IOException;","lastModifiedDate":"2024-09-10","isFullCredit":false},{"lineNumber":2,"author":{"gitId":"DucPhong135"},"content":"","lastModifiedDate":"2024-08-29","isFullCredit":false},{"lineNumber":3,"author":{"gitId":"DucPhong135"},"content":"public class Main{","lastModifiedDate":"2024-08-29","isFullCredit":false},{"lineNumber":4,"author":{"gitId":"DucPhong135"},"content":"    public static void main(String[] args) throws DukeException {","lastModifiedDate":"2024-09-10","isFullCredit":false},{"lineNumber":5,"author":{"gitId":"DucPhong135"},"content":"        Duke LamboInstance \u003d new Duke();","lastModifiedDate":"2024-08-29","isFullCredit":false},{"lineNumber":6,"author":{"gitId":"DucPhong135"},"content":"        LamboInstance.execute();","lastModifiedDate":"2024-08-29","isFullCredit":false},{"lineNumber":7,"author":{"gitId":"DucPhong135"},"content":"    }","lastModifiedDate":"2024-08-29","isFullCredit":false},{"lineNumber":8,"author":{"gitId":"DucPhong135"},"content":"}","lastModifiedDate":"2024-08-29","isFullCredit":false}],"authorContributionMap":{"DucPhong135":8}},{"path":"src/main/java/Task.java","fileType":"java","lines":[{"lineNumber":1,"author":{"gitId":"DucPhong135"},"content":"public class Task {","lastModifiedDate":"2024-08-29","isFullCredit":false},{"lineNumber":2,"author":{"gitId":"DucPhong135"},"content":"    protected String description;","lastModifiedDate":"2024-08-29","isFullCredit":false},{"lineNumber":3,"author":{"gitId":"DucPhong135"},"content":"    protected boolean isDone;","lastModifiedDate":"2024-08-29","isFullCredit":false},{"lineNumber":4,"author":{"gitId":"DucPhong135"},"content":"","lastModifiedDate":"2024-08-29","isFullCredit":false},{"lineNumber":5,"author":{"gitId":"DucPhong135"},"content":"    public Task() {","lastModifiedDate":"2024-09-04","isFullCredit":false},{"lineNumber":6,"author":{"gitId":"DucPhong135"},"content":"        description \u003d \"\";","lastModifiedDate":"2024-09-04","isFullCredit":false},{"lineNumber":7,"author":{"gitId":"DucPhong135"},"content":"        isDone \u003d false;","lastModifiedDate":"2024-09-04","isFullCredit":false},{"lineNumber":8,"author":{"gitId":"DucPhong135"},"content":"    }","lastModifiedDate":"2024-09-04","isFullCredit":false},{"lineNumber":9,"author":{"gitId":"DucPhong135"},"content":"","lastModifiedDate":"2024-09-04","isFullCredit":false},{"lineNumber":10,"author":{"gitId":"DucPhong135"},"content":"","lastModifiedDate":"2024-09-04","isFullCredit":false},{"lineNumber":11,"author":{"gitId":"DucPhong135"},"content":"    public Task(String description) {","lastModifiedDate":"2024-08-29","isFullCredit":false},{"lineNumber":12,"author":{"gitId":"DucPhong135"},"content":"        this.description \u003d description;","lastModifiedDate":"2024-08-29","isFullCredit":false},{"lineNumber":13,"author":{"gitId":"DucPhong135"},"content":"        this.isDone \u003d false;","lastModifiedDate":"2024-08-29","isFullCredit":false},{"lineNumber":14,"author":{"gitId":"DucPhong135"},"content":"    }","lastModifiedDate":"2024-08-29","isFullCredit":false},{"lineNumber":15,"author":{"gitId":"DucPhong135"},"content":"","lastModifiedDate":"2024-08-29","isFullCredit":false},{"lineNumber":16,"author":{"gitId":"DucPhong135"},"content":"    public String getStatusIcon() {","lastModifiedDate":"2024-08-29","isFullCredit":false},{"lineNumber":17,"author":{"gitId":"DucPhong135"},"content":"        return (isDone ? \"X\" : \" \"); // mark done task with X","lastModifiedDate":"2024-08-29","isFullCredit":false},{"lineNumber":18,"author":{"gitId":"DucPhong135"},"content":"    }","lastModifiedDate":"2024-08-29","isFullCredit":false},{"lineNumber":19,"author":{"gitId":"DucPhong135"},"content":"","lastModifiedDate":"2024-08-29","isFullCredit":false},{"lineNumber":20,"author":{"gitId":"DucPhong135"},"content":"    public String getDescription() {","lastModifiedDate":"2024-08-29","isFullCredit":false},{"lineNumber":21,"author":{"gitId":"DucPhong135"},"content":"        return description;","lastModifiedDate":"2024-08-29","isFullCredit":false},{"lineNumber":22,"author":{"gitId":"DucPhong135"},"content":"    }","lastModifiedDate":"2024-08-29","isFullCredit":false},{"lineNumber":23,"author":{"gitId":"DucPhong135"},"content":"","lastModifiedDate":"2024-08-29","isFullCredit":false},{"lineNumber":24,"author":{"gitId":"DucPhong135"},"content":"    public void markAsDone() throws DukeException{","lastModifiedDate":"2024-09-10","isFullCredit":false},{"lineNumber":25,"author":{"gitId":"DucPhong135"},"content":"        try{","lastModifiedDate":"2024-09-10","isFullCredit":false},{"lineNumber":26,"author":{"gitId":"DucPhong135"},"content":"            if (isDone) {","lastModifiedDate":"2024-08-29","isFullCredit":false},{"lineNumber":27,"author":{"gitId":"DucPhong135"},"content":"                throw new DukeException(\"This task is already marked as done\");//throw exception if the task is marked","lastModifiedDate":"2024-09-10","isFullCredit":false},{"lineNumber":28,"author":{"gitId":"DucPhong135"},"content":"            }","lastModifiedDate":"2024-08-29","isFullCredit":false},{"lineNumber":29,"author":{"gitId":"DucPhong135"},"content":"            isDone \u003d true;","lastModifiedDate":"2024-08-29","isFullCredit":false},{"lineNumber":30,"author":{"gitId":"DucPhong135"},"content":"            System.out.println(this.toString());","lastModifiedDate":"2024-09-04","isFullCredit":false},{"lineNumber":31,"author":{"gitId":"DucPhong135"},"content":"        } catch (DukeException e) {","lastModifiedDate":"2024-09-10","isFullCredit":false},{"lineNumber":32,"author":{"gitId":"DucPhong135"},"content":"            e.displayMessage();","lastModifiedDate":"2024-09-10","isFullCredit":false},{"lineNumber":33,"author":{"gitId":"DucPhong135"},"content":"        }","lastModifiedDate":"2024-09-10","isFullCredit":false},{"lineNumber":34,"author":{"gitId":"DucPhong135"},"content":"    }","lastModifiedDate":"2024-08-29","isFullCredit":false},{"lineNumber":35,"author":{"gitId":"DucPhong135"},"content":"","lastModifiedDate":"2024-09-04","isFullCredit":false},{"lineNumber":36,"author":{"gitId":"DucPhong135"},"content":"    public void markAsNotDone() throws DukeException{","lastModifiedDate":"2024-09-10","isFullCredit":false},{"lineNumber":37,"author":{"gitId":"DucPhong135"},"content":"        try {","lastModifiedDate":"2024-09-10","isFullCredit":false},{"lineNumber":38,"author":{"gitId":"DucPhong135"},"content":"            if (!isDone) {","lastModifiedDate":"2024-08-29","isFullCredit":false},{"lineNumber":39,"author":{"gitId":"DucPhong135"},"content":"                throw new DukeException(\"This task is already marked as undone\");//throw exception if the task is unmark","lastModifiedDate":"2024-09-10","isFullCredit":false},{"lineNumber":40,"author":{"gitId":"DucPhong135"},"content":"            }","lastModifiedDate":"2024-08-29","isFullCredit":false},{"lineNumber":41,"author":{"gitId":"DucPhong135"},"content":"            isDone \u003d false;","lastModifiedDate":"2024-08-29","isFullCredit":false},{"lineNumber":42,"author":{"gitId":"DucPhong135"},"content":"            System.out.println(this.toString());","lastModifiedDate":"2024-09-04","isFullCredit":false},{"lineNumber":43,"author":{"gitId":"DucPhong135"},"content":"        } catch (DukeException e) {","lastModifiedDate":"2024-09-10","isFullCredit":false},{"lineNumber":44,"author":{"gitId":"DucPhong135"},"content":"            e.displayMessage();","lastModifiedDate":"2024-09-10","isFullCredit":false},{"lineNumber":45,"author":{"gitId":"DucPhong135"},"content":"        }","lastModifiedDate":"2024-09-10","isFullCredit":false},{"lineNumber":46,"author":{"gitId":"DucPhong135"},"content":"    }","lastModifiedDate":"2024-09-04","isFullCredit":false},{"lineNumber":47,"author":{"gitId":"DucPhong135"},"content":"","lastModifiedDate":"2024-09-04","isFullCredit":false},{"lineNumber":48,"author":{"gitId":"DucPhong135"},"content":"    @Override","lastModifiedDate":"2024-09-04","isFullCredit":false},{"lineNumber":49,"author":{"gitId":"DucPhong135"},"content":"    public String toString() {","lastModifiedDate":"2024-09-04","isFullCredit":false},{"lineNumber":50,"author":{"gitId":"DucPhong135"},"content":"        return \"[\" + this.getStatusIcon() + \"] \"","lastModifiedDate":"2024-09-04","isFullCredit":false},{"lineNumber":51,"author":{"gitId":"DucPhong135"},"content":"                + this.getDescription();","lastModifiedDate":"2024-09-04","isFullCredit":false},{"lineNumber":52,"author":{"gitId":"DucPhong135"},"content":"    }","lastModifiedDate":"2024-08-29","isFullCredit":false},{"lineNumber":53,"author":{"gitId":"DucPhong135"},"content":"}","lastModifiedDate":"2024-08-29","isFullCredit":false}],"authorContributionMap":{"DucPhong135":53}},{"path":"src/main/java/ToDo.java","fileType":"java","lines":[{"lineNumber":1,"author":{"gitId":"DucPhong135"},"content":"public class ToDo extends Task {","lastModifiedDate":"2024-09-04","isFullCredit":false},{"lineNumber":2,"author":{"gitId":"DucPhong135"},"content":"","lastModifiedDate":"2024-09-04","isFullCredit":false},{"lineNumber":3,"author":{"gitId":"DucPhong135"},"content":"    public ToDo(String description) {","lastModifiedDate":"2024-09-04","isFullCredit":false},{"lineNumber":4,"author":{"gitId":"DucPhong135"},"content":"        super(description);","lastModifiedDate":"2024-09-04","isFullCredit":false},{"lineNumber":5,"author":{"gitId":"DucPhong135"},"content":"    }","lastModifiedDate":"2024-09-04","isFullCredit":false},{"lineNumber":6,"author":{"gitId":"DucPhong135"},"content":"","lastModifiedDate":"2024-09-04","isFullCredit":false},{"lineNumber":7,"author":{"gitId":"DucPhong135"},"content":"","lastModifiedDate":"2024-09-04","isFullCredit":false},{"lineNumber":8,"author":{"gitId":"DucPhong135"},"content":"","lastModifiedDate":"2024-09-04","isFullCredit":false},{"lineNumber":9,"author":{"gitId":"DucPhong135"},"content":"    public String toString() {","lastModifiedDate":"2024-09-04","isFullCredit":false},{"lineNumber":10,"author":{"gitId":"DucPhong135"},"content":"        return \"[T]\" + super.toString();","lastModifiedDate":"2024-09-04","isFullCredit":false},{"lineNumber":11,"author":{"gitId":"DucPhong135"},"content":"    }","lastModifiedDate":"2024-09-04","isFullCredit":false},{"lineNumber":12,"author":{"gitId":"DucPhong135"},"content":"}","lastModifiedDate":"2024-09-04","isFullCredit":false}],"authorContributionMap":{"DucPhong135":12}}]
