{"authorDailyContributionsMap":{"AndrewNguyen4":[{"date":"2024-08-28","commitResults":[{"hash":"523310ffe27bfeb1d4f1e0c613e09797613260a9","isMergeCommit":false,"messageTitle":"Implement a skeletal version of Areus.","messageBody":"Greets the user and exits with Areus.java\n","tags":["Level-0"],"fileTypesAndContributionMap":{"java":{"insertions":10,"deletions":10}}}]},{"date":"2024-08-29","commitResults":[{"hash":"794eb49a73f0d2ff39ce17abf758f32d0ee19481","isMergeCommit":false,"messageTitle":"Implement the Echo feature for the skeletal version of Aerus","messageBody":"Repeat user input, and exit when the user types \"bye\".\nRename variable \"hline\" to \"dividerLine\".\n","tags":["Level-1"],"fileTypesAndContributionMap":{"java":{"insertions":20,"deletions":4}}},{"hash":"6574a22724925d702cd404953aeae0fab95d910b","isMergeCommit":false,"messageTitle":"Add a list of inputs to display when requested","messageBody":"Aerus can keep track of user inputs (up to 100 items).\nImplement printContent() function to facilitate printing one-liners.\n","tags":["Level-2"],"fileTypesAndContributionMap":{"java":{"insertions":31,"deletions":10}}}]},{"date":"2024-08-30","commitResults":[{"hash":"cf96e9b5f27901b8f9df7e63d58a80ceb649851c","isMergeCommit":false,"messageTitle":"Add the ability to mark as done","messageBody":"User can mark or unmark tasks as done.\nAdd Task class to represent tasks.\n","tags":["Level-3"],"fileTypesAndContributionMap":{"java":{"insertions":55,"deletions":9}}},{"hash":"6dbad316477aea3638ba030cf21abcedee899800","isMergeCommit":false,"messageTitle":"Follow the Coding Standard","messageBody":"Employ minor changes to follow the Coding Standard.\n","tags":["A-CodingStandard"],"fileTypesAndContributionMap":{"java":{"insertions":2,"deletions":2}}}]}]},"authorFileTypeContributionMap":{"AndrewNguyen4":{"java":93,"md":0,"fxml":0,"sh":0,"bat":0,"gradle":0,"txt":0}},"authorContributionVariance":{"AndrewNguyen4":512.56},"authorDisplayNameMap":{"AndrewNguyen4":"NGUY.. DUC"}}
