{"authorDailyContributionsMap":{"AndrewNguyen4":[{"date":"2024-08-28","commitResults":[{"hash":"523310ffe27bfeb1d4f1e0c613e09797613260a9","isMergeCommit":false,"messageTitle":"Implement a skeletal version of Areus.","messageBody":"Greets the user and exits with Areus.java\n","tags":["Level-0"],"fileTypesAndContributionMap":{"java":{"insertions":10,"deletions":10}}}]},{"date":"2024-08-29","commitResults":[{"hash":"794eb49a73f0d2ff39ce17abf758f32d0ee19481","isMergeCommit":false,"messageTitle":"Implement the Echo feature for the skeletal version of Aerus","messageBody":"Repeat user input, and exit when the user types \"bye\".\nRename variable \"hline\" to \"dividerLine\".\n","tags":["Level-1"],"fileTypesAndContributionMap":{"java":{"insertions":20,"deletions":4}}},{"hash":"6574a22724925d702cd404953aeae0fab95d910b","isMergeCommit":false,"messageTitle":"Add a list of inputs to display when requested","messageBody":"Aerus can keep track of user inputs (up to 100 items).\nImplement printContent() function to facilitate printing one-liners.\n","tags":["Level-2"],"fileTypesAndContributionMap":{"java":{"insertions":31,"deletions":10}}}]},{"date":"2024-08-30","commitResults":[{"hash":"cf96e9b5f27901b8f9df7e63d58a80ceb649851c","isMergeCommit":false,"messageTitle":"Add the ability to mark as done","messageBody":"User can mark or unmark tasks as done.\nAdd Task class to represent tasks.\n","tags":["Level-3"],"fileTypesAndContributionMap":{"java":{"insertions":55,"deletions":9}}},{"hash":"6dbad316477aea3638ba030cf21abcedee899800","isMergeCommit":false,"messageTitle":"Follow the Coding Standard","messageBody":"Employ minor changes to follow the Coding Standard.\n","tags":["A-CodingStandard"],"fileTypesAndContributionMap":{"java":{"insertions":2,"deletions":2}}}]},{"date":"2024-09-01","commitResults":[{"hash":"5116148d0cdfba2ab7eeae0ac228c800f03b4554","isMergeCommit":false,"messageTitle":"Extract constant in Aerus.java","messageBody":"Refactor code to increase code quality\n","fileTypesAndContributionMap":{"java":{"insertions":9,"deletions":9}}}]},{"date":"2024-09-05","commitResults":[{"hash":"4e86832e89e808541af507b99bb58df752948b52","isMergeCommit":false,"messageTitle":"Introduce UI and InputHandler classes","messageBody":"Working towards enforcing single-responsibility principle\n","fileTypesAndContributionMap":{"java":{"insertions":142,"deletions":53}}}]},{"date":"2024-09-11","commitResults":[{"hash":"eb846d489be52d920d84a1e90cfcf81ca1b49479","isMergeCommit":false,"messageTitle":"Make great changes to the structure of the project","messageBody":"- Added Deadline/Event/ToDo features and their corresponding classes.\n- UI and User Input are now handled by separate classes.\n","tags":["Level-4","A-CodeQuality"],"fileTypesAndContributionMap":{"java":{"insertions":96,"deletions":19}}}]},{"date":"2024-09-16","commitResults":[{"hash":"7483c13aa73b5f2e7c4dffc62b743b72e337139f","isMergeCommit":false,"messageTitle":"Add Exception handling","messageBody":"Handles exception related to user input being incorrectly formatted and marking tasks outside of recorded tasks.\n","fileTypesAndContributionMap":{"java":{"insertions":65,"deletions":40}}},{"hash":"f4df3c4adc0629a25121c75967f40f6b37c57ba0","isMergeCommit":true,"messageTitle":"Merge branch \u0027branch-Level-5\u0027","messageBody":"","tags":["Level-5","A-Exceptions"],"fileTypesAndContributionMap":{}}]},{"date":"2024-09-20","commitResults":[{"hash":"16e2cfbd7a44b633e3b070086fd3eb05fe35e942","isMergeCommit":false,"messageTitle":"Organize tasks with ArrayList","messageBody":"Switch to using ArrayList to keep track of tasks.\nPermits better task organization and delete tasks.\n","fileTypesAndContributionMap":{"java":{"insertions":90,"deletions":38}}}]},{"date":"2024-09-30","commitResults":[{"hash":"ebd24b69d8ec5d3d596066258720830f55607c87","isMergeCommit":false,"messageTitle":"Add DataManager class","messageBody":"Allows for saving data after each session.\nAutomatically create a data.txt file if not already exists.\nAutomatically loads data when a session begins.\n","fileTypesAndContributionMap":{"java":{"insertions":187,"deletions":18}}},{"hash":"b767a13f34f12c4fa567f4783124d0c042f55cc0","isMergeCommit":true,"messageTitle":"Merge branch \u0027branch-Level-6\u0027","messageBody":"","fileTypesAndContributionMap":{}},{"hash":"695c65b1ee525e820ea332da8d6f35b10c57cba4","isMergeCommit":true,"messageTitle":"Merge branch \u0027branch-Level-7\u0027","messageBody":"# Conflicts:\n#\tsrc/main/java/Aerus.java\n#\tsrc/main/java/Deadline.java\n#\tsrc/main/java/InputHandler.java\n#\tsrc/main/java/ToDo.java\n","tags":["Level-7","Level-6","A-Jar"],"fileTypesAndContributionMap":{}},{"hash":"d494de7507049c6cde82e763ae5cccaa8e8b86b8","isMergeCommit":false,"messageTitle":"Minor code change","messageBody":"","tags":["v0.1","A-Collections"],"fileTypesAndContributionMap":{"java":{"insertions":1,"deletions":2}}}]},{"date":"2024-10-03","commitResults":[{"hash":"532c90051609c8b0e4123964f70867698f0c12b6","isMergeCommit":false,"messageTitle":"Add Increment: A-MoreOOP","messageBody":"Add TaskList class for containing task.\nAdd help command.\nRefactor code to make better use of OOP paradigm.\n","tags":["A-MoreOOP"],"fileTypesAndContributionMap":{"java":{"insertions":66,"deletions":41}}},{"hash":"886c06a7aa2834f99892dc8a0895351279c67843","isMergeCommit":false,"messageTitle":"Implement Search Engine","messageBody":"Allows user to search for tasks by description.\nTaskList class now has methods to print all tasks.\nUpdated help command to include search.\n","tags":["Level-9"],"fileTypesAndContributionMap":{"java":{"insertions":56,"deletions":6}}},{"hash":"9be4f2dc358f60e63713df7ba85c58fb0cc8724b","isMergeCommit":true,"messageTitle":"Merge pull request #1 from AndrewNguyen4/branch-Level-9","messageBody":"[iP Week 7] Level-9 PR","fileTypesAndContributionMap":{}},{"hash":"5dcd2bd077a0b04c361a848358f69999664b6178","isMergeCommit":false,"messageTitle":"Add JavaDoc to classes","messageBody":"","fileTypesAndContributionMap":{"java":{"insertions":296,"deletions":1}}},{"hash":"1c119afc356781b951f3208b500351ea3f3c8978","isMergeCommit":true,"messageTitle":"Merge branch \u0027master\u0027 of https://github.com/AndrewNguyen4/ip","messageBody":"","tags":["A-JavaDoc"],"fileTypesAndContributionMap":{}}]}]},"authorFileTypeContributionMap":{"AndrewNguyen4":{"java":872,"md":0,"fxml":0,"sh":0,"bat":0,"gradle":0,"txt":0}},"authorContributionVariance":{"AndrewNguyen4":6312.9536},"authorDisplayNameMap":{"AndrewNguyen4":"CS2113-W12-3 NGUY.. DUC"}}
