[{"path":"src/main/java/tommi/Deadline.java","fileType":"java","lines":[{"lineNumber":1,"author":{"gitId":"ryan-txn"},"content":"package tommi;","lastModifiedDate":"2024-09-13","isFullCredit":false},{"lineNumber":2,"author":{"gitId":"ryan-txn"},"content":"","lastModifiedDate":"2024-09-13","isFullCredit":false},{"lineNumber":3,"author":{"gitId":"ryan-txn"},"content":"public class Deadline extends Task{","lastModifiedDate":"2024-09-06","isFullCredit":false},{"lineNumber":4,"author":{"gitId":"ryan-txn"},"content":"","lastModifiedDate":"2024-09-06","isFullCredit":false},{"lineNumber":5,"author":{"gitId":"ryan-txn"},"content":"    protected String by;","lastModifiedDate":"2024-09-06","isFullCredit":false},{"lineNumber":6,"author":{"gitId":"ryan-txn"},"content":"","lastModifiedDate":"2024-09-06","isFullCredit":false},{"lineNumber":7,"author":{"gitId":"ryan-txn"},"content":"    public Deadline(boolean isDone, String taskName, String by) {","lastModifiedDate":"2024-09-06","isFullCredit":false},{"lineNumber":8,"author":{"gitId":"ryan-txn"},"content":"        super(isDone, taskName);","lastModifiedDate":"2024-09-06","isFullCredit":false},{"lineNumber":9,"author":{"gitId":"ryan-txn"},"content":"        this.by \u003d by;","lastModifiedDate":"2024-09-06","isFullCredit":false},{"lineNumber":10,"author":{"gitId":"ryan-txn"},"content":"    }","lastModifiedDate":"2024-09-06","isFullCredit":false},{"lineNumber":11,"author":{"gitId":"ryan-txn"},"content":"","lastModifiedDate":"2024-09-06","isFullCredit":false},{"lineNumber":12,"author":{"gitId":"ryan-txn"},"content":"    public Deadline updateIsDone(boolean newIsDone) {","lastModifiedDate":"2024-09-06","isFullCredit":false},{"lineNumber":13,"author":{"gitId":"ryan-txn"},"content":"        return new Deadline(newIsDone, this.taskName, this.by);","lastModifiedDate":"2024-09-06","isFullCredit":false},{"lineNumber":14,"author":{"gitId":"ryan-txn"},"content":"    }","lastModifiedDate":"2024-09-06","isFullCredit":false},{"lineNumber":15,"author":{"gitId":"ryan-txn"},"content":"","lastModifiedDate":"2024-09-06","isFullCredit":false},{"lineNumber":16,"author":{"gitId":"ryan-txn"},"content":"    @Override","lastModifiedDate":"2024-09-06","isFullCredit":false},{"lineNumber":17,"author":{"gitId":"ryan-txn"},"content":"    public String toString() {","lastModifiedDate":"2024-09-06","isFullCredit":false},{"lineNumber":18,"author":{"gitId":"ryan-txn"},"content":"        return \"[D]\" + super.toString() + \" (by: \" + by + \")\";","lastModifiedDate":"2024-09-06","isFullCredit":false},{"lineNumber":19,"author":{"gitId":"ryan-txn"},"content":"    }","lastModifiedDate":"2024-09-06","isFullCredit":false},{"lineNumber":20,"author":{"gitId":"ryan-txn"},"content":"}","lastModifiedDate":"2024-09-06","isFullCredit":false}],"authorContributionMap":{"ryan-txn":20}},{"path":"src/main/java/tommi/Event.java","fileType":"java","lines":[{"lineNumber":1,"author":{"gitId":"ryan-txn"},"content":"package tommi;","lastModifiedDate":"2024-09-13","isFullCredit":false},{"lineNumber":2,"author":{"gitId":"ryan-txn"},"content":"","lastModifiedDate":"2024-09-13","isFullCredit":false},{"lineNumber":3,"author":{"gitId":"ryan-txn"},"content":"public class Event extends Task{","lastModifiedDate":"2024-09-06","isFullCredit":false},{"lineNumber":4,"author":{"gitId":"ryan-txn"},"content":"","lastModifiedDate":"2024-09-06","isFullCredit":false},{"lineNumber":5,"author":{"gitId":"ryan-txn"},"content":"    protected String from;","lastModifiedDate":"2024-09-06","isFullCredit":false},{"lineNumber":6,"author":{"gitId":"ryan-txn"},"content":"    protected String to;","lastModifiedDate":"2024-09-06","isFullCredit":false},{"lineNumber":7,"author":{"gitId":"ryan-txn"},"content":"","lastModifiedDate":"2024-09-06","isFullCredit":false},{"lineNumber":8,"author":{"gitId":"ryan-txn"},"content":"","lastModifiedDate":"2024-09-06","isFullCredit":false},{"lineNumber":9,"author":{"gitId":"ryan-txn"},"content":"    public Event(boolean isDone, String taskName, String from, String to) {","lastModifiedDate":"2024-09-06","isFullCredit":false},{"lineNumber":10,"author":{"gitId":"ryan-txn"},"content":"        super(isDone, taskName);","lastModifiedDate":"2024-09-06","isFullCredit":false},{"lineNumber":11,"author":{"gitId":"ryan-txn"},"content":"        this.from \u003d from;","lastModifiedDate":"2024-09-06","isFullCredit":false},{"lineNumber":12,"author":{"gitId":"ryan-txn"},"content":"        this.to \u003d to;","lastModifiedDate":"2024-09-06","isFullCredit":false},{"lineNumber":13,"author":{"gitId":"ryan-txn"},"content":"    }","lastModifiedDate":"2024-09-06","isFullCredit":false},{"lineNumber":14,"author":{"gitId":"ryan-txn"},"content":"","lastModifiedDate":"2024-09-06","isFullCredit":false},{"lineNumber":15,"author":{"gitId":"ryan-txn"},"content":"    public Event updateIsDone(boolean newIsDone) {","lastModifiedDate":"2024-09-06","isFullCredit":false},{"lineNumber":16,"author":{"gitId":"ryan-txn"},"content":"        return new Event(newIsDone, this.taskName, this.from, this.to);","lastModifiedDate":"2024-09-06","isFullCredit":false},{"lineNumber":17,"author":{"gitId":"ryan-txn"},"content":"    }","lastModifiedDate":"2024-09-06","isFullCredit":false},{"lineNumber":18,"author":{"gitId":"ryan-txn"},"content":"","lastModifiedDate":"2024-09-06","isFullCredit":false},{"lineNumber":19,"author":{"gitId":"ryan-txn"},"content":"    @Override","lastModifiedDate":"2024-09-06","isFullCredit":false},{"lineNumber":20,"author":{"gitId":"ryan-txn"},"content":"    public String toString() {","lastModifiedDate":"2024-09-06","isFullCredit":false},{"lineNumber":21,"author":{"gitId":"ryan-txn"},"content":"        return \"[E]\" + super.toString() + \" (from: \" + this.from + \" to \" + this.to + \")\";","lastModifiedDate":"2024-09-06","isFullCredit":false},{"lineNumber":22,"author":{"gitId":"ryan-txn"},"content":"    }","lastModifiedDate":"2024-09-06","isFullCredit":false},{"lineNumber":23,"author":{"gitId":"ryan-txn"},"content":"}","lastModifiedDate":"2024-09-06","isFullCredit":false}],"authorContributionMap":{"ryan-txn":23}},{"path":"src/main/java/tommi/InputHandler.java","fileType":"java","lines":[{"lineNumber":1,"author":{"gitId":"ryan-txn"},"content":"package tommi;","lastModifiedDate":"2024-09-13","isFullCredit":false},{"lineNumber":2,"author":{"gitId":"ryan-txn"},"content":"","lastModifiedDate":"2024-09-13","isFullCredit":false},{"lineNumber":3,"author":{"gitId":"ryan-txn"},"content":"public class InputHandler {","lastModifiedDate":"2024-09-13","isFullCredit":false},{"lineNumber":4,"author":{"gitId":"ryan-txn"},"content":"","lastModifiedDate":"2024-09-13","isFullCredit":false},{"lineNumber":5,"author":{"gitId":"ryan-txn"},"content":"    public static void processInputCases(String input) {","lastModifiedDate":"2024-09-13","isFullCredit":false},{"lineNumber":6,"author":{"gitId":"ryan-txn"},"content":"        try {","lastModifiedDate":"2024-09-13","isFullCredit":false},{"lineNumber":7,"author":{"gitId":"ryan-txn"},"content":"            if (input.equals(\"list\")) {","lastModifiedDate":"2024-09-13","isFullCredit":false},{"lineNumber":8,"author":{"gitId":"ryan-txn"},"content":"                TaskList.listTasks();","lastModifiedDate":"2024-09-13","isFullCredit":false},{"lineNumber":9,"author":{"gitId":"ryan-txn"},"content":"                return;","lastModifiedDate":"2024-09-13","isFullCredit":false},{"lineNumber":10,"author":{"gitId":"ryan-txn"},"content":"            }","lastModifiedDate":"2024-09-13","isFullCredit":false},{"lineNumber":11,"author":{"gitId":"ryan-txn"},"content":"","lastModifiedDate":"2024-09-13","isFullCredit":false},{"lineNumber":12,"author":{"gitId":"ryan-txn"},"content":"            String[] words \u003d input.split(\" \");","lastModifiedDate":"2024-09-13","isFullCredit":false},{"lineNumber":13,"author":{"gitId":"ryan-txn"},"content":"            int taskIndex;","lastModifiedDate":"2024-09-13","isFullCredit":false},{"lineNumber":14,"author":{"gitId":"ryan-txn"},"content":"","lastModifiedDate":"2024-09-13","isFullCredit":false},{"lineNumber":15,"author":{"gitId":"ryan-txn"},"content":"            switch (words[0]) {","lastModifiedDate":"2024-09-13","isFullCredit":false},{"lineNumber":16,"author":{"gitId":"ryan-txn"},"content":"            case \"mark\":","lastModifiedDate":"2024-09-13","isFullCredit":false},{"lineNumber":17,"author":{"gitId":"ryan-txn"},"content":"                taskIndex \u003d Integer.parseInt(words[1]) - 1;","lastModifiedDate":"2024-09-13","isFullCredit":false},{"lineNumber":18,"author":{"gitId":"ryan-txn"},"content":"                TaskList.markTask(taskIndex);","lastModifiedDate":"2024-09-13","isFullCredit":false},{"lineNumber":19,"author":{"gitId":"ryan-txn"},"content":"                break;","lastModifiedDate":"2024-09-13","isFullCredit":false},{"lineNumber":20,"author":{"gitId":"ryan-txn"},"content":"            case \"unmark\":","lastModifiedDate":"2024-09-13","isFullCredit":false},{"lineNumber":21,"author":{"gitId":"ryan-txn"},"content":"                taskIndex \u003d Integer.parseInt(input.substring(7)) - 1;","lastModifiedDate":"2024-09-13","isFullCredit":false},{"lineNumber":22,"author":{"gitId":"ryan-txn"},"content":"                TaskList.unmarkTask(taskIndex);","lastModifiedDate":"2024-09-13","isFullCredit":false},{"lineNumber":23,"author":{"gitId":"ryan-txn"},"content":"                break;","lastModifiedDate":"2024-09-13","isFullCredit":false},{"lineNumber":24,"author":{"gitId":"ryan-txn"},"content":"            case \"todo\":","lastModifiedDate":"2024-09-13","isFullCredit":false},{"lineNumber":25,"author":{"gitId":"ryan-txn"},"content":"                if (words.length \u003e 1 \u0026\u0026 !words[1].isEmpty()) {","lastModifiedDate":"2024-09-13","isFullCredit":false},{"lineNumber":26,"author":{"gitId":"ryan-txn"},"content":"                    TaskList.addTask(new ToDo(false, input.substring(5)));","lastModifiedDate":"2024-09-13","isFullCredit":false},{"lineNumber":27,"author":{"gitId":"ryan-txn"},"content":"                } else {","lastModifiedDate":"2024-09-13","isFullCredit":false},{"lineNumber":28,"author":{"gitId":"ryan-txn"},"content":"                    throw new IllegalArgumentException(","lastModifiedDate":"2024-09-13","isFullCredit":false},{"lineNumber":29,"author":{"gitId":"ryan-txn"},"content":"                            \"____________________________________________________________\\n\" +","lastModifiedDate":"2024-09-13","isFullCredit":false},{"lineNumber":30,"author":{"gitId":"ryan-txn"},"content":"                            \"Please provide what should be in the todo.\\n\" +","lastModifiedDate":"2024-09-13","isFullCredit":false},{"lineNumber":31,"author":{"gitId":"ryan-txn"},"content":"                            \"____________________________________________________________\"","lastModifiedDate":"2024-09-13","isFullCredit":false},{"lineNumber":32,"author":{"gitId":"ryan-txn"},"content":"                    );","lastModifiedDate":"2024-09-13","isFullCredit":false},{"lineNumber":33,"author":{"gitId":"ryan-txn"},"content":"                }","lastModifiedDate":"2024-09-13","isFullCredit":false},{"lineNumber":34,"author":{"gitId":"ryan-txn"},"content":"                break;","lastModifiedDate":"2024-09-13","isFullCredit":false},{"lineNumber":35,"author":{"gitId":"ryan-txn"},"content":"            case \"deadline\":","lastModifiedDate":"2024-09-13","isFullCredit":false},{"lineNumber":36,"author":{"gitId":"ryan-txn"},"content":"                String[] deadlineParts \u003d input.substring(9).split(\"/by\", 2);","lastModifiedDate":"2024-09-13","isFullCredit":false},{"lineNumber":37,"author":{"gitId":"ryan-txn"},"content":"                TaskList.addTask(new Deadline(false, deadlineParts[0], deadlineParts[1]));","lastModifiedDate":"2024-09-13","isFullCredit":false},{"lineNumber":38,"author":{"gitId":"ryan-txn"},"content":"                break;","lastModifiedDate":"2024-09-13","isFullCredit":false},{"lineNumber":39,"author":{"gitId":"ryan-txn"},"content":"            case \"event\":","lastModifiedDate":"2024-09-13","isFullCredit":false},{"lineNumber":40,"author":{"gitId":"ryan-txn"},"content":"                String[] eventParts \u003d input.split(\"/from\", 2);","lastModifiedDate":"2024-09-13","isFullCredit":false},{"lineNumber":41,"author":{"gitId":"ryan-txn"},"content":"","lastModifiedDate":"2024-09-13","isFullCredit":false},{"lineNumber":42,"author":{"gitId":"ryan-txn"},"content":"                // Split the remaining part by /to","lastModifiedDate":"2024-09-13","isFullCredit":false},{"lineNumber":43,"author":{"gitId":"ryan-txn"},"content":"                String[] timeParts \u003d eventParts[1].split(\"/to\", 2);","lastModifiedDate":"2024-09-13","isFullCredit":false},{"lineNumber":44,"author":{"gitId":"ryan-txn"},"content":"","lastModifiedDate":"2024-09-13","isFullCredit":false},{"lineNumber":45,"author":{"gitId":"ryan-txn"},"content":"                TaskList.addTask(new Event(false, eventParts[0], timeParts[0], timeParts[1]));","lastModifiedDate":"2024-09-13","isFullCredit":false},{"lineNumber":46,"author":{"gitId":"ryan-txn"},"content":"                break;","lastModifiedDate":"2024-09-13","isFullCredit":false},{"lineNumber":47,"author":{"gitId":"ryan-txn"},"content":"            default:","lastModifiedDate":"2024-09-13","isFullCredit":false},{"lineNumber":48,"author":{"gitId":"ryan-txn"},"content":"                throw new IllegalArgumentException(","lastModifiedDate":"2024-09-13","isFullCredit":false},{"lineNumber":49,"author":{"gitId":"ryan-txn"},"content":"                        \"____________________________________________________________\\n\" +","lastModifiedDate":"2024-09-13","isFullCredit":false},{"lineNumber":50,"author":{"gitId":"ryan-txn"},"content":"                        \"Please use a todo, event or deadline. List all tasks with list or exit with bye!\\n\" +","lastModifiedDate":"2024-09-13","isFullCredit":false},{"lineNumber":51,"author":{"gitId":"ryan-txn"},"content":"                        \"____________________________________________________________\"","lastModifiedDate":"2024-09-13","isFullCredit":false},{"lineNumber":52,"author":{"gitId":"ryan-txn"},"content":"                );","lastModifiedDate":"2024-09-13","isFullCredit":false},{"lineNumber":53,"author":{"gitId":"ryan-txn"},"content":"            }","lastModifiedDate":"2024-09-13","isFullCredit":false},{"lineNumber":54,"author":{"gitId":"ryan-txn"},"content":"        } catch (IllegalArgumentException e) {","lastModifiedDate":"2024-09-13","isFullCredit":false},{"lineNumber":55,"author":{"gitId":"ryan-txn"},"content":"            System.out.println(e.getMessage());","lastModifiedDate":"2024-09-13","isFullCredit":false},{"lineNumber":56,"author":{"gitId":"ryan-txn"},"content":"        }","lastModifiedDate":"2024-09-13","isFullCredit":false},{"lineNumber":57,"author":{"gitId":"ryan-txn"},"content":"    }","lastModifiedDate":"2024-09-13","isFullCredit":false},{"lineNumber":58,"author":{"gitId":"ryan-txn"},"content":"}","lastModifiedDate":"2024-09-13","isFullCredit":false}],"authorContributionMap":{"ryan-txn":58}},{"path":"src/main/java/tommi/Task.java","fileType":"java","lines":[{"lineNumber":1,"author":{"gitId":"ryan-txn"},"content":"package tommi;","lastModifiedDate":"2024-09-13","isFullCredit":false},{"lineNumber":2,"author":{"gitId":"ryan-txn"},"content":"","lastModifiedDate":"2024-09-13","isFullCredit":false},{"lineNumber":3,"author":{"gitId":"ryan-txn"},"content":"public class Task {","lastModifiedDate":"2024-09-06","isFullCredit":false},{"lineNumber":4,"author":{"gitId":"ryan-txn"},"content":"","lastModifiedDate":"2024-09-06","isFullCredit":false},{"lineNumber":5,"author":{"gitId":"ryan-txn"},"content":"    protected final boolean isDone;","lastModifiedDate":"2024-09-06","isFullCredit":false},{"lineNumber":6,"author":{"gitId":"ryan-txn"},"content":"    protected final String taskName;","lastModifiedDate":"2024-09-06","isFullCredit":false},{"lineNumber":7,"author":{"gitId":"ryan-txn"},"content":"","lastModifiedDate":"2024-09-06","isFullCredit":false},{"lineNumber":8,"author":{"gitId":"ryan-txn"},"content":"    public Task(boolean isDone, String taskName) {","lastModifiedDate":"2024-09-06","isFullCredit":false},{"lineNumber":9,"author":{"gitId":"ryan-txn"},"content":"        this.isDone \u003d isDone;","lastModifiedDate":"2024-09-06","isFullCredit":false},{"lineNumber":10,"author":{"gitId":"ryan-txn"},"content":"        this.taskName \u003d taskName;","lastModifiedDate":"2024-09-06","isFullCredit":false},{"lineNumber":11,"author":{"gitId":"ryan-txn"},"content":"    }","lastModifiedDate":"2024-09-06","isFullCredit":false},{"lineNumber":12,"author":{"gitId":"ryan-txn"},"content":"","lastModifiedDate":"2024-09-06","isFullCredit":false},{"lineNumber":13,"author":{"gitId":"ryan-txn"},"content":"    public Task updateIsDone(boolean newIsDone) {","lastModifiedDate":"2024-09-06","isFullCredit":false},{"lineNumber":14,"author":{"gitId":"ryan-txn"},"content":"        return new Task(newIsDone, this.taskName);","lastModifiedDate":"2024-09-06","isFullCredit":false},{"lineNumber":15,"author":{"gitId":"ryan-txn"},"content":"    }","lastModifiedDate":"2024-09-06","isFullCredit":false},{"lineNumber":16,"author":{"gitId":"ryan-txn"},"content":"","lastModifiedDate":"2024-09-06","isFullCredit":false},{"lineNumber":17,"author":{"gitId":"ryan-txn"},"content":"    @Override","lastModifiedDate":"2024-09-06","isFullCredit":false},{"lineNumber":18,"author":{"gitId":"ryan-txn"},"content":"    public String toString() {","lastModifiedDate":"2024-09-06","isFullCredit":false},{"lineNumber":19,"author":{"gitId":"ryan-txn"},"content":"        return (\"[\" + (isDone ? \"X\" : \" \") + \"] \" + taskName);","lastModifiedDate":"2024-09-06","isFullCredit":false},{"lineNumber":20,"author":{"gitId":"ryan-txn"},"content":"    }","lastModifiedDate":"2024-09-06","isFullCredit":false},{"lineNumber":21,"author":{"gitId":"ryan-txn"},"content":"}","lastModifiedDate":"2024-09-06","isFullCredit":false}],"authorContributionMap":{"ryan-txn":21}},{"path":"src/main/java/tommi/TaskList.java","fileType":"java","lines":[{"lineNumber":1,"author":{"gitId":"ryan-txn"},"content":"package tommi;","lastModifiedDate":"2024-09-13","isFullCredit":false},{"lineNumber":2,"author":{"gitId":"ryan-txn"},"content":"","lastModifiedDate":"2024-09-13","isFullCredit":false},{"lineNumber":3,"author":{"gitId":"ryan-txn"},"content":"public class TaskList {","lastModifiedDate":"2024-09-06","isFullCredit":false},{"lineNumber":4,"author":{"gitId":"ryan-txn"},"content":"","lastModifiedDate":"2024-09-06","isFullCredit":false},{"lineNumber":5,"author":{"gitId":"ryan-txn"},"content":"    private static final int MAX_TASKS \u003d 100;","lastModifiedDate":"2024-09-06","isFullCredit":false},{"lineNumber":6,"author":{"gitId":"ryan-txn"},"content":"","lastModifiedDate":"2024-09-06","isFullCredit":false},{"lineNumber":7,"author":{"gitId":"ryan-txn"},"content":"    private static final Task[] tasks \u003d new Task[MAX_TASKS];  // Array to store tasks","lastModifiedDate":"2024-09-06","isFullCredit":false},{"lineNumber":8,"author":{"gitId":"ryan-txn"},"content":"    private static int tasksCount \u003d 0;  // Counter to keep track of the number of tasks","lastModifiedDate":"2024-09-06","isFullCredit":false},{"lineNumber":9,"author":{"gitId":"ryan-txn"},"content":"","lastModifiedDate":"2024-09-06","isFullCredit":false},{"lineNumber":10,"author":{"gitId":"ryan-txn"},"content":"    public static void listTasks() {","lastModifiedDate":"2024-09-06","isFullCredit":false},{"lineNumber":11,"author":{"gitId":"ryan-txn"},"content":"        Tommi.printLine();","lastModifiedDate":"2024-09-06","isFullCredit":false},{"lineNumber":12,"author":{"gitId":"ryan-txn"},"content":"        System.out.println(\"Here are the tasks in your list:\");","lastModifiedDate":"2024-09-06","isFullCredit":false},{"lineNumber":13,"author":{"gitId":"ryan-txn"},"content":"        for (int i \u003d 0; i \u003c tasksCount; i++) {","lastModifiedDate":"2024-09-06","isFullCredit":false},{"lineNumber":14,"author":{"gitId":"ryan-txn"},"content":"            System.out.println((i + 1) + \". \"  + tasks[i]);","lastModifiedDate":"2024-09-06","isFullCredit":false},{"lineNumber":15,"author":{"gitId":"ryan-txn"},"content":"        }","lastModifiedDate":"2024-09-06","isFullCredit":false},{"lineNumber":16,"author":{"gitId":"ryan-txn"},"content":"        Tommi.printLine();","lastModifiedDate":"2024-09-06","isFullCredit":false},{"lineNumber":17,"author":{"gitId":"ryan-txn"},"content":"    }","lastModifiedDate":"2024-09-06","isFullCredit":false},{"lineNumber":18,"author":{"gitId":"ryan-txn"},"content":"","lastModifiedDate":"2024-09-06","isFullCredit":false},{"lineNumber":19,"author":{"gitId":"ryan-txn"},"content":"    public static void addTask(Task task) {","lastModifiedDate":"2024-09-06","isFullCredit":false},{"lineNumber":20,"author":{"gitId":"ryan-txn"},"content":"        tasks[tasksCount] \u003d task;","lastModifiedDate":"2024-09-06","isFullCredit":false},{"lineNumber":21,"author":{"gitId":"ryan-txn"},"content":"        tasksCount++;","lastModifiedDate":"2024-09-06","isFullCredit":false},{"lineNumber":22,"author":{"gitId":"ryan-txn"},"content":"        Tommi.printLine();","lastModifiedDate":"2024-09-06","isFullCredit":false},{"lineNumber":23,"author":{"gitId":"ryan-txn"},"content":"        System.out.println(\"Sure. I\u0027ve added the task: \" + System.lineSeparator()","lastModifiedDate":"2024-09-06","isFullCredit":false},{"lineNumber":24,"author":{"gitId":"ryan-txn"},"content":"                + task + System.lineSeparator()","lastModifiedDate":"2024-09-06","isFullCredit":false},{"lineNumber":25,"author":{"gitId":"ryan-txn"},"content":"                + \"There are now \" + tasksCount + \" tasks in the list.\");","lastModifiedDate":"2024-09-06","isFullCredit":false},{"lineNumber":26,"author":{"gitId":"ryan-txn"},"content":"        Tommi.printLine();","lastModifiedDate":"2024-09-06","isFullCredit":false},{"lineNumber":27,"author":{"gitId":"ryan-txn"},"content":"    }","lastModifiedDate":"2024-09-06","isFullCredit":false},{"lineNumber":28,"author":{"gitId":"ryan-txn"},"content":"","lastModifiedDate":"2024-09-06","isFullCredit":false},{"lineNumber":29,"author":{"gitId":"ryan-txn"},"content":"    public static void markTask(int index) {","lastModifiedDate":"2024-09-06","isFullCredit":false},{"lineNumber":30,"author":{"gitId":"ryan-txn"},"content":"        if (index \u003e\u003d 0 \u0026\u0026 index \u003c tasksCount) {","lastModifiedDate":"2024-09-06","isFullCredit":false},{"lineNumber":31,"author":{"gitId":"ryan-txn"},"content":"            Tommi.printLine();","lastModifiedDate":"2024-09-06","isFullCredit":false},{"lineNumber":32,"author":{"gitId":"ryan-txn"},"content":"            System.out.println(\"Awesomesauce! I\u0027ve marked this task as done:\");","lastModifiedDate":"2024-09-06","isFullCredit":false},{"lineNumber":33,"author":{"gitId":"ryan-txn"},"content":"            tasks[index] \u003d tasks[index].updateIsDone(true);","lastModifiedDate":"2024-09-06","isFullCredit":false},{"lineNumber":34,"author":{"gitId":"ryan-txn"},"content":"            System.out.println(tasks[index]);","lastModifiedDate":"2024-09-06","isFullCredit":false},{"lineNumber":35,"author":{"gitId":"ryan-txn"},"content":"            Tommi.printLine();","lastModifiedDate":"2024-09-06","isFullCredit":false},{"lineNumber":36,"author":{"gitId":"ryan-txn"},"content":"        }","lastModifiedDate":"2024-09-06","isFullCredit":false},{"lineNumber":37,"author":{"gitId":"ryan-txn"},"content":"    }","lastModifiedDate":"2024-09-06","isFullCredit":false},{"lineNumber":38,"author":{"gitId":"ryan-txn"},"content":"","lastModifiedDate":"2024-09-06","isFullCredit":false},{"lineNumber":39,"author":{"gitId":"ryan-txn"},"content":"    public static void unmarkTask(int index) {","lastModifiedDate":"2024-09-06","isFullCredit":false},{"lineNumber":40,"author":{"gitId":"ryan-txn"},"content":"        if (index \u003e\u003d 0 \u0026\u0026 index \u003c tasksCount) {","lastModifiedDate":"2024-09-06","isFullCredit":false},{"lineNumber":41,"author":{"gitId":"ryan-txn"},"content":"            Tommi.printLine();","lastModifiedDate":"2024-09-06","isFullCredit":false},{"lineNumber":42,"author":{"gitId":"ryan-txn"},"content":"            System.out.println(\"OK, I\u0027ve marked this task as undone:\");","lastModifiedDate":"2024-09-06","isFullCredit":false},{"lineNumber":43,"author":{"gitId":"ryan-txn"},"content":"            tasks[index] \u003d tasks[index].updateIsDone(false);","lastModifiedDate":"2024-09-06","isFullCredit":false},{"lineNumber":44,"author":{"gitId":"ryan-txn"},"content":"            System.out.println(tasks[index]);","lastModifiedDate":"2024-09-06","isFullCredit":false},{"lineNumber":45,"author":{"gitId":"ryan-txn"},"content":"            Tommi.printLine();","lastModifiedDate":"2024-09-06","isFullCredit":false},{"lineNumber":46,"author":{"gitId":"ryan-txn"},"content":"        }","lastModifiedDate":"2024-09-06","isFullCredit":false},{"lineNumber":47,"author":{"gitId":"ryan-txn"},"content":"    }","lastModifiedDate":"2024-09-06","isFullCredit":false},{"lineNumber":48,"author":{"gitId":"ryan-txn"},"content":"}","lastModifiedDate":"2024-09-06","isFullCredit":false}],"authorContributionMap":{"ryan-txn":48}},{"path":"src/main/java/tommi/ToDo.java","fileType":"java","lines":[{"lineNumber":1,"author":{"gitId":"ryan-txn"},"content":"package tommi;","lastModifiedDate":"2024-09-13","isFullCredit":false},{"lineNumber":2,"author":{"gitId":"ryan-txn"},"content":"","lastModifiedDate":"2024-09-13","isFullCredit":false},{"lineNumber":3,"author":{"gitId":"ryan-txn"},"content":"public class ToDo extends Task{","lastModifiedDate":"2024-09-06","isFullCredit":false},{"lineNumber":4,"author":{"gitId":"ryan-txn"},"content":"","lastModifiedDate":"2024-09-06","isFullCredit":false},{"lineNumber":5,"author":{"gitId":"ryan-txn"},"content":"    public ToDo(boolean isDone, String taskName) {","lastModifiedDate":"2024-09-06","isFullCredit":false},{"lineNumber":6,"author":{"gitId":"ryan-txn"},"content":"        super(isDone, taskName);","lastModifiedDate":"2024-09-06","isFullCredit":false},{"lineNumber":7,"author":{"gitId":"ryan-txn"},"content":"    }","lastModifiedDate":"2024-09-06","isFullCredit":false},{"lineNumber":8,"author":{"gitId":"ryan-txn"},"content":"","lastModifiedDate":"2024-09-06","isFullCredit":false},{"lineNumber":9,"author":{"gitId":"ryan-txn"},"content":"    public ToDo updateIsDone(boolean newIsDone) {","lastModifiedDate":"2024-09-06","isFullCredit":false},{"lineNumber":10,"author":{"gitId":"ryan-txn"},"content":"        return new ToDo(newIsDone, this.taskName);","lastModifiedDate":"2024-09-06","isFullCredit":false},{"lineNumber":11,"author":{"gitId":"ryan-txn"},"content":"    }","lastModifiedDate":"2024-09-06","isFullCredit":false},{"lineNumber":12,"author":{"gitId":"ryan-txn"},"content":"","lastModifiedDate":"2024-09-06","isFullCredit":false},{"lineNumber":13,"author":{"gitId":"ryan-txn"},"content":"    @Override","lastModifiedDate":"2024-09-06","isFullCredit":false},{"lineNumber":14,"author":{"gitId":"ryan-txn"},"content":"    public String toString() {","lastModifiedDate":"2024-09-06","isFullCredit":false},{"lineNumber":15,"author":{"gitId":"ryan-txn"},"content":"        return \"[T]\" + super.toString();","lastModifiedDate":"2024-09-06","isFullCredit":false},{"lineNumber":16,"author":{"gitId":"ryan-txn"},"content":"    }","lastModifiedDate":"2024-09-06","isFullCredit":false},{"lineNumber":17,"author":{"gitId":"ryan-txn"},"content":"}","lastModifiedDate":"2024-09-06","isFullCredit":false}],"authorContributionMap":{"ryan-txn":17}},{"path":"src/main/java/tommi/Tommi.java","fileType":"java","lines":[{"lineNumber":1,"author":{"gitId":"ryan-txn"},"content":"package tommi;","lastModifiedDate":"2024-09-13","isFullCredit":false},{"lineNumber":2,"author":{"gitId":"ryan-txn"},"content":"","lastModifiedDate":"2024-09-13","isFullCredit":false},{"lineNumber":3,"author":{"gitId":"ryan-txn"},"content":"import java.util.Scanner;","lastModifiedDate":"2024-08-30","isFullCredit":false},{"lineNumber":4,"author":{"gitId":"ryan-txn"},"content":"","lastModifiedDate":"2024-08-30","isFullCredit":false},{"lineNumber":5,"author":{"gitId":"ryan-txn"},"content":"public class Tommi {","lastModifiedDate":"2024-08-30","isFullCredit":false},{"lineNumber":6,"author":{"gitId":"ryan-txn"},"content":"","lastModifiedDate":"2024-08-30","isFullCredit":false},{"lineNumber":7,"author":{"gitId":"ryan-txn"},"content":"    public static void main(String[] args) {","lastModifiedDate":"2024-08-30","isFullCredit":false},{"lineNumber":8,"author":{"gitId":"ryan-txn"},"content":"        Scanner scanner \u003d new Scanner(System.in);","lastModifiedDate":"2024-08-30","isFullCredit":false},{"lineNumber":9,"author":{"gitId":"ryan-txn"},"content":"","lastModifiedDate":"2024-08-30","isFullCredit":false},{"lineNumber":10,"author":{"gitId":"ryan-txn"},"content":"        printIntroMessage();","lastModifiedDate":"2024-09-06","isFullCredit":false},{"lineNumber":11,"author":{"gitId":"ryan-txn"},"content":"        readInputStrings(scanner);","lastModifiedDate":"2024-09-06","isFullCredit":false},{"lineNumber":12,"author":{"gitId":"ryan-txn"},"content":"        printExitMessage();","lastModifiedDate":"2024-08-30","isFullCredit":false},{"lineNumber":13,"author":{"gitId":"ryan-txn"},"content":"    }","lastModifiedDate":"2024-08-30","isFullCredit":false},{"lineNumber":14,"author":{"gitId":"ryan-txn"},"content":"","lastModifiedDate":"2024-08-30","isFullCredit":false},{"lineNumber":15,"author":{"gitId":"ryan-txn"},"content":"    private static void readInputStrings(Scanner scanner) {","lastModifiedDate":"2024-09-06","isFullCredit":false},{"lineNumber":16,"author":{"gitId":"ryan-txn"},"content":"        String input \u003d scanner.nextLine();","lastModifiedDate":"2024-09-06","isFullCredit":false},{"lineNumber":17,"author":{"gitId":"ryan-txn"},"content":"        while (!input.equals(\"bye\")) {","lastModifiedDate":"2024-09-06","isFullCredit":false},{"lineNumber":18,"author":{"gitId":"ryan-txn"},"content":"            InputHandler.processInputCases(input);","lastModifiedDate":"2024-09-06","isFullCredit":false},{"lineNumber":19,"author":{"gitId":"ryan-txn"},"content":"            input \u003d scanner.nextLine();","lastModifiedDate":"2024-09-06","isFullCredit":false},{"lineNumber":20,"author":{"gitId":"ryan-txn"},"content":"        }","lastModifiedDate":"2024-08-30","isFullCredit":false},{"lineNumber":21,"author":{"gitId":"ryan-txn"},"content":"    }","lastModifiedDate":"2024-08-30","isFullCredit":false},{"lineNumber":22,"author":{"gitId":"ryan-txn"},"content":"","lastModifiedDate":"2024-08-30","isFullCredit":false},{"lineNumber":23,"author":{"gitId":"ryan-txn"},"content":"    private static void printIntroMessage() {","lastModifiedDate":"2024-09-06","isFullCredit":false},{"lineNumber":24,"author":{"gitId":"ryan-txn"},"content":"        String intro \u003d \"\"\"","lastModifiedDate":"2024-09-06","isFullCredit":false},{"lineNumber":25,"author":{"gitId":"ryan-txn"},"content":"                 ______                  \\s","lastModifiedDate":"2024-09-06","isFullCredit":false},{"lineNumber":26,"author":{"gitId":"ryan-txn"},"content":"                /_  __/__  __ _  __ _  (_)","lastModifiedDate":"2024-09-06","isFullCredit":false},{"lineNumber":27,"author":{"gitId":"ryan-txn"},"content":"                 / / / _ \\\\/  \u0027 \\\\/  \u0027 \\\\/ /\\s","lastModifiedDate":"2024-09-06","isFullCredit":false},{"lineNumber":28,"author":{"gitId":"ryan-txn"},"content":"                /_/  \\\\___/_/_/_/_/_/_/_/ \\s","lastModifiedDate":"2024-09-06","isFullCredit":false},{"lineNumber":29,"author":{"gitId":"ryan-txn"},"content":"                ____________________________________________________________","lastModifiedDate":"2024-09-06","isFullCredit":false},{"lineNumber":30,"author":{"gitId":"ryan-txn"},"content":"                Hello! I\u0027m Tommi!","lastModifiedDate":"2024-09-06","isFullCredit":false},{"lineNumber":31,"author":{"gitId":"ryan-txn"},"content":"                What can I do for you?","lastModifiedDate":"2024-09-06","isFullCredit":false},{"lineNumber":32,"author":{"gitId":"ryan-txn"},"content":"                ____________________________________________________________","lastModifiedDate":"2024-09-06","isFullCredit":false},{"lineNumber":33,"author":{"gitId":"ryan-txn"},"content":"                \"\"\";","lastModifiedDate":"2024-09-06","isFullCredit":false},{"lineNumber":34,"author":{"gitId":"ryan-txn"},"content":"        System.out.println(intro);","lastModifiedDate":"2024-09-06","isFullCredit":false},{"lineNumber":35,"author":{"gitId":"ryan-txn"},"content":"    }","lastModifiedDate":"2024-08-30","isFullCredit":false},{"lineNumber":36,"author":{"gitId":"ryan-txn"},"content":"","lastModifiedDate":"2024-08-30","isFullCredit":false},{"lineNumber":37,"author":{"gitId":"ryan-txn"},"content":"    private static void printExitMessage() {","lastModifiedDate":"2024-08-30","isFullCredit":false},{"lineNumber":38,"author":{"gitId":"ryan-txn"},"content":"        printLine();","lastModifiedDate":"2024-08-30","isFullCredit":false},{"lineNumber":39,"author":{"gitId":"ryan-txn"},"content":"        System.out.println(\"Bye. Hope to see you again soon!\");","lastModifiedDate":"2024-08-30","isFullCredit":false},{"lineNumber":40,"author":{"gitId":"ryan-txn"},"content":"        printLine();","lastModifiedDate":"2024-08-30","isFullCredit":false},{"lineNumber":41,"author":{"gitId":"ryan-txn"},"content":"    }","lastModifiedDate":"2024-08-30","isFullCredit":false},{"lineNumber":42,"author":{"gitId":"ryan-txn"},"content":"","lastModifiedDate":"2024-08-30","isFullCredit":false},{"lineNumber":43,"author":{"gitId":"ryan-txn"},"content":"    public static void printLine() {","lastModifiedDate":"2024-09-06","isFullCredit":false},{"lineNumber":44,"author":{"gitId":"ryan-txn"},"content":"        System.out.println(\"____________________________________________________________\");","lastModifiedDate":"2024-08-30","isFullCredit":false},{"lineNumber":45,"author":{"gitId":"ryan-txn"},"content":"    }","lastModifiedDate":"2024-08-30","isFullCredit":false},{"lineNumber":46,"author":{"gitId":"ryan-txn"},"content":"}","lastModifiedDate":"2024-08-30","isFullCredit":false}],"authorContributionMap":{"ryan-txn":46}}]
