[{"path":"data/task-data.txt","fileType":"txt","lines":[{"lineNumber":1,"author":{"gitId":"ryan-txn"},"content":"[D][X] ckmc (by: dsckjds)","lastModifiedDate":"2024-09-25","isFullCredit":false},{"lineNumber":2,"author":{"gitId":"ryan-txn"},"content":"[E][X] wcdmwk (from: wjn to djcn jk)","lastModifiedDate":"2024-09-25","isFullCredit":false},{"lineNumber":3,"author":{"gitId":"ryan-txn"},"content":"[T][X] dnckwdcm","lastModifiedDate":"2024-09-25","isFullCredit":false}],"authorContributionMap":{"ryan-txn":3}},{"path":"src/main/java/tommi/Task/Deadline.java","fileType":"java","lines":[{"lineNumber":1,"author":{"gitId":"ryan-txn"},"content":"package tommi.Task;","lastModifiedDate":"2024-10-06","isFullCredit":false},{"lineNumber":2,"author":{"gitId":"ryan-txn"},"content":"","lastModifiedDate":"2024-09-13","isFullCredit":false},{"lineNumber":3,"author":{"gitId":"ryan-txn"},"content":"public class Deadline extends Task{","lastModifiedDate":"2024-09-06","isFullCredit":false},{"lineNumber":4,"author":{"gitId":"ryan-txn"},"content":"","lastModifiedDate":"2024-09-06","isFullCredit":false},{"lineNumber":5,"author":{"gitId":"ryan-txn"},"content":"    protected String by;","lastModifiedDate":"2024-09-06","isFullCredit":false},{"lineNumber":6,"author":{"gitId":"ryan-txn"},"content":"","lastModifiedDate":"2024-09-06","isFullCredit":false},{"lineNumber":7,"author":{"gitId":"ryan-txn"},"content":"    public Deadline(boolean isDone, String taskName, String by) {","lastModifiedDate":"2024-09-06","isFullCredit":false},{"lineNumber":8,"author":{"gitId":"ryan-txn"},"content":"        super(isDone, taskName);","lastModifiedDate":"2024-09-06","isFullCredit":false},{"lineNumber":9,"author":{"gitId":"ryan-txn"},"content":"        this.by \u003d by;","lastModifiedDate":"2024-09-06","isFullCredit":false},{"lineNumber":10,"author":{"gitId":"ryan-txn"},"content":"    }","lastModifiedDate":"2024-09-06","isFullCredit":false},{"lineNumber":11,"author":{"gitId":"ryan-txn"},"content":"","lastModifiedDate":"2024-09-06","isFullCredit":false},{"lineNumber":12,"author":{"gitId":"ryan-txn"},"content":"    public Deadline updateIsDone(boolean newIsDone) {","lastModifiedDate":"2024-09-06","isFullCredit":false},{"lineNumber":13,"author":{"gitId":"ryan-txn"},"content":"        return new Deadline(newIsDone, this.taskName, this.by);","lastModifiedDate":"2024-09-06","isFullCredit":false},{"lineNumber":14,"author":{"gitId":"ryan-txn"},"content":"    }","lastModifiedDate":"2024-09-06","isFullCredit":false},{"lineNumber":15,"author":{"gitId":"ryan-txn"},"content":"","lastModifiedDate":"2024-09-06","isFullCredit":false},{"lineNumber":16,"author":{"gitId":"ryan-txn"},"content":"    @Override","lastModifiedDate":"2024-09-06","isFullCredit":false},{"lineNumber":17,"author":{"gitId":"ryan-txn"},"content":"    public String toString() {","lastModifiedDate":"2024-09-06","isFullCredit":false},{"lineNumber":18,"author":{"gitId":"ryan-txn"},"content":"        return \"[D]\" + super.toString() + \"(by:\" + by + \")\";","lastModifiedDate":"2024-09-06","isFullCredit":false},{"lineNumber":19,"author":{"gitId":"ryan-txn"},"content":"    }","lastModifiedDate":"2024-09-06","isFullCredit":false},{"lineNumber":20,"author":{"gitId":"ryan-txn"},"content":"}","lastModifiedDate":"2024-09-06","isFullCredit":false}],"authorContributionMap":{"ryan-txn":20}},{"path":"src/main/java/tommi/Task/Event.java","fileType":"java","lines":[{"lineNumber":1,"author":{"gitId":"ryan-txn"},"content":"package tommi.Task;","lastModifiedDate":"2024-10-06","isFullCredit":false},{"lineNumber":2,"author":{"gitId":"ryan-txn"},"content":"","lastModifiedDate":"2024-09-13","isFullCredit":false},{"lineNumber":3,"author":{"gitId":"ryan-txn"},"content":"public class Event extends Task{","lastModifiedDate":"2024-09-06","isFullCredit":false},{"lineNumber":4,"author":{"gitId":"ryan-txn"},"content":"","lastModifiedDate":"2024-09-06","isFullCredit":false},{"lineNumber":5,"author":{"gitId":"ryan-txn"},"content":"    protected String from;","lastModifiedDate":"2024-09-06","isFullCredit":false},{"lineNumber":6,"author":{"gitId":"ryan-txn"},"content":"    protected String to;","lastModifiedDate":"2024-09-06","isFullCredit":false},{"lineNumber":7,"author":{"gitId":"ryan-txn"},"content":"","lastModifiedDate":"2024-09-06","isFullCredit":false},{"lineNumber":8,"author":{"gitId":"ryan-txn"},"content":"","lastModifiedDate":"2024-09-06","isFullCredit":false},{"lineNumber":9,"author":{"gitId":"ryan-txn"},"content":"    public Event(boolean isDone, String taskName, String from, String to) {","lastModifiedDate":"2024-09-06","isFullCredit":false},{"lineNumber":10,"author":{"gitId":"ryan-txn"},"content":"        super(isDone, taskName);","lastModifiedDate":"2024-09-06","isFullCredit":false},{"lineNumber":11,"author":{"gitId":"ryan-txn"},"content":"        this.from \u003d from;","lastModifiedDate":"2024-09-06","isFullCredit":false},{"lineNumber":12,"author":{"gitId":"ryan-txn"},"content":"        this.to \u003d to;","lastModifiedDate":"2024-09-06","isFullCredit":false},{"lineNumber":13,"author":{"gitId":"ryan-txn"},"content":"    }","lastModifiedDate":"2024-09-06","isFullCredit":false},{"lineNumber":14,"author":{"gitId":"ryan-txn"},"content":"","lastModifiedDate":"2024-09-06","isFullCredit":false},{"lineNumber":15,"author":{"gitId":"ryan-txn"},"content":"    public Event updateIsDone(boolean newIsDone) {","lastModifiedDate":"2024-09-06","isFullCredit":false},{"lineNumber":16,"author":{"gitId":"ryan-txn"},"content":"        return new Event(newIsDone, this.taskName, this.from, this.to);","lastModifiedDate":"2024-09-06","isFullCredit":false},{"lineNumber":17,"author":{"gitId":"ryan-txn"},"content":"    }","lastModifiedDate":"2024-09-06","isFullCredit":false},{"lineNumber":18,"author":{"gitId":"ryan-txn"},"content":"","lastModifiedDate":"2024-09-06","isFullCredit":false},{"lineNumber":19,"author":{"gitId":"ryan-txn"},"content":"    @Override","lastModifiedDate":"2024-09-06","isFullCredit":false},{"lineNumber":20,"author":{"gitId":"ryan-txn"},"content":"    public String toString() {","lastModifiedDate":"2024-09-06","isFullCredit":false},{"lineNumber":21,"author":{"gitId":"ryan-txn"},"content":"        return \"[E]\" + super.toString() + \"(from:\" + this.from + \"to\" + this.to + \")\";","lastModifiedDate":"2024-09-06","isFullCredit":false},{"lineNumber":22,"author":{"gitId":"ryan-txn"},"content":"    }","lastModifiedDate":"2024-09-06","isFullCredit":false},{"lineNumber":23,"author":{"gitId":"ryan-txn"},"content":"}","lastModifiedDate":"2024-09-06","isFullCredit":false}],"authorContributionMap":{"ryan-txn":23}},{"path":"src/main/java/tommi/Task/Task.java","fileType":"java","lines":[{"lineNumber":1,"author":{"gitId":"ryan-txn"},"content":"package tommi.Task;","lastModifiedDate":"2024-10-06","isFullCredit":false},{"lineNumber":2,"author":{"gitId":"ryan-txn"},"content":"","lastModifiedDate":"2024-09-13","isFullCredit":false},{"lineNumber":3,"author":{"gitId":"ryan-txn"},"content":"public class Task {","lastModifiedDate":"2024-09-06","isFullCredit":false},{"lineNumber":4,"author":{"gitId":"ryan-txn"},"content":"","lastModifiedDate":"2024-09-06","isFullCredit":false},{"lineNumber":5,"author":{"gitId":"ryan-txn"},"content":"    protected final boolean isDone;","lastModifiedDate":"2024-09-06","isFullCredit":false},{"lineNumber":6,"author":{"gitId":"ryan-txn"},"content":"    protected final String taskName;","lastModifiedDate":"2024-09-06","isFullCredit":false},{"lineNumber":7,"author":{"gitId":"ryan-txn"},"content":"","lastModifiedDate":"2024-09-06","isFullCredit":false},{"lineNumber":8,"author":{"gitId":"ryan-txn"},"content":"    public Task(boolean isDone, String taskName) {","lastModifiedDate":"2024-09-06","isFullCredit":false},{"lineNumber":9,"author":{"gitId":"ryan-txn"},"content":"        this.isDone \u003d isDone;","lastModifiedDate":"2024-09-06","isFullCredit":false},{"lineNumber":10,"author":{"gitId":"ryan-txn"},"content":"        this.taskName \u003d taskName;","lastModifiedDate":"2024-09-06","isFullCredit":false},{"lineNumber":11,"author":{"gitId":"ryan-txn"},"content":"    }","lastModifiedDate":"2024-09-06","isFullCredit":false},{"lineNumber":12,"author":{"gitId":"ryan-txn"},"content":"","lastModifiedDate":"2024-09-06","isFullCredit":false},{"lineNumber":13,"author":{"gitId":"ryan-txn"},"content":"    public Task updateIsDone(boolean newIsDone) {","lastModifiedDate":"2024-09-06","isFullCredit":false},{"lineNumber":14,"author":{"gitId":"ryan-txn"},"content":"        return new Task(newIsDone, this.taskName);","lastModifiedDate":"2024-09-06","isFullCredit":false},{"lineNumber":15,"author":{"gitId":"ryan-txn"},"content":"    }","lastModifiedDate":"2024-09-06","isFullCredit":false},{"lineNumber":16,"author":{"gitId":"ryan-txn"},"content":"","lastModifiedDate":"2024-09-06","isFullCredit":false},{"lineNumber":17,"author":{"gitId":"ryan-txn"},"content":"    @Override","lastModifiedDate":"2024-09-06","isFullCredit":false},{"lineNumber":18,"author":{"gitId":"ryan-txn"},"content":"    public String toString() {","lastModifiedDate":"2024-09-06","isFullCredit":false},{"lineNumber":19,"author":{"gitId":"ryan-txn"},"content":"        return (\"[\" + (isDone ? \"X\" : \" \") + \"] \" + taskName);","lastModifiedDate":"2024-09-06","isFullCredit":false},{"lineNumber":20,"author":{"gitId":"ryan-txn"},"content":"    }","lastModifiedDate":"2024-09-06","isFullCredit":false},{"lineNumber":21,"author":{"gitId":"ryan-txn"},"content":"}","lastModifiedDate":"2024-09-06","isFullCredit":false}],"authorContributionMap":{"ryan-txn":21}},{"path":"src/main/java/tommi/Task/ToDo.java","fileType":"java","lines":[{"lineNumber":1,"author":{"gitId":"ryan-txn"},"content":"package tommi.Task;","lastModifiedDate":"2024-10-06","isFullCredit":false},{"lineNumber":2,"author":{"gitId":"ryan-txn"},"content":"","lastModifiedDate":"2024-09-13","isFullCredit":false},{"lineNumber":3,"author":{"gitId":"ryan-txn"},"content":"public class ToDo extends Task {","lastModifiedDate":"2024-09-06","isFullCredit":false},{"lineNumber":4,"author":{"gitId":"ryan-txn"},"content":"","lastModifiedDate":"2024-09-06","isFullCredit":false},{"lineNumber":5,"author":{"gitId":"ryan-txn"},"content":"    public ToDo(boolean isDone, String taskName) {","lastModifiedDate":"2024-09-06","isFullCredit":false},{"lineNumber":6,"author":{"gitId":"ryan-txn"},"content":"        super(isDone, taskName);","lastModifiedDate":"2024-09-06","isFullCredit":false},{"lineNumber":7,"author":{"gitId":"ryan-txn"},"content":"    }","lastModifiedDate":"2024-09-06","isFullCredit":false},{"lineNumber":8,"author":{"gitId":"ryan-txn"},"content":"","lastModifiedDate":"2024-09-06","isFullCredit":false},{"lineNumber":9,"author":{"gitId":"ryan-txn"},"content":"    public ToDo updateIsDone(boolean newIsDone) {","lastModifiedDate":"2024-09-06","isFullCredit":false},{"lineNumber":10,"author":{"gitId":"ryan-txn"},"content":"        return new ToDo(newIsDone, this.taskName);","lastModifiedDate":"2024-09-06","isFullCredit":false},{"lineNumber":11,"author":{"gitId":"ryan-txn"},"content":"    }","lastModifiedDate":"2024-09-06","isFullCredit":false},{"lineNumber":12,"author":{"gitId":"ryan-txn"},"content":"","lastModifiedDate":"2024-09-06","isFullCredit":false},{"lineNumber":13,"author":{"gitId":"ryan-txn"},"content":"    @Override","lastModifiedDate":"2024-09-06","isFullCredit":false},{"lineNumber":14,"author":{"gitId":"ryan-txn"},"content":"    public String toString() {","lastModifiedDate":"2024-09-06","isFullCredit":false},{"lineNumber":15,"author":{"gitId":"ryan-txn"},"content":"        return \"[T]\" + super.toString();","lastModifiedDate":"2024-09-06","isFullCredit":false},{"lineNumber":16,"author":{"gitId":"ryan-txn"},"content":"    }","lastModifiedDate":"2024-09-06","isFullCredit":false},{"lineNumber":17,"author":{"gitId":"ryan-txn"},"content":"}","lastModifiedDate":"2024-09-06","isFullCredit":false}],"authorContributionMap":{"ryan-txn":17}},{"path":"src/main/java/tommi/TaskList.java","fileType":"java","lines":[{"lineNumber":1,"author":{"gitId":"ryan-txn"},"content":"package tommi;","lastModifiedDate":"2024-09-13","isFullCredit":false},{"lineNumber":2,"author":{"gitId":"ryan-txn"},"content":"","lastModifiedDate":"2024-09-13","isFullCredit":false},{"lineNumber":3,"author":{"gitId":"ryan-txn"},"content":"import tommi.Task.Task;","lastModifiedDate":"2024-10-06","isFullCredit":false},{"lineNumber":4,"author":{"gitId":"ryan-txn"},"content":"","lastModifiedDate":"2024-10-06","isFullCredit":false},{"lineNumber":5,"author":{"gitId":"ryan-txn"},"content":"import java.util.ArrayList;","lastModifiedDate":"2024-09-20","isFullCredit":false},{"lineNumber":6,"author":{"gitId":"ryan-txn"},"content":"","lastModifiedDate":"2024-09-06","isFullCredit":false},{"lineNumber":7,"author":{"gitId":"ryan-txn"},"content":"public class TaskList {","lastModifiedDate":"2024-09-20","isFullCredit":false},{"lineNumber":8,"author":{"gitId":"ryan-txn"},"content":"","lastModifiedDate":"2024-09-06","isFullCredit":false},{"lineNumber":9,"author":{"gitId":"ryan-txn"},"content":"    private static final ArrayList\u003cTask\u003e tasks \u003d new ArrayList\u003c\u003e();  // Array to store tasks","lastModifiedDate":"2024-09-20","isFullCredit":false},{"lineNumber":10,"author":{"gitId":"ryan-txn"},"content":"","lastModifiedDate":"2024-09-06","isFullCredit":false},{"lineNumber":11,"author":{"gitId":"ryan-txn"},"content":"    public static ArrayList\u003cTask\u003e getTaskList() {","lastModifiedDate":"2024-09-25","isFullCredit":false},{"lineNumber":12,"author":{"gitId":"ryan-txn"},"content":"        return tasks;","lastModifiedDate":"2024-09-25","isFullCredit":false},{"lineNumber":13,"author":{"gitId":"ryan-txn"},"content":"    }","lastModifiedDate":"2024-09-25","isFullCredit":false},{"lineNumber":14,"author":{"gitId":"ryan-txn"},"content":"","lastModifiedDate":"2024-09-25","isFullCredit":false},{"lineNumber":15,"author":{"gitId":"ryan-txn"},"content":"    public static void listTasks() {","lastModifiedDate":"2024-09-06","isFullCredit":false},{"lineNumber":16,"author":{"gitId":"ryan-txn"},"content":"        Ui.printLine();","lastModifiedDate":"2024-10-06","isFullCredit":false},{"lineNumber":17,"author":{"gitId":"ryan-txn"},"content":"        System.out.println(\"Here are the tasks in your list:\");","lastModifiedDate":"2024-09-06","isFullCredit":false},{"lineNumber":18,"author":{"gitId":"ryan-txn"},"content":"        for (int i \u003d 0; i \u003c tasks.size(); i++) {","lastModifiedDate":"2024-09-20","isFullCredit":false},{"lineNumber":19,"author":{"gitId":"ryan-txn"},"content":"            System.out.println((i + 1) + \". \"  + tasks.get(i));","lastModifiedDate":"2024-09-20","isFullCredit":false},{"lineNumber":20,"author":{"gitId":"ryan-txn"},"content":"        }","lastModifiedDate":"2024-09-06","isFullCredit":false},{"lineNumber":21,"author":{"gitId":"ryan-txn"},"content":"        Ui.printLine();","lastModifiedDate":"2024-10-06","isFullCredit":false},{"lineNumber":22,"author":{"gitId":"ryan-txn"},"content":"    }","lastModifiedDate":"2024-09-06","isFullCredit":false},{"lineNumber":23,"author":{"gitId":"ryan-txn"},"content":"","lastModifiedDate":"2024-09-06","isFullCredit":false},{"lineNumber":24,"author":{"gitId":"ryan-txn"},"content":"    public static void addTask(Task task) {","lastModifiedDate":"2024-09-06","isFullCredit":false},{"lineNumber":25,"author":{"gitId":"ryan-txn"},"content":"        tasks.add(task);","lastModifiedDate":"2024-09-20","isFullCredit":false},{"lineNumber":26,"author":{"gitId":"ryan-txn"},"content":"        Ui.printLine();","lastModifiedDate":"2024-10-06","isFullCredit":false},{"lineNumber":27,"author":{"gitId":"ryan-txn"},"content":"        System.out.println(\"Sure. I\u0027ve added the task: \" + System.lineSeparator()","lastModifiedDate":"2024-09-06","isFullCredit":false},{"lineNumber":28,"author":{"gitId":"ryan-txn"},"content":"                + task + System.lineSeparator()","lastModifiedDate":"2024-09-06","isFullCredit":false},{"lineNumber":29,"author":{"gitId":"ryan-txn"},"content":"                + \"There are now \" + tasks.size() + \" tasks in the list.\");","lastModifiedDate":"2024-09-20","isFullCredit":false},{"lineNumber":30,"author":{"gitId":"ryan-txn"},"content":"        Ui.printLine();","lastModifiedDate":"2024-10-06","isFullCredit":false},{"lineNumber":31,"author":{"gitId":"ryan-txn"},"content":"    }","lastModifiedDate":"2024-09-20","isFullCredit":false},{"lineNumber":32,"author":{"gitId":"ryan-txn"},"content":"","lastModifiedDate":"2024-09-20","isFullCredit":false},{"lineNumber":33,"author":{"gitId":"ryan-txn"},"content":"    public static void addTaskWithoutMessage(Task task) {","lastModifiedDate":"2024-09-25","isFullCredit":false},{"lineNumber":34,"author":{"gitId":"ryan-txn"},"content":"        tasks.add(task);","lastModifiedDate":"2024-09-25","isFullCredit":false},{"lineNumber":35,"author":{"gitId":"ryan-txn"},"content":"    }","lastModifiedDate":"2024-09-25","isFullCredit":false},{"lineNumber":36,"author":{"gitId":"ryan-txn"},"content":"","lastModifiedDate":"2024-09-25","isFullCredit":false},{"lineNumber":37,"author":{"gitId":"ryan-txn"},"content":"    public static void deleteTask(int index) {","lastModifiedDate":"2024-09-20","isFullCredit":false},{"lineNumber":38,"author":{"gitId":"ryan-txn"},"content":"        Ui.printLine();","lastModifiedDate":"2024-10-06","isFullCredit":false},{"lineNumber":39,"author":{"gitId":"ryan-txn"},"content":"        System.out.println(\"I\u0027ve removed the task: \" + System.lineSeparator()","lastModifiedDate":"2024-09-20","isFullCredit":false},{"lineNumber":40,"author":{"gitId":"ryan-txn"},"content":"                + tasks.get(index) + System.lineSeparator());","lastModifiedDate":"2024-09-20","isFullCredit":false},{"lineNumber":41,"author":{"gitId":"ryan-txn"},"content":"        tasks.remove(index);","lastModifiedDate":"2024-09-20","isFullCredit":false},{"lineNumber":42,"author":{"gitId":"ryan-txn"},"content":"        System.out.println( \"There are now \" + tasks.size() + \" tasks in the list.\");","lastModifiedDate":"2024-09-20","isFullCredit":false},{"lineNumber":43,"author":{"gitId":"ryan-txn"},"content":"        Ui.printLine();","lastModifiedDate":"2024-10-06","isFullCredit":false},{"lineNumber":44,"author":{"gitId":"ryan-txn"},"content":"    }","lastModifiedDate":"2024-09-06","isFullCredit":false},{"lineNumber":45,"author":{"gitId":"ryan-txn"},"content":"","lastModifiedDate":"2024-09-06","isFullCredit":false},{"lineNumber":46,"author":{"gitId":"ryan-txn"},"content":"    public static void markTask(int index) {","lastModifiedDate":"2024-09-06","isFullCredit":false},{"lineNumber":47,"author":{"gitId":"ryan-txn"},"content":"        if (index \u003e\u003d 0 \u0026\u0026 index \u003c tasks.size()) {","lastModifiedDate":"2024-09-20","isFullCredit":false},{"lineNumber":48,"author":{"gitId":"ryan-txn"},"content":"            Ui.printLine();","lastModifiedDate":"2024-10-06","isFullCredit":false},{"lineNumber":49,"author":{"gitId":"ryan-txn"},"content":"            Task updatedTask \u003d tasks.get(index).updateIsDone(true);","lastModifiedDate":"2024-09-25","isFullCredit":false},{"lineNumber":50,"author":{"gitId":"ryan-txn"},"content":"            tasks.set(index, updatedTask);","lastModifiedDate":"2024-09-25","isFullCredit":false},{"lineNumber":51,"author":{"gitId":"ryan-txn"},"content":"            System.out.println(\"Awesomesauce! I\u0027ve marked this task as done:\");","lastModifiedDate":"2024-09-06","isFullCredit":false},{"lineNumber":52,"author":{"gitId":"ryan-txn"},"content":"            System.out.println(tasks.get(index));","lastModifiedDate":"2024-09-20","isFullCredit":false},{"lineNumber":53,"author":{"gitId":"ryan-txn"},"content":"            Ui.printLine();","lastModifiedDate":"2024-10-06","isFullCredit":false},{"lineNumber":54,"author":{"gitId":"ryan-txn"},"content":"        }","lastModifiedDate":"2024-09-06","isFullCredit":false},{"lineNumber":55,"author":{"gitId":"ryan-txn"},"content":"    }","lastModifiedDate":"2024-09-06","isFullCredit":false},{"lineNumber":56,"author":{"gitId":"ryan-txn"},"content":"","lastModifiedDate":"2024-09-06","isFullCredit":false},{"lineNumber":57,"author":{"gitId":"ryan-txn"},"content":"    public static void unmarkTask(int index) {","lastModifiedDate":"2024-09-06","isFullCredit":false},{"lineNumber":58,"author":{"gitId":"ryan-txn"},"content":"        if (index \u003e\u003d 0 \u0026\u0026 index \u003c tasks.size()) {","lastModifiedDate":"2024-09-20","isFullCredit":false},{"lineNumber":59,"author":{"gitId":"ryan-txn"},"content":"            Ui.printLine();","lastModifiedDate":"2024-10-06","isFullCredit":false},{"lineNumber":60,"author":{"gitId":"ryan-txn"},"content":"            Task updatedTask \u003d tasks.get(index).updateIsDone(false);","lastModifiedDate":"2024-09-25","isFullCredit":false},{"lineNumber":61,"author":{"gitId":"ryan-txn"},"content":"            tasks.set(index, updatedTask);","lastModifiedDate":"2024-09-25","isFullCredit":false},{"lineNumber":62,"author":{"gitId":"ryan-txn"},"content":"            System.out.println(\"OK, I\u0027ve marked this task as undone:\");","lastModifiedDate":"2024-09-06","isFullCredit":false},{"lineNumber":63,"author":{"gitId":"ryan-txn"},"content":"            System.out.println(tasks.get(index));","lastModifiedDate":"2024-09-20","isFullCredit":false},{"lineNumber":64,"author":{"gitId":"ryan-txn"},"content":"            Ui.printLine();","lastModifiedDate":"2024-10-06","isFullCredit":false},{"lineNumber":65,"author":{"gitId":"ryan-txn"},"content":"        }","lastModifiedDate":"2024-09-06","isFullCredit":false},{"lineNumber":66,"author":{"gitId":"ryan-txn"},"content":"    }","lastModifiedDate":"2024-09-06","isFullCredit":false},{"lineNumber":67,"author":{"gitId":"ryan-txn"},"content":"}","lastModifiedDate":"2024-09-06","isFullCredit":false}],"authorContributionMap":{"ryan-txn":67}},{"path":"src/main/java/tommi/Tommi.java","fileType":"java","lines":[{"lineNumber":1,"author":{"gitId":"ryan-txn"},"content":"package tommi;","lastModifiedDate":"2024-09-13","isFullCredit":false},{"lineNumber":2,"author":{"gitId":"ryan-txn"},"content":"","lastModifiedDate":"2024-09-13","isFullCredit":false},{"lineNumber":3,"author":{"gitId":"ryan-txn"},"content":"import java.io.FileNotFoundException;","lastModifiedDate":"2024-09-25","isFullCredit":false},{"lineNumber":4,"author":{"gitId":"ryan-txn"},"content":"import java.util.Scanner;","lastModifiedDate":"2024-08-30","isFullCredit":false},{"lineNumber":5,"author":{"gitId":"ryan-txn"},"content":"","lastModifiedDate":"2024-08-30","isFullCredit":false},{"lineNumber":6,"author":{"gitId":"ryan-txn"},"content":"public class Tommi {","lastModifiedDate":"2024-08-30","isFullCredit":false},{"lineNumber":7,"author":{"gitId":"ryan-txn"},"content":"","lastModifiedDate":"2024-08-30","isFullCredit":false},{"lineNumber":8,"author":{"gitId":"ryan-txn"},"content":"    public static void main(String[] args) throws FileNotFoundException {","lastModifiedDate":"2024-09-25","isFullCredit":false},{"lineNumber":9,"author":{"gitId":"ryan-txn"},"content":"        Scanner scanner \u003d new Scanner(System.in);","lastModifiedDate":"2024-08-30","isFullCredit":false},{"lineNumber":10,"author":{"gitId":"ryan-txn"},"content":"","lastModifiedDate":"2024-08-30","isFullCredit":false},{"lineNumber":11,"author":{"gitId":"ryan-txn"},"content":"        Ui.printIntroMessage();","lastModifiedDate":"2024-10-06","isFullCredit":false},{"lineNumber":12,"author":{"gitId":"ryan-txn"},"content":"        Ui.readInputStrings(scanner);","lastModifiedDate":"2024-10-06","isFullCredit":false},{"lineNumber":13,"author":{"gitId":"ryan-txn"},"content":"        Ui.printExitMessage();","lastModifiedDate":"2024-10-06","isFullCredit":false},{"lineNumber":14,"author":{"gitId":"ryan-txn"},"content":"    }","lastModifiedDate":"2024-08-30","isFullCredit":false},{"lineNumber":15,"author":{"gitId":"ryan-txn"},"content":"}","lastModifiedDate":"2024-08-30","isFullCredit":false}],"authorContributionMap":{"ryan-txn":15}}]
