{"authorDailyContributionsMap":{"crystal-bys":[{"date":"2024-08-28","commitResults":[{"hash":"e6a832077252ff44c2f9a818c3e17b78db4e52be","isMergeCommit":false,"messageTitle":"Level 0 completed - name of bot changed to Crystal - greets user and exits when run","messageBody":"","fileTypesAndContributionMap":{"java":{"insertions":10,"deletions":10}}},{"hash":"d9cff70a6faf311346d694bce4093418ea4a1ed7","isMergeCommit":false,"messageTitle":"Level 0 completed - name of bot changed to Crystal - greets user and exits when run","messageBody":"","tags":["Level-0"],"fileTypesAndContributionMap":{"java":{"insertions":8,"deletions":6}}}]},{"date":"2024-08-29","commitResults":[{"hash":"b06afb6db1113cfc5898d77eee7e3ab65d8c3981","isMergeCommit":false,"messageTitle":"Level 1 completed. Echo completed.","messageBody":"","tags":["Level-1"],"fileTypesAndContributionMap":{"java":{"insertions":15,"deletions":2}}},{"hash":"fa6aa8f01316889b8504490424c75bd2b1b721d6","isMergeCommit":false,"messageTitle":"Level 2 completed. Add and list completed.","messageBody":"","tags":["Level-2"],"fileTypesAndContributionMap":{"java":{"insertions":16,"deletions":3}}},{"hash":"90381d052c59e802eca43547b1440f4d318599c0","isMergeCommit":false,"messageTitle":"Level 3 completed. Mark as done and unmark completed.","messageBody":"","tags":["Level-3"],"fileTypesAndContributionMap":{"java":{"insertions":52,"deletions":4}}},{"hash":"90bb86387db64b86fd68723c955e2e520b5bd039","isMergeCommit":false,"messageTitle":"A-CodingStandard completed. All indentations are checked and all variables are in camelCase.","messageBody":"","tags":["A-CodingStandard"],"fileTypesAndContributionMap":{"java":{"insertions":14,"deletions":16}}}]},{"date":"2024-09-03","commitResults":[{"hash":"6179da5abd7bb406f176bdd0777ba8f789c884c7","isMergeCommit":false,"messageTitle":"Level 4 completed. Todo, Event and Deadline completed.","messageBody":"","tags":["Level-4"],"fileTypesAndContributionMap":{"java":{"insertions":87,"deletions":18}}},{"hash":"116346832f46722dbdd3e09ab5ca9d3a4e52bdd9","isMergeCommit":false,"messageTitle":"A-CodeQuality completed. Considered KISS and avoiding magic numbers, but realised that was practised earlier already. Removed unused code and considered making the happy path prominent in main but understood that that was unavoidable.","messageBody":"","tags":["A-CodeQuality"],"fileTypesAndContributionMap":{"java":{"insertions":0,"deletions":4}}},{"hash":"d63aaf1452401b979943b12bc27b355dcbc77878","isMergeCommit":false,"messageTitle":"A-TextUiTesting completed. Edited some printing code and the runtest.bat file as FC was not recognised. Wrote in a few input commands and the expected outputs. Seperated the initial output upon running Crystal.java and the outputs afterwards with a space.","messageBody":"","tags":["A-TextUiTesting"],"fileTypesAndContributionMap":{"txt":{"insertions":10,"deletions":0},"java":{"insertions":1,"deletions":1},"bat":{"insertions":2,"deletions":2}}}]},{"date":"2024-09-10","commitResults":[{"hash":"fb7c87c1116688530752c32dcb421315b3804c64","isMergeCommit":false,"messageTitle":"Level 5 completed. Handling of error is done.","messageBody":"","tags":["A-Exceptions"],"fileTypesAndContributionMap":{"java":{"insertions":188,"deletions":69}}},{"hash":"c0b6507f529efbacd8b2da4b2ea48afc4c265396","isMergeCommit":true,"messageTitle":" Merge branch \u0027branch-Level-5\u0027 Merging is for Level-5 increment, handling errors and A-Exceptions have been completed on the branch-Level-5.","messageBody":"","tags":["Level-5"],"fileTypesAndContributionMap":{}},{"hash":"d16b8d3353b2fd0c1f3bc641d6051378f53495d8","isMergeCommit":false,"messageTitle":"seperation of files in packages, done.","messageBody":"","fileTypesAndContributionMap":{"java":{"insertions":12,"deletions":0}}},{"hash":"9b6f04c224f2fa1dbc6dad2771a1ba633d7df7cf","isMergeCommit":true,"messageTitle":"Merge branch \u0027branch-A-Packages\u0027 Merging branch for seperating files into packages. Merge into master branch.","messageBody":"","tags":["A-Packages"],"fileTypesAndContributionMap":{}}]},{"date":"2024-09-17","commitResults":[{"hash":"4e3f99d0f217cdd7a082b556dea1671f49ade1c9","isMergeCommit":false,"messageTitle":"Level 6 task completed. Can delete tasks. Fixed some bugs as well.","messageBody":"","tags":["A-Collections"],"fileTypesAndContributionMap":{"java":{"insertions":42,"deletions":10}}},{"hash":"a9809deba52bc93b36cf31e5ee2324b17401da48","isMergeCommit":false,"messageTitle":"Level 7 task completed. Save data to hard disk completed. Fixed some bugs.","messageBody":"","fileTypesAndContributionMap":{"java":{"insertions":111,"deletions":5}}},{"hash":"1c8664e9b80cfab7e2d6145bf59d72ab23174a70","isMergeCommit":true,"messageTitle":"Merge branch \u0027branch-Level-6\u0027 Merging branch of branch-Level-6 with master as Level-6 is completed.","messageBody":"","tags":["Level-6"],"fileTypesAndContributionMap":{}},{"hash":"578d250a22d758ce4006bf0c08919e400b9be7d8","isMergeCommit":true,"messageTitle":"Edited the files in Crystal.java to resolve merge conflict.","messageBody":"","tags":["Level-7","A-Jar"],"fileTypesAndContributionMap":{}}]},{"date":"2024-10-02","commitResults":[{"hash":"e3c839e485687853481a3721deec32cd6f8a2ad2","isMergeCommit":false,"messageTitle":"debugged for jar file","messageBody":"","tags":["debuggingJarFile"],"fileTypesAndContributionMap":{"txt":{"insertions":2,"deletions":0},"java":{"insertions":9,"deletions":5}}},{"hash":"86810b04eebf0d5d89e2bc2321e46975a7232de1","isMergeCommit":false,"messageTitle":"renamed some methods to improve code readability","messageBody":"","fileTypesAndContributionMap":{"java":{"insertions":36,"deletions":36}}}]},{"date":"2024-10-04","commitResults":[{"hash":"25ef69092cde9bbde7788d94d38c44f321c542b3","isMergeCommit":false,"messageTitle":"Rewrote the code to fix some bugs, as well as to make it more OOP","messageBody":"","tags":["A-MoreOOP"],"fileTypesAndContributionMap":{"txt":{"insertions":1,"deletions":1},"java":{"insertions":340,"deletions":290}}},{"hash":"28c662ca65501abedaf79678046423e4294a0194","isMergeCommit":false,"messageTitle":"Level 9 completed. Find keywords is possible.","messageBody":"","tags":["Level-9"],"fileTypesAndContributionMap":{"txt":{"insertions":1,"deletions":0},"java":{"insertions":39,"deletions":0}}},{"hash":"6d8234823c2b74eb8724493903447b9ee73898e9","isMergeCommit":true,"messageTitle":"Merge pull request #1 from crystal-bys/branch-Level-9","messageBody":"Level 9 completed. Find keywords is possible.","fileTypesAndContributionMap":{}},{"hash":"3e1804debeb417572e67211353eb2b5b13963b43","isMergeCommit":false,"messageTitle":"Javadoc changes.","messageBody":"","fileTypesAndContributionMap":{"txt":{"insertions":3,"deletions":2},"java":{"insertions":127,"deletions":6},"md":{"insertions":60,"deletions":8}}},{"hash":"6386a2bb6c596156441920fe060fafa639caed36","isMergeCommit":true,"messageTitle":"javadoc merge conflict done","messageBody":"","fileTypesAndContributionMap":{}},{"hash":"2ec645bfa8b44c7222443180f3b88990e4d3b104","isMergeCommit":false,"messageTitle":"javadoc for real done after pulling","messageBody":"","fileTypesAndContributionMap":{"java":{"insertions":35,"deletions":0}}},{"hash":"c6db62024f5e234a4f4285a87b488e1305c86c60","isMergeCommit":true,"messageTitle":"Merge pull request #2 from crystal-bys/branch-A-JavaDoc","messageBody":"Branch a java doc","fileTypesAndContributionMap":{}},{"hash":"77fe2f217601b0bd4703fc95c85365925ec11641","isMergeCommit":false,"messageTitle":"User guide updated.","messageBody":"","tags":["v2.0","A-UserGuide","A-Release"],"fileTypesAndContributionMap":{"txt":{"insertions":3,"deletions":3},"java":{"insertions":1,"deletions":7},"md":{"insertions":119,"deletions":37}}}]}]},"authorFileTypeContributionMap":{"crystal-bys":{"java":640,"md":140,"fxml":0,"sh":0,"bat":2,"gradle":0,"txt":13}},"authorContributionVariance":{"crystal-bys":24830.33},"authorDisplayNameMap":{"crystal-bys":"CS2113-W14-2 BU Y..UANG"}}
