{"authorDailyContributionsMap":{"paulktham":[{"date":"2024-08-21","commitResults":[{"hash":"c1037daab0d828117e0cc3ae902d1d08c1f0d3bb","isMergeCommit":false,"messageTitle":"Level-0-a","messageBody":"","fileTypesAndContributionMap":{"java":{"insertions":15,"deletions":0}}},{"hash":"3b4fe69c95b2de08ddaa9cd307ff7ea441989a6e","isMergeCommit":false,"messageTitle":"Level-0-b","messageBody":"","fileTypesAndContributionMap":{"java":{"insertions":0,"deletions":10}}}]},{"date":"2024-08-26","commitResults":[{"hash":"22faae3215db92299cdf57016165ccd1b1e7d769","isMergeCommit":false,"messageTitle":"Level-1","messageBody":"","fileTypesAndContributionMap":{"java":{"insertions":20,"deletions":6}}}]},{"date":"2024-08-28","commitResults":[{"hash":"db2344bd741af8188b4efebfad16d7d10e93e561","isMergeCommit":false,"messageTitle":"level 2","messageBody":"","fileTypesAndContributionMap":{"java":{"insertions":28,"deletions":10}}},{"hash":"d5eb7883c7b0c157853c4a5f57e2e701ba5b36f4","isMergeCommit":false,"messageTitle":"Level 3.1","messageBody":"","fileTypesAndContributionMap":{"java":{"insertions":34,"deletions":2}}}]},{"date":"2024-09-05","commitResults":[{"hash":"c8cc74682fc6a3d6737188c3496a654511bb779b","isMergeCommit":false,"messageTitle":"Level-4","messageBody":"","fileTypesAndContributionMap":{"txt":{"insertions":1,"deletions":0},"java":{"insertions":166,"deletions":68},"bat":{"insertions":2,"deletions":2}}}]}]},"authorFileTypeContributionMap":{"paulktham":{"java":177,"md":0,"fxml":0,"sh":0,"bat":1,"gradle":0,"txt":1}},"authorContributionVariance":{"paulktham":2742.3176},"authorDisplayNameMap":{"paulktham":"CS2113-W12-2 PAUL..G LE"}}
