{"authorDailyContributionsMap":{"paulktham":[{"date":"2024-08-21","commitResults":[{"hash":"c1037daab0d828117e0cc3ae902d1d08c1f0d3bb","isMergeCommit":false,"messageTitle":"Level-0-a","messageBody":"","fileTypesAndContributionMap":{"java":{"insertions":15,"deletions":0}}},{"hash":"3b4fe69c95b2de08ddaa9cd307ff7ea441989a6e","isMergeCommit":false,"messageTitle":"Level-0-b","messageBody":"","tags":["Level-0"],"fileTypesAndContributionMap":{"java":{"insertions":0,"deletions":10}}}]},{"date":"2024-08-26","commitResults":[{"hash":"22faae3215db92299cdf57016165ccd1b1e7d769","isMergeCommit":false,"messageTitle":"Level-1","messageBody":"","tags":["Level-1"],"fileTypesAndContributionMap":{"java":{"insertions":20,"deletions":6}}}]},{"date":"2024-08-28","commitResults":[{"hash":"db2344bd741af8188b4efebfad16d7d10e93e561","isMergeCommit":false,"messageTitle":"level 2","messageBody":"","tags":["Level-2"],"fileTypesAndContributionMap":{"java":{"insertions":28,"deletions":10}}},{"hash":"d5eb7883c7b0c157853c4a5f57e2e701ba5b36f4","isMergeCommit":false,"messageTitle":"Level 3.1","messageBody":"","tags":["Level-3"],"fileTypesAndContributionMap":{"java":{"insertions":34,"deletions":2}}}]},{"date":"2024-09-05","commitResults":[{"hash":"c8cc74682fc6a3d6737188c3496a654511bb779b","isMergeCommit":false,"messageTitle":"Level-4","messageBody":"","tags":["Level-4","A-CodingStandard"],"fileTypesAndContributionMap":{"txt":{"insertions":1,"deletions":0},"java":{"insertions":166,"deletions":68},"bat":{"insertions":2,"deletions":2}}}]},{"date":"2024-09-09","commitResults":[{"hash":"05e4753ad8c9b3fba6dd39366281eec364dc30cd","isMergeCommit":false,"messageTitle":"exception handling","messageBody":"","tags":["Level-5","A-Exceptions","A-Collections","A-CodeQuality"],"fileTypesAndContributionMap":{"java":{"insertions":73,"deletions":6}}}]},{"date":"2024-09-11","commitResults":[{"hash":"3d8be8034f5ddf7ff669b154dc5cf0636b27abc1","isMergeCommit":false,"messageTitle":"package control","messageBody":"","fileTypesAndContributionMap":{"java":{"insertions":87,"deletions":95}}}]},{"date":"2024-09-16","commitResults":[{"hash":"88f05d45d90125b683c7d0795e34f555c8d04c0b","isMergeCommit":false,"messageTitle":"delete function and arraylist","messageBody":"","tags":["Level-6"],"fileTypesAndContributionMap":{"java":{"insertions":119,"deletions":22}}},{"hash":"c53d15fff2383c4e9b14b5e5a29495c511735b9a","isMergeCommit":false,"messageTitle":"save function","messageBody":"","tags":["Level-7"],"fileTypesAndContributionMap":{"java":{"insertions":70,"deletions":0}}},{"hash":"2509408b4100f2309cae664bee6e972bbf468d12","isMergeCommit":false,"messageTitle":"fix bugs from level 6","messageBody":"","fileTypesAndContributionMap":{"java":{"insertions":34,"deletions":15}}},{"hash":"0bf10264b7abb403c25045706f5fcbbb13ee6c9e","isMergeCommit":true,"messageTitle":"Merge branch \u0027branch-level-7\u0027 and fix bugs","messageBody":"","tags":["release"],"fileTypesAndContributionMap":{}}]},{"date":"2024-09-27","commitResults":[{"hash":"a7bf5e108e8a9855e18d1f6921009e590a3b0d20","isMergeCommit":false,"messageTitle":"A-MoreOOP","messageBody":"","fileTypesAndContributionMap":{"java":{"insertions":278,"deletions":118}}}]},{"date":"2024-09-28","commitResults":[{"hash":"2591f717ef4f7870e693c37bec43a9abba42c266","isMergeCommit":false,"messageTitle":"A-MoreOOP-V2","messageBody":"","tags":["A-MoreOOP"],"fileTypesAndContributionMap":{"java":{"insertions":194,"deletions":113}}},{"hash":"6fb3fadebc02ecaa5e40cb3d2104e8293de7e0bc","isMergeCommit":true,"messageTitle":"Merge branch \u0027master\u0027 of https://github.com/paulktham/ip","messageBody":"","fileTypesAndContributionMap":{}},{"hash":"e6e64167f1556a87b14a4b3e6b0152bc072a77f2","isMergeCommit":false,"messageTitle":"DateTime and priority list implemented","messageBody":"","tags":["Level-8"],"fileTypesAndContributionMap":{"java":{"insertions":84,"deletions":37}}},{"hash":"07475664c7c878670af858fa99f60dbba16fef67","isMergeCommit":false,"messageTitle":"find function","messageBody":"","tags":["Level-9"],"fileTypesAndContributionMap":{"java":{"insertions":46,"deletions":12}}},{"hash":"030791ba19f8aa516d809147a393afeaa28c4baa","isMergeCommit":true,"messageTitle":"Merge pull request #1 from paulktham/branch-level-8","messageBody":"DateTime and priority list implemented","fileTypesAndContributionMap":{}},{"hash":"a6bc5b2ad832f0b2849a8c27a4d2204ee2314e5a","isMergeCommit":true,"messageTitle":"Merge branch \u0027master\u0027 into branch-level-9","messageBody":"","fileTypesAndContributionMap":{}},{"hash":"75bd81b45547a218f0113ed3eb141624bd28e447","isMergeCommit":true,"messageTitle":"Merge pull request #2 from paulktham/branch-level-9","messageBody":"find function","fileTypesAndContributionMap":{}},{"hash":"76026f0f941a6db9a3a5b9d8d3bb7da83a5c00bd","isMergeCommit":false,"messageTitle":"JavaDoc comments with some refactoring","messageBody":"","tags":["JavaDoc","A-JavaDoc","A-Jar"],"fileTypesAndContributionMap":{"java":{"insertions":176,"deletions":65}}}]},{"date":"2024-09-30","commitResults":[{"hash":"fa210bcb2bbd7ce5dfd340026204103cb48016fe","isMergeCommit":false,"messageTitle":"A-UserGuide","messageBody":"","tags":["A-UserGuide"],"fileTypesAndContributionMap":{"md":{"insertions":286,"deletions":14}}}]}]},"authorFileTypeContributionMap":{"paulktham":{"java":687,"md":286,"fxml":0,"sh":0,"bat":1,"gradle":0,"txt":1}},"authorContributionVariance":{"paulktham":18052.318},"authorDisplayNameMap":{"paulktham":"CS2113-W12-2 PAUL..G LE"}}
