{"authorDailyContributionsMap":{"ChuaCleon":[{"date":"2024-08-25","commitResults":[{"hash":"1f90742fd74e63da19f8be071a513e96e46bdd0d","isMergeCommit":false,"messageTitle":"Remove Duke from existence Introduce brand-new improved Number 1 Yapper Chatbot aka Yappatron","messageBody":"","fileTypesAndContributionMap":{"java":{"insertions":7,"deletions":0}}},{"hash":"53863a6236959a4119138692ed05ffc7b025c263","isMergeCommit":false,"messageTitle":"Remove Duke","messageBody":"","tags":["Level-0"],"fileTypesAndContributionMap":{"java":{"insertions":0,"deletions":10}}}]},{"date":"2024-08-26","commitResults":[{"hash":"00d4220516c2473c59c08cdc199c85f991cd1ddc","isMergeCommit":false,"messageTitle":"Add echo till user says bye.","messageBody":"","tags":["Level-1"],"fileTypesAndContributionMap":{"java":{"insertions":14,"deletions":0}}},{"hash":"f19f2d1e71d727d6aae31359e1f6fed8163fc6a0","isMergeCommit":false,"messageTitle":"Add input actions to array Echo back list when user wants it","messageBody":"","tags":["Level-2"],"fileTypesAndContributionMap":{"java":{"insertions":9,"deletions":2}}},{"hash":"1950488b5b7504117e9c898dbfd66697569ea591","isMergeCommit":false,"messageTitle":"Add task class for task object as each task has description and status Mark or unmark tasks when done/undone respectively","messageBody":"","tags":["Level-3","A-CodingStandard"],"fileTypesAndContributionMap":{"java":{"insertions":49,"deletions":4}}}]},{"date":"2024-09-01","commitResults":[{"hash":"5be634271dd4f4a7d850bd81d46b74285a1a8942","isMergeCommit":false,"messageTitle":"Create Deadline, Events, Todo class Extend these classes from Task superclass Edit main Yappatron class to support these subclasses of Tasks via polymorphism","messageBody":"","tags":["Level-4"],"fileTypesAndContributionMap":{"java":{"insertions":70,"deletions":22}}},{"hash":"c1e39d5eff7256e7122a1364f6e5850836e20225","isMergeCommit":false,"messageTitle":"Improve abstraction in main Yappatron class. Delegate managing of tasks like add, mark, list to new Taskmanager class","messageBody":"","tags":["A-CodeQuality"],"fileTypesAndContributionMap":{"java":{"insertions":61,"deletions":28}}}]},{"date":"2024-09-08","commitResults":[{"hash":"3390b364322cefbd895a0728c3027087ccb0f705","isMergeCommit":false,"messageTitle":"Handle exceptions from input by users Create new EmptyTaskEntry that inherit from Exception parent class for empty inputs Handle incorrect input from users (missing from/to in event or by in deadline)","messageBody":"","fileTypesAndContributionMap":{"java":{"insertions":55,"deletions":14}}},{"hash":"036701a7be2ad74fa24b34547a07c29c4a3ee1b2","isMergeCommit":true,"messageTitle":"Merge branch \u0027branch-Level-5\u0027","messageBody":"","tags":["Level-5","A-Exceptions"],"fileTypesAndContributionMap":{}}]},{"date":"2024-09-14","commitResults":[{"hash":"f8c816b66ca150f95edc0ae789ebeb963cc9eeb1","isMergeCommit":false,"messageTitle":"Add deleteTask function to delete task indicated by user Change from using array to ArrayList for easier addition and deletion Remove unused variables Edit functions in TaskManager to add/remove/mark/unmark tasks into ArrayList","messageBody":"","tags":["Level-6","A-Collections"],"fileTypesAndContributionMap":{"java":{"insertions":41,"deletions":20}}},{"hash":"e055059be3ffb0abb4b89906a287b04e859f1810","isMergeCommit":false,"messageTitle":"Add FileManager class to create txt file for storage of data Load data from txt file everytime program runs.","messageBody":"","tags":["Level-7"],"fileTypesAndContributionMap":{"java":{"insertions":102,"deletions":0}}},{"hash":"896e652fc9711c9641eedbe79f4835e2fa63c5d8","isMergeCommit":true,"messageTitle":"Merge branch \u0027branch-Level-6\u0027","messageBody":"","fileTypesAndContributionMap":{}},{"hash":"5277d7710beca3031911729b8490a3c01303363d","isMergeCommit":true,"messageTitle":"Merge branch \u0027branch-Level-7\u0027","messageBody":"# Conflicts:\n#\tsrc/main/java/Yappatron.java\n","tags":["A-Jar"],"fileTypesAndContributionMap":{}}]},{"date":"2024-09-16","commitResults":[{"hash":"afbf5afa2aa32f9588762f471a4b2658abcc45de","isMergeCommit":false,"messageTitle":"Edit output formatting inconsistencies.","messageBody":"","fileTypesAndContributionMap":{"java":{"insertions":18,"deletions":18}}}]},{"date":"2024-09-22","commitResults":[{"hash":"a027ca7abdd659bc8051345a0af31619597315aa","isMergeCommit":false,"messageTitle":"Move file writing capability from Yappatron to FileManager. Remove unused variables","messageBody":"","fileTypesAndContributionMap":{"java":{"insertions":41,"deletions":27}}}]}]},"authorFileTypeContributionMap":{"ChuaCleon":{"java":320,"md":0,"fxml":0,"sh":0,"bat":0,"gradle":0,"txt":0}},"authorContributionVariance":{"ChuaCleon":1750.7256},"authorDisplayNameMap":{"ChuaCleon":"CS2113-W10-1 CHUA..LEON"}}
