{"authorDailyContributionsMap":{"ChuaCleon":[{"date":"2024-08-25","commitResults":[{"hash":"1f90742fd74e63da19f8be071a513e96e46bdd0d","isMergeCommit":false,"messageTitle":"Remove Duke from existence Introduce brand-new improved Number 1 Yapper Chatbot aka Yappatron","messageBody":"","fileTypesAndContributionMap":{"java":{"insertions":7,"deletions":0}}},{"hash":"53863a6236959a4119138692ed05ffc7b025c263","isMergeCommit":false,"messageTitle":"Remove Duke","messageBody":"","tags":["Level-0"],"fileTypesAndContributionMap":{"java":{"insertions":0,"deletions":10}}}]},{"date":"2024-08-26","commitResults":[{"hash":"00d4220516c2473c59c08cdc199c85f991cd1ddc","isMergeCommit":false,"messageTitle":"Add echo till user says bye.","messageBody":"","tags":["Level-1"],"fileTypesAndContributionMap":{"java":{"insertions":14,"deletions":0}}},{"hash":"f19f2d1e71d727d6aae31359e1f6fed8163fc6a0","isMergeCommit":false,"messageTitle":"Add input actions to array Echo back list when user wants it","messageBody":"","tags":["Level-2"],"fileTypesAndContributionMap":{"java":{"insertions":9,"deletions":2}}},{"hash":"1950488b5b7504117e9c898dbfd66697569ea591","isMergeCommit":false,"messageTitle":"Add task class for task object as each task has description and status Mark or unmark tasks when done/undone respectively","messageBody":"","tags":["Level-3","A-CodingStandard"],"fileTypesAndContributionMap":{"java":{"insertions":49,"deletions":4}}}]}]},"authorFileTypeContributionMap":{"ChuaCleon":{"java":73,"md":0,"fxml":0,"sh":0,"bat":0,"gradle":0,"txt":0}},"authorContributionVariance":{"ChuaCleon":504.77682},"authorDisplayNameMap":{"ChuaCleon":"CHUA..LEON"}}
