{"authorDailyContributionsMap":{"lucas-sc0":[{"date":"2024-08-19","commitResults":[{"hash":"a28afc420c7c326365bb63aa49cc8fd6c483b12b","isMergeCommit":false,"messageTitle":"Add increment level 0","messageBody":"Renamed chatbot duke to monday and added greet and exit messages.\n","fileTypesAndContributionMap":{"java":{"insertions":18,"deletions":10}}}]},{"date":"2024-08-24","commitResults":[{"hash":"8162d95ecf55bb8e0317edeebbbe48c3fe98f084","isMergeCommit":false,"messageTitle":"Revert \"Add increment level 0\"","messageBody":"This reverts commit a28afc420c7c326365bb63aa49cc8fd6c483b12b.\n","fileTypesAndContributionMap":{"java":{"insertions":10,"deletions":18}}},{"hash":"656c9ad5aebfe82fbd2ac02f7f862906a57be3fe","isMergeCommit":false,"messageTitle":"Reapply \"Add increment level 0\"","messageBody":"This reverts commit 8162d95ecf55bb8e0317edeebbbe48c3fe98f084.\n","tags":["Level-0"],"fileTypesAndContributionMap":{"java":{"insertions":18,"deletions":10}}}]},{"date":"2024-08-29","commitResults":[{"hash":"f4d62be8fc3194707ef140d09076fb842ad840f6","isMergeCommit":false,"messageTitle":"Add increment level 1","messageBody":"Improved the skeletal version of Monday so that it echos commands entered by the user, and exits when the user types the command bye.\n","tags":["Level-1"],"fileTypesAndContributionMap":{"java":{"insertions":22,"deletions":2}}},{"hash":"601500b103c6214a293823cafc81d9a4aa783cf8","isMergeCommit":false,"messageTitle":"Add increment level 2","messageBody":"Added the ability to store whatever text entered by the user and display them back to the user when requested. Also added indents for Monday\u0027s inputs for clarity.\n","tags":["Level-2"],"fileTypesAndContributionMap":{"java":{"insertions":19,"deletions":8}}},{"hash":"1f8e3d09ded86f0e747e8ccf9c46a9389bf4d03e","isMergeCommit":false,"messageTitle":"Add increment level 3","messageBody":"Added the ability to mark tasks as done.and the ability to change the status back to not done. Also added Task class to handle operation on tasks.\n","tags":["Level-3"],"fileTypesAndContributionMap":{"java":{"insertions":48,"deletions":6}}}]},{"date":"2024-08-31","commitResults":[{"hash":"bdd24a4b3ceb5568e2404980e6e3345598998a7b","isMergeCommit":false,"messageTitle":"Add increment A-CodingStandard","messageBody":"Ensured code complies with standard provided and refactored the code to provide more abstaction and align with OOP.\n","tags":["A-CodingStandard"],"fileTypesAndContributionMap":{"java":{"insertions":74,"deletions":41}}}]}]},"authorFileTypeContributionMap":{"lucas-sc0":{"java":124,"md":0,"fxml":0,"sh":0,"bat":0,"gradle":0,"txt":0}},"authorContributionVariance":{"lucas-sc0":1399.625},"authorDisplayNameMap":{"lucas-sc0":"LUCA..CHAN"}}
