{"authorDailyContributionsMap":{"Paulifyer":[{"date":"2024-08-29","commitResults":[{"hash":"c61bf32611f55bc0139bf759124ee1fa03dd3eb5","isMergeCommit":false,"messageTitle":"B","messageBody":"","fileTypesAndContributionMap":{"java":{"insertions":6,"deletions":10}}},{"hash":"a4d197e55c0e4bce1e5aad5999cc7885c7c02067","isMergeCommit":false,"messageTitle":"Renamed, added the greet and exit","messageBody":"","tags":["Level-0"],"fileTypesAndContributionMap":{"java":{"insertions":33,"deletions":3}}},{"hash":"63160fd0175069e24441b1c222a0158a7103dcfb","isMergeCommit":false,"messageTitle":"added a scanner for inputs","messageBody":"","tags":["Level-1"],"fileTypesAndContributionMap":{"java":{"insertions":13,"deletions":1}}}]},{"date":"2024-08-30","commitResults":[{"hash":"e9f8aa9173e11f6bdf079386084cb1cdaa99939d","isMergeCommit":false,"messageTitle":"Added Task Class and added marking","messageBody":"","tags":["Level-3"],"fileTypesAndContributionMap":{"java":{"insertions":101,"deletions":4}}},{"hash":"b5c90f4a8fe7747fe953386f19a8bafaa4e3bd03","isMergeCommit":false,"messageTitle":"Revert \"Added Task Class and added marking\"","messageBody":"This reverts commit e9f8aa9173e11f6bdf079386084cb1cdaa99939d.\n","fileTypesAndContributionMap":{"java":{"insertions":4,"deletions":101}}},{"hash":"d030c2d05426866397ea15656844a99a82fd60b3","isMergeCommit":false,"messageTitle":"Added a list and adding to the list","messageBody":"","tags":["Level-2"],"fileTypesAndContributionMap":{"java":{"insertions":25,"deletions":3}}},{"hash":"df33998c3ad0005d6030db947c9d0fdf84da18fd","isMergeCommit":false,"messageTitle":"Added Task Class and added marking","messageBody":"","fileTypesAndContributionMap":{"java":{"insertions":84,"deletions":9}}}]},{"date":"2024-09-03","commitResults":[{"hash":"dffceeb4d1ec4fdd40bee5ab8a217beef5059a61","isMergeCommit":false,"messageTitle":"added Todo and Deadlines class","messageBody":"","fileTypesAndContributionMap":{"java":{"insertions":8,"deletions":0}}},{"hash":"943e263d3e2c050ccd0ba307be71ed896fce9256","isMergeCommit":false,"messageTitle":"added functionality with Todo and Deadlines","messageBody":"","fileTypesAndContributionMap":{"java":{"insertions":17,"deletions":5}}}]},{"date":"2024-09-04","commitResults":[{"hash":"cb03551b3d1ae838e38004dfbe8330d568fd13dd","isMergeCommit":false,"messageTitle":"Corrected the previous commit","messageBody":"","fileTypesAndContributionMap":{"java":{"insertions":55,"deletions":5}}}]},{"date":"2024-09-05","commitResults":[{"hash":"876b7d97fa223254472a1e9d28138ab6b6edac09","isMergeCommit":false,"messageTitle":"Finished up functionality for Events","messageBody":"","tags":["Level-4"],"fileTypesAndContributionMap":{"java":{"insertions":20,"deletions":5}}},{"hash":"a5a2e30abce46e8a8a2a29d7dd4b6570cc606d0e","isMergeCommit":false,"messageTitle":"Code tweaked to comply with coding standard","messageBody":"","tags":["A-CodingStandard"],"fileTypesAndContributionMap":{"java":{"insertions":55,"deletions":57}}}]},{"date":"2024-09-06","commitResults":[{"hash":"b5a67ff96999d27d5ecc931d20575f4fd6550ad2","isMergeCommit":false,"messageTitle":"Added automated runtests","messageBody":"","tags":["A-TextUiTesting"],"fileTypesAndContributionMap":{"txt":{"insertions":7,"deletions":0},"bat":{"insertions":1,"deletions":1}}},{"hash":"da191878731883b863eeda6987be24d0362c0af2","isMergeCommit":false,"messageTitle":"Improved code quality","messageBody":"","tags":["A-CodeQuality"],"fileTypesAndContributionMap":{"java":{"insertions":33,"deletions":34}}}]},{"date":"2024-09-11","commitResults":[{"hash":"2f09b82d89f93d0d48a6c111986d5265a5f2ce41","isMergeCommit":false,"messageTitle":"Added exception handling for commands as well as methods for each command","messageBody":"","fileTypesAndContributionMap":{"java":{"insertions":181,"deletions":85}}},{"hash":"a6985db027f0b88c04ea45a647047ea89d5156d3","isMergeCommit":true,"messageTitle":"Merge branch \u0027branch-level-5\u0027  Added exception handling for all commands","messageBody":"","tags":["Level-5"],"fileTypesAndContributionMap":{}},{"hash":"6c12445a6d70ddd74a358cfc6d783b6cd4cdf6de","isMergeCommit":false,"messageTitle":"Packaged the classes used","messageBody":"","fileTypesAndContributionMap":{"java":{"insertions":0,"deletions":0}}},{"hash":"09bfbba01ec477057ec852ca8e3bacf4fe1c793f","isMergeCommit":false,"messageTitle":"added imports for new package","messageBody":"","fileTypesAndContributionMap":{"java":{"insertions":5,"deletions":1}}},{"hash":"1213a93d7ab658281687b5594799208c325f5081","isMergeCommit":false,"messageTitle":"added package statements","messageBody":"","fileTypesAndContributionMap":{"java":{"insertions":8,"deletions":0}}},{"hash":"3b51ae255cb3c4440d40b07c1f9427ba8e6b4255","isMergeCommit":false,"messageTitle":"refactored the package name","messageBody":"","fileTypesAndContributionMap":{"java":{"insertions":1,"deletions":1}}},{"hash":"99d3dd34cdad3b59f39474b8e8f7f346e403fc6a","isMergeCommit":true,"messageTitle":"Merge branch \u0027branch-A-packages\u0027","messageBody":"","tags":["A-Packages","A-Exceptions"],"fileTypesAndContributionMap":{}}]}]},"authorFileTypeContributionMap":{"Paulifyer":{"java":335,"md":0,"fxml":0,"sh":0,"bat":1,"gradle":0,"txt":7}},"authorContributionVariance":{"Paulifyer":6917.4185},"authorDisplayNameMap":{"Paulifyer":"CS2113-T11-2 ETHA.. SOH"}}
