{"authorDailyContributionsMap":{"KuanHsienn":[{"date":"2024-08-29","commitResults":[{"hash":"f78b43dc6826aceed1dc185c4af49691352fa6c8","isMergeCommit":false,"messageTitle":"Add skeleton code","messageBody":"","fileTypesAndContributionMap":{"java":{"insertions":1,"deletions":10}}},{"hash":"3059c46cc5cf4a2e4a6d02e2dab83418ead1b219","isMergeCommit":false,"messageTitle":"Add skeleton code","messageBody":"","tags":["Level-0"],"fileTypesAndContributionMap":{"java":{"insertions":18,"deletions":1}}},{"hash":"8dcf05334bdc2b31accee4b52f15becd7e98974d","isMergeCommit":false,"messageTitle":"Add echo feature","messageBody":"","tags":["Level-1"],"fileTypesAndContributionMap":{"java":{"insertions":29,"deletions":4}}},{"hash":"5aca07aab071258174d803cd18b77a768e0e502c","isMergeCommit":false,"messageTitle":"Add list feature","messageBody":"","tags":["Level-2"],"fileTypesAndContributionMap":{"java":{"insertions":20,"deletions":8}}}]},{"date":"2024-08-30","commitResults":[{"hash":"619bb158b0f8085fc86fad0dd1f8a2cdc89a9ffb","isMergeCommit":false,"messageTitle":"Add mark feature","messageBody":"","tags":["Level-3"],"fileTypesAndContributionMap":{"java":{"insertions":49,"deletions":10}}}]},{"date":"2024-09-04","commitResults":[{"hash":"2aced027bf11e6a7034ac540897fd79b80603c25","isMergeCommit":false,"messageTitle":"Improve code quality","messageBody":"","tags":["A-CodingStandard"],"fileTypesAndContributionMap":{"java":{"insertions":2,"deletions":2}}},{"hash":"1acd0972d7c2d23ccab0a4e25a38d59d7b28f7bc","isMergeCommit":false,"messageTitle":"Add support for tracking three types of task","messageBody":"","tags":["Level-4"],"fileTypesAndContributionMap":{"java":{"insertions":68,"deletions":13}}}]},{"date":"2024-09-05","commitResults":[{"hash":"c8e1b6c827647018fea64bef605134b9852b197b","isMergeCommit":false,"messageTitle":"Add automated text UI testing","messageBody":"","tags":["A-TextUiTesting"],"fileTypesAndContributionMap":{"txt":{"insertions":6,"deletions":0},"bat":{"insertions":7,"deletions":1}}},{"hash":"a9f95a8c609eeeae09b295c2c7a3c7571a9b0d27","isMergeCommit":false,"messageTitle":"Improve code quality","messageBody":"","tags":["A-CodeQuality"],"fileTypesAndContributionMap":{"java":{"insertions":70,"deletions":37}}}]},{"date":"2024-09-10","commitResults":[{"hash":"22dc2cbefa7f95946e7fb90affa069404a6c5e54","isMergeCommit":false,"messageTitle":"Add error handling","messageBody":"","fileTypesAndContributionMap":{"java":{"insertions":23,"deletions":6}}},{"hash":"8f504f49be65db56cff76f8350ff6f0171670b84","isMergeCommit":false,"messageTitle":"Revert \"Add error handling\"","messageBody":"This reverts commit 22dc2cbefa7f95946e7fb90affa069404a6c5e54.\n","fileTypesAndContributionMap":{"java":{"insertions":6,"deletions":23}}},{"hash":"53cd6ad08eeeb6112dc48813b4aa0fd2e3987cf6","isMergeCommit":false,"messageTitle":"Add error handling","messageBody":"","fileTypesAndContributionMap":{"java":{"insertions":23,"deletions":6}}},{"hash":"726a19494d00c581463451cf1fbfdb8f50439fbd","isMergeCommit":true,"messageTitle":"Merge branch \u0027branch-Level-5\u0027","messageBody":"","tags":["Level-5"],"fileTypesAndContributionMap":{}},{"hash":"e0a987eef17a133284df09786df2b41b130f8910","isMergeCommit":false,"messageTitle":"Add exceptions","messageBody":"","tags":["A-Exceptions"],"fileTypesAndContributionMap":{"java":{"insertions":25,"deletions":4}}},{"hash":"8f43c87c4347fc9e880b272a592e085b32b166cb","isMergeCommit":false,"messageTitle":"Add packages","messageBody":"","fileTypesAndContributionMap":{"java":{"insertions":15,"deletions":0}}},{"hash":"c93fbde6bad1383f20e6d6296cd198871b267796","isMergeCommit":true,"messageTitle":"Merge branch \u0027branch-A-Packages\u0027","messageBody":"","tags":["A-Packages"],"fileTypesAndContributionMap":{}}]},{"date":"2024-09-16","commitResults":[{"hash":"eef8b008c4e0374d5f6f2a8820d910a83a264101","isMergeCommit":false,"messageTitle":"Add support for deleting task","messageBody":"","fileTypesAndContributionMap":{"java":{"insertions":15,"deletions":2}}}]},{"date":"2024-09-17","commitResults":[{"hash":"3e81b9ea6ffbd8a77d0e6e20de9fb414b88aeb46","isMergeCommit":false,"messageTitle":"Add process to save tasks","messageBody":"","fileTypesAndContributionMap":{"java":{"insertions":138,"deletions":40}}},{"hash":"0e771bc5f0b00831e5af64c9ad89938d5f55ac87","isMergeCommit":true,"messageTitle":"Merge branch \u0027branch-Level-6\u0027","messageBody":"","tags":["Level-6"],"fileTypesAndContributionMap":{}},{"hash":"3539424c578534bb8cb716fb05a055819e8959ee","isMergeCommit":true,"messageTitle":"Resolve merge conflict","messageBody":"","tags":["Level-7"],"fileTypesAndContributionMap":{}},{"hash":"7a3648150fa9003bc4792884c6d02dfc934826c8","isMergeCommit":false,"messageTitle":"Use Java collection classes","messageBody":"","tags":["A-Collections"],"fileTypesAndContributionMap":{"java":{"insertions":46,"deletions":40}}},{"hash":"cf44ea577f1f17597b315051527ec1670da91139","isMergeCommit":false,"messageTitle":"Add JAR-file implementation","messageBody":"","tags":["A-Jar"],"fileTypesAndContributionMap":{"java":{"insertions":1,"deletions":4}}}]}]},"authorFileTypeContributionMap":{"KuanHsienn":{"java":349,"md":0,"fxml":0,"sh":0,"bat":7,"gradle":0,"txt":6}},"authorContributionVariance":{"KuanHsienn":3191.8806},"authorDisplayNameMap":{"KuanHsienn":"CS2113-W13-3 LIAN..SIEN"}}
