[{"path":"src/main/java/Deadline.java","fileType":"java","lines":[{"lineNumber":1,"author":{"gitId":"Zackermax"},"content":"/**","lastModifiedDate":"2024-09-02","isFullCredit":false},{"lineNumber":2,"author":{"gitId":"Zackermax"},"content":" * Represents a Deadline task, which is a task that must be completed by a specific date and time.","lastModifiedDate":"2024-09-02","isFullCredit":false},{"lineNumber":3,"author":{"gitId":"Zackermax"},"content":" */","lastModifiedDate":"2024-09-02","isFullCredit":false},{"lineNumber":4,"author":{"gitId":"Zackermax"},"content":"public class Deadline extends Task {","lastModifiedDate":"2024-09-02","isFullCredit":false},{"lineNumber":5,"author":{"gitId":"Zackermax"},"content":"    protected String by;","lastModifiedDate":"2024-09-02","isFullCredit":false},{"lineNumber":6,"author":{"gitId":"Zackermax"},"content":"","lastModifiedDate":"2024-09-02","isFullCredit":false},{"lineNumber":7,"author":{"gitId":"Zackermax"},"content":"    /**","lastModifiedDate":"2024-09-02","isFullCredit":false},{"lineNumber":8,"author":{"gitId":"Zackermax"},"content":"     * Constructs a new Deadline task with the given description and deadline.","lastModifiedDate":"2024-09-02","isFullCredit":false},{"lineNumber":9,"author":{"gitId":"Zackermax"},"content":"     *","lastModifiedDate":"2024-09-02","isFullCredit":false},{"lineNumber":10,"author":{"gitId":"Zackermax"},"content":"     * @param description Describes the task.","lastModifiedDate":"2024-09-02","isFullCredit":false},{"lineNumber":11,"author":{"gitId":"Zackermax"},"content":"     * @param by The deadline by which the task should be completed.","lastModifiedDate":"2024-09-02","isFullCredit":false},{"lineNumber":12,"author":{"gitId":"Zackermax"},"content":"     */","lastModifiedDate":"2024-09-02","isFullCredit":false},{"lineNumber":13,"author":{"gitId":"Zackermax"},"content":"    public Deadline(String description, String by) {","lastModifiedDate":"2024-09-02","isFullCredit":false},{"lineNumber":14,"author":{"gitId":"Zackermax"},"content":"        super(description);","lastModifiedDate":"2024-09-02","isFullCredit":false},{"lineNumber":15,"author":{"gitId":"Zackermax"},"content":"        this.by \u003d by;","lastModifiedDate":"2024-09-02","isFullCredit":false},{"lineNumber":16,"author":{"gitId":"Zackermax"},"content":"    }","lastModifiedDate":"2024-09-02","isFullCredit":false},{"lineNumber":17,"author":{"gitId":"Zackermax"},"content":"","lastModifiedDate":"2024-09-02","isFullCredit":false},{"lineNumber":18,"author":{"gitId":"Zackermax"},"content":"    /**","lastModifiedDate":"2024-09-02","isFullCredit":false},{"lineNumber":19,"author":{"gitId":"Zackermax"},"content":"     * Prints the confirmation message for an added Deadline task.","lastModifiedDate":"2024-09-02","isFullCredit":false},{"lineNumber":20,"author":{"gitId":"Zackermax"},"content":"     */","lastModifiedDate":"2024-09-02","isFullCredit":false},{"lineNumber":21,"author":{"gitId":"Zackermax"},"content":"    @Override","lastModifiedDate":"2024-09-02","isFullCredit":false},{"lineNumber":22,"author":{"gitId":"Zackermax"},"content":"    public void printTask() {","lastModifiedDate":"2024-09-02","isFullCredit":false},{"lineNumber":23,"author":{"gitId":"Zackermax"},"content":"        System.out.print(\"Got it. I\u0027ve added this task:\" + System.lineSeparator() + \"  \");","lastModifiedDate":"2024-09-02","isFullCredit":false},{"lineNumber":24,"author":{"gitId":"Zackermax"},"content":"        System.out.print(\"[\" + getTaskIcon() + \"][\" + getStatusIcon() + \"] \" + getDescription());","lastModifiedDate":"2024-09-02","isFullCredit":false},{"lineNumber":25,"author":{"gitId":"Zackermax"},"content":"        System.out.println(\" (by: \" + by + \")\");","lastModifiedDate":"2024-09-02","isFullCredit":false},{"lineNumber":26,"author":{"gitId":"Zackermax"},"content":"    }","lastModifiedDate":"2024-09-02","isFullCredit":false},{"lineNumber":27,"author":{"gitId":"Zackermax"},"content":"","lastModifiedDate":"2024-09-02","isFullCredit":false},{"lineNumber":28,"author":{"gitId":"Zackermax"},"content":"    /**","lastModifiedDate":"2024-09-02","isFullCredit":false},{"lineNumber":29,"author":{"gitId":"Zackermax"},"content":"     * Returns the task icon specific to Deadline tasks.","lastModifiedDate":"2024-09-02","isFullCredit":false},{"lineNumber":30,"author":{"gitId":"Zackermax"},"content":"     *","lastModifiedDate":"2024-09-02","isFullCredit":false},{"lineNumber":31,"author":{"gitId":"Zackermax"},"content":"     * @return The string \"D\" representing a Deadline task.","lastModifiedDate":"2024-09-02","isFullCredit":false},{"lineNumber":32,"author":{"gitId":"Zackermax"},"content":"     */","lastModifiedDate":"2024-09-02","isFullCredit":false},{"lineNumber":33,"author":{"gitId":"Zackermax"},"content":"    @Override","lastModifiedDate":"2024-09-02","isFullCredit":false},{"lineNumber":34,"author":{"gitId":"Zackermax"},"content":"    public String getTaskIcon() {","lastModifiedDate":"2024-09-02","isFullCredit":false},{"lineNumber":35,"author":{"gitId":"Zackermax"},"content":"        return \"D\";","lastModifiedDate":"2024-09-02","isFullCredit":false},{"lineNumber":36,"author":{"gitId":"Zackermax"},"content":"    }","lastModifiedDate":"2024-09-02","isFullCredit":false},{"lineNumber":37,"author":{"gitId":"Zackermax"},"content":"}","lastModifiedDate":"2024-09-02","isFullCredit":false}],"authorContributionMap":{"Zackermax":37}},{"path":"src/main/java/Event.java","fileType":"java","lines":[{"lineNumber":1,"author":{"gitId":"Zackermax"},"content":"/**","lastModifiedDate":"2024-09-02","isFullCredit":false},{"lineNumber":2,"author":{"gitId":"Zackermax"},"content":" * Represents an Event task, which is a task that occurs within a specific time frame.","lastModifiedDate":"2024-09-02","isFullCredit":false},{"lineNumber":3,"author":{"gitId":"Zackermax"},"content":" */","lastModifiedDate":"2024-09-02","isFullCredit":false},{"lineNumber":4,"author":{"gitId":"Zackermax"},"content":"public class Event extends Task {","lastModifiedDate":"2024-09-02","isFullCredit":false},{"lineNumber":5,"author":{"gitId":"Zackermax"},"content":"    protected String start;","lastModifiedDate":"2024-09-02","isFullCredit":false},{"lineNumber":6,"author":{"gitId":"Zackermax"},"content":"    protected String end;","lastModifiedDate":"2024-09-02","isFullCredit":false},{"lineNumber":7,"author":{"gitId":"Zackermax"},"content":"","lastModifiedDate":"2024-09-02","isFullCredit":false},{"lineNumber":8,"author":{"gitId":"Zackermax"},"content":"    /**","lastModifiedDate":"2024-09-02","isFullCredit":false},{"lineNumber":9,"author":{"gitId":"Zackermax"},"content":"     * Constructs a new Event task with the given description, start time, and end time.","lastModifiedDate":"2024-09-02","isFullCredit":false},{"lineNumber":10,"author":{"gitId":"Zackermax"},"content":"     *","lastModifiedDate":"2024-09-02","isFullCredit":false},{"lineNumber":11,"author":{"gitId":"Zackermax"},"content":"     * @param description Describes the task.","lastModifiedDate":"2024-09-02","isFullCredit":false},{"lineNumber":12,"author":{"gitId":"Zackermax"},"content":"     * @param start The start time of the event.","lastModifiedDate":"2024-09-02","isFullCredit":false},{"lineNumber":13,"author":{"gitId":"Zackermax"},"content":"     * @param end The end time of the event.","lastModifiedDate":"2024-09-02","isFullCredit":false},{"lineNumber":14,"author":{"gitId":"Zackermax"},"content":"     */","lastModifiedDate":"2024-09-02","isFullCredit":false},{"lineNumber":15,"author":{"gitId":"Zackermax"},"content":"    public Event(String description, String start, String end) {","lastModifiedDate":"2024-09-02","isFullCredit":false},{"lineNumber":16,"author":{"gitId":"Zackermax"},"content":"        super(description);","lastModifiedDate":"2024-09-02","isFullCredit":false},{"lineNumber":17,"author":{"gitId":"Zackermax"},"content":"        this.start \u003d start;","lastModifiedDate":"2024-09-02","isFullCredit":false},{"lineNumber":18,"author":{"gitId":"Zackermax"},"content":"        this.end \u003d end;","lastModifiedDate":"2024-09-02","isFullCredit":false},{"lineNumber":19,"author":{"gitId":"Zackermax"},"content":"    }","lastModifiedDate":"2024-09-02","isFullCredit":false},{"lineNumber":20,"author":{"gitId":"Zackermax"},"content":"","lastModifiedDate":"2024-09-02","isFullCredit":false},{"lineNumber":21,"author":{"gitId":"Zackermax"},"content":"    /**","lastModifiedDate":"2024-09-02","isFullCredit":false},{"lineNumber":22,"author":{"gitId":"Zackermax"},"content":"     * Prints the confirmation message for an added Event task.","lastModifiedDate":"2024-09-02","isFullCredit":false},{"lineNumber":23,"author":{"gitId":"Zackermax"},"content":"     */","lastModifiedDate":"2024-09-02","isFullCredit":false},{"lineNumber":24,"author":{"gitId":"Zackermax"},"content":"    @Override","lastModifiedDate":"2024-09-02","isFullCredit":false},{"lineNumber":25,"author":{"gitId":"Zackermax"},"content":"    public void printTask() {","lastModifiedDate":"2024-09-02","isFullCredit":false},{"lineNumber":26,"author":{"gitId":"Zackermax"},"content":"        System.out.print(\"Got it. I\u0027ve added this task:\" + System.lineSeparator() + \"  \");","lastModifiedDate":"2024-09-02","isFullCredit":false},{"lineNumber":27,"author":{"gitId":"Zackermax"},"content":"        System.out.print(\"[\" + getTaskIcon() + \"][\" + getStatusIcon() + \"] \" + getDescription());","lastModifiedDate":"2024-09-02","isFullCredit":false},{"lineNumber":28,"author":{"gitId":"Zackermax"},"content":"        System.out.println(\" (from: \" + start + \" to: \" + end + \")\");","lastModifiedDate":"2024-09-02","isFullCredit":false},{"lineNumber":29,"author":{"gitId":"Zackermax"},"content":"    }","lastModifiedDate":"2024-09-02","isFullCredit":false},{"lineNumber":30,"author":{"gitId":"Zackermax"},"content":"","lastModifiedDate":"2024-09-02","isFullCredit":false},{"lineNumber":31,"author":{"gitId":"Zackermax"},"content":"    /**","lastModifiedDate":"2024-09-02","isFullCredit":false},{"lineNumber":32,"author":{"gitId":"Zackermax"},"content":"     * Returns the task icon specific to Event tasks.","lastModifiedDate":"2024-09-02","isFullCredit":false},{"lineNumber":33,"author":{"gitId":"Zackermax"},"content":"     *","lastModifiedDate":"2024-09-02","isFullCredit":false},{"lineNumber":34,"author":{"gitId":"Zackermax"},"content":"     * @return The string \"E\" representing an Event task.","lastModifiedDate":"2024-09-02","isFullCredit":false},{"lineNumber":35,"author":{"gitId":"Zackermax"},"content":"     */","lastModifiedDate":"2024-09-02","isFullCredit":false},{"lineNumber":36,"author":{"gitId":"Zackermax"},"content":"    @Override","lastModifiedDate":"2024-09-02","isFullCredit":false},{"lineNumber":37,"author":{"gitId":"Zackermax"},"content":"    public String getTaskIcon() {","lastModifiedDate":"2024-09-02","isFullCredit":false},{"lineNumber":38,"author":{"gitId":"Zackermax"},"content":"        return \"E\";","lastModifiedDate":"2024-09-02","isFullCredit":false},{"lineNumber":39,"author":{"gitId":"Zackermax"},"content":"    }","lastModifiedDate":"2024-09-02","isFullCredit":false},{"lineNumber":40,"author":{"gitId":"Zackermax"},"content":"}","lastModifiedDate":"2024-09-02","isFullCredit":false}],"authorContributionMap":{"Zackermax":40}},{"path":"src/main/java/November.java","fileType":"java","lines":[{"lineNumber":1,"author":{"gitId":"Zackermax"},"content":"import java.util.ArrayList;","lastModifiedDate":"2024-08-26","isFullCredit":false},{"lineNumber":2,"author":{"gitId":"Zackermax"},"content":"import java.util.List;","lastModifiedDate":"2024-08-26","isFullCredit":false},{"lineNumber":3,"author":{"gitId":"Zackermax"},"content":"import java.util.Scanner;","lastModifiedDate":"2024-08-26","isFullCredit":false},{"lineNumber":4,"author":{"gitId":"Zackermax"},"content":"","lastModifiedDate":"2024-08-26","isFullCredit":false},{"lineNumber":5,"author":{"gitId":"Zackermax"},"content":"/**","lastModifiedDate":"2024-08-26","isFullCredit":false},{"lineNumber":6,"author":{"gitId":"Zackermax"},"content":" * November is a command-line chatbot that manages tasks.","lastModifiedDate":"2024-09-02","isFullCredit":false},{"lineNumber":7,"author":{"gitId":"Zackermax"},"content":" */","lastModifiedDate":"2024-08-26","isFullCredit":false},{"lineNumber":8,"author":{"gitId":"Zackermax"},"content":"public class November {","lastModifiedDate":"2024-08-26","isFullCredit":false},{"lineNumber":9,"author":{"gitId":"Zackermax"},"content":"","lastModifiedDate":"2024-08-26","isFullCredit":false},{"lineNumber":10,"author":{"gitId":"Zackermax"},"content":"    /**","lastModifiedDate":"2024-08-26","isFullCredit":false},{"lineNumber":11,"author":{"gitId":"Zackermax"},"content":"     * Prints a line of underscores to mark the start of a print segment.","lastModifiedDate":"2024-09-02","isFullCredit":false},{"lineNumber":12,"author":{"gitId":"Zackermax"},"content":"     */","lastModifiedDate":"2024-08-26","isFullCredit":false},{"lineNumber":13,"author":{"gitId":"Zackermax"},"content":"    public static void beginSegment() {","lastModifiedDate":"2024-08-26","isFullCredit":false},{"lineNumber":14,"author":{"gitId":"Zackermax"},"content":"        System.out.println(\"____________________________________________________________\");","lastModifiedDate":"2024-08-26","isFullCredit":false},{"lineNumber":15,"author":{"gitId":"Zackermax"},"content":"    }","lastModifiedDate":"2024-08-26","isFullCredit":false},{"lineNumber":16,"author":{"gitId":"Zackermax"},"content":"","lastModifiedDate":"2024-08-21","isFullCredit":false},{"lineNumber":17,"author":{"gitId":"Zackermax"},"content":"    /**","lastModifiedDate":"2024-08-26","isFullCredit":false},{"lineNumber":18,"author":{"gitId":"Zackermax"},"content":"     * Prints a line of underscores followed by a newline to mark the end of a print segment.","lastModifiedDate":"2024-09-02","isFullCredit":false},{"lineNumber":19,"author":{"gitId":"Zackermax"},"content":"     */","lastModifiedDate":"2024-08-26","isFullCredit":false},{"lineNumber":20,"author":{"gitId":"Zackermax"},"content":"    public static void endSegment() {","lastModifiedDate":"2024-08-26","isFullCredit":false},{"lineNumber":21,"author":{"gitId":"Zackermax"},"content":"        System.out.println(\"____________________________________________________________\\n\");","lastModifiedDate":"2024-08-28","isFullCredit":false},{"lineNumber":22,"author":{"gitId":"Zackermax"},"content":"    }","lastModifiedDate":"2024-08-26","isFullCredit":false},{"lineNumber":23,"author":{"gitId":"Zackermax"},"content":"","lastModifiedDate":"2024-08-26","isFullCredit":false},{"lineNumber":24,"author":{"gitId":"Zackermax"},"content":"    /**","lastModifiedDate":"2024-08-26","isFullCredit":false},{"lineNumber":25,"author":{"gitId":"Zackermax"},"content":"     * Prints a numbered list of tasks with their completion status.","lastModifiedDate":"2024-09-02","isFullCredit":false},{"lineNumber":26,"author":{"gitId":"Zackermax"},"content":"     *","lastModifiedDate":"2024-08-28","isFullCredit":false},{"lineNumber":27,"author":{"gitId":"Zackermax"},"content":"     * @param taskList The list of tasks to print, with each task displaying its completion status.","lastModifiedDate":"2024-09-02","isFullCredit":false},{"lineNumber":28,"author":{"gitId":"Zackermax"},"content":"     */","lastModifiedDate":"2024-08-26","isFullCredit":false},{"lineNumber":29,"author":{"gitId":"Zackermax"},"content":"    public static void printTaskList(List\u003cTask\u003e taskList) {","lastModifiedDate":"2024-08-26","isFullCredit":false},{"lineNumber":30,"author":{"gitId":"Zackermax"},"content":"        int index \u003d 0;","lastModifiedDate":"2024-08-26","isFullCredit":false},{"lineNumber":31,"author":{"gitId":"Zackermax"},"content":"        System.out.println(\"Here are the tasks in your list:\");","lastModifiedDate":"2024-09-02","isFullCredit":false},{"lineNumber":32,"author":{"gitId":"Zackermax"},"content":"        while (index \u003c taskList.size()) {","lastModifiedDate":"2024-08-26","isFullCredit":false},{"lineNumber":33,"author":{"gitId":"Zackermax"},"content":"            System.out.print(index + 1 + \".\");","lastModifiedDate":"2024-09-02","isFullCredit":false},{"lineNumber":34,"author":{"gitId":"Zackermax"},"content":"            printTask(taskList.get(index));","lastModifiedDate":"2024-09-02","isFullCredit":false},{"lineNumber":35,"author":{"gitId":"Zackermax"},"content":"            index++;","lastModifiedDate":"2024-08-26","isFullCredit":false},{"lineNumber":36,"author":{"gitId":"Zackermax"},"content":"        }","lastModifiedDate":"2024-08-26","isFullCredit":false},{"lineNumber":37,"author":{"gitId":"Zackermax"},"content":"    }","lastModifiedDate":"2024-08-26","isFullCredit":false},{"lineNumber":38,"author":{"gitId":"Zackermax"},"content":"","lastModifiedDate":"2024-08-26","isFullCredit":false},{"lineNumber":39,"author":{"gitId":"Zackermax"},"content":"    /**","lastModifiedDate":"2024-09-02","isFullCredit":false},{"lineNumber":40,"author":{"gitId":"Zackermax"},"content":"     * Prints the details of a single task.","lastModifiedDate":"2024-09-02","isFullCredit":false},{"lineNumber":41,"author":{"gitId":"Zackermax"},"content":"     *","lastModifiedDate":"2024-09-02","isFullCredit":false},{"lineNumber":42,"author":{"gitId":"Zackermax"},"content":"     * @param task The task to print.","lastModifiedDate":"2024-09-02","isFullCredit":false},{"lineNumber":43,"author":{"gitId":"Zackermax"},"content":"     */","lastModifiedDate":"2024-09-02","isFullCredit":false},{"lineNumber":44,"author":{"gitId":"Zackermax"},"content":"    public static void printTask(Task task) {","lastModifiedDate":"2024-09-02","isFullCredit":false},{"lineNumber":45,"author":{"gitId":"Zackermax"},"content":"        System.out.println(\"[\" + task.getTaskIcon() + \"][\" + task.getStatusIcon() + \"] \" + task.getDescription());","lastModifiedDate":"2024-09-02","isFullCredit":false},{"lineNumber":46,"author":{"gitId":"Zackermax"},"content":"    }","lastModifiedDate":"2024-09-02","isFullCredit":false},{"lineNumber":47,"author":{"gitId":"Zackermax"},"content":"","lastModifiedDate":"2024-09-02","isFullCredit":false},{"lineNumber":48,"author":{"gitId":"Zackermax"},"content":"    /**","lastModifiedDate":"2024-09-02","isFullCredit":false},{"lineNumber":49,"author":{"gitId":"Zackermax"},"content":"     * Prints the current number of tasks in the list.","lastModifiedDate":"2024-09-02","isFullCredit":false},{"lineNumber":50,"author":{"gitId":"Zackermax"},"content":"     *","lastModifiedDate":"2024-09-02","isFullCredit":false},{"lineNumber":51,"author":{"gitId":"Zackermax"},"content":"     * @param taskList The list of tasks.","lastModifiedDate":"2024-09-02","isFullCredit":false},{"lineNumber":52,"author":{"gitId":"Zackermax"},"content":"     */","lastModifiedDate":"2024-09-02","isFullCredit":false},{"lineNumber":53,"author":{"gitId":"Zackermax"},"content":"    public static void printTaskCount(List\u003cTask\u003e taskList) {","lastModifiedDate":"2024-09-02","isFullCredit":false},{"lineNumber":54,"author":{"gitId":"Zackermax"},"content":"        System.out.println(\"Now you have \" + taskList.size() + \" tasks in the list.\");","lastModifiedDate":"2024-09-02","isFullCredit":false},{"lineNumber":55,"author":{"gitId":"Zackermax"},"content":"    }","lastModifiedDate":"2024-09-02","isFullCredit":false},{"lineNumber":56,"author":{"gitId":"Zackermax"},"content":"","lastModifiedDate":"2024-09-02","isFullCredit":false},{"lineNumber":57,"author":{"gitId":"Zackermax"},"content":"    /**","lastModifiedDate":"2024-08-26","isFullCredit":false},{"lineNumber":58,"author":{"gitId":"Zackermax"},"content":"     * The main method of the November chatbot.","lastModifiedDate":"2024-09-02","isFullCredit":false},{"lineNumber":59,"author":{"gitId":"Zackermax"},"content":"     *","lastModifiedDate":"2024-08-28","isFullCredit":false},{"lineNumber":60,"author":{"gitId":"Zackermax"},"content":"     * @param args Command-line arguments (not used).","lastModifiedDate":"2024-08-28","isFullCredit":false},{"lineNumber":61,"author":{"gitId":"Zackermax"},"content":"     */","lastModifiedDate":"2024-08-26","isFullCredit":false},{"lineNumber":62,"author":{"gitId":"Zackermax"},"content":"    public static void main(String[] args) {","lastModifiedDate":"2024-08-26","isFullCredit":false},{"lineNumber":63,"author":{"gitId":"Zackermax"},"content":"        beginSegment();","lastModifiedDate":"2024-08-26","isFullCredit":false},{"lineNumber":64,"author":{"gitId":"Zackermax"},"content":"        System.out.println(\"Hello! I\u0027m November.\");","lastModifiedDate":"2024-08-26","isFullCredit":false},{"lineNumber":65,"author":{"gitId":"Zackermax"},"content":"        System.out.println(\"What can I do for you?\");","lastModifiedDate":"2024-08-21","isFullCredit":false},{"lineNumber":66,"author":{"gitId":"Zackermax"},"content":"        endSegment();","lastModifiedDate":"2024-08-26","isFullCredit":false},{"lineNumber":67,"author":{"gitId":"Zackermax"},"content":"","lastModifiedDate":"2024-08-26","isFullCredit":false},{"lineNumber":68,"author":{"gitId":"Zackermax"},"content":"        List\u003cTask\u003e taskList \u003d new ArrayList\u003c\u003e();","lastModifiedDate":"2024-08-26","isFullCredit":false},{"lineNumber":69,"author":{"gitId":"Zackermax"},"content":"        Scanner scan \u003d new Scanner(System.in);","lastModifiedDate":"2024-08-26","isFullCredit":false},{"lineNumber":70,"author":{"gitId":"Zackermax"},"content":"        String input \u003d scan.nextLine();","lastModifiedDate":"2024-08-26","isFullCredit":false},{"lineNumber":71,"author":{"gitId":"Zackermax"},"content":"","lastModifiedDate":"2024-08-26","isFullCredit":false},{"lineNumber":72,"author":{"gitId":"Zackermax"},"content":"        // Continue reading user input until \u0027bye\u0027 is entered.","lastModifiedDate":"2024-09-02","isFullCredit":false},{"lineNumber":73,"author":{"gitId":"Zackermax"},"content":"        while (!input.equals(\"bye\")) {","lastModifiedDate":"2024-08-26","isFullCredit":false},{"lineNumber":74,"author":{"gitId":"Zackermax"},"content":"            String[] sentences \u003d {input, input};","lastModifiedDate":"2024-09-02","isFullCredit":false},{"lineNumber":75,"author":{"gitId":"Zackermax"},"content":"            String firstWord \u003d input;","lastModifiedDate":"2024-09-02","isFullCredit":false},{"lineNumber":76,"author":{"gitId":"Zackermax"},"content":"            String sentence \u003d input;","lastModifiedDate":"2024-09-02","isFullCredit":false},{"lineNumber":77,"author":{"gitId":"Zackermax"},"content":"","lastModifiedDate":"2024-09-02","isFullCredit":false},{"lineNumber":78,"author":{"gitId":"Zackermax"},"content":"            // Split the input into command and details if applicable.","lastModifiedDate":"2024-09-02","isFullCredit":false},{"lineNumber":79,"author":{"gitId":"Zackermax"},"content":"            if (input.contains(\" \")) {","lastModifiedDate":"2024-09-02","isFullCredit":false},{"lineNumber":80,"author":{"gitId":"Zackermax"},"content":"                sentences \u003d input.split(\" \", 2);","lastModifiedDate":"2024-09-02","isFullCredit":false},{"lineNumber":81,"author":{"gitId":"Zackermax"},"content":"                firstWord \u003d sentences[0];","lastModifiedDate":"2024-09-02","isFullCredit":false},{"lineNumber":82,"author":{"gitId":"Zackermax"},"content":"                sentence \u003d sentences[1];","lastModifiedDate":"2024-09-02","isFullCredit":false},{"lineNumber":83,"author":{"gitId":"Zackermax"},"content":"            }","lastModifiedDate":"2024-09-02","isFullCredit":false},{"lineNumber":84,"author":{"gitId":"Zackermax"},"content":"","lastModifiedDate":"2024-09-02","isFullCredit":false},{"lineNumber":85,"author":{"gitId":"Zackermax"},"content":"            switch (firstWord) {","lastModifiedDate":"2024-08-26","isFullCredit":false},{"lineNumber":86,"author":{"gitId":"Zackermax"},"content":"            case \"mark\":","lastModifiedDate":"2024-08-26","isFullCredit":false},{"lineNumber":87,"author":{"gitId":"Zackermax"},"content":"                // Marks a task as complete.","lastModifiedDate":"2024-08-26","isFullCredit":false},{"lineNumber":88,"author":{"gitId":"Zackermax"},"content":"                int markIndex \u003d Integer.parseInt(sentences[1]) - 1;","lastModifiedDate":"2024-09-02","isFullCredit":false},{"lineNumber":89,"author":{"gitId":"Zackermax"},"content":"                taskList.get(markIndex).setComplete();","lastModifiedDate":"2024-08-26","isFullCredit":false},{"lineNumber":90,"author":{"gitId":"Zackermax"},"content":"                beginSegment();","lastModifiedDate":"2024-08-26","isFullCredit":false},{"lineNumber":91,"author":{"gitId":"Zackermax"},"content":"                System.out.print(\"Nice! I\u0027ve marked this task as done: \" + System.lineSeparator() + \"  \");","lastModifiedDate":"2024-09-02","isFullCredit":false},{"lineNumber":92,"author":{"gitId":"Zackermax"},"content":"                printTask(taskList.get(markIndex));","lastModifiedDate":"2024-09-02","isFullCredit":false},{"lineNumber":93,"author":{"gitId":"Zackermax"},"content":"                endSegment();","lastModifiedDate":"2024-08-26","isFullCredit":false},{"lineNumber":94,"author":{"gitId":"Zackermax"},"content":"                break;","lastModifiedDate":"2024-08-26","isFullCredit":false},{"lineNumber":95,"author":{"gitId":"Zackermax"},"content":"            case \"unmark\":","lastModifiedDate":"2024-08-26","isFullCredit":false},{"lineNumber":96,"author":{"gitId":"Zackermax"},"content":"                // Marks a task as incomplete.","lastModifiedDate":"2024-08-26","isFullCredit":false},{"lineNumber":97,"author":{"gitId":"Zackermax"},"content":"                int unmarkIndex \u003d Integer.parseInt(sentences[1]) - 1;","lastModifiedDate":"2024-09-02","isFullCredit":false},{"lineNumber":98,"author":{"gitId":"Zackermax"},"content":"                taskList.get(unmarkIndex).setIncomplete();","lastModifiedDate":"2024-08-26","isFullCredit":false},{"lineNumber":99,"author":{"gitId":"Zackermax"},"content":"                beginSegment();","lastModifiedDate":"2024-08-26","isFullCredit":false},{"lineNumber":100,"author":{"gitId":"Zackermax"},"content":"                System.out.print(\"Ok, I\u0027ve marked this task as not done yet: \" + System.lineSeparator() + \"  \");","lastModifiedDate":"2024-09-02","isFullCredit":false},{"lineNumber":101,"author":{"gitId":"Zackermax"},"content":"                printTask(taskList.get(unmarkIndex));","lastModifiedDate":"2024-09-02","isFullCredit":false},{"lineNumber":102,"author":{"gitId":"Zackermax"},"content":"                endSegment();","lastModifiedDate":"2024-08-26","isFullCredit":false},{"lineNumber":103,"author":{"gitId":"Zackermax"},"content":"                break;","lastModifiedDate":"2024-08-26","isFullCredit":false},{"lineNumber":104,"author":{"gitId":"Zackermax"},"content":"            case \"list\":","lastModifiedDate":"2024-08-26","isFullCredit":false},{"lineNumber":105,"author":{"gitId":"Zackermax"},"content":"                // Prints a list of all tasks, indicating their completion status.","lastModifiedDate":"2024-08-26","isFullCredit":false},{"lineNumber":106,"author":{"gitId":"Zackermax"},"content":"                beginSegment();","lastModifiedDate":"2024-08-26","isFullCredit":false},{"lineNumber":107,"author":{"gitId":"Zackermax"},"content":"                printTaskList(taskList);","lastModifiedDate":"2024-08-26","isFullCredit":false},{"lineNumber":108,"author":{"gitId":"Zackermax"},"content":"                endSegment();","lastModifiedDate":"2024-08-26","isFullCredit":false},{"lineNumber":109,"author":{"gitId":"Zackermax"},"content":"                break;","lastModifiedDate":"2024-08-26","isFullCredit":false},{"lineNumber":110,"author":{"gitId":"Zackermax"},"content":"            case \"todo\":","lastModifiedDate":"2024-09-02","isFullCredit":false},{"lineNumber":111,"author":{"gitId":"Zackermax"},"content":"                // Adds a new todo task to the task list.","lastModifiedDate":"2024-09-02","isFullCredit":false},{"lineNumber":112,"author":{"gitId":"Zackermax"},"content":"                Todo todoTask \u003d new Todo(sentence);","lastModifiedDate":"2024-09-02","isFullCredit":false},{"lineNumber":113,"author":{"gitId":"Zackermax"},"content":"                taskList.add(todoTask);","lastModifiedDate":"2024-09-02","isFullCredit":false},{"lineNumber":114,"author":{"gitId":"Zackermax"},"content":"                beginSegment();","lastModifiedDate":"2024-09-02","isFullCredit":false},{"lineNumber":115,"author":{"gitId":"Zackermax"},"content":"                todoTask.printTask();","lastModifiedDate":"2024-09-02","isFullCredit":false},{"lineNumber":116,"author":{"gitId":"Zackermax"},"content":"                printTaskCount(taskList);","lastModifiedDate":"2024-09-02","isFullCredit":false},{"lineNumber":117,"author":{"gitId":"Zackermax"},"content":"                endSegment();","lastModifiedDate":"2024-09-02","isFullCredit":false},{"lineNumber":118,"author":{"gitId":"Zackermax"},"content":"                break;","lastModifiedDate":"2024-09-02","isFullCredit":false},{"lineNumber":119,"author":{"gitId":"Zackermax"},"content":"            case \"deadline\":","lastModifiedDate":"2024-09-02","isFullCredit":false},{"lineNumber":120,"author":{"gitId":"Zackermax"},"content":"                // Adds a new deadline task to the task list.","lastModifiedDate":"2024-09-02","isFullCredit":false},{"lineNumber":121,"author":{"gitId":"Zackermax"},"content":"                String deadlineDescription \u003d sentence.substring(0, sentence.indexOf(\"/by \"));","lastModifiedDate":"2024-09-02","isFullCredit":false},{"lineNumber":122,"author":{"gitId":"Zackermax"},"content":"                String by \u003d sentence.substring(sentence.indexOf(\"/by \") + 4);","lastModifiedDate":"2024-09-02","isFullCredit":false},{"lineNumber":123,"author":{"gitId":"Zackermax"},"content":"                Deadline deadlineTask \u003d new Deadline(deadlineDescription, by);","lastModifiedDate":"2024-09-02","isFullCredit":false},{"lineNumber":124,"author":{"gitId":"Zackermax"},"content":"                taskList.add(deadlineTask);","lastModifiedDate":"2024-09-02","isFullCredit":false},{"lineNumber":125,"author":{"gitId":"Zackermax"},"content":"                beginSegment();","lastModifiedDate":"2024-09-02","isFullCredit":false},{"lineNumber":126,"author":{"gitId":"Zackermax"},"content":"                deadlineTask.printTask();","lastModifiedDate":"2024-09-02","isFullCredit":false},{"lineNumber":127,"author":{"gitId":"Zackermax"},"content":"                printTaskCount(taskList);","lastModifiedDate":"2024-09-02","isFullCredit":false},{"lineNumber":128,"author":{"gitId":"Zackermax"},"content":"                endSegment();","lastModifiedDate":"2024-09-02","isFullCredit":false},{"lineNumber":129,"author":{"gitId":"Zackermax"},"content":"                break;","lastModifiedDate":"2024-09-02","isFullCredit":false},{"lineNumber":130,"author":{"gitId":"Zackermax"},"content":"            case \"event\":","lastModifiedDate":"2024-09-02","isFullCredit":false},{"lineNumber":131,"author":{"gitId":"Zackermax"},"content":"                // Adds a new event task to the task list.","lastModifiedDate":"2024-09-02","isFullCredit":false},{"lineNumber":132,"author":{"gitId":"Zackermax"},"content":"                String eventDescription \u003d sentence.substring(0, sentence.indexOf(\"/from \"));","lastModifiedDate":"2024-09-02","isFullCredit":false},{"lineNumber":133,"author":{"gitId":"Zackermax"},"content":"                String start \u003d sentence.substring(sentence.indexOf(\"/from \") + 6, sentence.indexOf(\"/to \"));","lastModifiedDate":"2024-09-02","isFullCredit":false},{"lineNumber":134,"author":{"gitId":"Zackermax"},"content":"                String end \u003d sentence.substring(sentence.indexOf(\"/to \") + 4);","lastModifiedDate":"2024-09-02","isFullCredit":false},{"lineNumber":135,"author":{"gitId":"Zackermax"},"content":"                Event eventTask \u003d new Event(eventDescription, start, end);","lastModifiedDate":"2024-09-02","isFullCredit":false},{"lineNumber":136,"author":{"gitId":"Zackermax"},"content":"                taskList.add(eventTask);","lastModifiedDate":"2024-09-02","isFullCredit":false},{"lineNumber":137,"author":{"gitId":"Zackermax"},"content":"                beginSegment();","lastModifiedDate":"2024-09-02","isFullCredit":false},{"lineNumber":138,"author":{"gitId":"Zackermax"},"content":"                eventTask.printTask();","lastModifiedDate":"2024-09-02","isFullCredit":false},{"lineNumber":139,"author":{"gitId":"Zackermax"},"content":"                printTaskCount(taskList);","lastModifiedDate":"2024-09-02","isFullCredit":false},{"lineNumber":140,"author":{"gitId":"Zackermax"},"content":"                endSegment();","lastModifiedDate":"2024-09-02","isFullCredit":false},{"lineNumber":141,"author":{"gitId":"Zackermax"},"content":"                break;","lastModifiedDate":"2024-09-02","isFullCredit":false},{"lineNumber":142,"author":{"gitId":"Zackermax"},"content":"            default:","lastModifiedDate":"2024-08-26","isFullCredit":false},{"lineNumber":143,"author":{"gitId":"Zackermax"},"content":"                // Echoes back unrecognized input.","lastModifiedDate":"2024-09-02","isFullCredit":false},{"lineNumber":144,"author":{"gitId":"Zackermax"},"content":"                beginSegment();","lastModifiedDate":"2024-08-26","isFullCredit":false},{"lineNumber":145,"author":{"gitId":"Zackermax"},"content":"                System.out.println(input);","lastModifiedDate":"2024-09-02","isFullCredit":false},{"lineNumber":146,"author":{"gitId":"Zackermax"},"content":"                endSegment();","lastModifiedDate":"2024-08-26","isFullCredit":false},{"lineNumber":147,"author":{"gitId":"Zackermax"},"content":"                break;","lastModifiedDate":"2024-08-26","isFullCredit":false},{"lineNumber":148,"author":{"gitId":"Zackermax"},"content":"            }","lastModifiedDate":"2024-08-26","isFullCredit":false},{"lineNumber":149,"author":{"gitId":"Zackermax"},"content":"","lastModifiedDate":"2024-09-02","isFullCredit":false},{"lineNumber":150,"author":{"gitId":"Zackermax"},"content":"            input \u003d scan.nextLine();","lastModifiedDate":"2024-08-26","isFullCredit":false},{"lineNumber":151,"author":{"gitId":"Zackermax"},"content":"        }","lastModifiedDate":"2024-08-26","isFullCredit":false},{"lineNumber":152,"author":{"gitId":"Zackermax"},"content":"","lastModifiedDate":"2024-08-26","isFullCredit":false},{"lineNumber":153,"author":{"gitId":"Zackermax"},"content":"        beginSegment();","lastModifiedDate":"2024-08-30","isFullCredit":false},{"lineNumber":154,"author":{"gitId":"Zackermax"},"content":"        System.out.println(\"Bye! Hope to see you again soon!\");","lastModifiedDate":"2024-08-26","isFullCredit":false},{"lineNumber":155,"author":{"gitId":"Zackermax"},"content":"        endSegment();","lastModifiedDate":"2024-08-30","isFullCredit":false},{"lineNumber":156,"author":{"gitId":"Zackermax"},"content":"    }","lastModifiedDate":"2024-08-21","isFullCredit":false},{"lineNumber":157,"author":{"gitId":"Zackermax"},"content":"}","lastModifiedDate":"2024-08-21","isFullCredit":false}],"authorContributionMap":{"Zackermax":157}},{"path":"src/main/java/Task.java","fileType":"java","lines":[{"lineNumber":1,"author":{"gitId":"Zackermax"},"content":"/**","lastModifiedDate":"2024-08-26","isFullCredit":false},{"lineNumber":2,"author":{"gitId":"Zackermax"},"content":" * Defines a task with a description and completion status.","lastModifiedDate":"2024-08-26","isFullCredit":false},{"lineNumber":3,"author":{"gitId":"Zackermax"},"content":" */","lastModifiedDate":"2024-08-26","isFullCredit":false},{"lineNumber":4,"author":{"gitId":"Zackermax"},"content":"public class Task {","lastModifiedDate":"2024-09-02","isFullCredit":false},{"lineNumber":5,"author":{"gitId":"Zackermax"},"content":"","lastModifiedDate":"2024-08-26","isFullCredit":false},{"lineNumber":6,"author":{"gitId":"Zackermax"},"content":"    /** Description of the task. */","lastModifiedDate":"2024-08-26","isFullCredit":false},{"lineNumber":7,"author":{"gitId":"Zackermax"},"content":"    protected String description;","lastModifiedDate":"2024-08-26","isFullCredit":false},{"lineNumber":8,"author":{"gitId":"Zackermax"},"content":"","lastModifiedDate":"2024-08-26","isFullCredit":false},{"lineNumber":9,"author":{"gitId":"Zackermax"},"content":"    /** Indicates task completion status. */","lastModifiedDate":"2024-08-26","isFullCredit":false},{"lineNumber":10,"author":{"gitId":"Zackermax"},"content":"    protected boolean isComplete;","lastModifiedDate":"2024-08-26","isFullCredit":false},{"lineNumber":11,"author":{"gitId":"Zackermax"},"content":"","lastModifiedDate":"2024-08-26","isFullCredit":false},{"lineNumber":12,"author":{"gitId":"Zackermax"},"content":"    /**","lastModifiedDate":"2024-08-26","isFullCredit":false},{"lineNumber":13,"author":{"gitId":"Zackermax"},"content":"     * Constructs a new Task with the given description.","lastModifiedDate":"2024-08-26","isFullCredit":false},{"lineNumber":14,"author":{"gitId":"Zackermax"},"content":"     *","lastModifiedDate":"2024-08-26","isFullCredit":false},{"lineNumber":15,"author":{"gitId":"Zackermax"},"content":"     * @param description Describes the task.","lastModifiedDate":"2024-08-26","isFullCredit":false},{"lineNumber":16,"author":{"gitId":"Zackermax"},"content":"     */","lastModifiedDate":"2024-08-26","isFullCredit":false},{"lineNumber":17,"author":{"gitId":"Zackermax"},"content":"    public Task(String description) {","lastModifiedDate":"2024-08-26","isFullCredit":false},{"lineNumber":18,"author":{"gitId":"Zackermax"},"content":"        this.description \u003d description;","lastModifiedDate":"2024-08-26","isFullCredit":false},{"lineNumber":19,"author":{"gitId":"Zackermax"},"content":"        this.isComplete \u003d false;","lastModifiedDate":"2024-08-26","isFullCredit":false},{"lineNumber":20,"author":{"gitId":"Zackermax"},"content":"    }","lastModifiedDate":"2024-08-26","isFullCredit":false},{"lineNumber":21,"author":{"gitId":"Zackermax"},"content":"","lastModifiedDate":"2024-08-26","isFullCredit":false},{"lineNumber":22,"author":{"gitId":"Zackermax"},"content":"    /**","lastModifiedDate":"2024-08-26","isFullCredit":false},{"lineNumber":23,"author":{"gitId":"Zackermax"},"content":"     * Returns the description of the task.","lastModifiedDate":"2024-08-26","isFullCredit":false},{"lineNumber":24,"author":{"gitId":"Zackermax"},"content":"     *","lastModifiedDate":"2024-08-26","isFullCredit":false},{"lineNumber":25,"author":{"gitId":"Zackermax"},"content":"     * @return The description of the task.","lastModifiedDate":"2024-09-02","isFullCredit":false},{"lineNumber":26,"author":{"gitId":"Zackermax"},"content":"     */","lastModifiedDate":"2024-08-26","isFullCredit":false},{"lineNumber":27,"author":{"gitId":"Zackermax"},"content":"    public String getDescription() {","lastModifiedDate":"2024-08-26","isFullCredit":false},{"lineNumber":28,"author":{"gitId":"Zackermax"},"content":"        return description;","lastModifiedDate":"2024-08-26","isFullCredit":false},{"lineNumber":29,"author":{"gitId":"Zackermax"},"content":"    }","lastModifiedDate":"2024-08-26","isFullCredit":false},{"lineNumber":30,"author":{"gitId":"Zackermax"},"content":"","lastModifiedDate":"2024-08-26","isFullCredit":false},{"lineNumber":31,"author":{"gitId":"Zackermax"},"content":"    /**","lastModifiedDate":"2024-09-02","isFullCredit":false},{"lineNumber":32,"author":{"gitId":"Zackermax"},"content":"     * Marks the task as complete.","lastModifiedDate":"2024-09-02","isFullCredit":false},{"lineNumber":33,"author":{"gitId":"Zackermax"},"content":"     */","lastModifiedDate":"2024-09-02","isFullCredit":false},{"lineNumber":34,"author":{"gitId":"Zackermax"},"content":"    public void setComplete() {","lastModifiedDate":"2024-08-26","isFullCredit":false},{"lineNumber":35,"author":{"gitId":"Zackermax"},"content":"        this.isComplete \u003d true;","lastModifiedDate":"2024-08-26","isFullCredit":false},{"lineNumber":36,"author":{"gitId":"Zackermax"},"content":"    }","lastModifiedDate":"2024-08-26","isFullCredit":false},{"lineNumber":37,"author":{"gitId":"Zackermax"},"content":"","lastModifiedDate":"2024-08-26","isFullCredit":false},{"lineNumber":38,"author":{"gitId":"Zackermax"},"content":"    /**","lastModifiedDate":"2024-09-02","isFullCredit":false},{"lineNumber":39,"author":{"gitId":"Zackermax"},"content":"     * Marks the task as incomplete.","lastModifiedDate":"2024-09-02","isFullCredit":false},{"lineNumber":40,"author":{"gitId":"Zackermax"},"content":"     */","lastModifiedDate":"2024-09-02","isFullCredit":false},{"lineNumber":41,"author":{"gitId":"Zackermax"},"content":"    public void setIncomplete() {","lastModifiedDate":"2024-08-26","isFullCredit":false},{"lineNumber":42,"author":{"gitId":"Zackermax"},"content":"        this.isComplete \u003d false;","lastModifiedDate":"2024-08-26","isFullCredit":false},{"lineNumber":43,"author":{"gitId":"Zackermax"},"content":"    }","lastModifiedDate":"2024-08-26","isFullCredit":false},{"lineNumber":44,"author":{"gitId":"Zackermax"},"content":"","lastModifiedDate":"2024-08-26","isFullCredit":false},{"lineNumber":45,"author":{"gitId":"Zackermax"},"content":"    /**","lastModifiedDate":"2024-08-26","isFullCredit":false},{"lineNumber":46,"author":{"gitId":"Zackermax"},"content":"     * Returns an icon representing the task\u0027s completion status.","lastModifiedDate":"2024-09-02","isFullCredit":false},{"lineNumber":47,"author":{"gitId":"Zackermax"},"content":"     *","lastModifiedDate":"2024-08-26","isFullCredit":false},{"lineNumber":48,"author":{"gitId":"Zackermax"},"content":"     * @return \"X\" if the task is completed, or \" \" if it is not.","lastModifiedDate":"2024-09-02","isFullCredit":false},{"lineNumber":49,"author":{"gitId":"Zackermax"},"content":"     */","lastModifiedDate":"2024-08-26","isFullCredit":false},{"lineNumber":50,"author":{"gitId":"Zackermax"},"content":"    public String getStatusIcon() {","lastModifiedDate":"2024-08-26","isFullCredit":false},{"lineNumber":51,"author":{"gitId":"Zackermax"},"content":"        return (isComplete ? \"X\" : \" \");","lastModifiedDate":"2024-08-26","isFullCredit":false},{"lineNumber":52,"author":{"gitId":"Zackermax"},"content":"    }","lastModifiedDate":"2024-08-26","isFullCredit":false},{"lineNumber":53,"author":{"gitId":"Zackermax"},"content":"","lastModifiedDate":"2024-09-02","isFullCredit":false},{"lineNumber":54,"author":{"gitId":"Zackermax"},"content":"    /**","lastModifiedDate":"2024-09-02","isFullCredit":false},{"lineNumber":55,"author":{"gitId":"Zackermax"},"content":"     * Returns the task icon. Default is an empty space.","lastModifiedDate":"2024-09-02","isFullCredit":false},{"lineNumber":56,"author":{"gitId":"Zackermax"},"content":"     *","lastModifiedDate":"2024-09-02","isFullCredit":false},{"lineNumber":57,"author":{"gitId":"Zackermax"},"content":"     * @return A string representing the task icon.","lastModifiedDate":"2024-09-02","isFullCredit":false},{"lineNumber":58,"author":{"gitId":"Zackermax"},"content":"     */","lastModifiedDate":"2024-09-02","isFullCredit":false},{"lineNumber":59,"author":{"gitId":"Zackermax"},"content":"    public String getTaskIcon() {","lastModifiedDate":"2024-09-02","isFullCredit":false},{"lineNumber":60,"author":{"gitId":"Zackermax"},"content":"        return \" \";","lastModifiedDate":"2024-09-02","isFullCredit":false},{"lineNumber":61,"author":{"gitId":"Zackermax"},"content":"    }","lastModifiedDate":"2024-09-02","isFullCredit":false},{"lineNumber":62,"author":{"gitId":"Zackermax"},"content":"","lastModifiedDate":"2024-09-02","isFullCredit":false},{"lineNumber":63,"author":{"gitId":"Zackermax"},"content":"    /**","lastModifiedDate":"2024-09-02","isFullCredit":false},{"lineNumber":64,"author":{"gitId":"Zackermax"},"content":"     * Prints the task.","lastModifiedDate":"2024-09-02","isFullCredit":false},{"lineNumber":65,"author":{"gitId":"Zackermax"},"content":"     * Default implementation does nothing.","lastModifiedDate":"2024-09-02","isFullCredit":false},{"lineNumber":66,"author":{"gitId":"Zackermax"},"content":"     */","lastModifiedDate":"2024-09-02","isFullCredit":false},{"lineNumber":67,"author":{"gitId":"Zackermax"},"content":"    public void printTask() {","lastModifiedDate":"2024-09-02","isFullCredit":false},{"lineNumber":68,"author":{"gitId":"Zackermax"},"content":"        System.out.println();","lastModifiedDate":"2024-09-02","isFullCredit":false},{"lineNumber":69,"author":{"gitId":"Zackermax"},"content":"    }","lastModifiedDate":"2024-09-02","isFullCredit":false},{"lineNumber":70,"author":{"gitId":"Zackermax"},"content":"}","lastModifiedDate":"2024-09-02","isFullCredit":false}],"authorContributionMap":{"Zackermax":70}},{"path":"src/main/java/Todo.java","fileType":"java","lines":[{"lineNumber":1,"author":{"gitId":"Zackermax"},"content":"/**","lastModifiedDate":"2024-09-02","isFullCredit":false},{"lineNumber":2,"author":{"gitId":"Zackermax"},"content":" * Represents a Todo task, which is a basic type of task with no specific deadlines or events.","lastModifiedDate":"2024-09-02","isFullCredit":false},{"lineNumber":3,"author":{"gitId":"Zackermax"},"content":" */","lastModifiedDate":"2024-09-02","isFullCredit":false},{"lineNumber":4,"author":{"gitId":"Zackermax"},"content":"public class Todo extends Task {","lastModifiedDate":"2024-09-02","isFullCredit":false},{"lineNumber":5,"author":{"gitId":"Zackermax"},"content":"","lastModifiedDate":"2024-09-02","isFullCredit":false},{"lineNumber":6,"author":{"gitId":"Zackermax"},"content":"    /**","lastModifiedDate":"2024-09-02","isFullCredit":false},{"lineNumber":7,"author":{"gitId":"Zackermax"},"content":"     * Constructs a new Todo task with the given description.","lastModifiedDate":"2024-09-02","isFullCredit":false},{"lineNumber":8,"author":{"gitId":"Zackermax"},"content":"     *","lastModifiedDate":"2024-09-02","isFullCredit":false},{"lineNumber":9,"author":{"gitId":"Zackermax"},"content":"     * @param description Describes the task.","lastModifiedDate":"2024-09-02","isFullCredit":false},{"lineNumber":10,"author":{"gitId":"Zackermax"},"content":"     */","lastModifiedDate":"2024-09-02","isFullCredit":false},{"lineNumber":11,"author":{"gitId":"Zackermax"},"content":"    public Todo(String description) {","lastModifiedDate":"2024-09-02","isFullCredit":false},{"lineNumber":12,"author":{"gitId":"Zackermax"},"content":"        super(description);","lastModifiedDate":"2024-09-02","isFullCredit":false},{"lineNumber":13,"author":{"gitId":"Zackermax"},"content":"    }","lastModifiedDate":"2024-09-02","isFullCredit":false},{"lineNumber":14,"author":{"gitId":"Zackermax"},"content":"","lastModifiedDate":"2024-09-02","isFullCredit":false},{"lineNumber":15,"author":{"gitId":"Zackermax"},"content":"    /**","lastModifiedDate":"2024-09-02","isFullCredit":false},{"lineNumber":16,"author":{"gitId":"Zackermax"},"content":"     * Prints the confirmation message for an added Todo task.","lastModifiedDate":"2024-09-02","isFullCredit":false},{"lineNumber":17,"author":{"gitId":"Zackermax"},"content":"     */","lastModifiedDate":"2024-09-02","isFullCredit":false},{"lineNumber":18,"author":{"gitId":"Zackermax"},"content":"    @Override","lastModifiedDate":"2024-09-02","isFullCredit":false},{"lineNumber":19,"author":{"gitId":"Zackermax"},"content":"    public void printTask() {","lastModifiedDate":"2024-09-02","isFullCredit":false},{"lineNumber":20,"author":{"gitId":"Zackermax"},"content":"        System.out.print(\"Got it. I\u0027ve added this task:\" + System.lineSeparator() + \"  \");","lastModifiedDate":"2024-09-02","isFullCredit":false},{"lineNumber":21,"author":{"gitId":"Zackermax"},"content":"        System.out.println(\"[\" + getTaskIcon() + \"][\" + getStatusIcon() + \"] \" + getDescription());","lastModifiedDate":"2024-09-02","isFullCredit":false},{"lineNumber":22,"author":{"gitId":"Zackermax"},"content":"    }","lastModifiedDate":"2024-09-02","isFullCredit":false},{"lineNumber":23,"author":{"gitId":"Zackermax"},"content":"","lastModifiedDate":"2024-09-02","isFullCredit":false},{"lineNumber":24,"author":{"gitId":"Zackermax"},"content":"    /**","lastModifiedDate":"2024-09-02","isFullCredit":false},{"lineNumber":25,"author":{"gitId":"Zackermax"},"content":"     * Returns the task icon specific to Todo tasks.","lastModifiedDate":"2024-09-02","isFullCredit":false},{"lineNumber":26,"author":{"gitId":"Zackermax"},"content":"     *","lastModifiedDate":"2024-09-02","isFullCredit":false},{"lineNumber":27,"author":{"gitId":"Zackermax"},"content":"     * @return The string \"T\" representing a Todo task.","lastModifiedDate":"2024-09-02","isFullCredit":false},{"lineNumber":28,"author":{"gitId":"Zackermax"},"content":"     */","lastModifiedDate":"2024-09-02","isFullCredit":false},{"lineNumber":29,"author":{"gitId":"Zackermax"},"content":"    @Override","lastModifiedDate":"2024-09-02","isFullCredit":false},{"lineNumber":30,"author":{"gitId":"Zackermax"},"content":"    public String getTaskIcon() {","lastModifiedDate":"2024-09-02","isFullCredit":false},{"lineNumber":31,"author":{"gitId":"Zackermax"},"content":"        return \"T\";","lastModifiedDate":"2024-09-02","isFullCredit":false},{"lineNumber":32,"author":{"gitId":"Zackermax"},"content":"    }","lastModifiedDate":"2024-09-02","isFullCredit":false},{"lineNumber":33,"author":{"gitId":"Zackermax"},"content":"}","lastModifiedDate":"2024-09-02","isFullCredit":false}],"authorContributionMap":{"Zackermax":33}},{"path":"text-ui-test/input.txt","fileType":"txt","lines":[{"lineNumber":1,"author":{"gitId":"Zackermax"},"content":"todo read book","lastModifiedDate":"2024-09-02","isFullCredit":false},{"lineNumber":2,"author":{"gitId":"Zackermax"},"content":"deadline return book /by June 6th","lastModifiedDate":"2024-09-02","isFullCredit":false},{"lineNumber":3,"author":{"gitId":"Zackermax"},"content":"event project meeting /from Aug 6th 2pm /to 4pm","lastModifiedDate":"2024-09-02","isFullCredit":false},{"lineNumber":4,"author":{"gitId":"Zackermax"},"content":"todo join sports club","lastModifiedDate":"2024-09-02","isFullCredit":false},{"lineNumber":5,"author":{"gitId":"Zackermax"},"content":"mark 1","lastModifiedDate":"2024-09-02","isFullCredit":false},{"lineNumber":6,"author":{"gitId":"Zackermax"},"content":"mark 4","lastModifiedDate":"2024-09-02","isFullCredit":false},{"lineNumber":7,"author":{"gitId":"Zackermax"},"content":"todo borrow book","lastModifiedDate":"2024-09-02","isFullCredit":false},{"lineNumber":8,"author":{"gitId":"Zackermax"},"content":"list","lastModifiedDate":"2024-09-02","isFullCredit":false},{"lineNumber":9,"author":{"gitId":"Zackermax"},"content":"deadline return book /by Sunday","lastModifiedDate":"2024-09-02","isFullCredit":false},{"lineNumber":10,"author":{"gitId":"Zackermax"},"content":"event project meeting /from Mon 2pm /to 4pm","lastModifiedDate":"2024-09-02","isFullCredit":false}],"authorContributionMap":{"Zackermax":10}},{"path":"text-ui-test/runtest.bat","fileType":"bat","lines":[{"lineNumber":1,"author":{"gitId":"-"},"content":"@ECHO OFF","lastModifiedDate":"2020-05-25","isFullCredit":false},{"lineNumber":2,"author":{"gitId":"-"},"content":"","lastModifiedDate":"2020-05-25","isFullCredit":false},{"lineNumber":3,"author":{"gitId":"-"},"content":"REM create bin directory if it doesn\u0027t exist","lastModifiedDate":"2020-05-25","isFullCredit":false},{"lineNumber":4,"author":{"gitId":"-"},"content":"if not exist ..\\bin mkdir ..\\bin","lastModifiedDate":"2020-05-25","isFullCredit":false},{"lineNumber":5,"author":{"gitId":"-"},"content":"","lastModifiedDate":"2020-05-25","isFullCredit":false},{"lineNumber":6,"author":{"gitId":"-"},"content":"REM delete output from previous run","lastModifiedDate":"2020-05-25","isFullCredit":false},{"lineNumber":7,"author":{"gitId":"-"},"content":"if exist ACTUAL.TXT del ACTUAL.TXT","lastModifiedDate":"2020-08-25","isFullCredit":false},{"lineNumber":8,"author":{"gitId":"-"},"content":"","lastModifiedDate":"2020-05-25","isFullCredit":false},{"lineNumber":9,"author":{"gitId":"-"},"content":"REM compile the code into the bin folder","lastModifiedDate":"2020-05-25","isFullCredit":false},{"lineNumber":10,"author":{"gitId":"-"},"content":"javac  -cp ..\\src\\main\\java -Xlint:none -d ..\\bin ..\\src\\main\\java\\*.java","lastModifiedDate":"2020-08-25","isFullCredit":false},{"lineNumber":11,"author":{"gitId":"-"},"content":"IF ERRORLEVEL 1 (","lastModifiedDate":"2020-05-25","isFullCredit":false},{"lineNumber":12,"author":{"gitId":"-"},"content":"    echo ********** BUILD FAILURE **********","lastModifiedDate":"2020-05-25","isFullCredit":false},{"lineNumber":13,"author":{"gitId":"-"},"content":"    exit /b 1","lastModifiedDate":"2020-05-25","isFullCredit":false},{"lineNumber":14,"author":{"gitId":"-"},"content":")","lastModifiedDate":"2020-05-25","isFullCredit":false},{"lineNumber":15,"author":{"gitId":"-"},"content":"REM no error here, errorlevel \u003d\u003d 0","lastModifiedDate":"2020-05-25","isFullCredit":false},{"lineNumber":16,"author":{"gitId":"-"},"content":"","lastModifiedDate":"2020-05-25","isFullCredit":false},{"lineNumber":17,"author":{"gitId":"-"},"content":"REM run the program, feed commands from input.txt file and redirect the output to the ACTUAL.TXT","lastModifiedDate":"2020-05-25","isFullCredit":false},{"lineNumber":18,"author":{"gitId":"Zackermax"},"content":"java -classpath ..\\bin November \u003c input.txt \u003e ACTUAL.TXT","lastModifiedDate":"2024-09-02","isFullCredit":false},{"lineNumber":19,"author":{"gitId":"-"},"content":"","lastModifiedDate":"2020-05-25","isFullCredit":false},{"lineNumber":20,"author":{"gitId":"-"},"content":"REM compare the output to the expected output","lastModifiedDate":"2020-05-25","isFullCredit":false},{"lineNumber":21,"author":{"gitId":"-"},"content":"FC ACTUAL.TXT EXPECTED.TXT","lastModifiedDate":"2020-05-25","isFullCredit":false}],"authorContributionMap":{"Zackermax":1,"-":20}},{"path":"text-ui-test/runtest.sh","fileType":"sh","lines":[{"lineNumber":1,"author":{"gitId":"-"},"content":"#!/usr/bin/env bash","lastModifiedDate":"2020-05-25","isFullCredit":false},{"lineNumber":2,"author":{"gitId":"-"},"content":"","lastModifiedDate":"2020-05-25","isFullCredit":false},{"lineNumber":3,"author":{"gitId":"-"},"content":"# create bin directory if it doesn\u0027t exist","lastModifiedDate":"2020-05-25","isFullCredit":false},{"lineNumber":4,"author":{"gitId":"-"},"content":"if [ ! -d \"../bin\" ]","lastModifiedDate":"2020-05-25","isFullCredit":false},{"lineNumber":5,"author":{"gitId":"-"},"content":"then","lastModifiedDate":"2020-05-25","isFullCredit":false},{"lineNumber":6,"author":{"gitId":"-"},"content":"    mkdir ../bin","lastModifiedDate":"2020-05-25","isFullCredit":false},{"lineNumber":7,"author":{"gitId":"-"},"content":"fi","lastModifiedDate":"2020-05-25","isFullCredit":false},{"lineNumber":8,"author":{"gitId":"-"},"content":"","lastModifiedDate":"2020-05-25","isFullCredit":false},{"lineNumber":9,"author":{"gitId":"-"},"content":"# delete output from previous run","lastModifiedDate":"2020-05-25","isFullCredit":false},{"lineNumber":10,"author":{"gitId":"-"},"content":"if [ -e \"./ACTUAL.TXT\" ]","lastModifiedDate":"2020-05-25","isFullCredit":false},{"lineNumber":11,"author":{"gitId":"-"},"content":"then","lastModifiedDate":"2020-05-25","isFullCredit":false},{"lineNumber":12,"author":{"gitId":"-"},"content":"    rm ACTUAL.TXT","lastModifiedDate":"2020-05-25","isFullCredit":false},{"lineNumber":13,"author":{"gitId":"-"},"content":"fi","lastModifiedDate":"2020-05-25","isFullCredit":false},{"lineNumber":14,"author":{"gitId":"-"},"content":"","lastModifiedDate":"2020-05-25","isFullCredit":false},{"lineNumber":15,"author":{"gitId":"-"},"content":"# compile the code into the bin folder, terminates if error occurred","lastModifiedDate":"2020-05-25","isFullCredit":false},{"lineNumber":16,"author":{"gitId":"-"},"content":"if ! javac -cp ../src/main/java -Xlint:none -d ../bin ../src/main/java/*.java","lastModifiedDate":"2020-08-25","isFullCredit":false},{"lineNumber":17,"author":{"gitId":"-"},"content":"then","lastModifiedDate":"2020-05-25","isFullCredit":false},{"lineNumber":18,"author":{"gitId":"-"},"content":"    echo \"********** BUILD FAILURE **********\"","lastModifiedDate":"2020-05-25","isFullCredit":false},{"lineNumber":19,"author":{"gitId":"-"},"content":"    exit 1","lastModifiedDate":"2020-05-25","isFullCredit":false},{"lineNumber":20,"author":{"gitId":"-"},"content":"fi","lastModifiedDate":"2020-05-25","isFullCredit":false},{"lineNumber":21,"author":{"gitId":"-"},"content":"","lastModifiedDate":"2020-05-25","isFullCredit":false},{"lineNumber":22,"author":{"gitId":"-"},"content":"# run the program, feed commands from input.txt file and redirect the output to the ACTUAL.TXT","lastModifiedDate":"2020-05-25","isFullCredit":false},{"lineNumber":23,"author":{"gitId":"Zackermax"},"content":"java -classpath ../bin November \u003c input.txt \u003e ACTUAL.TXT","lastModifiedDate":"2024-09-02","isFullCredit":false},{"lineNumber":24,"author":{"gitId":"-"},"content":"","lastModifiedDate":"2020-05-25","isFullCredit":false},{"lineNumber":25,"author":{"gitId":"-"},"content":"# convert to UNIX format","lastModifiedDate":"2020-05-25","isFullCredit":false},{"lineNumber":26,"author":{"gitId":"-"},"content":"cp EXPECTED.TXT EXPECTED-UNIX.TXT","lastModifiedDate":"2020-05-25","isFullCredit":false},{"lineNumber":27,"author":{"gitId":"-"},"content":"dos2unix ACTUAL.TXT EXPECTED-UNIX.TXT","lastModifiedDate":"2020-05-25","isFullCredit":false},{"lineNumber":28,"author":{"gitId":"-"},"content":"","lastModifiedDate":"2020-05-25","isFullCredit":false},{"lineNumber":29,"author":{"gitId":"-"},"content":"# compare the output to the expected output","lastModifiedDate":"2020-05-25","isFullCredit":false},{"lineNumber":30,"author":{"gitId":"-"},"content":"diff ACTUAL.TXT EXPECTED-UNIX.TXT","lastModifiedDate":"2020-05-25","isFullCredit":false},{"lineNumber":31,"author":{"gitId":"-"},"content":"if [ $? -eq 0 ]","lastModifiedDate":"2020-05-25","isFullCredit":false},{"lineNumber":32,"author":{"gitId":"-"},"content":"then","lastModifiedDate":"2020-05-25","isFullCredit":false},{"lineNumber":33,"author":{"gitId":"-"},"content":"    echo \"Test result: PASSED\"","lastModifiedDate":"2020-05-25","isFullCredit":false},{"lineNumber":34,"author":{"gitId":"-"},"content":"    exit 0","lastModifiedDate":"2020-05-25","isFullCredit":false},{"lineNumber":35,"author":{"gitId":"-"},"content":"else","lastModifiedDate":"2020-05-25","isFullCredit":false},{"lineNumber":36,"author":{"gitId":"-"},"content":"    echo \"Test result: FAILED\"","lastModifiedDate":"2020-05-25","isFullCredit":false},{"lineNumber":37,"author":{"gitId":"-"},"content":"    exit 1","lastModifiedDate":"2020-05-25","isFullCredit":false},{"lineNumber":38,"author":{"gitId":"-"},"content":"fi","lastModifiedDate":"2020-05-25","isFullCredit":false}],"authorContributionMap":{"Zackermax":1,"-":37}}]
