{"authorDailyContributionsMap":{"yentheng0110":[{"date":"2024-08-23","commitResults":[{"hash":"d49fe59d36e9d7599def7517e7da3cdacd7b1adc","isMergeCommit":false,"messageTitle":"Level 0: Rename, greet and exit","messageBody":"","tags":["Level-0"],"fileTypesAndContributionMap":{"java":{"insertions":13,"deletions":10}}}]},{"date":"2024-08-28","commitResults":[{"hash":"76a8de0d97a8bb33a46e4aba170cf50bf2b77cf0","isMergeCommit":false,"messageTitle":"Level 1: Echo","messageBody":"","tags":["Level-1"],"fileTypesAndContributionMap":{"java":{"insertions":20,"deletions":1}}},{"hash":"012d12ff7166985015b4883f57fecbaa6535e66d","isMergeCommit":false,"messageTitle":"Level 2: Add, List","messageBody":"","tags":["Level-2"],"fileTypesAndContributionMap":{"java":{"insertions":14,"deletions":4}}},{"hash":"d94038f5c1a5101fe3fb485e0684002dd831dce6","isMergeCommit":false,"messageTitle":"Level 3: Mark as done","messageBody":"","tags":["Level-3","A-Classes"],"fileTypesAndContributionMap":{"java":{"insertions":46,"deletions":3}}}]},{"date":"2024-08-29","commitResults":[{"hash":"5b3cc50516dd40d94661db75da80e7b1b8b87cce","isMergeCommit":false,"messageTitle":"Add getter and setter for Task description","messageBody":"","tags":["A-CodingStandard"],"fileTypesAndContributionMap":{"java":{"insertions":9,"deletions":1}}}]}]},"authorFileTypeContributionMap":{"yentheng0110":{"java":93,"md":0,"fxml":0,"sh":0,"bat":0,"gradle":0,"txt":0}},"authorContributionVariance":{"yentheng0110":523.37244},"authorDisplayNameMap":{"yentheng0110":"CS2113-T10-2 WONG..HENG"}}
