[{"path":"docs/README.md","fileType":"md","lines":[{"lineNumber":1,"author":{"gitId":"TPH777"},"content":"# Iris User Guide","lastModifiedDate":"2024-08-27","isFullCredit":false},{"lineNumber":2,"author":{"gitId":"-"},"content":"","lastModifiedDate":"2019-07-29","isFullCredit":false},{"lineNumber":3,"author":{"gitId":"-"},"content":"// Update the title above to match the actual product name","lastModifiedDate":"2024-01-07","isFullCredit":false},{"lineNumber":4,"author":{"gitId":"-"},"content":"","lastModifiedDate":"2019-07-29","isFullCredit":false},{"lineNumber":5,"author":{"gitId":"-"},"content":"// Product screenshot goes here","lastModifiedDate":"2024-01-07","isFullCredit":false},{"lineNumber":6,"author":{"gitId":"-"},"content":"","lastModifiedDate":"2021-07-17","isFullCredit":false},{"lineNumber":7,"author":{"gitId":"-"},"content":"// Product intro goes here","lastModifiedDate":"2024-01-07","isFullCredit":false},{"lineNumber":8,"author":{"gitId":"-"},"content":"","lastModifiedDate":"2021-07-17","isFullCredit":false},{"lineNumber":9,"author":{"gitId":"-"},"content":"## Adding deadlines","lastModifiedDate":"2024-01-07","isFullCredit":false},{"lineNumber":10,"author":{"gitId":"-"},"content":"","lastModifiedDate":"2021-07-17","isFullCredit":false},{"lineNumber":11,"author":{"gitId":"-"},"content":"// Describe the action and its outcome.","lastModifiedDate":"2024-01-07","isFullCredit":false},{"lineNumber":12,"author":{"gitId":"-"},"content":"","lastModifiedDate":"2019-07-29","isFullCredit":false},{"lineNumber":13,"author":{"gitId":"-"},"content":"// Give examples of usage","lastModifiedDate":"2024-01-07","isFullCredit":false},{"lineNumber":14,"author":{"gitId":"-"},"content":"","lastModifiedDate":"2019-07-29","isFullCredit":false},{"lineNumber":15,"author":{"gitId":"-"},"content":"Example: `keyword (optional arguments)`","lastModifiedDate":"2024-01-07","isFullCredit":false},{"lineNumber":16,"author":{"gitId":"-"},"content":"","lastModifiedDate":"2019-07-29","isFullCredit":false},{"lineNumber":17,"author":{"gitId":"-"},"content":"// A description of the expected outcome goes here","lastModifiedDate":"2024-01-07","isFullCredit":false},{"lineNumber":18,"author":{"gitId":"-"},"content":"","lastModifiedDate":"2019-07-29","isFullCredit":false},{"lineNumber":19,"author":{"gitId":"-"},"content":"```","lastModifiedDate":"2024-01-07","isFullCredit":false},{"lineNumber":20,"author":{"gitId":"-"},"content":"expected output","lastModifiedDate":"2024-01-07","isFullCredit":false},{"lineNumber":21,"author":{"gitId":"-"},"content":"```","lastModifiedDate":"2024-01-07","isFullCredit":false},{"lineNumber":22,"author":{"gitId":"-"},"content":"","lastModifiedDate":"2019-07-29","isFullCredit":false},{"lineNumber":23,"author":{"gitId":"-"},"content":"## Feature ABC","lastModifiedDate":"2024-01-07","isFullCredit":false},{"lineNumber":24,"author":{"gitId":"-"},"content":"","lastModifiedDate":"2019-07-29","isFullCredit":false},{"lineNumber":25,"author":{"gitId":"-"},"content":"// Feature details","lastModifiedDate":"2024-01-07","isFullCredit":false},{"lineNumber":26,"author":{"gitId":"-"},"content":"","lastModifiedDate":"2019-07-29","isFullCredit":false},{"lineNumber":27,"author":{"gitId":"-"},"content":"","lastModifiedDate":"2021-07-17","isFullCredit":false},{"lineNumber":28,"author":{"gitId":"-"},"content":"## Feature XYZ","lastModifiedDate":"2024-01-07","isFullCredit":false},{"lineNumber":29,"author":{"gitId":"-"},"content":"","lastModifiedDate":"2024-01-07","isFullCredit":false},{"lineNumber":30,"author":{"gitId":"-"},"content":"// Feature details","lastModifiedDate":"2024-01-07","isFullCredit":false}],"authorContributionMap":{"TPH777":1,"-":29}},{"path":"src/main/java/Deadline.java","fileType":"java","lines":[{"lineNumber":1,"author":{"gitId":"TPH777"},"content":"public class Deadline extends Task {","lastModifiedDate":"2024-08-30","isFullCredit":false},{"lineNumber":2,"author":{"gitId":"TPH777"},"content":"    public Deadline(String text) {","lastModifiedDate":"2024-08-30","isFullCredit":false},{"lineNumber":3,"author":{"gitId":"TPH777"},"content":"        super(text);","lastModifiedDate":"2024-08-30","isFullCredit":false},{"lineNumber":4,"author":{"gitId":"TPH777"},"content":"    }","lastModifiedDate":"2024-08-30","isFullCredit":false},{"lineNumber":5,"author":{"gitId":"TPH777"},"content":"","lastModifiedDate":"2024-08-30","isFullCredit":false},{"lineNumber":6,"author":{"gitId":"TPH777"},"content":"    @Override","lastModifiedDate":"2024-08-30","isFullCredit":false},{"lineNumber":7,"author":{"gitId":"TPH777"},"content":"    public String toString() {","lastModifiedDate":"2024-08-30","isFullCredit":false},{"lineNumber":8,"author":{"gitId":"TPH777"},"content":"        return \"[D]\" + super.toString();","lastModifiedDate":"2024-08-30","isFullCredit":false},{"lineNumber":9,"author":{"gitId":"TPH777"},"content":"    }","lastModifiedDate":"2024-08-30","isFullCredit":false},{"lineNumber":10,"author":{"gitId":"TPH777"},"content":"}","lastModifiedDate":"2024-08-30","isFullCredit":false}],"authorContributionMap":{"TPH777":10}},{"path":"src/main/java/Event.java","fileType":"java","lines":[{"lineNumber":1,"author":{"gitId":"TPH777"},"content":"public class Event extends Task {","lastModifiedDate":"2024-08-30","isFullCredit":false},{"lineNumber":2,"author":{"gitId":"TPH777"},"content":"    public Event(String text) {","lastModifiedDate":"2024-08-30","isFullCredit":false},{"lineNumber":3,"author":{"gitId":"TPH777"},"content":"        super(text);","lastModifiedDate":"2024-08-30","isFullCredit":false},{"lineNumber":4,"author":{"gitId":"TPH777"},"content":"    }","lastModifiedDate":"2024-08-30","isFullCredit":false},{"lineNumber":5,"author":{"gitId":"TPH777"},"content":"","lastModifiedDate":"2024-08-30","isFullCredit":false},{"lineNumber":6,"author":{"gitId":"TPH777"},"content":"    @Override","lastModifiedDate":"2024-08-30","isFullCredit":false},{"lineNumber":7,"author":{"gitId":"TPH777"},"content":"    public String toString() {","lastModifiedDate":"2024-08-30","isFullCredit":false},{"lineNumber":8,"author":{"gitId":"TPH777"},"content":"        return \"[E]\" + super.toString();","lastModifiedDate":"2024-08-30","isFullCredit":false},{"lineNumber":9,"author":{"gitId":"TPH777"},"content":"    }","lastModifiedDate":"2024-08-30","isFullCredit":false},{"lineNumber":10,"author":{"gitId":"TPH777"},"content":"}","lastModifiedDate":"2024-08-30","isFullCredit":false}],"authorContributionMap":{"TPH777":10}},{"path":"src/main/java/Iris.java","fileType":"java","lines":[{"lineNumber":1,"author":{"gitId":"TPH777"},"content":"import java.util.Scanner;","lastModifiedDate":"2024-08-27","isFullCredit":false},{"lineNumber":2,"author":{"gitId":"TPH777"},"content":"","lastModifiedDate":"2024-08-27","isFullCredit":false},{"lineNumber":3,"author":{"gitId":"TPH777"},"content":"public class Iris {","lastModifiedDate":"2024-08-27","isFullCredit":false},{"lineNumber":4,"author":{"gitId":"TPH777"},"content":"    public static Task[] tasks \u003d new Task[100];","lastModifiedDate":"2024-08-27","isFullCredit":false},{"lineNumber":5,"author":{"gitId":"TPH777"},"content":"    public static int numOfTasks \u003d 0;","lastModifiedDate":"2024-08-27","isFullCredit":false},{"lineNumber":6,"author":{"gitId":"TPH777"},"content":"","lastModifiedDate":"2024-08-27","isFullCredit":false},{"lineNumber":7,"author":{"gitId":"TPH777"},"content":"    public static void printDivider() {","lastModifiedDate":"2024-08-27","isFullCredit":false},{"lineNumber":8,"author":{"gitId":"TPH777"},"content":"        System.out.println(\"---------------------------------------------\");","lastModifiedDate":"2024-08-27","isFullCredit":false},{"lineNumber":9,"author":{"gitId":"TPH777"},"content":"    }","lastModifiedDate":"2024-08-27","isFullCredit":false},{"lineNumber":10,"author":{"gitId":"TPH777"},"content":"","lastModifiedDate":"2024-08-27","isFullCredit":false},{"lineNumber":11,"author":{"gitId":"TPH777"},"content":"    public static void listTasks() {","lastModifiedDate":"2024-08-27","isFullCredit":false},{"lineNumber":12,"author":{"gitId":"TPH777"},"content":"        if (numOfTasks \u003d\u003d 0) {","lastModifiedDate":"2024-08-27","isFullCredit":false},{"lineNumber":13,"author":{"gitId":"TPH777"},"content":"            System.out.println(\"No tasks added.\");","lastModifiedDate":"2024-08-27","isFullCredit":false},{"lineNumber":14,"author":{"gitId":"TPH777"},"content":"            return;","lastModifiedDate":"2024-08-30","isFullCredit":false},{"lineNumber":15,"author":{"gitId":"TPH777"},"content":"        }","lastModifiedDate":"2024-08-30","isFullCredit":false},{"lineNumber":16,"author":{"gitId":"TPH777"},"content":"        System.out.println(\"Here are the tasks in your list:\");","lastModifiedDate":"2024-08-30","isFullCredit":false},{"lineNumber":17,"author":{"gitId":"TPH777"},"content":"        for (int i \u003d 0; i \u003c numOfTasks; i++) {","lastModifiedDate":"2024-08-30","isFullCredit":false},{"lineNumber":18,"author":{"gitId":"TPH777"},"content":"            Task currentTask \u003d tasks[i];","lastModifiedDate":"2024-08-27","isFullCredit":false},{"lineNumber":19,"author":{"gitId":"TPH777"},"content":"            System.out.println((i + 1) ","lastModifiedDate":"2024-08-30","isFullCredit":false},{"lineNumber":20,"author":{"gitId":"TPH777"},"content":"                    + \".\"","lastModifiedDate":"2024-08-30","isFullCredit":false},{"lineNumber":21,"author":{"gitId":"TPH777"},"content":"                    + currentTask);","lastModifiedDate":"2024-08-30","isFullCredit":false},{"lineNumber":22,"author":{"gitId":"TPH777"},"content":"        }","lastModifiedDate":"2024-08-27","isFullCredit":false},{"lineNumber":23,"author":{"gitId":"TPH777"},"content":"    }","lastModifiedDate":"2024-08-27","isFullCredit":false},{"lineNumber":24,"author":{"gitId":"TPH777"},"content":"","lastModifiedDate":"2024-08-27","isFullCredit":false},{"lineNumber":25,"author":{"gitId":"TPH777"},"content":"    public static void addTask(String text) {","lastModifiedDate":"2024-08-27","isFullCredit":false},{"lineNumber":26,"author":{"gitId":"TPH777"},"content":"        String[] textParts \u003d text.split(\" \", 2);","lastModifiedDate":"2024-08-31","isFullCredit":false},{"lineNumber":27,"author":{"gitId":"TPH777"},"content":"        String command \u003d textParts[0].toLowerCase();","lastModifiedDate":"2024-09-07","isFullCredit":false},{"lineNumber":28,"author":{"gitId":"TPH777"},"content":"","lastModifiedDate":"2024-09-07","isFullCredit":false},{"lineNumber":29,"author":{"gitId":"TPH777"},"content":"        boolean hasOnlyCommand \u003d textParts.length \u003d\u003d 1;","lastModifiedDate":"2024-09-07","isFullCredit":false},{"lineNumber":30,"author":{"gitId":"TPH777"},"content":"        if (hasOnlyCommand) {","lastModifiedDate":"2024-09-07","isFullCredit":false},{"lineNumber":31,"author":{"gitId":"TPH777"},"content":"            System.out.println(\"MISSING!!! The description of a \"","lastModifiedDate":"2024-09-07","isFullCredit":false},{"lineNumber":32,"author":{"gitId":"TPH777"},"content":"                    + command","lastModifiedDate":"2024-09-07","isFullCredit":false},{"lineNumber":33,"author":{"gitId":"TPH777"},"content":"                    + \" cannot be empty.\");","lastModifiedDate":"2024-09-07","isFullCredit":false},{"lineNumber":34,"author":{"gitId":"TPH777"},"content":"            return;","lastModifiedDate":"2024-08-31","isFullCredit":false},{"lineNumber":35,"author":{"gitId":"TPH777"},"content":"        }","lastModifiedDate":"2024-08-31","isFullCredit":false},{"lineNumber":36,"author":{"gitId":"TPH777"},"content":"","lastModifiedDate":"2024-08-31","isFullCredit":false},{"lineNumber":37,"author":{"gitId":"TPH777"},"content":"        String details \u003d textParts[1];","lastModifiedDate":"2024-08-31","isFullCredit":false},{"lineNumber":38,"author":{"gitId":"TPH777"},"content":"        Task newTask;","lastModifiedDate":"2024-08-30","isFullCredit":false},{"lineNumber":39,"author":{"gitId":"TPH777"},"content":"        switch (command) {","lastModifiedDate":"2024-08-31","isFullCredit":false},{"lineNumber":40,"author":{"gitId":"TPH777"},"content":"        case \"todo\":","lastModifiedDate":"2024-08-31","isFullCredit":false},{"lineNumber":41,"author":{"gitId":"TPH777"},"content":"            newTask \u003d new Todo(details);","lastModifiedDate":"2024-08-31","isFullCredit":false},{"lineNumber":42,"author":{"gitId":"TPH777"},"content":"            break;","lastModifiedDate":"2024-08-31","isFullCredit":false},{"lineNumber":43,"author":{"gitId":"TPH777"},"content":"        case \"deadline\":","lastModifiedDate":"2024-08-31","isFullCredit":false},{"lineNumber":44,"author":{"gitId":"TPH777"},"content":"            newTask \u003d new Deadline(details);","lastModifiedDate":"2024-08-31","isFullCredit":false},{"lineNumber":45,"author":{"gitId":"TPH777"},"content":"            break;","lastModifiedDate":"2024-08-31","isFullCredit":false},{"lineNumber":46,"author":{"gitId":"TPH777"},"content":"        default:","lastModifiedDate":"2024-08-31","isFullCredit":false},{"lineNumber":47,"author":{"gitId":"TPH777"},"content":"            newTask \u003d new Event(details);","lastModifiedDate":"2024-09-07","isFullCredit":false},{"lineNumber":48,"author":{"gitId":"TPH777"},"content":"        }","lastModifiedDate":"2024-08-30","isFullCredit":false},{"lineNumber":49,"author":{"gitId":"TPH777"},"content":"        tasks[numOfTasks++] \u003d newTask;","lastModifiedDate":"2024-08-31","isFullCredit":false},{"lineNumber":50,"author":{"gitId":"TPH777"},"content":"        printAddTaskMessage(newTask);","lastModifiedDate":"2024-08-31","isFullCredit":false},{"lineNumber":51,"author":{"gitId":"TPH777"},"content":"    }","lastModifiedDate":"2024-08-30","isFullCredit":false},{"lineNumber":52,"author":{"gitId":"TPH777"},"content":"","lastModifiedDate":"2024-08-30","isFullCredit":false},{"lineNumber":53,"author":{"gitId":"TPH777"},"content":"    private static void printAddTaskMessage(Task newTask) {","lastModifiedDate":"2024-08-30","isFullCredit":false},{"lineNumber":54,"author":{"gitId":"TPH777"},"content":"        System.out.println(\"Got it. I\u0027ve added this task:\\n\"","lastModifiedDate":"2024-08-30","isFullCredit":false},{"lineNumber":55,"author":{"gitId":"TPH777"},"content":"                + newTask","lastModifiedDate":"2024-08-30","isFullCredit":false},{"lineNumber":56,"author":{"gitId":"TPH777"},"content":"                + \"\\nNow you have \"","lastModifiedDate":"2024-08-30","isFullCredit":false},{"lineNumber":57,"author":{"gitId":"TPH777"},"content":"                + numOfTasks","lastModifiedDate":"2024-08-30","isFullCredit":false},{"lineNumber":58,"author":{"gitId":"TPH777"},"content":"                + \" tasks in the list\");","lastModifiedDate":"2024-08-30","isFullCredit":false},{"lineNumber":59,"author":{"gitId":"TPH777"},"content":"    }","lastModifiedDate":"2024-08-27","isFullCredit":false},{"lineNumber":60,"author":{"gitId":"TPH777"},"content":"","lastModifiedDate":"2024-08-27","isFullCredit":false},{"lineNumber":61,"author":{"gitId":"TPH777"},"content":"    public static void changeTaskStatus(String text, boolean status) {","lastModifiedDate":"2024-09-07","isFullCredit":false},{"lineNumber":62,"author":{"gitId":"TPH777"},"content":"        try {","lastModifiedDate":"2024-08-27","isFullCredit":false},{"lineNumber":63,"author":{"gitId":"TPH777"},"content":"            Task taskToChange \u003d getTaskToChangeStatus(text);","lastModifiedDate":"2024-09-07","isFullCredit":false},{"lineNumber":64,"author":{"gitId":"TPH777"},"content":"            taskToChange.mark(status);","lastModifiedDate":"2024-09-07","isFullCredit":false},{"lineNumber":65,"author":{"gitId":"TPH777"},"content":"            printChangeTaskStatusMessage(taskToChange, status);","lastModifiedDate":"2024-09-07","isFullCredit":false},{"lineNumber":66,"author":{"gitId":"TPH777"},"content":"        }","lastModifiedDate":"2024-08-31","isFullCredit":false},{"lineNumber":67,"author":{"gitId":"TPH777"},"content":"        catch (IrisExceptions e) {","lastModifiedDate":"2024-09-07","isFullCredit":false},{"lineNumber":68,"author":{"gitId":"TPH777"},"content":"            System.out.println(e.getMessage());","lastModifiedDate":"2024-08-31","isFullCredit":false},{"lineNumber":69,"author":{"gitId":"TPH777"},"content":"        }","lastModifiedDate":"2024-08-31","isFullCredit":false},{"lineNumber":70,"author":{"gitId":"TPH777"},"content":"    }","lastModifiedDate":"2024-08-30","isFullCredit":false},{"lineNumber":71,"author":{"gitId":"TPH777"},"content":"","lastModifiedDate":"2024-08-30","isFullCredit":false},{"lineNumber":72,"author":{"gitId":"TPH777"},"content":"    private static Task getTaskToChangeStatus(String text) throws IrisExceptions {","lastModifiedDate":"2024-09-07","isFullCredit":false},{"lineNumber":73,"author":{"gitId":"TPH777"},"content":"        try {","lastModifiedDate":"2024-08-31","isFullCredit":false},{"lineNumber":74,"author":{"gitId":"TPH777"},"content":"            String[] textParts \u003d text.split(\" \");","lastModifiedDate":"2024-08-31","isFullCredit":false},{"lineNumber":75,"author":{"gitId":"TPH777"},"content":"            if (textParts.length \u003d\u003d 1) {","lastModifiedDate":"2024-08-31","isFullCredit":false},{"lineNumber":76,"author":{"gitId":"TPH777"},"content":"                throw new IrisExceptions(\"NOO!!! Missing task number\");","lastModifiedDate":"2024-09-07","isFullCredit":false},{"lineNumber":77,"author":{"gitId":"TPH777"},"content":"            }","lastModifiedDate":"2024-08-27","isFullCredit":false},{"lineNumber":78,"author":{"gitId":"TPH777"},"content":"","lastModifiedDate":"2024-09-07","isFullCredit":false},{"lineNumber":79,"author":{"gitId":"TPH777"},"content":"            int taskIndex \u003d Integer.parseInt(textParts[1]) - 1;","lastModifiedDate":"2024-08-31","isFullCredit":false},{"lineNumber":80,"author":{"gitId":"TPH777"},"content":"            boolean isInvalidTaskIndex \u003d taskIndex \u003e\u003d numOfTasks || taskIndex \u003c 0;","lastModifiedDate":"2024-08-31","isFullCredit":false},{"lineNumber":81,"author":{"gitId":"TPH777"},"content":"            if (isInvalidTaskIndex) {","lastModifiedDate":"2024-08-31","isFullCredit":false},{"lineNumber":82,"author":{"gitId":"TPH777"},"content":"                    throw new IrisExceptions(\"WHAT!!! This task does not exist\");","lastModifiedDate":"2024-09-07","isFullCredit":false},{"lineNumber":83,"author":{"gitId":"TPH777"},"content":"            }","lastModifiedDate":"2024-08-31","isFullCredit":false},{"lineNumber":84,"author":{"gitId":"TPH777"},"content":"            return tasks[taskIndex];","lastModifiedDate":"2024-08-31","isFullCredit":false},{"lineNumber":85,"author":{"gitId":"TPH777"},"content":"        } catch (NumberFormatException e) { // from parseInt","lastModifiedDate":"2024-09-07","isFullCredit":false},{"lineNumber":86,"author":{"gitId":"TPH777"},"content":"            throw new IrisExceptions(\"HMMM... The index of the task must be an integer\");","lastModifiedDate":"2024-09-07","isFullCredit":false},{"lineNumber":87,"author":{"gitId":"TPH777"},"content":"        }","lastModifiedDate":"2024-08-27","isFullCredit":false},{"lineNumber":88,"author":{"gitId":"TPH777"},"content":"    }","lastModifiedDate":"2024-08-27","isFullCredit":false},{"lineNumber":89,"author":{"gitId":"TPH777"},"content":"","lastModifiedDate":"2024-08-27","isFullCredit":false},{"lineNumber":90,"author":{"gitId":"TPH777"},"content":"    public static void printChangeTaskStatusMessage(Task task, boolean status) {","lastModifiedDate":"2024-09-07","isFullCredit":false},{"lineNumber":91,"author":{"gitId":"TPH777"},"content":"        if (status) {","lastModifiedDate":"2024-09-07","isFullCredit":false},{"lineNumber":92,"author":{"gitId":"TPH777"},"content":"            System.out.println(\"Nice! I\u0027ve marked this task as done:\");","lastModifiedDate":"2024-09-07","isFullCredit":false},{"lineNumber":93,"author":{"gitId":"TPH777"},"content":"        } else {","lastModifiedDate":"2024-09-07","isFullCredit":false},{"lineNumber":94,"author":{"gitId":"TPH777"},"content":"            System.out.println(\"OK, I\u0027ve marked this task as not done yet:\");","lastModifiedDate":"2024-09-07","isFullCredit":false},{"lineNumber":95,"author":{"gitId":"TPH777"},"content":"        }","lastModifiedDate":"2024-09-07","isFullCredit":false},{"lineNumber":96,"author":{"gitId":"TPH777"},"content":"        System.out.println(task);","lastModifiedDate":"2024-09-07","isFullCredit":false},{"lineNumber":97,"author":{"gitId":"TPH777"},"content":"    }","lastModifiedDate":"2024-09-07","isFullCredit":false},{"lineNumber":98,"author":{"gitId":"TPH777"},"content":"","lastModifiedDate":"2024-09-07","isFullCredit":false},{"lineNumber":99,"author":{"gitId":"TPH777"},"content":"    public static boolean chat(String text) {","lastModifiedDate":"2024-08-27","isFullCredit":false},{"lineNumber":100,"author":{"gitId":"TPH777"},"content":"        String command \u003d text.split(\" \")[0].toLowerCase();","lastModifiedDate":"2024-08-31","isFullCredit":false},{"lineNumber":101,"author":{"gitId":"TPH777"},"content":"        printDivider();","lastModifiedDate":"2024-08-27","isFullCredit":false},{"lineNumber":102,"author":{"gitId":"TPH777"},"content":"        switch (command) {","lastModifiedDate":"2024-08-31","isFullCredit":false},{"lineNumber":103,"author":{"gitId":"TPH777"},"content":"        case \"\":","lastModifiedDate":"2024-08-31","isFullCredit":false},{"lineNumber":104,"author":{"gitId":"TPH777"},"content":"            System.out.println(\"Tell me your needs! I\u0027m here to help!\");","lastModifiedDate":"2024-09-07","isFullCredit":false},{"lineNumber":105,"author":{"gitId":"TPH777"},"content":"            break;","lastModifiedDate":"2024-08-31","isFullCredit":false},{"lineNumber":106,"author":{"gitId":"TPH777"},"content":"        case \"bye\":","lastModifiedDate":"2024-08-31","isFullCredit":false},{"lineNumber":107,"author":{"gitId":"TPH777"},"content":"            System.out.println(\"Bye. Hope to see you again soon!\");","lastModifiedDate":"2024-08-27","isFullCredit":false},{"lineNumber":108,"author":{"gitId":"TPH777"},"content":"            return true;","lastModifiedDate":"2024-08-30","isFullCredit":false},{"lineNumber":109,"author":{"gitId":"TPH777"},"content":"        case \"list\":","lastModifiedDate":"2024-08-31","isFullCredit":false},{"lineNumber":110,"author":{"gitId":"TPH777"},"content":"            listTasks();","lastModifiedDate":"2024-08-27","isFullCredit":false},{"lineNumber":111,"author":{"gitId":"TPH777"},"content":"            break;","lastModifiedDate":"2024-08-31","isFullCredit":false},{"lineNumber":112,"author":{"gitId":"TPH777"},"content":"        case \"mark\":","lastModifiedDate":"2024-08-31","isFullCredit":false},{"lineNumber":113,"author":{"gitId":"TPH777"},"content":"            changeTaskStatus(text, true);","lastModifiedDate":"2024-09-07","isFullCredit":false},{"lineNumber":114,"author":{"gitId":"TPH777"},"content":"            break;","lastModifiedDate":"2024-08-31","isFullCredit":false},{"lineNumber":115,"author":{"gitId":"TPH777"},"content":"        case \"unmark\":","lastModifiedDate":"2024-08-31","isFullCredit":false},{"lineNumber":116,"author":{"gitId":"TPH777"},"content":"            changeTaskStatus(text, false);","lastModifiedDate":"2024-09-07","isFullCredit":false},{"lineNumber":117,"author":{"gitId":"TPH777"},"content":"            break;","lastModifiedDate":"2024-08-31","isFullCredit":false},{"lineNumber":118,"author":{"gitId":"TPH777"},"content":"        case \"deadline\", \"todo\", \"event\":","lastModifiedDate":"2024-09-07","isFullCredit":false},{"lineNumber":119,"author":{"gitId":"TPH777"},"content":"            addTask(text);","lastModifiedDate":"2024-08-27","isFullCredit":false},{"lineNumber":120,"author":{"gitId":"TPH777"},"content":"            break;","lastModifiedDate":"2024-09-07","isFullCredit":false},{"lineNumber":121,"author":{"gitId":"TPH777"},"content":"        default:","lastModifiedDate":"2024-09-07","isFullCredit":false},{"lineNumber":122,"author":{"gitId":"TPH777"},"content":"            System.out.println(\"HUH?!? I don\u0027t recognize this command :(\");","lastModifiedDate":"2024-09-07","isFullCredit":false},{"lineNumber":123,"author":{"gitId":"TPH777"},"content":"        }","lastModifiedDate":"2024-08-27","isFullCredit":false},{"lineNumber":124,"author":{"gitId":"TPH777"},"content":"        printDivider();","lastModifiedDate":"2024-08-27","isFullCredit":false},{"lineNumber":125,"author":{"gitId":"TPH777"},"content":"        return false;","lastModifiedDate":"2024-08-30","isFullCredit":false},{"lineNumber":126,"author":{"gitId":"TPH777"},"content":"    }","lastModifiedDate":"2024-08-27","isFullCredit":false},{"lineNumber":127,"author":{"gitId":"TPH777"},"content":"","lastModifiedDate":"2024-08-27","isFullCredit":false},{"lineNumber":128,"author":{"gitId":"TPH777"},"content":"    public static void main(String[] args) {","lastModifiedDate":"2024-08-27","isFullCredit":false},{"lineNumber":129,"author":{"gitId":"TPH777"},"content":"        System.out.println(\"Hello! I\u0027m Iris!\\nWhat can I do for you?\");","lastModifiedDate":"2024-08-30","isFullCredit":false},{"lineNumber":130,"author":{"gitId":"TPH777"},"content":"        printDivider();","lastModifiedDate":"2024-08-27","isFullCredit":false},{"lineNumber":131,"author":{"gitId":"TPH777"},"content":"        boolean isEnded \u003d false;","lastModifiedDate":"2024-08-27","isFullCredit":false},{"lineNumber":132,"author":{"gitId":"TPH777"},"content":"        Scanner in \u003d new Scanner(System.in);","lastModifiedDate":"2024-08-27","isFullCredit":false},{"lineNumber":133,"author":{"gitId":"TPH777"},"content":"        while (!isEnded) {","lastModifiedDate":"2024-08-27","isFullCredit":false},{"lineNumber":134,"author":{"gitId":"TPH777"},"content":"            String line \u003d in.nextLine();","lastModifiedDate":"2024-08-27","isFullCredit":false},{"lineNumber":135,"author":{"gitId":"TPH777"},"content":"            isEnded \u003d chat(line);","lastModifiedDate":"2024-08-27","isFullCredit":false},{"lineNumber":136,"author":{"gitId":"TPH777"},"content":"        }","lastModifiedDate":"2024-08-27","isFullCredit":false},{"lineNumber":137,"author":{"gitId":"TPH777"},"content":"    }","lastModifiedDate":"2024-08-27","isFullCredit":false},{"lineNumber":138,"author":{"gitId":"TPH777"},"content":"}","lastModifiedDate":"2024-08-27","isFullCredit":false}],"authorContributionMap":{"TPH777":138}},{"path":"src/main/java/IrisExceptions.java","fileType":"java","lines":[{"lineNumber":1,"author":{"gitId":"TPH777"},"content":"public class IrisExceptions extends Exception {","lastModifiedDate":"2024-09-07","isFullCredit":false},{"lineNumber":2,"author":{"gitId":"TPH777"},"content":"    public IrisExceptions(String message) {","lastModifiedDate":"2024-09-07","isFullCredit":false},{"lineNumber":3,"author":{"gitId":"TPH777"},"content":"        super(message);","lastModifiedDate":"2024-09-07","isFullCredit":false},{"lineNumber":4,"author":{"gitId":"TPH777"},"content":"    }","lastModifiedDate":"2024-09-07","isFullCredit":false},{"lineNumber":5,"author":{"gitId":"TPH777"},"content":"}","lastModifiedDate":"2024-09-07","isFullCredit":false}],"authorContributionMap":{"TPH777":5}},{"path":"src/main/java/Task.java","fileType":"java","lines":[{"lineNumber":1,"author":{"gitId":"TPH777"},"content":"public class Task {","lastModifiedDate":"2024-08-27","isFullCredit":false},{"lineNumber":2,"author":{"gitId":"TPH777"},"content":"    protected String description;","lastModifiedDate":"2024-08-27","isFullCredit":false},{"lineNumber":3,"author":{"gitId":"TPH777"},"content":"    protected boolean isDone;","lastModifiedDate":"2024-08-27","isFullCredit":false},{"lineNumber":4,"author":{"gitId":"TPH777"},"content":"    protected String date;","lastModifiedDate":"2024-08-30","isFullCredit":false},{"lineNumber":5,"author":{"gitId":"TPH777"},"content":"","lastModifiedDate":"2024-08-30","isFullCredit":false},{"lineNumber":6,"author":{"gitId":"TPH777"},"content":"    private static String formatDate(String date) {","lastModifiedDate":"2024-08-31","isFullCredit":false},{"lineNumber":7,"author":{"gitId":"TPH777"},"content":"\t\tString[] textParts \u003d date.split(\" \", 2);","lastModifiedDate":"2024-08-31","isFullCredit":false},{"lineNumber":8,"author":{"gitId":"TPH777"},"content":"\t\treturn textParts[0] + \": \" + textParts[1];","lastModifiedDate":"2024-08-31","isFullCredit":false},{"lineNumber":9,"author":{"gitId":"TPH777"},"content":"    }","lastModifiedDate":"2024-08-30","isFullCredit":false},{"lineNumber":10,"author":{"gitId":"TPH777"},"content":"","lastModifiedDate":"2024-08-30","isFullCredit":false},{"lineNumber":11,"author":{"gitId":"TPH777"},"content":"    public Task(String details) {","lastModifiedDate":"2024-08-31","isFullCredit":false},{"lineNumber":12,"author":{"gitId":"TPH777"},"content":"        this.isDone \u003d false;","lastModifiedDate":"2024-08-27","isFullCredit":false},{"lineNumber":13,"author":{"gitId":"TPH777"},"content":"\t\tString[] textParts \u003d details.split(\"/\");","lastModifiedDate":"2024-09-07","isFullCredit":false},{"lineNumber":14,"author":{"gitId":"TPH777"},"content":"\t\tthis.description \u003d textParts[0];","lastModifiedDate":"2024-08-31","isFullCredit":false},{"lineNumber":15,"author":{"gitId":"TPH777"},"content":"","lastModifiedDate":"2024-08-30","isFullCredit":false},{"lineNumber":16,"author":{"gitId":"TPH777"},"content":"\t\tint numOfParts \u003d textParts.length;","lastModifiedDate":"2024-08-31","isFullCredit":false},{"lineNumber":17,"author":{"gitId":"TPH777"},"content":"        if (numOfParts \u003d\u003d 1) {","lastModifiedDate":"2024-09-07","isFullCredit":false},{"lineNumber":18,"author":{"gitId":"TPH777"},"content":"            this.date \u003d \"\";","lastModifiedDate":"2024-08-30","isFullCredit":false},{"lineNumber":19,"author":{"gitId":"TPH777"},"content":"            return;","lastModifiedDate":"2024-09-07","isFullCredit":false},{"lineNumber":20,"author":{"gitId":"TPH777"},"content":"        }","lastModifiedDate":"2024-08-30","isFullCredit":false},{"lineNumber":21,"author":{"gitId":"TPH777"},"content":"        String date \u003d \"(\";","lastModifiedDate":"2024-09-07","isFullCredit":false},{"lineNumber":22,"author":{"gitId":"TPH777"},"content":"        for (int i \u003d 1; i \u003c numOfParts; i++) {","lastModifiedDate":"2024-09-07","isFullCredit":false},{"lineNumber":23,"author":{"gitId":"TPH777"},"content":"            date \u003d date.concat(formatDate(textParts[i]));","lastModifiedDate":"2024-09-07","isFullCredit":false},{"lineNumber":24,"author":{"gitId":"TPH777"},"content":"        }","lastModifiedDate":"2024-09-07","isFullCredit":false},{"lineNumber":25,"author":{"gitId":"TPH777"},"content":"        this.date \u003d date.concat(\")\");","lastModifiedDate":"2024-09-07","isFullCredit":false},{"lineNumber":26,"author":{"gitId":"TPH777"},"content":"    }","lastModifiedDate":"2024-08-30","isFullCredit":false},{"lineNumber":27,"author":{"gitId":"TPH777"},"content":"","lastModifiedDate":"2024-08-30","isFullCredit":false},{"lineNumber":28,"author":{"gitId":"TPH777"},"content":"    public String getStatus() {","lastModifiedDate":"2024-08-30","isFullCredit":false},{"lineNumber":29,"author":{"gitId":"TPH777"},"content":"        return (isDone ? \"[X] \" : \"[ ] \");","lastModifiedDate":"2024-08-30","isFullCredit":false},{"lineNumber":30,"author":{"gitId":"TPH777"},"content":"    }","lastModifiedDate":"2024-08-27","isFullCredit":false},{"lineNumber":31,"author":{"gitId":"TPH777"},"content":"","lastModifiedDate":"2024-08-27","isFullCredit":false},{"lineNumber":32,"author":{"gitId":"TPH777"},"content":"    @Override","lastModifiedDate":"2024-08-30","isFullCredit":false},{"lineNumber":33,"author":{"gitId":"TPH777"},"content":"    public String toString() {","lastModifiedDate":"2024-08-30","isFullCredit":false},{"lineNumber":34,"author":{"gitId":"TPH777"},"content":"        return getStatus() + description + date;","lastModifiedDate":"2024-08-30","isFullCredit":false},{"lineNumber":35,"author":{"gitId":"TPH777"},"content":"    }","lastModifiedDate":"2024-08-27","isFullCredit":false},{"lineNumber":36,"author":{"gitId":"TPH777"},"content":"","lastModifiedDate":"2024-08-27","isFullCredit":false},{"lineNumber":37,"author":{"gitId":"TPH777"},"content":"    public void mark(boolean status) {","lastModifiedDate":"2024-09-07","isFullCredit":false},{"lineNumber":38,"author":{"gitId":"TPH777"},"content":"        isDone \u003d status;","lastModifiedDate":"2024-09-07","isFullCredit":false},{"lineNumber":39,"author":{"gitId":"TPH777"},"content":"    }","lastModifiedDate":"2024-08-27","isFullCredit":false},{"lineNumber":40,"author":{"gitId":"TPH777"},"content":"}","lastModifiedDate":"2024-08-27","isFullCredit":false}],"authorContributionMap":{"TPH777":40}},{"path":"src/main/java/Todo.java","fileType":"java","lines":[{"lineNumber":1,"author":{"gitId":"TPH777"},"content":"public class Todo extends Task {","lastModifiedDate":"2024-08-30","isFullCredit":false},{"lineNumber":2,"author":{"gitId":"TPH777"},"content":"    public Todo(String text) {","lastModifiedDate":"2024-08-30","isFullCredit":false},{"lineNumber":3,"author":{"gitId":"TPH777"},"content":"        super(text);","lastModifiedDate":"2024-08-30","isFullCredit":false},{"lineNumber":4,"author":{"gitId":"TPH777"},"content":"    }","lastModifiedDate":"2024-08-30","isFullCredit":false},{"lineNumber":5,"author":{"gitId":"TPH777"},"content":"","lastModifiedDate":"2024-08-30","isFullCredit":false},{"lineNumber":6,"author":{"gitId":"TPH777"},"content":"    @Override","lastModifiedDate":"2024-08-30","isFullCredit":false},{"lineNumber":7,"author":{"gitId":"TPH777"},"content":"    public String toString() {","lastModifiedDate":"2024-08-30","isFullCredit":false},{"lineNumber":8,"author":{"gitId":"TPH777"},"content":"        return \"[T]\" + super.toString();","lastModifiedDate":"2024-08-30","isFullCredit":false},{"lineNumber":9,"author":{"gitId":"TPH777"},"content":"    }","lastModifiedDate":"2024-08-30","isFullCredit":false},{"lineNumber":10,"author":{"gitId":"TPH777"},"content":"}","lastModifiedDate":"2024-08-30","isFullCredit":false}],"authorContributionMap":{"TPH777":10}},{"path":"text-ui-test/input.txt","fileType":"txt","lines":[{"lineNumber":1,"author":{"gitId":"TPH777"},"content":"invalidCommand","lastModifiedDate":"2024-08-31","isFullCredit":false},{"lineNumber":2,"author":{"gitId":"TPH777"},"content":"","lastModifiedDate":"2024-09-07","isFullCredit":false},{"lineNumber":3,"author":{"gitId":"TPH777"},"content":"list","lastModifiedDate":"2024-08-31","isFullCredit":false},{"lineNumber":4,"author":{"gitId":"TPH777"},"content":"deadline","lastModifiedDate":"2024-09-07","isFullCredit":false},{"lineNumber":5,"author":{"gitId":"TPH777"},"content":"deadline assignment","lastModifiedDate":"2024-08-31","isFullCredit":false},{"lineNumber":6,"author":{"gitId":"TPH777"},"content":"event networking /on monday 3pm","lastModifiedDate":"2024-08-31","isFullCredit":false},{"lineNumber":7,"author":{"gitId":"TPH777"},"content":"todo homework /from tuesday 1pm /to thursday 4pm","lastModifiedDate":"2024-08-31","isFullCredit":false},{"lineNumber":8,"author":{"gitId":"TPH777"},"content":"list","lastModifiedDate":"2024-08-31","isFullCredit":false},{"lineNumber":9,"author":{"gitId":"TPH777"},"content":"mark","lastModifiedDate":"2024-09-07","isFullCredit":false},{"lineNumber":10,"author":{"gitId":"TPH777"},"content":"mark string","lastModifiedDate":"2024-09-07","isFullCredit":false},{"lineNumber":11,"author":{"gitId":"TPH777"},"content":"mark 1","lastModifiedDate":"2024-08-31","isFullCredit":false},{"lineNumber":12,"author":{"gitId":"TPH777"},"content":"mark 3","lastModifiedDate":"2024-08-31","isFullCredit":false},{"lineNumber":13,"author":{"gitId":"TPH777"},"content":"list","lastModifiedDate":"2024-08-31","isFullCredit":false},{"lineNumber":14,"author":{"gitId":"TPH777"},"content":"unmark","lastModifiedDate":"2024-09-07","isFullCredit":false},{"lineNumber":15,"author":{"gitId":"TPH777"},"content":"unmark string","lastModifiedDate":"2024-09-07","isFullCredit":false},{"lineNumber":16,"author":{"gitId":"TPH777"},"content":"unmark 1","lastModifiedDate":"2024-08-31","isFullCredit":false},{"lineNumber":17,"author":{"gitId":"TPH777"},"content":"list","lastModifiedDate":"2024-08-31","isFullCredit":false},{"lineNumber":18,"author":{"gitId":"TPH777"},"content":"bye","lastModifiedDate":"2024-08-31","isFullCredit":false}],"authorContributionMap":{"TPH777":18}},{"path":"text-ui-test/runtest.bat","fileType":"bat","lines":[{"lineNumber":1,"author":{"gitId":"-"},"content":"@ECHO OFF","lastModifiedDate":"2020-05-25","isFullCredit":false},{"lineNumber":2,"author":{"gitId":"-"},"content":"","lastModifiedDate":"2020-05-25","isFullCredit":false},{"lineNumber":3,"author":{"gitId":"-"},"content":"REM create bin directory if it doesn\u0027t exist","lastModifiedDate":"2020-05-25","isFullCredit":false},{"lineNumber":4,"author":{"gitId":"-"},"content":"if not exist ..\\bin mkdir ..\\bin","lastModifiedDate":"2020-05-25","isFullCredit":false},{"lineNumber":5,"author":{"gitId":"-"},"content":"","lastModifiedDate":"2020-05-25","isFullCredit":false},{"lineNumber":6,"author":{"gitId":"-"},"content":"REM delete output from previous run","lastModifiedDate":"2020-05-25","isFullCredit":false},{"lineNumber":7,"author":{"gitId":"-"},"content":"if exist ACTUAL.TXT del ACTUAL.TXT","lastModifiedDate":"2020-08-25","isFullCredit":false},{"lineNumber":8,"author":{"gitId":"-"},"content":"","lastModifiedDate":"2020-05-25","isFullCredit":false},{"lineNumber":9,"author":{"gitId":"-"},"content":"REM compile the code into the bin folder","lastModifiedDate":"2020-05-25","isFullCredit":false},{"lineNumber":10,"author":{"gitId":"-"},"content":"javac  -cp ..\\src\\main\\java -Xlint:none -d ..\\bin ..\\src\\main\\java\\*.java","lastModifiedDate":"2020-08-25","isFullCredit":false},{"lineNumber":11,"author":{"gitId":"-"},"content":"IF ERRORLEVEL 1 (","lastModifiedDate":"2020-05-25","isFullCredit":false},{"lineNumber":12,"author":{"gitId":"-"},"content":"    echo ********** BUILD FAILURE **********","lastModifiedDate":"2020-05-25","isFullCredit":false},{"lineNumber":13,"author":{"gitId":"-"},"content":"    exit /b 1","lastModifiedDate":"2020-05-25","isFullCredit":false},{"lineNumber":14,"author":{"gitId":"-"},"content":")","lastModifiedDate":"2020-05-25","isFullCredit":false},{"lineNumber":15,"author":{"gitId":"-"},"content":"REM no error here, errorlevel \u003d\u003d 0","lastModifiedDate":"2020-05-25","isFullCredit":false},{"lineNumber":16,"author":{"gitId":"-"},"content":"","lastModifiedDate":"2020-05-25","isFullCredit":false},{"lineNumber":17,"author":{"gitId":"-"},"content":"REM run the program, feed commands from input.txt file and redirect the output to the ACTUAL.TXT","lastModifiedDate":"2020-05-25","isFullCredit":false},{"lineNumber":18,"author":{"gitId":"TPH777"},"content":"java -classpath ..\\bin Iris \u003c input.txt \u003e ACTUAL.TXT","lastModifiedDate":"2024-08-31","isFullCredit":false},{"lineNumber":19,"author":{"gitId":"-"},"content":"","lastModifiedDate":"2020-05-25","isFullCredit":false},{"lineNumber":20,"author":{"gitId":"-"},"content":"REM compare the output to the expected output","lastModifiedDate":"2020-05-25","isFullCredit":false},{"lineNumber":21,"author":{"gitId":"-"},"content":"FC ACTUAL.TXT EXPECTED.TXT","lastModifiedDate":"2020-05-25","isFullCredit":false}],"authorContributionMap":{"TPH777":1,"-":20}}]
