[{"path":"docs/README.md","fileType":"md","lines":[{"lineNumber":1,"author":{"gitId":"TPH777"},"content":"# Iris User Guide","lastModifiedDate":"2024-08-27","isFullCredit":false},{"lineNumber":2,"author":{"gitId":"-"},"content":"","lastModifiedDate":"2019-07-29","isFullCredit":false},{"lineNumber":3,"author":{"gitId":"-"},"content":"// Update the title above to match the actual product name","lastModifiedDate":"2024-01-07","isFullCredit":false},{"lineNumber":4,"author":{"gitId":"-"},"content":"","lastModifiedDate":"2019-07-29","isFullCredit":false},{"lineNumber":5,"author":{"gitId":"-"},"content":"// Product screenshot goes here","lastModifiedDate":"2024-01-07","isFullCredit":false},{"lineNumber":6,"author":{"gitId":"-"},"content":"","lastModifiedDate":"2021-07-17","isFullCredit":false},{"lineNumber":7,"author":{"gitId":"-"},"content":"// Product intro goes here","lastModifiedDate":"2024-01-07","isFullCredit":false},{"lineNumber":8,"author":{"gitId":"-"},"content":"","lastModifiedDate":"2021-07-17","isFullCredit":false},{"lineNumber":9,"author":{"gitId":"-"},"content":"## Adding deadlines","lastModifiedDate":"2024-01-07","isFullCredit":false},{"lineNumber":10,"author":{"gitId":"-"},"content":"","lastModifiedDate":"2021-07-17","isFullCredit":false},{"lineNumber":11,"author":{"gitId":"-"},"content":"// Describe the action and its outcome.","lastModifiedDate":"2024-01-07","isFullCredit":false},{"lineNumber":12,"author":{"gitId":"-"},"content":"","lastModifiedDate":"2019-07-29","isFullCredit":false},{"lineNumber":13,"author":{"gitId":"-"},"content":"// Give examples of usage","lastModifiedDate":"2024-01-07","isFullCredit":false},{"lineNumber":14,"author":{"gitId":"-"},"content":"","lastModifiedDate":"2019-07-29","isFullCredit":false},{"lineNumber":15,"author":{"gitId":"-"},"content":"Example: `keyword (optional arguments)`","lastModifiedDate":"2024-01-07","isFullCredit":false},{"lineNumber":16,"author":{"gitId":"-"},"content":"","lastModifiedDate":"2019-07-29","isFullCredit":false},{"lineNumber":17,"author":{"gitId":"-"},"content":"// A description of the expected outcome goes here","lastModifiedDate":"2024-01-07","isFullCredit":false},{"lineNumber":18,"author":{"gitId":"-"},"content":"","lastModifiedDate":"2019-07-29","isFullCredit":false},{"lineNumber":19,"author":{"gitId":"-"},"content":"```","lastModifiedDate":"2024-01-07","isFullCredit":false},{"lineNumber":20,"author":{"gitId":"-"},"content":"expected output","lastModifiedDate":"2024-01-07","isFullCredit":false},{"lineNumber":21,"author":{"gitId":"-"},"content":"```","lastModifiedDate":"2024-01-07","isFullCredit":false},{"lineNumber":22,"author":{"gitId":"-"},"content":"","lastModifiedDate":"2019-07-29","isFullCredit":false},{"lineNumber":23,"author":{"gitId":"-"},"content":"## Feature ABC","lastModifiedDate":"2024-01-07","isFullCredit":false},{"lineNumber":24,"author":{"gitId":"-"},"content":"","lastModifiedDate":"2019-07-29","isFullCredit":false},{"lineNumber":25,"author":{"gitId":"-"},"content":"// Feature details","lastModifiedDate":"2024-01-07","isFullCredit":false},{"lineNumber":26,"author":{"gitId":"-"},"content":"","lastModifiedDate":"2019-07-29","isFullCredit":false},{"lineNumber":27,"author":{"gitId":"-"},"content":"","lastModifiedDate":"2021-07-17","isFullCredit":false},{"lineNumber":28,"author":{"gitId":"-"},"content":"## Feature XYZ","lastModifiedDate":"2024-01-07","isFullCredit":false},{"lineNumber":29,"author":{"gitId":"-"},"content":"","lastModifiedDate":"2024-01-07","isFullCredit":false},{"lineNumber":30,"author":{"gitId":"-"},"content":"// Feature details","lastModifiedDate":"2024-01-07","isFullCredit":false}],"authorContributionMap":{"TPH777":1,"-":29}},{"path":"src/main/java/Iris.java","fileType":"java","lines":[{"lineNumber":1,"author":{"gitId":"TPH777"},"content":"import data.Storage;","lastModifiedDate":"2024-09-23","isFullCredit":false},{"lineNumber":2,"author":{"gitId":"TPH777"},"content":"import exceptions.IrisException;","lastModifiedDate":"2024-09-23","isFullCredit":false},{"lineNumber":3,"author":{"gitId":"TPH777"},"content":"import task.TaskList;","lastModifiedDate":"2024-09-23","isFullCredit":false},{"lineNumber":4,"author":{"gitId":"TPH777"},"content":"import ui.Ui;","lastModifiedDate":"2024-09-23","isFullCredit":false},{"lineNumber":5,"author":{"gitId":"TPH777"},"content":"import command.Parser;","lastModifiedDate":"2024-09-23","isFullCredit":false},{"lineNumber":6,"author":{"gitId":"TPH777"},"content":"import command.Command;","lastModifiedDate":"2024-09-23","isFullCredit":false},{"lineNumber":7,"author":{"gitId":"TPH777"},"content":"","lastModifiedDate":"2024-09-15","isFullCredit":false},{"lineNumber":8,"author":{"gitId":"TPH777"},"content":"public class Iris {","lastModifiedDate":"2024-08-27","isFullCredit":false},{"lineNumber":9,"author":{"gitId":"TPH777"},"content":"    private static final String STORAGE_FILE_PATH \u003d \"C:\\\\Users\\\\pingh\\\\OneDrive\\\\Desktop\\\\ip\\\\src\\\\main\\\\java\\\\data\\\\iris.txt\";","lastModifiedDate":"2024-09-23","isFullCredit":false},{"lineNumber":10,"author":{"gitId":"TPH777"},"content":"","lastModifiedDate":"2024-09-22","isFullCredit":false},{"lineNumber":11,"author":{"gitId":"TPH777"},"content":"    private static Storage storage;","lastModifiedDate":"2024-09-23","isFullCredit":false},{"lineNumber":12,"author":{"gitId":"TPH777"},"content":"    private TaskList tasks;","lastModifiedDate":"2024-09-23","isFullCredit":false},{"lineNumber":13,"author":{"gitId":"TPH777"},"content":"    private static Ui ui;","lastModifiedDate":"2024-09-23","isFullCredit":false},{"lineNumber":14,"author":{"gitId":"TPH777"},"content":"","lastModifiedDate":"2024-09-22","isFullCredit":false},{"lineNumber":15,"author":{"gitId":"TPH777"},"content":"    public Iris(String filePath) {","lastModifiedDate":"2024-09-23","isFullCredit":false},{"lineNumber":16,"author":{"gitId":"TPH777"},"content":"        ui \u003d new Ui();","lastModifiedDate":"2024-09-23","isFullCredit":false},{"lineNumber":17,"author":{"gitId":"TPH777"},"content":"        storage \u003d new Storage(filePath);","lastModifiedDate":"2024-09-23","isFullCredit":false},{"lineNumber":18,"author":{"gitId":"TPH777"},"content":"        try {","lastModifiedDate":"2024-09-23","isFullCredit":false},{"lineNumber":19,"author":{"gitId":"TPH777"},"content":"            tasks \u003d new TaskList(storage.load());","lastModifiedDate":"2024-09-23","isFullCredit":false},{"lineNumber":20,"author":{"gitId":"TPH777"},"content":"        } catch (IrisException e) {","lastModifiedDate":"2024-09-23","isFullCredit":false},{"lineNumber":21,"author":{"gitId":"TPH777"},"content":"            Ui.showErrorMessage(e.getMessage());","lastModifiedDate":"2024-09-23","isFullCredit":false},{"lineNumber":22,"author":{"gitId":"TPH777"},"content":"            Ui.showDivider();","lastModifiedDate":"2024-09-23","isFullCredit":false},{"lineNumber":23,"author":{"gitId":"TPH777"},"content":"            tasks \u003d new TaskList();","lastModifiedDate":"2024-09-23","isFullCredit":false},{"lineNumber":24,"author":{"gitId":"TPH777"},"content":"        }","lastModifiedDate":"2024-09-23","isFullCredit":false},{"lineNumber":25,"author":{"gitId":"TPH777"},"content":"    }","lastModifiedDate":"2024-08-27","isFullCredit":false},{"lineNumber":26,"author":{"gitId":"TPH777"},"content":"","lastModifiedDate":"2024-08-27","isFullCredit":false},{"lineNumber":27,"author":{"gitId":"TPH777"},"content":"    public void run() {","lastModifiedDate":"2024-09-23","isFullCredit":false},{"lineNumber":28,"author":{"gitId":"TPH777"},"content":"        Ui.showWelcomeMessage();","lastModifiedDate":"2024-09-23","isFullCredit":false},{"lineNumber":29,"author":{"gitId":"TPH777"},"content":"        boolean isExit \u003d false;","lastModifiedDate":"2024-09-23","isFullCredit":false},{"lineNumber":30,"author":{"gitId":"TPH777"},"content":"        while (!isExit) {","lastModifiedDate":"2024-09-23","isFullCredit":false},{"lineNumber":31,"author":{"gitId":"TPH777"},"content":"            try {","lastModifiedDate":"2024-09-23","isFullCredit":false},{"lineNumber":32,"author":{"gitId":"TPH777"},"content":"                String fullCommand \u003d ui.readCommand();","lastModifiedDate":"2024-09-23","isFullCredit":false},{"lineNumber":33,"author":{"gitId":"TPH777"},"content":"                Ui.showDivider();","lastModifiedDate":"2024-09-23","isFullCredit":false},{"lineNumber":34,"author":{"gitId":"TPH777"},"content":"                Command c \u003d Parser.parse(fullCommand);","lastModifiedDate":"2024-09-23","isFullCredit":false},{"lineNumber":35,"author":{"gitId":"TPH777"},"content":"                c.execute(tasks, storage);","lastModifiedDate":"2024-09-23","isFullCredit":false},{"lineNumber":36,"author":{"gitId":"TPH777"},"content":"                isExit \u003d c.isExit();","lastModifiedDate":"2024-09-23","isFullCredit":false},{"lineNumber":37,"author":{"gitId":"TPH777"},"content":"            } catch (IrisException e) {","lastModifiedDate":"2024-09-23","isFullCredit":false},{"lineNumber":38,"author":{"gitId":"TPH777"},"content":"                Ui.showErrorMessage(e.getMessage());","lastModifiedDate":"2024-09-23","isFullCredit":false},{"lineNumber":39,"author":{"gitId":"TPH777"},"content":"            } finally {","lastModifiedDate":"2024-09-23","isFullCredit":false},{"lineNumber":40,"author":{"gitId":"TPH777"},"content":"                Ui.showDivider();","lastModifiedDate":"2024-09-23","isFullCredit":false},{"lineNumber":41,"author":{"gitId":"TPH777"},"content":"            }","lastModifiedDate":"2024-09-23","isFullCredit":false},{"lineNumber":42,"author":{"gitId":"TPH777"},"content":"        }","lastModifiedDate":"2024-08-27","isFullCredit":false},{"lineNumber":43,"author":{"gitId":"TPH777"},"content":"    }","lastModifiedDate":"2024-08-27","isFullCredit":false},{"lineNumber":44,"author":{"gitId":"TPH777"},"content":"","lastModifiedDate":"2024-08-27","isFullCredit":false},{"lineNumber":45,"author":{"gitId":"TPH777"},"content":"    public static void main(String[] args) {","lastModifiedDate":"2024-08-27","isFullCredit":false},{"lineNumber":46,"author":{"gitId":"TPH777"},"content":"        new Iris(STORAGE_FILE_PATH).run();","lastModifiedDate":"2024-09-23","isFullCredit":false},{"lineNumber":47,"author":{"gitId":"TPH777"},"content":"    }","lastModifiedDate":"2024-08-27","isFullCredit":false},{"lineNumber":48,"author":{"gitId":"TPH777"},"content":"}","lastModifiedDate":"2024-08-27","isFullCredit":false}],"authorContributionMap":{"TPH777":48}},{"path":"src/main/java/command/AddCommand.java","fileType":"java","lines":[{"lineNumber":1,"author":{"gitId":"TPH777"},"content":"package command;","lastModifiedDate":"2024-09-23","isFullCredit":false},{"lineNumber":2,"author":{"gitId":"TPH777"},"content":"","lastModifiedDate":"2024-09-23","isFullCredit":false},{"lineNumber":3,"author":{"gitId":"TPH777"},"content":"import data.Storage;","lastModifiedDate":"2024-09-23","isFullCredit":false},{"lineNumber":4,"author":{"gitId":"TPH777"},"content":"import exceptions.IrisException;","lastModifiedDate":"2024-09-23","isFullCredit":false},{"lineNumber":5,"author":{"gitId":"TPH777"},"content":"import task.Task;","lastModifiedDate":"2024-09-23","isFullCredit":false},{"lineNumber":6,"author":{"gitId":"TPH777"},"content":"import task.type.Deadline;","lastModifiedDate":"2024-09-23","isFullCredit":false},{"lineNumber":7,"author":{"gitId":"TPH777"},"content":"import task.type.Event;","lastModifiedDate":"2024-09-23","isFullCredit":false},{"lineNumber":8,"author":{"gitId":"TPH777"},"content":"import task.TaskList;","lastModifiedDate":"2024-09-23","isFullCredit":false},{"lineNumber":9,"author":{"gitId":"TPH777"},"content":"import task.type.Todo;","lastModifiedDate":"2024-09-23","isFullCredit":false},{"lineNumber":10,"author":{"gitId":"TPH777"},"content":"","lastModifiedDate":"2024-09-23","isFullCredit":false},{"lineNumber":11,"author":{"gitId":"TPH777"},"content":"public class AddCommand extends Command {","lastModifiedDate":"2024-09-23","isFullCredit":false},{"lineNumber":12,"author":{"gitId":"TPH777"},"content":"    private final String command;","lastModifiedDate":"2024-09-23","isFullCredit":false},{"lineNumber":13,"author":{"gitId":"TPH777"},"content":"    private final String description;","lastModifiedDate":"2024-09-23","isFullCredit":false},{"lineNumber":14,"author":{"gitId":"TPH777"},"content":"","lastModifiedDate":"2024-09-23","isFullCredit":false},{"lineNumber":15,"author":{"gitId":"TPH777"},"content":"    public AddCommand(String command, String description) {","lastModifiedDate":"2024-09-23","isFullCredit":false},{"lineNumber":16,"author":{"gitId":"TPH777"},"content":"        this.command \u003d command;","lastModifiedDate":"2024-09-23","isFullCredit":false},{"lineNumber":17,"author":{"gitId":"TPH777"},"content":"        this.description \u003d description;","lastModifiedDate":"2024-09-23","isFullCredit":false},{"lineNumber":18,"author":{"gitId":"TPH777"},"content":"    }","lastModifiedDate":"2024-09-23","isFullCredit":false},{"lineNumber":19,"author":{"gitId":"TPH777"},"content":"","lastModifiedDate":"2024-09-23","isFullCredit":false},{"lineNumber":20,"author":{"gitId":"TPH777"},"content":"    @Override","lastModifiedDate":"2024-09-23","isFullCredit":false},{"lineNumber":21,"author":{"gitId":"TPH777"},"content":"    public void execute(TaskList tasks, Storage storage) throws IrisException {","lastModifiedDate":"2024-09-23","isFullCredit":false},{"lineNumber":22,"author":{"gitId":"TPH777"},"content":"        Task newTask;","lastModifiedDate":"2024-09-23","isFullCredit":false},{"lineNumber":23,"author":{"gitId":"TPH777"},"content":"        switch (command) {","lastModifiedDate":"2024-09-23","isFullCredit":false},{"lineNumber":24,"author":{"gitId":"TPH777"},"content":"        case \"todo\":","lastModifiedDate":"2024-09-23","isFullCredit":false},{"lineNumber":25,"author":{"gitId":"TPH777"},"content":"            newTask \u003d new Todo(description);","lastModifiedDate":"2024-09-23","isFullCredit":false},{"lineNumber":26,"author":{"gitId":"TPH777"},"content":"            break;","lastModifiedDate":"2024-09-23","isFullCredit":false},{"lineNumber":27,"author":{"gitId":"TPH777"},"content":"        case \"deadline\":","lastModifiedDate":"2024-09-23","isFullCredit":false},{"lineNumber":28,"author":{"gitId":"TPH777"},"content":"            newTask \u003d new Deadline(description);","lastModifiedDate":"2024-09-23","isFullCredit":false},{"lineNumber":29,"author":{"gitId":"TPH777"},"content":"            break;","lastModifiedDate":"2024-09-23","isFullCredit":false},{"lineNumber":30,"author":{"gitId":"TPH777"},"content":"        default:","lastModifiedDate":"2024-09-23","isFullCredit":false},{"lineNumber":31,"author":{"gitId":"TPH777"},"content":"            newTask \u003d new Event(description);","lastModifiedDate":"2024-09-23","isFullCredit":false},{"lineNumber":32,"author":{"gitId":"TPH777"},"content":"        }","lastModifiedDate":"2024-09-23","isFullCredit":false},{"lineNumber":33,"author":{"gitId":"TPH777"},"content":"        tasks.add(newTask);","lastModifiedDate":"2024-09-23","isFullCredit":false},{"lineNumber":34,"author":{"gitId":"TPH777"},"content":"        printAddTaskMessage(tasks);","lastModifiedDate":"2024-09-23","isFullCredit":false},{"lineNumber":35,"author":{"gitId":"TPH777"},"content":"    }","lastModifiedDate":"2024-09-23","isFullCredit":false},{"lineNumber":36,"author":{"gitId":"TPH777"},"content":"","lastModifiedDate":"2024-09-23","isFullCredit":false},{"lineNumber":37,"author":{"gitId":"TPH777"},"content":"    private static void printAddTaskMessage(TaskList tasks) {","lastModifiedDate":"2024-09-23","isFullCredit":false},{"lineNumber":38,"author":{"gitId":"TPH777"},"content":"        System.out.println(\"Got it. I\u0027ve added this task:\\n\"","lastModifiedDate":"2024-09-23","isFullCredit":false},{"lineNumber":39,"author":{"gitId":"TPH777"},"content":"                + tasks.get(tasks.size() - 1)","lastModifiedDate":"2024-09-23","isFullCredit":false},{"lineNumber":40,"author":{"gitId":"TPH777"},"content":"                + \"\\nNow you have \"","lastModifiedDate":"2024-09-23","isFullCredit":false},{"lineNumber":41,"author":{"gitId":"TPH777"},"content":"                + tasks.size()","lastModifiedDate":"2024-09-23","isFullCredit":false},{"lineNumber":42,"author":{"gitId":"TPH777"},"content":"                + \" tasks in the list\");","lastModifiedDate":"2024-09-23","isFullCredit":false},{"lineNumber":43,"author":{"gitId":"TPH777"},"content":"    }","lastModifiedDate":"2024-09-23","isFullCredit":false},{"lineNumber":44,"author":{"gitId":"TPH777"},"content":"}","lastModifiedDate":"2024-09-23","isFullCredit":false}],"authorContributionMap":{"TPH777":44}},{"path":"src/main/java/command/ByeCommand.java","fileType":"java","lines":[{"lineNumber":1,"author":{"gitId":"TPH777"},"content":"package command;","lastModifiedDate":"2024-09-23","isFullCredit":false},{"lineNumber":2,"author":{"gitId":"TPH777"},"content":"","lastModifiedDate":"2024-09-23","isFullCredit":false},{"lineNumber":3,"author":{"gitId":"TPH777"},"content":"import data.Storage;","lastModifiedDate":"2024-09-23","isFullCredit":false},{"lineNumber":4,"author":{"gitId":"TPH777"},"content":"import task.TaskList;","lastModifiedDate":"2024-09-23","isFullCredit":false},{"lineNumber":5,"author":{"gitId":"TPH777"},"content":"import ui.Ui;","lastModifiedDate":"2024-09-23","isFullCredit":false},{"lineNumber":6,"author":{"gitId":"TPH777"},"content":"","lastModifiedDate":"2024-09-23","isFullCredit":false},{"lineNumber":7,"author":{"gitId":"TPH777"},"content":"public class ByeCommand extends Command {","lastModifiedDate":"2024-09-23","isFullCredit":false},{"lineNumber":8,"author":{"gitId":"TPH777"},"content":"    @Override","lastModifiedDate":"2024-09-23","isFullCredit":false},{"lineNumber":9,"author":{"gitId":"TPH777"},"content":"    public void execute(TaskList tasks, Storage storage) {","lastModifiedDate":"2024-09-23","isFullCredit":false},{"lineNumber":10,"author":{"gitId":"TPH777"},"content":"        storage.save(tasks);","lastModifiedDate":"2024-09-23","isFullCredit":false},{"lineNumber":11,"author":{"gitId":"TPH777"},"content":"        Ui.showEndChatMessage();","lastModifiedDate":"2024-09-23","isFullCredit":false},{"lineNumber":12,"author":{"gitId":"TPH777"},"content":"    }","lastModifiedDate":"2024-09-23","isFullCredit":false},{"lineNumber":13,"author":{"gitId":"TPH777"},"content":"}","lastModifiedDate":"2024-09-23","isFullCredit":false}],"authorContributionMap":{"TPH777":13}},{"path":"src/main/java/command/Command.java","fileType":"java","lines":[{"lineNumber":1,"author":{"gitId":"TPH777"},"content":"package command;","lastModifiedDate":"2024-09-23","isFullCredit":false},{"lineNumber":2,"author":{"gitId":"TPH777"},"content":"","lastModifiedDate":"2024-09-23","isFullCredit":false},{"lineNumber":3,"author":{"gitId":"TPH777"},"content":"import data.Storage;","lastModifiedDate":"2024-09-23","isFullCredit":false},{"lineNumber":4,"author":{"gitId":"TPH777"},"content":"import exceptions.IrisException;","lastModifiedDate":"2024-09-23","isFullCredit":false},{"lineNumber":5,"author":{"gitId":"TPH777"},"content":"import task.TaskList;","lastModifiedDate":"2024-09-23","isFullCredit":false},{"lineNumber":6,"author":{"gitId":"TPH777"},"content":"","lastModifiedDate":"2024-09-23","isFullCredit":false},{"lineNumber":7,"author":{"gitId":"TPH777"},"content":"public abstract class Command {","lastModifiedDate":"2024-09-23","isFullCredit":false},{"lineNumber":8,"author":{"gitId":"TPH777"},"content":"    public boolean isExit() {","lastModifiedDate":"2024-09-23","isFullCredit":false},{"lineNumber":9,"author":{"gitId":"TPH777"},"content":"        return this instanceof ByeCommand;","lastModifiedDate":"2024-09-23","isFullCredit":false},{"lineNumber":10,"author":{"gitId":"TPH777"},"content":"    }","lastModifiedDate":"2024-09-23","isFullCredit":false},{"lineNumber":11,"author":{"gitId":"TPH777"},"content":"    public abstract void execute(TaskList tasks, Storage storage) throws IrisException;","lastModifiedDate":"2024-09-23","isFullCredit":false},{"lineNumber":12,"author":{"gitId":"TPH777"},"content":"}","lastModifiedDate":"2024-09-23","isFullCredit":false}],"authorContributionMap":{"TPH777":12}},{"path":"src/main/java/command/DeleteCommand.java","fileType":"java","lines":[{"lineNumber":1,"author":{"gitId":"TPH777"},"content":"package command;","lastModifiedDate":"2024-09-23","isFullCredit":false},{"lineNumber":2,"author":{"gitId":"TPH777"},"content":"","lastModifiedDate":"2024-09-23","isFullCredit":false},{"lineNumber":3,"author":{"gitId":"TPH777"},"content":"import data.Storage;","lastModifiedDate":"2024-09-23","isFullCredit":false},{"lineNumber":4,"author":{"gitId":"TPH777"},"content":"import exceptions.IrisException;","lastModifiedDate":"2024-09-23","isFullCredit":false},{"lineNumber":5,"author":{"gitId":"TPH777"},"content":"import task.Task;","lastModifiedDate":"2024-09-23","isFullCredit":false},{"lineNumber":6,"author":{"gitId":"TPH777"},"content":"import task.TaskList;","lastModifiedDate":"2024-09-23","isFullCredit":false},{"lineNumber":7,"author":{"gitId":"TPH777"},"content":"","lastModifiedDate":"2024-09-23","isFullCredit":false},{"lineNumber":8,"author":{"gitId":"TPH777"},"content":"public class DeleteCommand extends Command {","lastModifiedDate":"2024-09-23","isFullCredit":false},{"lineNumber":9,"author":{"gitId":"TPH777"},"content":"    private final String description;","lastModifiedDate":"2024-09-23","isFullCredit":false},{"lineNumber":10,"author":{"gitId":"TPH777"},"content":"","lastModifiedDate":"2024-09-23","isFullCredit":false},{"lineNumber":11,"author":{"gitId":"TPH777"},"content":"    public DeleteCommand(String description) {","lastModifiedDate":"2024-09-23","isFullCredit":false},{"lineNumber":12,"author":{"gitId":"TPH777"},"content":"        this.description \u003d description;","lastModifiedDate":"2024-09-23","isFullCredit":false},{"lineNumber":13,"author":{"gitId":"TPH777"},"content":"    }","lastModifiedDate":"2024-09-23","isFullCredit":false},{"lineNumber":14,"author":{"gitId":"TPH777"},"content":"","lastModifiedDate":"2024-09-23","isFullCredit":false},{"lineNumber":15,"author":{"gitId":"TPH777"},"content":"    @Override","lastModifiedDate":"2024-09-23","isFullCredit":false},{"lineNumber":16,"author":{"gitId":"TPH777"},"content":"    public void execute(TaskList tasks, Storage storage) throws IrisException {","lastModifiedDate":"2024-09-23","isFullCredit":false},{"lineNumber":17,"author":{"gitId":"TPH777"},"content":"        Task taskToDelete \u003d Parser.getTaskNum(tasks, description);","lastModifiedDate":"2024-09-23","isFullCredit":false},{"lineNumber":18,"author":{"gitId":"TPH777"},"content":"        tasks.remove(taskToDelete);","lastModifiedDate":"2024-09-23","isFullCredit":false},{"lineNumber":19,"author":{"gitId":"TPH777"},"content":"        printDeleteTaskMessage(taskToDelete, tasks.size());","lastModifiedDate":"2024-09-23","isFullCredit":false},{"lineNumber":20,"author":{"gitId":"TPH777"},"content":"    }","lastModifiedDate":"2024-09-23","isFullCredit":false},{"lineNumber":21,"author":{"gitId":"TPH777"},"content":"","lastModifiedDate":"2024-09-23","isFullCredit":false},{"lineNumber":22,"author":{"gitId":"TPH777"},"content":"    private static void printDeleteTaskMessage(Task taskToDelete, int size) {","lastModifiedDate":"2024-09-23","isFullCredit":false},{"lineNumber":23,"author":{"gitId":"TPH777"},"content":"        System.out.println(\"Noted. I\u0027ve removed this task:\\n\"","lastModifiedDate":"2024-09-23","isFullCredit":false},{"lineNumber":24,"author":{"gitId":"TPH777"},"content":"                + taskToDelete","lastModifiedDate":"2024-09-23","isFullCredit":false},{"lineNumber":25,"author":{"gitId":"TPH777"},"content":"                + \"\\nNow you have \"","lastModifiedDate":"2024-09-23","isFullCredit":false},{"lineNumber":26,"author":{"gitId":"TPH777"},"content":"                + size","lastModifiedDate":"2024-09-23","isFullCredit":false},{"lineNumber":27,"author":{"gitId":"TPH777"},"content":"                + \" tasks in the list\");","lastModifiedDate":"2024-09-23","isFullCredit":false},{"lineNumber":28,"author":{"gitId":"TPH777"},"content":"    }","lastModifiedDate":"2024-09-23","isFullCredit":false},{"lineNumber":29,"author":{"gitId":"TPH777"},"content":"}","lastModifiedDate":"2024-09-23","isFullCredit":false}],"authorContributionMap":{"TPH777":29}},{"path":"src/main/java/command/ListCommand.java","fileType":"java","lines":[{"lineNumber":1,"author":{"gitId":"TPH777"},"content":"package command;","lastModifiedDate":"2024-09-23","isFullCredit":false},{"lineNumber":2,"author":{"gitId":"TPH777"},"content":"","lastModifiedDate":"2024-09-23","isFullCredit":false},{"lineNumber":3,"author":{"gitId":"TPH777"},"content":"import data.Storage;","lastModifiedDate":"2024-09-23","isFullCredit":false},{"lineNumber":4,"author":{"gitId":"TPH777"},"content":"import task.Task;","lastModifiedDate":"2024-09-23","isFullCredit":false},{"lineNumber":5,"author":{"gitId":"TPH777"},"content":"import task.TaskList;","lastModifiedDate":"2024-09-23","isFullCredit":false},{"lineNumber":6,"author":{"gitId":"TPH777"},"content":"","lastModifiedDate":"2024-09-23","isFullCredit":false},{"lineNumber":7,"author":{"gitId":"TPH777"},"content":"public class ListCommand extends Command {","lastModifiedDate":"2024-09-23","isFullCredit":false},{"lineNumber":8,"author":{"gitId":"TPH777"},"content":"    private static final String EMPTY_LIST_MESSAGE \u003d \"No tasks added, add more now!\";","lastModifiedDate":"2024-09-23","isFullCredit":false},{"lineNumber":9,"author":{"gitId":"TPH777"},"content":"    private static final String NONEMPTY_LIST_MESSAGE \u003d \"Here are the tasks in your list:\";","lastModifiedDate":"2024-09-23","isFullCredit":false},{"lineNumber":10,"author":{"gitId":"TPH777"},"content":"","lastModifiedDate":"2024-09-23","isFullCredit":false},{"lineNumber":11,"author":{"gitId":"TPH777"},"content":"    @Override","lastModifiedDate":"2024-09-23","isFullCredit":false},{"lineNumber":12,"author":{"gitId":"TPH777"},"content":"    public void execute(TaskList tasks, Storage storage) {","lastModifiedDate":"2024-09-23","isFullCredit":false},{"lineNumber":13,"author":{"gitId":"TPH777"},"content":"        if (tasks.isEmpty()) {","lastModifiedDate":"2024-09-23","isFullCredit":false},{"lineNumber":14,"author":{"gitId":"TPH777"},"content":"            System.out.println(EMPTY_LIST_MESSAGE);","lastModifiedDate":"2024-09-23","isFullCredit":false},{"lineNumber":15,"author":{"gitId":"TPH777"},"content":"            return;","lastModifiedDate":"2024-09-23","isFullCredit":false},{"lineNumber":16,"author":{"gitId":"TPH777"},"content":"        }","lastModifiedDate":"2024-09-23","isFullCredit":false},{"lineNumber":17,"author":{"gitId":"TPH777"},"content":"        System.out.println(NONEMPTY_LIST_MESSAGE);","lastModifiedDate":"2024-09-23","isFullCredit":false},{"lineNumber":18,"author":{"gitId":"TPH777"},"content":"        for (int i \u003d 0; i \u003c tasks.size(); i++) {","lastModifiedDate":"2024-09-23","isFullCredit":false},{"lineNumber":19,"author":{"gitId":"TPH777"},"content":"            Task currentTask \u003d tasks.get(i);","lastModifiedDate":"2024-09-23","isFullCredit":false},{"lineNumber":20,"author":{"gitId":"TPH777"},"content":"            System.out.println((i + 1)","lastModifiedDate":"2024-09-23","isFullCredit":false},{"lineNumber":21,"author":{"gitId":"TPH777"},"content":"                    + \".\"","lastModifiedDate":"2024-09-23","isFullCredit":false},{"lineNumber":22,"author":{"gitId":"TPH777"},"content":"                    + currentTask);","lastModifiedDate":"2024-09-23","isFullCredit":false},{"lineNumber":23,"author":{"gitId":"TPH777"},"content":"        }","lastModifiedDate":"2024-09-23","isFullCredit":false},{"lineNumber":24,"author":{"gitId":"TPH777"},"content":"    }","lastModifiedDate":"2024-09-23","isFullCredit":false},{"lineNumber":25,"author":{"gitId":"TPH777"},"content":"}","lastModifiedDate":"2024-09-23","isFullCredit":false}],"authorContributionMap":{"TPH777":25}},{"path":"src/main/java/command/MarkCommand.java","fileType":"java","lines":[{"lineNumber":1,"author":{"gitId":"TPH777"},"content":"package command;","lastModifiedDate":"2024-09-23","isFullCredit":false},{"lineNumber":2,"author":{"gitId":"TPH777"},"content":"","lastModifiedDate":"2024-09-23","isFullCredit":false},{"lineNumber":3,"author":{"gitId":"TPH777"},"content":"import data.Storage;","lastModifiedDate":"2024-09-23","isFullCredit":false},{"lineNumber":4,"author":{"gitId":"TPH777"},"content":"import exceptions.IrisException;","lastModifiedDate":"2024-09-23","isFullCredit":false},{"lineNumber":5,"author":{"gitId":"TPH777"},"content":"import task.Task;","lastModifiedDate":"2024-09-23","isFullCredit":false},{"lineNumber":6,"author":{"gitId":"TPH777"},"content":"import task.TaskList;","lastModifiedDate":"2024-09-23","isFullCredit":false},{"lineNumber":7,"author":{"gitId":"TPH777"},"content":"","lastModifiedDate":"2024-09-23","isFullCredit":false},{"lineNumber":8,"author":{"gitId":"TPH777"},"content":"public class MarkCommand extends Command {","lastModifiedDate":"2024-09-23","isFullCredit":false},{"lineNumber":9,"author":{"gitId":"TPH777"},"content":"    private static final String MARK_AS_COMPLETED_MESSAGE \u003d \"Nice! I\u0027ve marked this task as done:\";","lastModifiedDate":"2024-09-23","isFullCredit":false},{"lineNumber":10,"author":{"gitId":"TPH777"},"content":"    private static final String UNMARK_FROM_COMPLETED_MESSAGE \u003d \"OK, I\u0027ve marked this task as not done yet:\";","lastModifiedDate":"2024-09-23","isFullCredit":false},{"lineNumber":11,"author":{"gitId":"TPH777"},"content":"","lastModifiedDate":"2024-09-23","isFullCredit":false},{"lineNumber":12,"author":{"gitId":"TPH777"},"content":"    private final boolean isMark;","lastModifiedDate":"2024-09-23","isFullCredit":false},{"lineNumber":13,"author":{"gitId":"TPH777"},"content":"    private final String description;","lastModifiedDate":"2024-09-23","isFullCredit":false},{"lineNumber":14,"author":{"gitId":"TPH777"},"content":"","lastModifiedDate":"2024-09-23","isFullCredit":false},{"lineNumber":15,"author":{"gitId":"TPH777"},"content":"    public MarkCommand(String command, String description) {","lastModifiedDate":"2024-09-23","isFullCredit":false},{"lineNumber":16,"author":{"gitId":"TPH777"},"content":"        this.isMark \u003d command.equals(\"mark\");","lastModifiedDate":"2024-09-23","isFullCredit":false},{"lineNumber":17,"author":{"gitId":"TPH777"},"content":"        this.description \u003d description;","lastModifiedDate":"2024-09-23","isFullCredit":false},{"lineNumber":18,"author":{"gitId":"TPH777"},"content":"    }","lastModifiedDate":"2024-09-23","isFullCredit":false},{"lineNumber":19,"author":{"gitId":"TPH777"},"content":"","lastModifiedDate":"2024-09-23","isFullCredit":false},{"lineNumber":20,"author":{"gitId":"TPH777"},"content":"    @Override","lastModifiedDate":"2024-09-23","isFullCredit":false},{"lineNumber":21,"author":{"gitId":"TPH777"},"content":"    public void execute(TaskList tasks, Storage storage) throws IrisException {","lastModifiedDate":"2024-09-23","isFullCredit":false},{"lineNumber":22,"author":{"gitId":"TPH777"},"content":"        Task taskToChange \u003d Parser.getTaskNum(tasks, description);","lastModifiedDate":"2024-09-23","isFullCredit":false},{"lineNumber":23,"author":{"gitId":"TPH777"},"content":"        taskToChange.mark(isMark);","lastModifiedDate":"2024-09-23","isFullCredit":false},{"lineNumber":24,"author":{"gitId":"TPH777"},"content":"        printChangeTaskStatusMessage(taskToChange, isMark);","lastModifiedDate":"2024-09-23","isFullCredit":false},{"lineNumber":25,"author":{"gitId":"TPH777"},"content":"    }","lastModifiedDate":"2024-09-23","isFullCredit":false},{"lineNumber":26,"author":{"gitId":"TPH777"},"content":"","lastModifiedDate":"2024-09-23","isFullCredit":false},{"lineNumber":27,"author":{"gitId":"TPH777"},"content":"    private static void printChangeTaskStatusMessage(Task task, boolean isMark) {","lastModifiedDate":"2024-09-23","isFullCredit":false},{"lineNumber":28,"author":{"gitId":"TPH777"},"content":"        if (isMark) {","lastModifiedDate":"2024-09-23","isFullCredit":false},{"lineNumber":29,"author":{"gitId":"TPH777"},"content":"            System.out.println(MARK_AS_COMPLETED_MESSAGE);","lastModifiedDate":"2024-09-23","isFullCredit":false},{"lineNumber":30,"author":{"gitId":"TPH777"},"content":"        } else {","lastModifiedDate":"2024-09-23","isFullCredit":false},{"lineNumber":31,"author":{"gitId":"TPH777"},"content":"            System.out.println(UNMARK_FROM_COMPLETED_MESSAGE);","lastModifiedDate":"2024-09-23","isFullCredit":false},{"lineNumber":32,"author":{"gitId":"TPH777"},"content":"        }","lastModifiedDate":"2024-09-23","isFullCredit":false},{"lineNumber":33,"author":{"gitId":"TPH777"},"content":"        System.out.println(task);","lastModifiedDate":"2024-09-23","isFullCredit":false},{"lineNumber":34,"author":{"gitId":"TPH777"},"content":"    }","lastModifiedDate":"2024-09-23","isFullCredit":false},{"lineNumber":35,"author":{"gitId":"TPH777"},"content":"}","lastModifiedDate":"2024-09-23","isFullCredit":false}],"authorContributionMap":{"TPH777":35}},{"path":"src/main/java/command/Parser.java","fileType":"java","lines":[{"lineNumber":1,"author":{"gitId":"TPH777"},"content":"package command;","lastModifiedDate":"2024-09-23","isFullCredit":false},{"lineNumber":2,"author":{"gitId":"TPH777"},"content":"","lastModifiedDate":"2024-09-23","isFullCredit":false},{"lineNumber":3,"author":{"gitId":"TPH777"},"content":"import exceptions.IrisException;","lastModifiedDate":"2024-09-23","isFullCredit":false},{"lineNumber":4,"author":{"gitId":"TPH777"},"content":"import task.Task;","lastModifiedDate":"2024-09-23","isFullCredit":false},{"lineNumber":5,"author":{"gitId":"TPH777"},"content":"import task.TaskList;","lastModifiedDate":"2024-09-23","isFullCredit":false},{"lineNumber":6,"author":{"gitId":"TPH777"},"content":"","lastModifiedDate":"2024-09-23","isFullCredit":false},{"lineNumber":7,"author":{"gitId":"TPH777"},"content":"public class Parser {","lastModifiedDate":"2024-09-23","isFullCredit":false},{"lineNumber":8,"author":{"gitId":"TPH777"},"content":"","lastModifiedDate":"2024-09-23","isFullCredit":false},{"lineNumber":9,"author":{"gitId":"TPH777"},"content":"    private static final String EMPTY_COMMAND_MESSAGE \u003d \"No command given\";","lastModifiedDate":"2024-09-23","isFullCredit":false},{"lineNumber":10,"author":{"gitId":"TPH777"},"content":"    private static final String INVALID_COMMAND_MESSAGE \u003d \"Unrecognised or incomplete command\";","lastModifiedDate":"2024-09-23","isFullCredit":false},{"lineNumber":11,"author":{"gitId":"TPH777"},"content":"    private static final String INVALID_TASK_NUMBER_MESSAGE \u003d \"This task does not exist\";","lastModifiedDate":"2024-09-23","isFullCredit":false},{"lineNumber":12,"author":{"gitId":"TPH777"},"content":"    private static final String INVALID_TASK_NUMBER_FORMAT_MESSAGE \u003d \"The index of the task must be an integer\";","lastModifiedDate":"2024-09-23","isFullCredit":false},{"lineNumber":13,"author":{"gitId":"TPH777"},"content":"","lastModifiedDate":"2024-09-23","isFullCredit":false},{"lineNumber":14,"author":{"gitId":"TPH777"},"content":"    public static Command parse(String fullCommand) throws IrisException {","lastModifiedDate":"2024-09-23","isFullCredit":false},{"lineNumber":15,"author":{"gitId":"TPH777"},"content":"        String[] commandParts \u003d fullCommand.split(\" \", 2);","lastModifiedDate":"2024-09-23","isFullCredit":false},{"lineNumber":16,"author":{"gitId":"TPH777"},"content":"        String command \u003d commandParts[0].toLowerCase();","lastModifiedDate":"2024-09-23","isFullCredit":false},{"lineNumber":17,"author":{"gitId":"TPH777"},"content":"        String description;","lastModifiedDate":"2024-09-23","isFullCredit":false},{"lineNumber":18,"author":{"gitId":"TPH777"},"content":"","lastModifiedDate":"2024-09-23","isFullCredit":false},{"lineNumber":19,"author":{"gitId":"TPH777"},"content":"        switch (command) {","lastModifiedDate":"2024-09-23","isFullCredit":false},{"lineNumber":20,"author":{"gitId":"TPH777"},"content":"        case \"\":","lastModifiedDate":"2024-09-23","isFullCredit":false},{"lineNumber":21,"author":{"gitId":"TPH777"},"content":"            throw new IrisException(EMPTY_COMMAND_MESSAGE);","lastModifiedDate":"2024-09-23","isFullCredit":false},{"lineNumber":22,"author":{"gitId":"TPH777"},"content":"        case \"bye\":","lastModifiedDate":"2024-09-23","isFullCredit":false},{"lineNumber":23,"author":{"gitId":"TPH777"},"content":"            return new ByeCommand();","lastModifiedDate":"2024-09-23","isFullCredit":false},{"lineNumber":24,"author":{"gitId":"TPH777"},"content":"        case \"list\":","lastModifiedDate":"2024-09-23","isFullCredit":false},{"lineNumber":25,"author":{"gitId":"TPH777"},"content":"            return new ListCommand();","lastModifiedDate":"2024-09-23","isFullCredit":false},{"lineNumber":26,"author":{"gitId":"TPH777"},"content":"        default:","lastModifiedDate":"2024-09-23","isFullCredit":false},{"lineNumber":27,"author":{"gitId":"TPH777"},"content":"            if (commandParts.length \u003d\u003d 1) { // No descriptions when other commands need it","lastModifiedDate":"2024-09-23","isFullCredit":false},{"lineNumber":28,"author":{"gitId":"TPH777"},"content":"                throw new IrisException(INVALID_COMMAND_MESSAGE);","lastModifiedDate":"2024-09-23","isFullCredit":false},{"lineNumber":29,"author":{"gitId":"TPH777"},"content":"            }","lastModifiedDate":"2024-09-23","isFullCredit":false},{"lineNumber":30,"author":{"gitId":"TPH777"},"content":"            description \u003d commandParts[1];","lastModifiedDate":"2024-09-23","isFullCredit":false},{"lineNumber":31,"author":{"gitId":"TPH777"},"content":"        }","lastModifiedDate":"2024-09-23","isFullCredit":false},{"lineNumber":32,"author":{"gitId":"TPH777"},"content":"","lastModifiedDate":"2024-09-23","isFullCredit":false},{"lineNumber":33,"author":{"gitId":"TPH777"},"content":"        switch (command) {","lastModifiedDate":"2024-09-23","isFullCredit":false},{"lineNumber":34,"author":{"gitId":"TPH777"},"content":"        case \"delete\":","lastModifiedDate":"2024-09-23","isFullCredit":false},{"lineNumber":35,"author":{"gitId":"TPH777"},"content":"            return new DeleteCommand(description);","lastModifiedDate":"2024-09-23","isFullCredit":false},{"lineNumber":36,"author":{"gitId":"TPH777"},"content":"        case \"mark\", \"unmark\":","lastModifiedDate":"2024-09-23","isFullCredit":false},{"lineNumber":37,"author":{"gitId":"TPH777"},"content":"            return new MarkCommand(command, description);","lastModifiedDate":"2024-09-23","isFullCredit":false},{"lineNumber":38,"author":{"gitId":"TPH777"},"content":"        case \"deadline\", \"todo\", \"event\":","lastModifiedDate":"2024-09-23","isFullCredit":false},{"lineNumber":39,"author":{"gitId":"TPH777"},"content":"            return new AddCommand(command, description);","lastModifiedDate":"2024-09-23","isFullCredit":false},{"lineNumber":40,"author":{"gitId":"TPH777"},"content":"        default: // Unrecognised command","lastModifiedDate":"2024-09-23","isFullCredit":false},{"lineNumber":41,"author":{"gitId":"TPH777"},"content":"            throw new IrisException(INVALID_COMMAND_MESSAGE);","lastModifiedDate":"2024-09-23","isFullCredit":false},{"lineNumber":42,"author":{"gitId":"TPH777"},"content":"        }","lastModifiedDate":"2024-09-23","isFullCredit":false},{"lineNumber":43,"author":{"gitId":"TPH777"},"content":"    }","lastModifiedDate":"2024-09-23","isFullCredit":false},{"lineNumber":44,"author":{"gitId":"TPH777"},"content":"","lastModifiedDate":"2024-09-23","isFullCredit":false},{"lineNumber":45,"author":{"gitId":"TPH777"},"content":"    public static Task getTaskNum(TaskList tasks, String description) throws IrisException {","lastModifiedDate":"2024-09-23","isFullCredit":false},{"lineNumber":46,"author":{"gitId":"TPH777"},"content":"        try {","lastModifiedDate":"2024-09-23","isFullCredit":false},{"lineNumber":47,"author":{"gitId":"TPH777"},"content":"            String filteredDescription \u003d description.trim();","lastModifiedDate":"2024-09-23","isFullCredit":false},{"lineNumber":48,"author":{"gitId":"TPH777"},"content":"            int taskIndex \u003d Integer.parseInt(filteredDescription) - 1;","lastModifiedDate":"2024-09-23","isFullCredit":false},{"lineNumber":49,"author":{"gitId":"TPH777"},"content":"            boolean isInvalidTaskIndex \u003d taskIndex \u003e\u003d tasks.size() || taskIndex \u003c 0;","lastModifiedDate":"2024-09-23","isFullCredit":false},{"lineNumber":50,"author":{"gitId":"TPH777"},"content":"            if (isInvalidTaskIndex) {","lastModifiedDate":"2024-09-23","isFullCredit":false},{"lineNumber":51,"author":{"gitId":"TPH777"},"content":"                throw new IrisException(INVALID_TASK_NUMBER_MESSAGE);","lastModifiedDate":"2024-09-23","isFullCredit":false},{"lineNumber":52,"author":{"gitId":"TPH777"},"content":"            }","lastModifiedDate":"2024-09-23","isFullCredit":false},{"lineNumber":53,"author":{"gitId":"TPH777"},"content":"            return tasks.get(taskIndex);","lastModifiedDate":"2024-09-23","isFullCredit":false},{"lineNumber":54,"author":{"gitId":"TPH777"},"content":"        } catch (NumberFormatException e) { // from parseInt","lastModifiedDate":"2024-09-23","isFullCredit":false},{"lineNumber":55,"author":{"gitId":"TPH777"},"content":"            throw new IrisException(INVALID_TASK_NUMBER_FORMAT_MESSAGE);","lastModifiedDate":"2024-09-23","isFullCredit":false},{"lineNumber":56,"author":{"gitId":"TPH777"},"content":"        }","lastModifiedDate":"2024-09-23","isFullCredit":false},{"lineNumber":57,"author":{"gitId":"TPH777"},"content":"    }","lastModifiedDate":"2024-09-23","isFullCredit":false},{"lineNumber":58,"author":{"gitId":"TPH777"},"content":"}","lastModifiedDate":"2024-09-23","isFullCredit":false}],"authorContributionMap":{"TPH777":58}},{"path":"src/main/java/data/Storage.java","fileType":"java","lines":[{"lineNumber":1,"author":{"gitId":"TPH777"},"content":"package data;","lastModifiedDate":"2024-09-23","isFullCredit":false},{"lineNumber":2,"author":{"gitId":"TPH777"},"content":"","lastModifiedDate":"2024-09-23","isFullCredit":false},{"lineNumber":3,"author":{"gitId":"TPH777"},"content":"import exceptions.IrisException;","lastModifiedDate":"2024-09-23","isFullCredit":false},{"lineNumber":4,"author":{"gitId":"TPH777"},"content":"import task.TaskList;","lastModifiedDate":"2024-09-23","isFullCredit":false},{"lineNumber":5,"author":{"gitId":"TPH777"},"content":"import ui.Ui;","lastModifiedDate":"2024-09-23","isFullCredit":false},{"lineNumber":6,"author":{"gitId":"TPH777"},"content":"","lastModifiedDate":"2024-09-23","isFullCredit":false},{"lineNumber":7,"author":{"gitId":"TPH777"},"content":"import java.io.FileInputStream;","lastModifiedDate":"2024-09-23","isFullCredit":false},{"lineNumber":8,"author":{"gitId":"TPH777"},"content":"import java.io.FileOutputStream;","lastModifiedDate":"2024-09-23","isFullCredit":false},{"lineNumber":9,"author":{"gitId":"TPH777"},"content":"import java.io.IOException;","lastModifiedDate":"2024-09-23","isFullCredit":false},{"lineNumber":10,"author":{"gitId":"TPH777"},"content":"import java.io.ObjectInputStream;","lastModifiedDate":"2024-09-23","isFullCredit":false},{"lineNumber":11,"author":{"gitId":"TPH777"},"content":"import java.io.ObjectOutputStream;","lastModifiedDate":"2024-09-23","isFullCredit":false},{"lineNumber":12,"author":{"gitId":"TPH777"},"content":"","lastModifiedDate":"2024-09-23","isFullCredit":false},{"lineNumber":13,"author":{"gitId":"TPH777"},"content":"public class Storage {","lastModifiedDate":"2024-09-23","isFullCredit":false},{"lineNumber":14,"author":{"gitId":"TPH777"},"content":"    private static final String LOAD_SUCCESS_MESSAGE \u003d \"Loaded task list successfully!\";","lastModifiedDate":"2024-09-23","isFullCredit":false},{"lineNumber":15,"author":{"gitId":"TPH777"},"content":"    private static final String LOAD_ERROR_MESSAGE \u003d \"Failed to load task list, initialising with an empty list.\";","lastModifiedDate":"2024-09-23","isFullCredit":false},{"lineNumber":16,"author":{"gitId":"TPH777"},"content":"    private static final String SAVE_SUCCESS_MESSAGE \u003d \"Saved task list successfully!\";","lastModifiedDate":"2024-09-23","isFullCredit":false},{"lineNumber":17,"author":{"gitId":"TPH777"},"content":"    private static final String SAVE_ERROR_MESSAGE \u003d \"Failed to save task list.\";","lastModifiedDate":"2024-09-23","isFullCredit":false},{"lineNumber":18,"author":{"gitId":"TPH777"},"content":"","lastModifiedDate":"2024-09-23","isFullCredit":false},{"lineNumber":19,"author":{"gitId":"TPH777"},"content":"    private final String filePath;","lastModifiedDate":"2024-09-23","isFullCredit":false},{"lineNumber":20,"author":{"gitId":"TPH777"},"content":"","lastModifiedDate":"2024-09-23","isFullCredit":false},{"lineNumber":21,"author":{"gitId":"TPH777"},"content":"    public Storage(String filePath) {","lastModifiedDate":"2024-09-23","isFullCredit":false},{"lineNumber":22,"author":{"gitId":"TPH777"},"content":"        this.filePath \u003d filePath;","lastModifiedDate":"2024-09-23","isFullCredit":false},{"lineNumber":23,"author":{"gitId":"TPH777"},"content":"    }","lastModifiedDate":"2024-09-23","isFullCredit":false},{"lineNumber":24,"author":{"gitId":"TPH777"},"content":"","lastModifiedDate":"2024-09-23","isFullCredit":false},{"lineNumber":25,"author":{"gitId":"TPH777"},"content":"    public TaskList load() throws IrisException {","lastModifiedDate":"2024-09-23","isFullCredit":false},{"lineNumber":26,"author":{"gitId":"TPH777"},"content":"        TaskList tasks;","lastModifiedDate":"2024-09-23","isFullCredit":false},{"lineNumber":27,"author":{"gitId":"TPH777"},"content":"        try {","lastModifiedDate":"2024-09-23","isFullCredit":false},{"lineNumber":28,"author":{"gitId":"TPH777"},"content":"            FileInputStream fis \u003d new FileInputStream(filePath);","lastModifiedDate":"2024-09-23","isFullCredit":false},{"lineNumber":29,"author":{"gitId":"TPH777"},"content":"            ObjectInputStream ois \u003d new ObjectInputStream(fis);","lastModifiedDate":"2024-09-23","isFullCredit":false},{"lineNumber":30,"author":{"gitId":"TPH777"},"content":"            tasks \u003d (TaskList) ois.readObject();","lastModifiedDate":"2024-09-23","isFullCredit":false},{"lineNumber":31,"author":{"gitId":"TPH777"},"content":"            System.out.println(LOAD_SUCCESS_MESSAGE);","lastModifiedDate":"2024-09-23","isFullCredit":false},{"lineNumber":32,"author":{"gitId":"TPH777"},"content":"        } catch (IOException | ClassNotFoundException e) {","lastModifiedDate":"2024-09-23","isFullCredit":false},{"lineNumber":33,"author":{"gitId":"TPH777"},"content":"            System.out.println(LOAD_ERROR_MESSAGE);","lastModifiedDate":"2024-09-23","isFullCredit":false},{"lineNumber":34,"author":{"gitId":"TPH777"},"content":"            throw new IrisException(e.getMessage());","lastModifiedDate":"2024-09-23","isFullCredit":false},{"lineNumber":35,"author":{"gitId":"TPH777"},"content":"        }","lastModifiedDate":"2024-09-23","isFullCredit":false},{"lineNumber":36,"author":{"gitId":"TPH777"},"content":"        return tasks;","lastModifiedDate":"2024-09-23","isFullCredit":false},{"lineNumber":37,"author":{"gitId":"TPH777"},"content":"    }","lastModifiedDate":"2024-09-23","isFullCredit":false},{"lineNumber":38,"author":{"gitId":"TPH777"},"content":"","lastModifiedDate":"2024-09-23","isFullCredit":false},{"lineNumber":39,"author":{"gitId":"TPH777"},"content":"    public void save(TaskList tasks) {","lastModifiedDate":"2024-09-23","isFullCredit":false},{"lineNumber":40,"author":{"gitId":"TPH777"},"content":"        try {","lastModifiedDate":"2024-09-23","isFullCredit":false},{"lineNumber":41,"author":{"gitId":"TPH777"},"content":"            FileOutputStream fos \u003d new FileOutputStream(filePath);","lastModifiedDate":"2024-09-23","isFullCredit":false},{"lineNumber":42,"author":{"gitId":"TPH777"},"content":"            ObjectOutputStream oos \u003d new ObjectOutputStream(fos);","lastModifiedDate":"2024-09-23","isFullCredit":false},{"lineNumber":43,"author":{"gitId":"TPH777"},"content":"            oos.writeObject(tasks);","lastModifiedDate":"2024-09-23","isFullCredit":false},{"lineNumber":44,"author":{"gitId":"TPH777"},"content":"            System.out.println(SAVE_SUCCESS_MESSAGE);","lastModifiedDate":"2024-09-23","isFullCredit":false},{"lineNumber":45,"author":{"gitId":"TPH777"},"content":"        } catch (IOException e) {","lastModifiedDate":"2024-09-23","isFullCredit":false},{"lineNumber":46,"author":{"gitId":"TPH777"},"content":"            System.out.println(SAVE_ERROR_MESSAGE);","lastModifiedDate":"2024-09-23","isFullCredit":false},{"lineNumber":47,"author":{"gitId":"TPH777"},"content":"            Ui.showErrorMessage(e.getMessage());","lastModifiedDate":"2024-09-23","isFullCredit":false},{"lineNumber":48,"author":{"gitId":"TPH777"},"content":"        }","lastModifiedDate":"2024-09-23","isFullCredit":false},{"lineNumber":49,"author":{"gitId":"TPH777"},"content":"    }","lastModifiedDate":"2024-09-23","isFullCredit":false},{"lineNumber":50,"author":{"gitId":"TPH777"},"content":"}","lastModifiedDate":"2024-09-23","isFullCredit":false}],"authorContributionMap":{"TPH777":50}},{"path":"src/main/java/exceptions/IrisException.java","fileType":"java","lines":[{"lineNumber":1,"author":{"gitId":"TPH777"},"content":"package exceptions;","lastModifiedDate":"2024-09-22","isFullCredit":false},{"lineNumber":2,"author":{"gitId":"TPH777"},"content":"","lastModifiedDate":"2024-09-22","isFullCredit":false},{"lineNumber":3,"author":{"gitId":"TPH777"},"content":"public class IrisException extends Exception {","lastModifiedDate":"2024-09-22","isFullCredit":false},{"lineNumber":4,"author":{"gitId":"TPH777"},"content":"    public IrisException(String message) {","lastModifiedDate":"2024-09-22","isFullCredit":false},{"lineNumber":5,"author":{"gitId":"TPH777"},"content":"        super(message);","lastModifiedDate":"2024-09-22","isFullCredit":false},{"lineNumber":6,"author":{"gitId":"TPH777"},"content":"    }","lastModifiedDate":"2024-09-22","isFullCredit":false},{"lineNumber":7,"author":{"gitId":"TPH777"},"content":"}","lastModifiedDate":"2024-09-22","isFullCredit":false}],"authorContributionMap":{"TPH777":7}},{"path":"src/main/java/task/Task.java","fileType":"java","lines":[{"lineNumber":1,"author":{"gitId":"TPH777"},"content":"package task;","lastModifiedDate":"2024-09-07","isFullCredit":false},{"lineNumber":2,"author":{"gitId":"TPH777"},"content":"","lastModifiedDate":"2024-09-07","isFullCredit":false},{"lineNumber":3,"author":{"gitId":"TPH777"},"content":"import java.io.Serializable;","lastModifiedDate":"2024-09-15","isFullCredit":false},{"lineNumber":4,"author":{"gitId":"TPH777"},"content":"","lastModifiedDate":"2024-09-15","isFullCredit":false},{"lineNumber":5,"author":{"gitId":"TPH777"},"content":"public class Task implements Serializable {","lastModifiedDate":"2024-09-15","isFullCredit":false},{"lineNumber":6,"author":{"gitId":"TPH777"},"content":"    protected String description;","lastModifiedDate":"2024-08-27","isFullCredit":false},{"lineNumber":7,"author":{"gitId":"TPH777"},"content":"    protected boolean isDone;","lastModifiedDate":"2024-08-27","isFullCredit":false},{"lineNumber":8,"author":{"gitId":"TPH777"},"content":"    protected String date;","lastModifiedDate":"2024-08-30","isFullCredit":false},{"lineNumber":9,"author":{"gitId":"TPH777"},"content":"","lastModifiedDate":"2024-08-30","isFullCredit":false},{"lineNumber":10,"author":{"gitId":"TPH777"},"content":"    private static String formatDate(String date) {","lastModifiedDate":"2024-08-31","isFullCredit":false},{"lineNumber":11,"author":{"gitId":"TPH777"},"content":"\t\tString[] textParts \u003d date.split(\" \", 2);","lastModifiedDate":"2024-08-31","isFullCredit":false},{"lineNumber":12,"author":{"gitId":"TPH777"},"content":"\t\treturn textParts[0] + \": \" + textParts[1];","lastModifiedDate":"2024-08-31","isFullCredit":false},{"lineNumber":13,"author":{"gitId":"TPH777"},"content":"    }","lastModifiedDate":"2024-08-30","isFullCredit":false},{"lineNumber":14,"author":{"gitId":"TPH777"},"content":"","lastModifiedDate":"2024-08-30","isFullCredit":false},{"lineNumber":15,"author":{"gitId":"TPH777"},"content":"    public Task(String details) {","lastModifiedDate":"2024-08-31","isFullCredit":false},{"lineNumber":16,"author":{"gitId":"TPH777"},"content":"        this.isDone \u003d false;","lastModifiedDate":"2024-08-27","isFullCredit":false},{"lineNumber":17,"author":{"gitId":"TPH777"},"content":"\t\tString[] textParts \u003d details.split(\"/\");","lastModifiedDate":"2024-09-07","isFullCredit":false},{"lineNumber":18,"author":{"gitId":"TPH777"},"content":"\t\tthis.description \u003d textParts[0];","lastModifiedDate":"2024-08-31","isFullCredit":false},{"lineNumber":19,"author":{"gitId":"TPH777"},"content":"","lastModifiedDate":"2024-08-30","isFullCredit":false},{"lineNumber":20,"author":{"gitId":"TPH777"},"content":"\t\tint numOfParts \u003d textParts.length;","lastModifiedDate":"2024-08-31","isFullCredit":false},{"lineNumber":21,"author":{"gitId":"TPH777"},"content":"        if (numOfParts \u003d\u003d 1) {","lastModifiedDate":"2024-09-07","isFullCredit":false},{"lineNumber":22,"author":{"gitId":"TPH777"},"content":"            this.date \u003d \"\";","lastModifiedDate":"2024-08-30","isFullCredit":false},{"lineNumber":23,"author":{"gitId":"TPH777"},"content":"            return;","lastModifiedDate":"2024-09-07","isFullCredit":false},{"lineNumber":24,"author":{"gitId":"TPH777"},"content":"        }","lastModifiedDate":"2024-08-30","isFullCredit":false},{"lineNumber":25,"author":{"gitId":"TPH777"},"content":"        String date \u003d \"(\";","lastModifiedDate":"2024-09-07","isFullCredit":false},{"lineNumber":26,"author":{"gitId":"TPH777"},"content":"        for (int i \u003d 1; i \u003c numOfParts; i++) {","lastModifiedDate":"2024-09-07","isFullCredit":false},{"lineNumber":27,"author":{"gitId":"TPH777"},"content":"            date \u003d date.concat(formatDate(textParts[i]));","lastModifiedDate":"2024-09-07","isFullCredit":false},{"lineNumber":28,"author":{"gitId":"TPH777"},"content":"        }","lastModifiedDate":"2024-09-07","isFullCredit":false},{"lineNumber":29,"author":{"gitId":"TPH777"},"content":"        this.date \u003d date.concat(\")\");","lastModifiedDate":"2024-09-07","isFullCredit":false},{"lineNumber":30,"author":{"gitId":"TPH777"},"content":"    }","lastModifiedDate":"2024-08-30","isFullCredit":false},{"lineNumber":31,"author":{"gitId":"TPH777"},"content":"","lastModifiedDate":"2024-08-30","isFullCredit":false},{"lineNumber":32,"author":{"gitId":"TPH777"},"content":"    public String getStatus() {","lastModifiedDate":"2024-08-30","isFullCredit":false},{"lineNumber":33,"author":{"gitId":"TPH777"},"content":"        return (isDone ? \"[X] \" : \"[ ] \");","lastModifiedDate":"2024-08-30","isFullCredit":false},{"lineNumber":34,"author":{"gitId":"TPH777"},"content":"    }","lastModifiedDate":"2024-08-27","isFullCredit":false},{"lineNumber":35,"author":{"gitId":"TPH777"},"content":"","lastModifiedDate":"2024-08-27","isFullCredit":false},{"lineNumber":36,"author":{"gitId":"TPH777"},"content":"    @Override","lastModifiedDate":"2024-08-30","isFullCredit":false},{"lineNumber":37,"author":{"gitId":"TPH777"},"content":"    public String toString() {","lastModifiedDate":"2024-08-30","isFullCredit":false},{"lineNumber":38,"author":{"gitId":"TPH777"},"content":"        return getStatus() + description + date;","lastModifiedDate":"2024-08-30","isFullCredit":false},{"lineNumber":39,"author":{"gitId":"TPH777"},"content":"    }","lastModifiedDate":"2024-08-27","isFullCredit":false},{"lineNumber":40,"author":{"gitId":"TPH777"},"content":"","lastModifiedDate":"2024-08-27","isFullCredit":false},{"lineNumber":41,"author":{"gitId":"TPH777"},"content":"    public void mark(boolean status) {","lastModifiedDate":"2024-09-07","isFullCredit":false},{"lineNumber":42,"author":{"gitId":"TPH777"},"content":"        isDone \u003d status;","lastModifiedDate":"2024-09-07","isFullCredit":false},{"lineNumber":43,"author":{"gitId":"TPH777"},"content":"    }","lastModifiedDate":"2024-08-27","isFullCredit":false},{"lineNumber":44,"author":{"gitId":"TPH777"},"content":"}","lastModifiedDate":"2024-08-27","isFullCredit":false}],"authorContributionMap":{"TPH777":44}},{"path":"src/main/java/task/TaskList.java","fileType":"java","lines":[{"lineNumber":1,"author":{"gitId":"TPH777"},"content":"package task;","lastModifiedDate":"2024-09-23","isFullCredit":false},{"lineNumber":2,"author":{"gitId":"TPH777"},"content":"","lastModifiedDate":"2024-09-23","isFullCredit":false},{"lineNumber":3,"author":{"gitId":"TPH777"},"content":"import java.util.ArrayList;","lastModifiedDate":"2024-09-23","isFullCredit":false},{"lineNumber":4,"author":{"gitId":"TPH777"},"content":"","lastModifiedDate":"2024-09-23","isFullCredit":false},{"lineNumber":5,"author":{"gitId":"TPH777"},"content":"public class TaskList extends ArrayList\u003cTask\u003e {","lastModifiedDate":"2024-09-23","isFullCredit":false},{"lineNumber":6,"author":{"gitId":"TPH777"},"content":"    public TaskList() {","lastModifiedDate":"2024-09-23","isFullCredit":false},{"lineNumber":7,"author":{"gitId":"TPH777"},"content":"        super();","lastModifiedDate":"2024-09-23","isFullCredit":false},{"lineNumber":8,"author":{"gitId":"TPH777"},"content":"    }","lastModifiedDate":"2024-09-23","isFullCredit":false},{"lineNumber":9,"author":{"gitId":"TPH777"},"content":"    public TaskList(TaskList tasks) {","lastModifiedDate":"2024-09-23","isFullCredit":false},{"lineNumber":10,"author":{"gitId":"TPH777"},"content":"        super(tasks);  // Initialise with data in storage","lastModifiedDate":"2024-09-23","isFullCredit":false},{"lineNumber":11,"author":{"gitId":"TPH777"},"content":"    }","lastModifiedDate":"2024-09-23","isFullCredit":false},{"lineNumber":12,"author":{"gitId":"TPH777"},"content":"}","lastModifiedDate":"2024-09-23","isFullCredit":false}],"authorContributionMap":{"TPH777":12}},{"path":"src/main/java/task/type/Deadline.java","fileType":"java","lines":[{"lineNumber":1,"author":{"gitId":"TPH777"},"content":"package task.type;","lastModifiedDate":"2024-09-07","isFullCredit":false},{"lineNumber":2,"author":{"gitId":"TPH777"},"content":"","lastModifiedDate":"2024-09-07","isFullCredit":false},{"lineNumber":3,"author":{"gitId":"TPH777"},"content":"import task.Task;","lastModifiedDate":"2024-09-07","isFullCredit":false},{"lineNumber":4,"author":{"gitId":"TPH777"},"content":"","lastModifiedDate":"2024-09-07","isFullCredit":false},{"lineNumber":5,"author":{"gitId":"TPH777"},"content":"public class Deadline extends Task {","lastModifiedDate":"2024-08-30","isFullCredit":false},{"lineNumber":6,"author":{"gitId":"TPH777"},"content":"    public Deadline(String text) {","lastModifiedDate":"2024-08-30","isFullCredit":false},{"lineNumber":7,"author":{"gitId":"TPH777"},"content":"        super(text);","lastModifiedDate":"2024-08-30","isFullCredit":false},{"lineNumber":8,"author":{"gitId":"TPH777"},"content":"    }","lastModifiedDate":"2024-08-30","isFullCredit":false},{"lineNumber":9,"author":{"gitId":"TPH777"},"content":"","lastModifiedDate":"2024-08-30","isFullCredit":false},{"lineNumber":10,"author":{"gitId":"TPH777"},"content":"    @Override","lastModifiedDate":"2024-08-30","isFullCredit":false},{"lineNumber":11,"author":{"gitId":"TPH777"},"content":"    public String toString() {","lastModifiedDate":"2024-08-30","isFullCredit":false},{"lineNumber":12,"author":{"gitId":"TPH777"},"content":"        return \"[D]\" + super.toString();","lastModifiedDate":"2024-08-30","isFullCredit":false},{"lineNumber":13,"author":{"gitId":"TPH777"},"content":"    }","lastModifiedDate":"2024-08-30","isFullCredit":false},{"lineNumber":14,"author":{"gitId":"TPH777"},"content":"}","lastModifiedDate":"2024-08-30","isFullCredit":false}],"authorContributionMap":{"TPH777":14}},{"path":"src/main/java/task/type/Event.java","fileType":"java","lines":[{"lineNumber":1,"author":{"gitId":"TPH777"},"content":"package task.type;","lastModifiedDate":"2024-09-07","isFullCredit":false},{"lineNumber":2,"author":{"gitId":"TPH777"},"content":"","lastModifiedDate":"2024-09-07","isFullCredit":false},{"lineNumber":3,"author":{"gitId":"TPH777"},"content":"import task.Task;","lastModifiedDate":"2024-09-07","isFullCredit":false},{"lineNumber":4,"author":{"gitId":"TPH777"},"content":"","lastModifiedDate":"2024-09-07","isFullCredit":false},{"lineNumber":5,"author":{"gitId":"TPH777"},"content":"public class Event extends Task {","lastModifiedDate":"2024-08-30","isFullCredit":false},{"lineNumber":6,"author":{"gitId":"TPH777"},"content":"    public Event(String text) {","lastModifiedDate":"2024-08-30","isFullCredit":false},{"lineNumber":7,"author":{"gitId":"TPH777"},"content":"        super(text);","lastModifiedDate":"2024-08-30","isFullCredit":false},{"lineNumber":8,"author":{"gitId":"TPH777"},"content":"    }","lastModifiedDate":"2024-08-30","isFullCredit":false},{"lineNumber":9,"author":{"gitId":"TPH777"},"content":"","lastModifiedDate":"2024-08-30","isFullCredit":false},{"lineNumber":10,"author":{"gitId":"TPH777"},"content":"    @Override","lastModifiedDate":"2024-08-30","isFullCredit":false},{"lineNumber":11,"author":{"gitId":"TPH777"},"content":"    public String toString() {","lastModifiedDate":"2024-08-30","isFullCredit":false},{"lineNumber":12,"author":{"gitId":"TPH777"},"content":"        return \"[E]\" + super.toString();","lastModifiedDate":"2024-08-30","isFullCredit":false},{"lineNumber":13,"author":{"gitId":"TPH777"},"content":"    }","lastModifiedDate":"2024-08-30","isFullCredit":false},{"lineNumber":14,"author":{"gitId":"TPH777"},"content":"}","lastModifiedDate":"2024-08-30","isFullCredit":false}],"authorContributionMap":{"TPH777":14}},{"path":"src/main/java/task/type/Todo.java","fileType":"java","lines":[{"lineNumber":1,"author":{"gitId":"TPH777"},"content":"package task.type;","lastModifiedDate":"2024-09-07","isFullCredit":false},{"lineNumber":2,"author":{"gitId":"TPH777"},"content":"","lastModifiedDate":"2024-09-07","isFullCredit":false},{"lineNumber":3,"author":{"gitId":"TPH777"},"content":"import task.Task;","lastModifiedDate":"2024-09-07","isFullCredit":false},{"lineNumber":4,"author":{"gitId":"TPH777"},"content":"","lastModifiedDate":"2024-09-07","isFullCredit":false},{"lineNumber":5,"author":{"gitId":"TPH777"},"content":"public class Todo extends Task {","lastModifiedDate":"2024-08-30","isFullCredit":false},{"lineNumber":6,"author":{"gitId":"TPH777"},"content":"    public Todo(String text) {","lastModifiedDate":"2024-08-30","isFullCredit":false},{"lineNumber":7,"author":{"gitId":"TPH777"},"content":"        super(text);","lastModifiedDate":"2024-08-30","isFullCredit":false},{"lineNumber":8,"author":{"gitId":"TPH777"},"content":"    }","lastModifiedDate":"2024-08-30","isFullCredit":false},{"lineNumber":9,"author":{"gitId":"TPH777"},"content":"","lastModifiedDate":"2024-08-30","isFullCredit":false},{"lineNumber":10,"author":{"gitId":"TPH777"},"content":"    @Override","lastModifiedDate":"2024-08-30","isFullCredit":false},{"lineNumber":11,"author":{"gitId":"TPH777"},"content":"    public String toString() {","lastModifiedDate":"2024-08-30","isFullCredit":false},{"lineNumber":12,"author":{"gitId":"TPH777"},"content":"        return \"[T]\" + super.toString();","lastModifiedDate":"2024-08-30","isFullCredit":false},{"lineNumber":13,"author":{"gitId":"TPH777"},"content":"    }","lastModifiedDate":"2024-08-30","isFullCredit":false},{"lineNumber":14,"author":{"gitId":"TPH777"},"content":"}","lastModifiedDate":"2024-08-30","isFullCredit":false}],"authorContributionMap":{"TPH777":14}},{"path":"src/main/java/ui/Ui.java","fileType":"java","lines":[{"lineNumber":1,"author":{"gitId":"TPH777"},"content":"package ui;","lastModifiedDate":"2024-09-23","isFullCredit":false},{"lineNumber":2,"author":{"gitId":"TPH777"},"content":"","lastModifiedDate":"2024-09-23","isFullCredit":false},{"lineNumber":3,"author":{"gitId":"TPH777"},"content":"import java.util.Scanner;","lastModifiedDate":"2024-09-23","isFullCredit":false},{"lineNumber":4,"author":{"gitId":"TPH777"},"content":"","lastModifiedDate":"2024-09-23","isFullCredit":false},{"lineNumber":5,"author":{"gitId":"TPH777"},"content":"public class Ui {","lastModifiedDate":"2024-09-23","isFullCredit":false},{"lineNumber":6,"author":{"gitId":"TPH777"},"content":"    private static final String DIVIDER \u003d \"---------------------------------------------\";","lastModifiedDate":"2024-09-23","isFullCredit":false},{"lineNumber":7,"author":{"gitId":"TPH777"},"content":"    private static final String WELCOME_MESSAGE \u003d \"Hello! I\u0027m Iris!\\nWelcome Back!\";","lastModifiedDate":"2024-09-23","isFullCredit":false},{"lineNumber":8,"author":{"gitId":"TPH777"},"content":"    private static final String END_CHAT_MESSAGE \u003d \"Bye! Hope to see you again soon!\";","lastModifiedDate":"2024-09-23","isFullCredit":false},{"lineNumber":9,"author":{"gitId":"TPH777"},"content":"","lastModifiedDate":"2024-09-23","isFullCredit":false},{"lineNumber":10,"author":{"gitId":"TPH777"},"content":"    private final Scanner scanner;","lastModifiedDate":"2024-09-23","isFullCredit":false},{"lineNumber":11,"author":{"gitId":"TPH777"},"content":"","lastModifiedDate":"2024-09-23","isFullCredit":false},{"lineNumber":12,"author":{"gitId":"TPH777"},"content":"    public Ui() {","lastModifiedDate":"2024-09-23","isFullCredit":false},{"lineNumber":13,"author":{"gitId":"TPH777"},"content":"        scanner \u003d new Scanner(System.in);","lastModifiedDate":"2024-09-23","isFullCredit":false},{"lineNumber":14,"author":{"gitId":"TPH777"},"content":"    }","lastModifiedDate":"2024-09-23","isFullCredit":false},{"lineNumber":15,"author":{"gitId":"TPH777"},"content":"    public String readCommand() {","lastModifiedDate":"2024-09-23","isFullCredit":false},{"lineNumber":16,"author":{"gitId":"TPH777"},"content":"        return scanner.nextLine();","lastModifiedDate":"2024-09-23","isFullCredit":false},{"lineNumber":17,"author":{"gitId":"TPH777"},"content":"    }","lastModifiedDate":"2024-09-23","isFullCredit":false},{"lineNumber":18,"author":{"gitId":"TPH777"},"content":"    public static void showErrorMessage(String message) {","lastModifiedDate":"2024-09-23","isFullCredit":false},{"lineNumber":19,"author":{"gitId":"TPH777"},"content":"        System.out.println(\"Error: \" + message);","lastModifiedDate":"2024-09-23","isFullCredit":false},{"lineNumber":20,"author":{"gitId":"TPH777"},"content":"    }","lastModifiedDate":"2024-09-23","isFullCredit":false},{"lineNumber":21,"author":{"gitId":"TPH777"},"content":"    public static void showDivider() {","lastModifiedDate":"2024-09-23","isFullCredit":false},{"lineNumber":22,"author":{"gitId":"TPH777"},"content":"        System.out.println(DIVIDER);","lastModifiedDate":"2024-09-23","isFullCredit":false},{"lineNumber":23,"author":{"gitId":"TPH777"},"content":"    }","lastModifiedDate":"2024-09-23","isFullCredit":false},{"lineNumber":24,"author":{"gitId":"TPH777"},"content":"    public static void showWelcomeMessage() {","lastModifiedDate":"2024-09-23","isFullCredit":false},{"lineNumber":25,"author":{"gitId":"TPH777"},"content":"        System.out.println(WELCOME_MESSAGE);","lastModifiedDate":"2024-09-23","isFullCredit":false},{"lineNumber":26,"author":{"gitId":"TPH777"},"content":"        System.out.println(DIVIDER);","lastModifiedDate":"2024-09-23","isFullCredit":false},{"lineNumber":27,"author":{"gitId":"TPH777"},"content":"    }","lastModifiedDate":"2024-09-23","isFullCredit":false},{"lineNumber":28,"author":{"gitId":"TPH777"},"content":"    public static void showEndChatMessage() {","lastModifiedDate":"2024-09-23","isFullCredit":false},{"lineNumber":29,"author":{"gitId":"TPH777"},"content":"        System.out.println(END_CHAT_MESSAGE);","lastModifiedDate":"2024-09-23","isFullCredit":false},{"lineNumber":30,"author":{"gitId":"TPH777"},"content":"    }","lastModifiedDate":"2024-09-23","isFullCredit":false},{"lineNumber":31,"author":{"gitId":"TPH777"},"content":"}","lastModifiedDate":"2024-09-23","isFullCredit":false}],"authorContributionMap":{"TPH777":31}},{"path":"text-ui-test/input.txt","fileType":"txt","lines":[{"lineNumber":1,"author":{"gitId":"TPH777"},"content":"invalidCommand","lastModifiedDate":"2024-08-31","isFullCredit":false},{"lineNumber":2,"author":{"gitId":"TPH777"},"content":"","lastModifiedDate":"2024-09-07","isFullCredit":false},{"lineNumber":3,"author":{"gitId":"TPH777"},"content":"list","lastModifiedDate":"2024-08-31","isFullCredit":false},{"lineNumber":4,"author":{"gitId":"TPH777"},"content":"deadline","lastModifiedDate":"2024-09-07","isFullCredit":false},{"lineNumber":5,"author":{"gitId":"TPH777"},"content":"deadline assignment","lastModifiedDate":"2024-08-31","isFullCredit":false},{"lineNumber":6,"author":{"gitId":"TPH777"},"content":"event networking /on monday 3pm","lastModifiedDate":"2024-08-31","isFullCredit":false},{"lineNumber":7,"author":{"gitId":"TPH777"},"content":"todo homework /from tuesday 1pm /to thursday 4pm","lastModifiedDate":"2024-08-31","isFullCredit":false},{"lineNumber":8,"author":{"gitId":"TPH777"},"content":"list","lastModifiedDate":"2024-08-31","isFullCredit":false},{"lineNumber":9,"author":{"gitId":"TPH777"},"content":"mark","lastModifiedDate":"2024-09-07","isFullCredit":false},{"lineNumber":10,"author":{"gitId":"TPH777"},"content":"mark string","lastModifiedDate":"2024-09-07","isFullCredit":false},{"lineNumber":11,"author":{"gitId":"TPH777"},"content":"mark 1","lastModifiedDate":"2024-08-31","isFullCredit":false},{"lineNumber":12,"author":{"gitId":"TPH777"},"content":"mark 3","lastModifiedDate":"2024-08-31","isFullCredit":false},{"lineNumber":13,"author":{"gitId":"TPH777"},"content":"list","lastModifiedDate":"2024-08-31","isFullCredit":false},{"lineNumber":14,"author":{"gitId":"TPH777"},"content":"unmark","lastModifiedDate":"2024-09-07","isFullCredit":false},{"lineNumber":15,"author":{"gitId":"TPH777"},"content":"unmark string","lastModifiedDate":"2024-09-07","isFullCredit":false},{"lineNumber":16,"author":{"gitId":"TPH777"},"content":"unmark 1","lastModifiedDate":"2024-08-31","isFullCredit":false},{"lineNumber":17,"author":{"gitId":"TPH777"},"content":"list","lastModifiedDate":"2024-08-31","isFullCredit":false},{"lineNumber":18,"author":{"gitId":"TPH777"},"content":"bye","lastModifiedDate":"2024-08-31","isFullCredit":false}],"authorContributionMap":{"TPH777":18}},{"path":"text-ui-test/runtest.bat","fileType":"bat","lines":[{"lineNumber":1,"author":{"gitId":"-"},"content":"@ECHO OFF","lastModifiedDate":"2020-05-25","isFullCredit":false},{"lineNumber":2,"author":{"gitId":"-"},"content":"","lastModifiedDate":"2020-05-25","isFullCredit":false},{"lineNumber":3,"author":{"gitId":"-"},"content":"REM create bin directory if it doesn\u0027t exist","lastModifiedDate":"2020-05-25","isFullCredit":false},{"lineNumber":4,"author":{"gitId":"-"},"content":"if not exist ..\\bin mkdir ..\\bin","lastModifiedDate":"2020-05-25","isFullCredit":false},{"lineNumber":5,"author":{"gitId":"-"},"content":"","lastModifiedDate":"2020-05-25","isFullCredit":false},{"lineNumber":6,"author":{"gitId":"-"},"content":"REM delete output from previous run","lastModifiedDate":"2020-05-25","isFullCredit":false},{"lineNumber":7,"author":{"gitId":"-"},"content":"if exist ACTUAL.TXT del ACTUAL.TXT","lastModifiedDate":"2020-08-25","isFullCredit":false},{"lineNumber":8,"author":{"gitId":"-"},"content":"","lastModifiedDate":"2020-05-25","isFullCredit":false},{"lineNumber":9,"author":{"gitId":"-"},"content":"REM compile the code into the bin folder","lastModifiedDate":"2020-05-25","isFullCredit":false},{"lineNumber":10,"author":{"gitId":"-"},"content":"javac  -cp ..\\src\\main\\java -Xlint:none -d ..\\bin ..\\src\\main\\java\\*.java","lastModifiedDate":"2020-08-25","isFullCredit":false},{"lineNumber":11,"author":{"gitId":"-"},"content":"IF ERRORLEVEL 1 (","lastModifiedDate":"2020-05-25","isFullCredit":false},{"lineNumber":12,"author":{"gitId":"-"},"content":"    echo ********** BUILD FAILURE **********","lastModifiedDate":"2020-05-25","isFullCredit":false},{"lineNumber":13,"author":{"gitId":"-"},"content":"    exit /b 1","lastModifiedDate":"2020-05-25","isFullCredit":false},{"lineNumber":14,"author":{"gitId":"-"},"content":")","lastModifiedDate":"2020-05-25","isFullCredit":false},{"lineNumber":15,"author":{"gitId":"-"},"content":"REM no error here, errorlevel \u003d\u003d 0","lastModifiedDate":"2020-05-25","isFullCredit":false},{"lineNumber":16,"author":{"gitId":"-"},"content":"","lastModifiedDate":"2020-05-25","isFullCredit":false},{"lineNumber":17,"author":{"gitId":"-"},"content":"REM run the program, feed commands from input.txt file and redirect the output to the ACTUAL.TXT","lastModifiedDate":"2020-05-25","isFullCredit":false},{"lineNumber":18,"author":{"gitId":"TPH777"},"content":"java -classpath ..\\bin Iris \u003c input.txt \u003e ACTUAL.TXT","lastModifiedDate":"2024-08-31","isFullCredit":false},{"lineNumber":19,"author":{"gitId":"-"},"content":"","lastModifiedDate":"2020-05-25","isFullCredit":false},{"lineNumber":20,"author":{"gitId":"-"},"content":"REM compare the output to the expected output","lastModifiedDate":"2020-05-25","isFullCredit":false},{"lineNumber":21,"author":{"gitId":"-"},"content":"FC ACTUAL.TXT EXPECTED.TXT","lastModifiedDate":"2020-05-25","isFullCredit":false}],"authorContributionMap":{"TPH777":1,"-":20}},{"path":"iris.txt","fileType":"txt","isBinary":true,"lines":[],"authorContributionMap":{"TPH777":0}},{"path":"src/main/java/data/iris.txt","fileType":"txt","isBinary":true,"lines":[],"authorContributionMap":{"TPH777":0}}]
