[{"path":"src/main/java/Echo.java","fileType":"java","lines":[{"lineNumber":1,"author":{"gitId":"louisjoety"},"content":"import java.util.Scanner;","lastModifiedDate":"2024-08-25","isFullCredit":false},{"lineNumber":2,"author":{"gitId":"louisjoety"},"content":"","lastModifiedDate":"2024-08-25","isFullCredit":false},{"lineNumber":3,"author":{"gitId":"louisjoety"},"content":"public class Echo {","lastModifiedDate":"2024-08-20","isFullCredit":false},{"lineNumber":4,"author":{"gitId":"-"},"content":"    public static void main(String[] args) {","lastModifiedDate":"2019-07-29","isFullCredit":false},{"lineNumber":5,"author":{"gitId":"louisjoety"},"content":"        // Utilise Scanner object to allow user input","lastModifiedDate":"2024-08-25","isFullCredit":false},{"lineNumber":6,"author":{"gitId":"louisjoety"},"content":"        Scanner scanner \u003d new Scanner(System.in);","lastModifiedDate":"2024-08-25","isFullCredit":false},{"lineNumber":7,"author":{"gitId":"louisjoety"},"content":"","lastModifiedDate":"2024-08-25","isFullCredit":false},{"lineNumber":8,"author":{"gitId":"louisjoety"},"content":"        TaskList taskList \u003d new TaskList();","lastModifiedDate":"2024-08-27","isFullCredit":false},{"lineNumber":9,"author":{"gitId":"louisjoety"},"content":"","lastModifiedDate":"2024-08-27","isFullCredit":false},{"lineNumber":10,"author":{"gitId":"louisjoety"},"content":"        // Define the greeting message and the chatbot name as variables","lastModifiedDate":"2024-08-20","isFullCredit":false},{"lineNumber":11,"author":{"gitId":"louisjoety"},"content":"        String chatbotName \u003d \"Echo\";","lastModifiedDate":"2024-08-20","isFullCredit":false},{"lineNumber":12,"author":{"gitId":"louisjoety"},"content":"        String greetingMessage \u003d \"Hello! I\u0027m \" + chatbotName + \"\\nWhat can I do for you?\\n\";","lastModifiedDate":"2024-08-20","isFullCredit":false},{"lineNumber":13,"author":{"gitId":"louisjoety"},"content":"","lastModifiedDate":"2024-08-20","isFullCredit":false},{"lineNumber":14,"author":{"gitId":"louisjoety"},"content":"        // Define the exit message as variable","lastModifiedDate":"2024-08-20","isFullCredit":false},{"lineNumber":15,"author":{"gitId":"louisjoety"},"content":"        String exitMessage \u003d \"Bye. Hope to see you again soon!\";","lastModifiedDate":"2024-08-20","isFullCredit":false},{"lineNumber":16,"author":{"gitId":"louisjoety"},"content":"","lastModifiedDate":"2024-08-20","isFullCredit":false},{"lineNumber":17,"author":{"gitId":"louisjoety"},"content":"        // Print the greeting message from Echo","lastModifiedDate":"2024-08-20","isFullCredit":false},{"lineNumber":18,"author":{"gitId":"louisjoety"},"content":"        System.out.println(\"____________________________________________________________\");","lastModifiedDate":"2024-08-20","isFullCredit":false},{"lineNumber":19,"author":{"gitId":"louisjoety"},"content":"        System.out.print(greetingMessage);","lastModifiedDate":"2024-08-20","isFullCredit":false},{"lineNumber":20,"author":{"gitId":"louisjoety"},"content":"        System.out.println(\"____________________________________________________________\");","lastModifiedDate":"2024-08-20","isFullCredit":false},{"lineNumber":21,"author":{"gitId":"louisjoety"},"content":"","lastModifiedDate":"2024-08-20","isFullCredit":false},{"lineNumber":22,"author":{"gitId":"louisjoety"},"content":"        String userInput;","lastModifiedDate":"2024-08-25","isFullCredit":false},{"lineNumber":23,"author":{"gitId":"louisjoety"},"content":"        do{","lastModifiedDate":"2024-08-25","isFullCredit":false},{"lineNumber":24,"author":{"gitId":"louisjoety"},"content":"            // Read user input","lastModifiedDate":"2024-08-25","isFullCredit":false},{"lineNumber":25,"author":{"gitId":"louisjoety"},"content":"            userInput \u003d scanner.nextLine();","lastModifiedDate":"2024-08-25","isFullCredit":false},{"lineNumber":26,"author":{"gitId":"louisjoety"},"content":"","lastModifiedDate":"2024-08-25","isFullCredit":false},{"lineNumber":27,"author":{"gitId":"louisjoety"},"content":"            // Print user input if bye is not the input","lastModifiedDate":"2024-08-25","isFullCredit":false},{"lineNumber":28,"author":{"gitId":"louisjoety"},"content":"            if (userInput.equalsIgnoreCase(\"list\")) {","lastModifiedDate":"2024-08-27","isFullCredit":false},{"lineNumber":29,"author":{"gitId":"louisjoety"},"content":"                System.out.println(\"____________________________________________________________\");","lastModifiedDate":"2024-08-27","isFullCredit":false},{"lineNumber":30,"author":{"gitId":"louisjoety"},"content":"                System.out.println(taskList.displayTasks());","lastModifiedDate":"2024-08-27","isFullCredit":false},{"lineNumber":31,"author":{"gitId":"louisjoety"},"content":"                System.out.println(\"____________________________________________________________\");","lastModifiedDate":"2024-08-27","isFullCredit":false},{"lineNumber":32,"author":{"gitId":"louisjoety"},"content":"            }else if (!userInput.equalsIgnoreCase(\"bye\")) {","lastModifiedDate":"2024-08-27","isFullCredit":false},{"lineNumber":33,"author":{"gitId":"louisjoety"},"content":"                //Stores new task into the array of tasks","lastModifiedDate":"2024-08-27","isFullCredit":false},{"lineNumber":34,"author":{"gitId":"louisjoety"},"content":"                taskList.storeTask(userInput);","lastModifiedDate":"2024-08-27","isFullCredit":false},{"lineNumber":35,"author":{"gitId":"louisjoety"},"content":"","lastModifiedDate":"2024-08-27","isFullCredit":false},{"lineNumber":36,"author":{"gitId":"louisjoety"},"content":"                System.out.println(\"____________________________________________________________\");","lastModifiedDate":"2024-08-25","isFullCredit":false},{"lineNumber":37,"author":{"gitId":"louisjoety"},"content":"                System.out.println(\"added: \" + userInput);","lastModifiedDate":"2024-08-27","isFullCredit":false},{"lineNumber":38,"author":{"gitId":"louisjoety"},"content":"                System.out.println(\"____________________________________________________________\");","lastModifiedDate":"2024-08-25","isFullCredit":false},{"lineNumber":39,"author":{"gitId":"louisjoety"},"content":"            }","lastModifiedDate":"2024-08-25","isFullCredit":false},{"lineNumber":40,"author":{"gitId":"louisjoety"},"content":"        }","lastModifiedDate":"2024-08-25","isFullCredit":false},{"lineNumber":41,"author":{"gitId":"louisjoety"},"content":"","lastModifiedDate":"2024-08-25","isFullCredit":false},{"lineNumber":42,"author":{"gitId":"louisjoety"},"content":"        while (!userInput.equalsIgnoreCase(\"bye\"));","lastModifiedDate":"2024-08-25","isFullCredit":false},{"lineNumber":43,"author":{"gitId":"louisjoety"},"content":"","lastModifiedDate":"2024-08-25","isFullCredit":false},{"lineNumber":44,"author":{"gitId":"louisjoety"},"content":"        // Print the exit message from Echo","lastModifiedDate":"2024-08-20","isFullCredit":false},{"lineNumber":45,"author":{"gitId":"louisjoety"},"content":"        System.out.println(\"____________________________________________________________\");","lastModifiedDate":"2024-08-26","isFullCredit":false},{"lineNumber":46,"author":{"gitId":"louisjoety"},"content":"        System.out.println(exitMessage);","lastModifiedDate":"2024-08-20","isFullCredit":false},{"lineNumber":47,"author":{"gitId":"louisjoety"},"content":"        System.out.println(\"____________________________________________________________\");","lastModifiedDate":"2024-08-20","isFullCredit":false},{"lineNumber":48,"author":{"gitId":"-"},"content":"    }","lastModifiedDate":"2019-07-29","isFullCredit":false},{"lineNumber":49,"author":{"gitId":"-"},"content":"}","lastModifiedDate":"2019-07-29","isFullCredit":false}],"authorContributionMap":{"-":3,"louisjoety":46}},{"path":"src/main/java/TaskList.java","fileType":"java","lines":[{"lineNumber":1,"author":{"gitId":"louisjoety"},"content":"public class TaskList {","lastModifiedDate":"2024-08-27","isFullCredit":false},{"lineNumber":2,"author":{"gitId":"louisjoety"},"content":"    private int taskNumber;","lastModifiedDate":"2024-08-27","isFullCredit":false},{"lineNumber":3,"author":{"gitId":"louisjoety"},"content":"    private String[] tasks;","lastModifiedDate":"2024-08-27","isFullCredit":false},{"lineNumber":4,"author":{"gitId":"louisjoety"},"content":"","lastModifiedDate":"2024-08-27","isFullCredit":false},{"lineNumber":5,"author":{"gitId":"louisjoety"},"content":"    //Constructor for TaskList","lastModifiedDate":"2024-08-27","isFullCredit":false},{"lineNumber":6,"author":{"gitId":"louisjoety"},"content":"    public TaskList(){","lastModifiedDate":"2024-08-27","isFullCredit":false},{"lineNumber":7,"author":{"gitId":"louisjoety"},"content":"        taskNumber \u003d 0;","lastModifiedDate":"2024-08-27","isFullCredit":false},{"lineNumber":8,"author":{"gitId":"louisjoety"},"content":"","lastModifiedDate":"2024-08-27","isFullCredit":false},{"lineNumber":9,"author":{"gitId":"louisjoety"},"content":"        //Assume there will be no more than 100 tasks","lastModifiedDate":"2024-08-27","isFullCredit":false},{"lineNumber":10,"author":{"gitId":"louisjoety"},"content":"        tasks \u003d new String[100];","lastModifiedDate":"2024-08-27","isFullCredit":false},{"lineNumber":11,"author":{"gitId":"louisjoety"},"content":"    }","lastModifiedDate":"2024-08-27","isFullCredit":false},{"lineNumber":12,"author":{"gitId":"louisjoety"},"content":"","lastModifiedDate":"2024-08-27","isFullCredit":false},{"lineNumber":13,"author":{"gitId":"louisjoety"},"content":"    //Storage of new task","lastModifiedDate":"2024-08-27","isFullCredit":false},{"lineNumber":14,"author":{"gitId":"louisjoety"},"content":"    public void storeTask(String task){","lastModifiedDate":"2024-08-27","isFullCredit":false},{"lineNumber":15,"author":{"gitId":"louisjoety"},"content":"        if (taskNumber \u003e\u003d tasks.length){","lastModifiedDate":"2024-08-27","isFullCredit":false},{"lineNumber":16,"author":{"gitId":"louisjoety"},"content":"            return;","lastModifiedDate":"2024-08-27","isFullCredit":false},{"lineNumber":17,"author":{"gitId":"louisjoety"},"content":"        }","lastModifiedDate":"2024-08-27","isFullCredit":false},{"lineNumber":18,"author":{"gitId":"louisjoety"},"content":"        tasks[taskNumber] \u003d task;","lastModifiedDate":"2024-08-28","isFullCredit":false},{"lineNumber":19,"author":{"gitId":"louisjoety"},"content":"        taskNumber +\u003d 1;","lastModifiedDate":"2024-08-28","isFullCredit":false},{"lineNumber":20,"author":{"gitId":"louisjoety"},"content":"    }","lastModifiedDate":"2024-08-27","isFullCredit":false},{"lineNumber":21,"author":{"gitId":"louisjoety"},"content":"","lastModifiedDate":"2024-08-27","isFullCredit":false},{"lineNumber":22,"author":{"gitId":"louisjoety"},"content":"    //Displaying of all task in array","lastModifiedDate":"2024-08-27","isFullCredit":false},{"lineNumber":23,"author":{"gitId":"louisjoety"},"content":"    public String displayTasks() {","lastModifiedDate":"2024-08-27","isFullCredit":false},{"lineNumber":24,"author":{"gitId":"louisjoety"},"content":"        String taskList \u003d \"\";","lastModifiedDate":"2024-08-27","isFullCredit":false},{"lineNumber":25,"author":{"gitId":"louisjoety"},"content":"        for (int i \u003d 0; i \u003c taskNumber; i +\u003d 1) {","lastModifiedDate":"2024-08-27","isFullCredit":false},{"lineNumber":26,"author":{"gitId":"louisjoety"},"content":"            taskList +\u003d (i + 1) + \". \" + tasks[i] + \"\\n\";","lastModifiedDate":"2024-08-27","isFullCredit":false},{"lineNumber":27,"author":{"gitId":"louisjoety"},"content":"        }","lastModifiedDate":"2024-08-27","isFullCredit":false},{"lineNumber":28,"author":{"gitId":"louisjoety"},"content":"        return taskList;","lastModifiedDate":"2024-08-27","isFullCredit":false},{"lineNumber":29,"author":{"gitId":"louisjoety"},"content":"    }","lastModifiedDate":"2024-08-27","isFullCredit":false},{"lineNumber":30,"author":{"gitId":"louisjoety"},"content":"}","lastModifiedDate":"2024-08-27","isFullCredit":false}],"authorContributionMap":{"louisjoety":30}}]
