{"authorDailyContributionsMap":{"louisjoety":[{"date":"2024-08-20","commitResults":[{"hash":"081726e28ee3f22d6748752f5b0b5a6b4d9c42e7","isMergeCommit":false,"messageTitle":"Change chatbot name from Duke to Echo","messageBody":"","fileTypesAndContributionMap":{"java":{"insertions":0,"deletions":0}}},{"hash":"fd1c6de940d56dc57e2c4c5180bb301a89c134c2","isMergeCommit":false,"messageTitle":"Change class name from Duke to Echo","messageBody":"","fileTypesAndContributionMap":{"java":{"insertions":1,"deletions":1}}},{"hash":"41238abbac8a7a2235119e2b55dfab11d170132c","isMergeCommit":false,"messageTitle":"Add initial chatbot greeting  messages","messageBody":"The chatbot is currently only displaying a welcome to Duke message.\n\nLet’s add a greeting message that introduces Echo and interact with the users.\n\nThis change ensures that the chatbot starts with a friendly greeting. The greeting messages are designed to create a cool and interactive experience.\n","fileTypesAndContributionMap":{"java":{"insertions":8,"deletions":6}}},{"hash":"d474e4daaef25be4cf25046f5d5a7ef5ae8cc174","isMergeCommit":false,"messageTitle":"Add exit message from Echo","messageBody":"The chatbot is currently only displaying a greeting message from Echo\n\nLet’s add an exit message that bids farewell for Echo to the users.\n\nThis change ensures that the chatbot ends with a friendly farewell. The exit messages are designed to create a cool and interactive experience.\n","tags":["Level-0"],"fileTypesAndContributionMap":{"java":{"insertions":9,"deletions":2}}}]},{"date":"2024-08-25","commitResults":[{"hash":"ce82645dfe4a348cc40ae6b255074b31243f59c5","isMergeCommit":false,"messageTitle":"Import Scanner class and create an object to handle user input","messageBody":"","fileTypesAndContributionMap":{"java":{"insertions":5,"deletions":0}}},{"hash":"6a46c5037ab4f2e300ff706e3e4889df0f36190b","isMergeCommit":false,"messageTitle":"Declare user input from the scanner object","messageBody":"","fileTypesAndContributionMap":{"java":{"insertions":4,"deletions":0}}},{"hash":"898dc4d5132871578a8929bde658d9686945e979","isMergeCommit":false,"messageTitle":"Add do-while loop until user says bye","messageBody":"The chatbot only shows a welcome message.\n\nLet\u0027s add a do-while loop which ensures that the chatbot echoes the user\u0027s input repeatedly and only exits when the user types bye.\n\nThis makes Echo more interactive with the user.\n","fileTypesAndContributionMap":{"java":{"insertions":10,"deletions":2}}},{"hash":"50c04e4b18884890d198fb7f854e53e46c4bcd82","isMergeCommit":false,"messageTitle":"Fix bug when user input is bye","messageBody":"Echo repeats bye when user input is bye.\n\nLet\u0027s add a if statement so that bye will not be reapted when user inputs it.\n\nThis ensures that the interface matches the task given.\n","tags":["Level-1"],"fileTypesAndContributionMap":{"java":{"insertions":7,"deletions":4}}}]},{"date":"2024-08-26","commitResults":[{"hash":"8d52c35c9333474041b161db05218219f954bd48","isMergeCommit":false,"messageTitle":"Add a line between bye and the exit message","messageBody":"","fileTypesAndContributionMap":{"java":{"insertions":1,"deletions":0}}}]},{"date":"2024-08-27","commitResults":[{"hash":"75840d2b0009f1943a1b850c19f2b4b2c60528de","isMergeCommit":false,"messageTitle":"Create constructor for TaskList class to initialise variables for task storage","messageBody":"","fileTypesAndContributionMap":{"java":{"insertions":12,"deletions":0}}},{"hash":"e85580e7abe2b59c01356516ff1f09e0f7e46864","isMergeCommit":false,"messageTitle":"Create method for storage of new tasks by user","messageBody":"","fileTypesAndContributionMap":{"java":{"insertions":7,"deletions":0}}},{"hash":"9fb33a240088610418278e9ee8e04f1af70948dd","isMergeCommit":false,"messageTitle":"Update Echo class to store new tasks","messageBody":"Echo repeats when user inserts task.\n\nLet\u0027s add the word added in front and store task in an array.\n\nThis ensures that the task is added properly to the tasks array.\n","fileTypesAndContributionMap":{"java":{"insertions":9,"deletions":1}}},{"hash":"86810a4e013e8d48f402102c05153e87fb55dc43","isMergeCommit":false,"messageTitle":"Create method for displaying of tasks stored","messageBody":"","fileTypesAndContributionMap":{"java":{"insertions":8,"deletions":1}}},{"hash":"b261e48db9161371a312c406642ee51cf1f8a1a0","isMergeCommit":false,"messageTitle":"Update Echo class to list all the tasks \u003e\u003e \u003e\u003e Echo is unable to display all tasks. \u003e\u003e \u003e\u003e Let\u0027s add functionality to make sure echo displays the tasks when asked to list. \u003e\u003e \u003e\u003e This ensures that the user will know what task is left to be done.","messageBody":"","fileTypesAndContributionMap":{"java":{"insertions":5,"deletions":1}}}]},{"date":"2024-08-28","commitResults":[{"hash":"53f06d7a4a33eb8a9108408935eadeb505a40bf3","isMergeCommit":false,"messageTitle":"Fix bug in storeTask method to allow proper chronological display of tasks","messageBody":"","tags":["Level-2"],"fileTypesAndContributionMap":{"java":{"insertions":2,"deletions":1}}},{"hash":"28c53f749b21021534d708db73a7ff2c23902270","isMergeCommit":false,"messageTitle":"Add constructors and methods to allow marking of done and undone for tasks","messageBody":"","fileTypesAndContributionMap":{"java":{"insertions":29,"deletions":0}}},{"hash":"1e166383b93c9b148826dd1c2346fe0643949697","isMergeCommit":false,"messageTitle":"Add methods to allow marking and unmarking functionality in TaskList class","messageBody":"","fileTypesAndContributionMap":{"java":{"insertions":19,"deletions":4}}},{"hash":"7f89e1bd6c6f6185260f28175e34851d1b66e734","isMergeCommit":false,"messageTitle":"Integrate mark and unmark functionality into Echo class for users to use","messageBody":"Echo does not have the ability to mark and unmark tasks.\n\nLet\u0027s connect the methods from Task Manage to TaskList to Echo classes so that users can set tasks as done and undone.\n\nThis ensures users can easily check the list of task if it is done or not done.\n","tags":["Level-3"],"fileTypesAndContributionMap":{"java":{"insertions":13,"deletions":6}}},{"hash":"3380db9434d9b6fd332338179a72cf2c8b89baa2","isMergeCommit":false,"messageTitle":"Add exception handling when user inputs invalid task number","messageBody":"","fileTypesAndContributionMap":{"java":{"insertions":6,"deletions":0}}},{"hash":"c2049d9f518901e6f107dbdac67b6d831dc8703c","isMergeCommit":false,"messageTitle":"Adjust comments to follow Javadoc comments convention","messageBody":"","fileTypesAndContributionMap":{"java":{"insertions":5,"deletions":1}}},{"hash":"770e9b82037c15bca852ef8ca67ee2228b7f59cd","isMergeCommit":false,"messageTitle":"Adjust comments to follow Javadoc comments convention and adjust camel casing for taskMarker","messageBody":"","tags":["A-CodingStandard"],"fileTypesAndContributionMap":{"java":{"insertions":28,"deletions":10}}}]},{"date":"2024-08-29","commitResults":[{"hash":"bda4df5658824b21197d90227759d733f6680e42","isMergeCommit":false,"messageTitle":"Fix bug for marking of tasks","messageBody":"","fileTypesAndContributionMap":{"java":{"insertions":14,"deletions":8}}}]},{"date":"2024-09-01","commitResults":[{"hash":"17242c33fb2919635941bcddd42feac96dba4baa","isMergeCommit":false,"messageTitle":"Change class name from TaskMarker to Task","messageBody":"","fileTypesAndContributionMap":{"java":{"insertions":12,"deletions":12}}},{"hash":"7fdfd21e88d79c8ac194987fc60129976ed5126f","isMergeCommit":false,"messageTitle":"Make 3 new subclasses of Task","messageBody":"","fileTypesAndContributionMap":{"java":{"insertions":6,"deletions":0}}},{"hash":"21f0a6bb29e1c548ee58a24b4b1f465cc45383d5","isMergeCommit":false,"messageTitle":"Improve ToDo class by adding constructor and overriding toString method for the marker","messageBody":"","fileTypesAndContributionMap":{"java":{"insertions":10,"deletions":0}}},{"hash":"0eecb401b5633669b49cc50c48c201b6a3acea16","isMergeCommit":false,"messageTitle":"Improve Deadline class by adding constructor and overriding toString method for the marker","messageBody":"","fileTypesAndContributionMap":{"java":{"insertions":17,"deletions":2}}},{"hash":"40e109073a879d3f851d9681ec30ca170c6d1bd9","isMergeCommit":false,"messageTitle":"Improve Event class by adding constructor and overriding toString method for the marker","messageBody":"","fileTypesAndContributionMap":{"java":{"insertions":17,"deletions":2}}},{"hash":"d25ff9aca592b28c33e9e7a5d00d5c9046af9899","isMergeCommit":false,"messageTitle":"Improve variable naming for due date of task","messageBody":"","fileTypesAndContributionMap":{"java":{"insertions":4,"deletions":4}}},{"hash":"68eae98e720759a2db72aad3673cbac7f65bc401","isMergeCommit":false,"messageTitle":"Add getter for task numbers","messageBody":"","fileTypesAndContributionMap":{"java":{"insertions":4,"deletions":0}}},{"hash":"3eb33cd7cccf5f32e3e27d7f941ba1bb61ada001","isMergeCommit":false,"messageTitle":"Improve readability of main function","messageBody":"","fileTypesAndContributionMap":{"java":{"insertions":51,"deletions":26}}},{"hash":"5febc6252f677b241e6a0958016bdf88b07fcee7","isMergeCommit":false,"messageTitle":"Revamp addTask method to allow new events, todos and deadlines","messageBody":"","tags":["Level-4"],"fileTypesAndContributionMap":{"java":{"insertions":45,"deletions":7}}}]},{"date":"2024-09-02","commitResults":[{"hash":"3693f5d9903544ecdb1a8c5b30dd689fbf21bc02","isMergeCommit":false,"messageTitle":"Adjust .bat file and compare actual and expected outputs","messageBody":"","tags":["A-TextUiTesting"],"fileTypesAndContributionMap":{"txt":{"insertions":1,"deletions":0},"bat":{"insertions":1,"deletions":1}}},{"hash":"9ccd6c669b6529384ae3f43cf7ddc40384d1eeb7","isMergeCommit":false,"messageTitle":"Improve code quality on tasking","messageBody":"","fileTypesAndContributionMap":{"java":{"insertions":0,"deletions":1}}}]},{"date":"2024-09-05","commitResults":[{"hash":"23307ec0d9caa86c30a3041860b454d19f0cce17","isMergeCommit":false,"messageTitle":"Use constants for line seperation","messageBody":"","fileTypesAndContributionMap":{"java":{"insertions":9,"deletions":6}}},{"hash":"1b9d8c5dcd1062d7d40633173e4e3d11b6bca435","isMergeCommit":false,"messageTitle":"Ensure single level of abstraction in addTask method","messageBody":"","fileTypesAndContributionMap":{"java":{"insertions":38,"deletions":37}}},{"hash":"2bff266f381b2aa66e437439da67930af6f8c03a","isMergeCommit":false,"messageTitle":"Reduce usage of magic numbers and introduce constants","messageBody":"","tags":["A-CodeQuality"],"fileTypesAndContributionMap":{"java":{"insertions":15,"deletions":9}}},{"hash":"80a47a1a4e99397e7d32d4fe9e7ac76024067488","isMergeCommit":false,"messageTitle":"Add javadoc statements to follow coding standards","messageBody":"","fileTypesAndContributionMap":{"java":{"insertions":58,"deletions":1}}},{"hash":"2c04bde255248fc2180ad4f189705989c17f92b8","isMergeCommit":false,"messageTitle":"Rename comments to make it clearer","messageBody":"","fileTypesAndContributionMap":{"java":{"insertions":27,"deletions":27}}}]},{"date":"2024-09-07","commitResults":[{"hash":"330c13d2e56da7f499e140430168d00ec034b3c9","isMergeCommit":false,"messageTitle":"Refactor code in Echo.java for readability","messageBody":"","fileTypesAndContributionMap":{"java":{"insertions":19,"deletions":11}}}]},{"date":"2024-09-08","commitResults":[{"hash":"a57271ab5f9d45464b9b5952f873323138fc4e03","isMergeCommit":false,"messageTitle":"Create new branch for Level 5 commits","messageBody":"","fileTypesAndContributionMap":{"txt":{"insertions":11,"deletions":1}}},{"hash":"b0f105d2d1be6105e1c4812a9386380eab47d4b2","isMergeCommit":false,"messageTitle":"Add interface to handle methods in Task class","messageBody":"","fileTypesAndContributionMap":{"java":{"insertions":6,"deletions":1}}},{"hash":"89a6c289bfcd26d1a14265dada48f2ffb66866f6","isMergeCommit":true,"messageTitle":"Merge branch \u0027master\u0027 into branch-Level-5","messageBody":"","fileTypesAndContributionMap":{}},{"hash":"e835c8c35a06acf434ba62288646b6ad75c93dca","isMergeCommit":false,"messageTitle":"Add error message for giberrish text","messageBody":"","fileTypesAndContributionMap":{"java":{"insertions":9,"deletions":1}}},{"hash":"856818f20e54d93c3c45b17026f247cc897f87a0","isMergeCommit":false,"messageTitle":"Add error message handler for each task to have a unique error message","messageBody":"","fileTypesAndContributionMap":{"java":{"insertions":21,"deletions":2}}},{"hash":"a09cd03738204a13416cd81eec6073562c6ca234","isMergeCommit":true,"messageTitle":"Merge branch \u0027branch-Level-5\u0027","messageBody":"","tags":["Level-5"],"fileTypesAndContributionMap":{}}]},{"date":"2024-09-09","commitResults":[{"hash":"4f75e329a5b44a4770e73dca252ed1afa3ad5330","isMergeCommit":false,"messageTitle":"Add exception class handler","messageBody":"","fileTypesAndContributionMap":{"java":{"insertions":5,"deletions":0}}},{"hash":"676e0f03c9daaa18f37e9ac1d4471e9683171c8c","isMergeCommit":false,"messageTitle":"Add error messages for marking, unmarking and tasking","messageBody":"","fileTypesAndContributionMap":{"java":{"insertions":55,"deletions":15}}},{"hash":"3e0b4afc9c2b3a67213d3069a878c0329205226f","isMergeCommit":true,"messageTitle":"Merge branch \u0027branch-Level-5\u0027","messageBody":"","tags":["A-Exceptions"],"fileTypesAndContributionMap":{}},{"hash":"b22706301da810cd1c74acc5b68f95ab1350ea8a","isMergeCommit":false,"messageTitle":"Reduce occurance of magic numbers","messageBody":"","fileTypesAndContributionMap":{"java":{"insertions":4,"deletions":2}}},{"hash":"12b64d9196e9104fa0029740ed721d4a56a4ed6a","isMergeCommit":false,"messageTitle":"Split files into different folders","messageBody":"","fileTypesAndContributionMap":{"java":{"insertions":33,"deletions":15}}},{"hash":"035b23992a0ef5643e47caa6b1d8bed893af11b7","isMergeCommit":true,"messageTitle":"Merge branch \u0027branch-A-Packages\u0027","messageBody":"","tags":["A-Packages"],"fileTypesAndContributionMap":{}}]},{"date":"2024-09-10","commitResults":[{"hash":"92b43ac60c52911f7b977336fc59d1245c4bf511","isMergeCommit":false,"messageTitle":"Restructure file structure for commands by migrating main code to command file","messageBody":"","fileTypesAndContributionMap":{"txt":{"insertions":0,"deletions":5},"java":{"insertions":202,"deletions":180}}}]}]},"authorFileTypeContributionMap":{"louisjoety":{"java":468,"md":0,"fxml":0,"sh":0,"bat":1,"gradle":0,"txt":6}},"authorContributionVariance":{"louisjoety":8625.764},"authorDisplayNameMap":{"louisjoety":"CS2113-W10-2 JOE .. YOU"}}
