[{"path":"src/main/java/Command.java","fileType":"java","lines":[{"lineNumber":1,"author":{"gitId":"mayfairmi6"},"content":"/**","lastModifiedDate":"2024-10-15","isFullCredit":false},{"lineNumber":2,"author":{"gitId":"mayfairmi6"},"content":" * The Command abstract class represents a user command.","lastModifiedDate":"2024-10-15","isFullCredit":false},{"lineNumber":3,"author":{"gitId":"mayfairmi6"},"content":" * Concrete command classes extend this class to implement specific commands.","lastModifiedDate":"2024-10-15","isFullCredit":false},{"lineNumber":4,"author":{"gitId":"mayfairmi6"},"content":" */","lastModifiedDate":"2024-10-15","isFullCredit":false},{"lineNumber":5,"author":{"gitId":"mayfairmi6"},"content":"public abstract class Command {","lastModifiedDate":"2024-10-15","isFullCredit":false},{"lineNumber":6,"author":{"gitId":"mayfairmi6"},"content":"    /**","lastModifiedDate":"2024-10-15","isFullCredit":false},{"lineNumber":7,"author":{"gitId":"mayfairmi6"},"content":"     * Executes the command.","lastModifiedDate":"2024-10-15","isFullCredit":false},{"lineNumber":8,"author":{"gitId":"mayfairmi6"},"content":"     *","lastModifiedDate":"2024-10-15","isFullCredit":false},{"lineNumber":9,"author":{"gitId":"mayfairmi6"},"content":"     * @param tasks   The TaskList containing all tasks.","lastModifiedDate":"2024-10-15","isFullCredit":false},{"lineNumber":10,"author":{"gitId":"mayfairmi6"},"content":"     * @param ui      The Ui object for user interaction.","lastModifiedDate":"2024-10-15","isFullCredit":false},{"lineNumber":11,"author":{"gitId":"mayfairmi6"},"content":"     * @param storage The Storage object for saving/loading tasks.","lastModifiedDate":"2024-10-15","isFullCredit":false},{"lineNumber":12,"author":{"gitId":"mayfairmi6"},"content":"     * @throws AirBorderException If an error occurs during command execution.","lastModifiedDate":"2024-10-15","isFullCredit":false},{"lineNumber":13,"author":{"gitId":"mayfairmi6"},"content":"     */","lastModifiedDate":"2024-10-15","isFullCredit":false},{"lineNumber":14,"author":{"gitId":"mayfairmi6"},"content":"    public abstract void execute(TaskList tasks, Ui ui, Storage storage) throws AirBorderException;","lastModifiedDate":"2024-10-15","isFullCredit":false},{"lineNumber":15,"author":{"gitId":"mayfairmi6"},"content":"","lastModifiedDate":"2024-10-15","isFullCredit":false},{"lineNumber":16,"author":{"gitId":"mayfairmi6"},"content":"    /**","lastModifiedDate":"2024-10-15","isFullCredit":false},{"lineNumber":17,"author":{"gitId":"mayfairmi6"},"content":"     * Indicates whether this command exits the application.","lastModifiedDate":"2024-10-15","isFullCredit":false},{"lineNumber":18,"author":{"gitId":"mayfairmi6"},"content":"     *","lastModifiedDate":"2024-10-15","isFullCredit":false},{"lineNumber":19,"author":{"gitId":"mayfairmi6"},"content":"     * @return true if the command exits the application; false otherwise.","lastModifiedDate":"2024-10-15","isFullCredit":false},{"lineNumber":20,"author":{"gitId":"mayfairmi6"},"content":"     */","lastModifiedDate":"2024-10-15","isFullCredit":false},{"lineNumber":21,"author":{"gitId":"mayfairmi6"},"content":"    public boolean isExit() {","lastModifiedDate":"2024-10-15","isFullCredit":false},{"lineNumber":22,"author":{"gitId":"mayfairmi6"},"content":"        return false;","lastModifiedDate":"2024-10-15","isFullCredit":false},{"lineNumber":23,"author":{"gitId":"mayfairmi6"},"content":"    }","lastModifiedDate":"2024-10-15","isFullCredit":false},{"lineNumber":24,"author":{"gitId":"mayfairmi6"},"content":"}","lastModifiedDate":"2024-10-15","isFullCredit":false}],"authorContributionMap":{"mayfairmi6":24}},{"path":"src/main/java/FindCommand.java","fileType":"java","lines":[{"lineNumber":1,"author":{"gitId":"mayfairmi6"},"content":"import java.util.ArrayList;","lastModifiedDate":"2024-10-15","isFullCredit":false},{"lineNumber":2,"author":{"gitId":"mayfairmi6"},"content":"","lastModifiedDate":"2024-10-15","isFullCredit":false},{"lineNumber":3,"author":{"gitId":"mayfairmi6"},"content":"/**","lastModifiedDate":"2024-10-15","isFullCredit":false},{"lineNumber":4,"author":{"gitId":"mayfairmi6"},"content":" * The {@code FindCommand} class represents a command to find tasks","lastModifiedDate":"2024-10-15","isFullCredit":false},{"lineNumber":5,"author":{"gitId":"mayfairmi6"},"content":" * containing a specific keyword.","lastModifiedDate":"2024-10-15","isFullCredit":false},{"lineNumber":6,"author":{"gitId":"mayfairmi6"},"content":" */","lastModifiedDate":"2024-10-15","isFullCredit":false},{"lineNumber":7,"author":{"gitId":"mayfairmi6"},"content":"public class FindCommand extends Command {","lastModifiedDate":"2024-10-15","isFullCredit":false},{"lineNumber":8,"author":{"gitId":"mayfairmi6"},"content":"    private String keyword;","lastModifiedDate":"2024-10-15","isFullCredit":false},{"lineNumber":9,"author":{"gitId":"mayfairmi6"},"content":"","lastModifiedDate":"2024-10-15","isFullCredit":false},{"lineNumber":10,"author":{"gitId":"mayfairmi6"},"content":"    /**","lastModifiedDate":"2024-10-15","isFullCredit":false},{"lineNumber":11,"author":{"gitId":"mayfairmi6"},"content":"     * Constructs a {@code FindCommand} with the specified keyword.","lastModifiedDate":"2024-10-15","isFullCredit":false},{"lineNumber":12,"author":{"gitId":"mayfairmi6"},"content":"     *","lastModifiedDate":"2024-10-15","isFullCredit":false},{"lineNumber":13,"author":{"gitId":"mayfairmi6"},"content":"     * @param keyword The keyword to search for in task descriptions.","lastModifiedDate":"2024-10-15","isFullCredit":false},{"lineNumber":14,"author":{"gitId":"mayfairmi6"},"content":"     */","lastModifiedDate":"2024-10-15","isFullCredit":false},{"lineNumber":15,"author":{"gitId":"mayfairmi6"},"content":"    public FindCommand(String keyword) {","lastModifiedDate":"2024-10-15","isFullCredit":false},{"lineNumber":16,"author":{"gitId":"mayfairmi6"},"content":"        this.keyword \u003d keyword;","lastModifiedDate":"2024-10-15","isFullCredit":false},{"lineNumber":17,"author":{"gitId":"mayfairmi6"},"content":"    }","lastModifiedDate":"2024-10-15","isFullCredit":false},{"lineNumber":18,"author":{"gitId":"mayfairmi6"},"content":"","lastModifiedDate":"2024-10-15","isFullCredit":false},{"lineNumber":19,"author":{"gitId":"mayfairmi6"},"content":"    /**","lastModifiedDate":"2024-10-15","isFullCredit":false},{"lineNumber":20,"author":{"gitId":"mayfairmi6"},"content":"     * Executes the find command by searching for matching tasks and displaying them.","lastModifiedDate":"2024-10-15","isFullCredit":false},{"lineNumber":21,"author":{"gitId":"mayfairmi6"},"content":"     *","lastModifiedDate":"2024-10-15","isFullCredit":false},{"lineNumber":22,"author":{"gitId":"mayfairmi6"},"content":"     * @param tasks   The {@code TaskList} containing all tasks.","lastModifiedDate":"2024-10-15","isFullCredit":false},{"lineNumber":23,"author":{"gitId":"mayfairmi6"},"content":"     * @param ui      The {@code Ui} object for user interaction.","lastModifiedDate":"2024-10-15","isFullCredit":false},{"lineNumber":24,"author":{"gitId":"mayfairmi6"},"content":"     * @param storage The {@code Storage} object for saving/loading tasks.","lastModifiedDate":"2024-10-15","isFullCredit":false},{"lineNumber":25,"author":{"gitId":"mayfairmi6"},"content":"     */","lastModifiedDate":"2024-10-15","isFullCredit":false},{"lineNumber":26,"author":{"gitId":"mayfairmi6"},"content":"    @Override","lastModifiedDate":"2024-10-15","isFullCredit":false},{"lineNumber":27,"author":{"gitId":"mayfairmi6"},"content":"    public void execute(TaskList tasks, Ui ui, Storage storage) {","lastModifiedDate":"2024-10-15","isFullCredit":false},{"lineNumber":28,"author":{"gitId":"mayfairmi6"},"content":"        ArrayList\u003cTask\u003e matchingTasks \u003d tasks.findTasks(keyword);","lastModifiedDate":"2024-10-15","isFullCredit":false},{"lineNumber":29,"author":{"gitId":"mayfairmi6"},"content":"        ui.showMatchingTasks(matchingTasks);","lastModifiedDate":"2024-10-15","isFullCredit":false},{"lineNumber":30,"author":{"gitId":"mayfairmi6"},"content":"    }","lastModifiedDate":"2024-10-15","isFullCredit":false},{"lineNumber":31,"author":{"gitId":"mayfairmi6"},"content":"}","lastModifiedDate":"2024-10-15","isFullCredit":false}],"authorContributionMap":{"mayfairmi6":31}},{"path":"src/main/java/Parser.java","fileType":"java","lines":[{"lineNumber":1,"author":{"gitId":"mayfairmi6"},"content":"/**","lastModifiedDate":"2024-10-15","isFullCredit":false},{"lineNumber":2,"author":{"gitId":"mayfairmi6"},"content":" * The {@code Parser} class is responsible for interpreting user commands","lastModifiedDate":"2024-10-15","isFullCredit":false},{"lineNumber":3,"author":{"gitId":"mayfairmi6"},"content":" * and returning the appropriate {@code Command} objects to be executed.","lastModifiedDate":"2024-10-15","isFullCredit":false},{"lineNumber":4,"author":{"gitId":"mayfairmi6"},"content":" */","lastModifiedDate":"2024-10-15","isFullCredit":false},{"lineNumber":5,"author":{"gitId":"mayfairmi6"},"content":"public class Parser {","lastModifiedDate":"2024-10-15","isFullCredit":false},{"lineNumber":6,"author":{"gitId":"mayfairmi6"},"content":"","lastModifiedDate":"2024-10-15","isFullCredit":false},{"lineNumber":7,"author":{"gitId":"mayfairmi6"},"content":"    /**","lastModifiedDate":"2024-10-15","isFullCredit":false},{"lineNumber":8,"author":{"gitId":"mayfairmi6"},"content":"     * Parses the user\u0027s input command and returns the corresponding {@code Command} object.","lastModifiedDate":"2024-10-15","isFullCredit":false},{"lineNumber":9,"author":{"gitId":"mayfairmi6"},"content":"     *","lastModifiedDate":"2024-10-15","isFullCredit":false},{"lineNumber":10,"author":{"gitId":"mayfairmi6"},"content":"     * @param userCommand The full command entered by the user.","lastModifiedDate":"2024-10-15","isFullCredit":false},{"lineNumber":11,"author":{"gitId":"mayfairmi6"},"content":"     * @return The {@code Command} object representing the user\u0027s request.","lastModifiedDate":"2024-10-15","isFullCredit":false},{"lineNumber":12,"author":{"gitId":"mayfairmi6"},"content":"     * @throws AirBorderException If the user enters an unrecognized command.","lastModifiedDate":"2024-10-15","isFullCredit":false},{"lineNumber":13,"author":{"gitId":"mayfairmi6"},"content":"     */","lastModifiedDate":"2024-10-15","isFullCredit":false},{"lineNumber":14,"author":{"gitId":"mayfairmi6"},"content":"    public static Command parse(String userCommand) throws AirBorderException {","lastModifiedDate":"2024-10-15","isFullCredit":false},{"lineNumber":15,"author":{"gitId":"mayfairmi6"},"content":"        if (userCommand.equalsIgnoreCase(\"bye\")) {","lastModifiedDate":"2024-10-15","isFullCredit":false},{"lineNumber":16,"author":{"gitId":"mayfairmi6"},"content":"            return new ExitCommand();","lastModifiedDate":"2024-10-15","isFullCredit":false},{"lineNumber":17,"author":{"gitId":"mayfairmi6"},"content":"        } else if (userCommand.equalsIgnoreCase(\"list\")) {","lastModifiedDate":"2024-10-15","isFullCredit":false},{"lineNumber":18,"author":{"gitId":"mayfairmi6"},"content":"            return new ListCommand();","lastModifiedDate":"2024-10-15","isFullCredit":false},{"lineNumber":19,"author":{"gitId":"mayfairmi6"},"content":"        } else if (userCommand.startsWith(\"todo \")) {","lastModifiedDate":"2024-10-15","isFullCredit":false},{"lineNumber":20,"author":{"gitId":"mayfairmi6"},"content":"            return new AddCommand(\"todo\", userCommand.substring(5).trim());","lastModifiedDate":"2024-10-15","isFullCredit":false},{"lineNumber":21,"author":{"gitId":"mayfairmi6"},"content":"        } else if (userCommand.startsWith(\"deadline \")) {","lastModifiedDate":"2024-10-15","isFullCredit":false},{"lineNumber":22,"author":{"gitId":"mayfairmi6"},"content":"            return new AddCommand(\"deadline\", userCommand.substring(9).trim());","lastModifiedDate":"2024-10-15","isFullCredit":false},{"lineNumber":23,"author":{"gitId":"mayfairmi6"},"content":"        } else if (userCommand.startsWith(\"event \")) {","lastModifiedDate":"2024-10-15","isFullCredit":false},{"lineNumber":24,"author":{"gitId":"mayfairmi6"},"content":"            return new AddCommand(\"event\", userCommand.substring(6).trim());","lastModifiedDate":"2024-10-15","isFullCredit":false},{"lineNumber":25,"author":{"gitId":"mayfairmi6"},"content":"        } else if (userCommand.startsWith(\"delete \")) {","lastModifiedDate":"2024-10-15","isFullCredit":false},{"lineNumber":26,"author":{"gitId":"mayfairmi6"},"content":"            return new DeleteCommand(userCommand.substring(7).trim());","lastModifiedDate":"2024-10-15","isFullCredit":false},{"lineNumber":27,"author":{"gitId":"mayfairmi6"},"content":"        } else if (userCommand.startsWith(\"mark \")) {","lastModifiedDate":"2024-10-15","isFullCredit":false},{"lineNumber":28,"author":{"gitId":"mayfairmi6"},"content":"            return new MarkCommand(userCommand.substring(5).trim(), true);","lastModifiedDate":"2024-10-15","isFullCredit":false},{"lineNumber":29,"author":{"gitId":"mayfairmi6"},"content":"        } else if (userCommand.startsWith(\"unmark \")) {","lastModifiedDate":"2024-10-15","isFullCredit":false},{"lineNumber":30,"author":{"gitId":"mayfairmi6"},"content":"            return new MarkCommand(userCommand.substring(7).trim(), false);","lastModifiedDate":"2024-10-15","isFullCredit":false},{"lineNumber":31,"author":{"gitId":"mayfairmi6"},"content":"        } else if (userCommand.startsWith(\"find \")) {","lastModifiedDate":"2024-10-15","isFullCredit":false},{"lineNumber":32,"author":{"gitId":"mayfairmi6"},"content":"            return new FindCommand(userCommand.substring(5).trim());","lastModifiedDate":"2024-10-15","isFullCredit":false},{"lineNumber":33,"author":{"gitId":"mayfairmi6"},"content":"        } else {","lastModifiedDate":"2024-10-15","isFullCredit":false},{"lineNumber":34,"author":{"gitId":"mayfairmi6"},"content":"            throw new InvalidCommandException();","lastModifiedDate":"2024-10-15","isFullCredit":false},{"lineNumber":35,"author":{"gitId":"mayfairmi6"},"content":"        }","lastModifiedDate":"2024-10-15","isFullCredit":false},{"lineNumber":36,"author":{"gitId":"mayfairmi6"},"content":"    }","lastModifiedDate":"2024-10-15","isFullCredit":false},{"lineNumber":37,"author":{"gitId":"mayfairmi6"},"content":"}","lastModifiedDate":"2024-10-15","isFullCredit":false}],"authorContributionMap":{"mayfairmi6":37}},{"path":"src/main/java/TaskList.java","fileType":"java","lines":[{"lineNumber":1,"author":{"gitId":"mayfairmi6"},"content":"import java.util.ArrayList;","lastModifiedDate":"2024-10-15","isFullCredit":false},{"lineNumber":2,"author":{"gitId":"mayfairmi6"},"content":"","lastModifiedDate":"2024-10-15","isFullCredit":false},{"lineNumber":3,"author":{"gitId":"mayfairmi6"},"content":"/**","lastModifiedDate":"2024-10-15","isFullCredit":false},{"lineNumber":4,"author":{"gitId":"mayfairmi6"},"content":" * The {@code TaskList} class manages a list of tasks and provides methods","lastModifiedDate":"2024-10-15","isFullCredit":false},{"lineNumber":5,"author":{"gitId":"mayfairmi6"},"content":" * to manipulate the tasks, such as adding, deleting, and searching.","lastModifiedDate":"2024-10-15","isFullCredit":false},{"lineNumber":6,"author":{"gitId":"mayfairmi6"},"content":" */","lastModifiedDate":"2024-10-15","isFullCredit":false},{"lineNumber":7,"author":{"gitId":"mayfairmi6"},"content":"public class TaskList {","lastModifiedDate":"2024-10-15","isFullCredit":false},{"lineNumber":8,"author":{"gitId":"mayfairmi6"},"content":"    private ArrayList\u003cTask\u003e taskList;","lastModifiedDate":"2024-10-15","isFullCredit":false},{"lineNumber":9,"author":{"gitId":"mayfairmi6"},"content":"","lastModifiedDate":"2024-10-15","isFullCredit":false},{"lineNumber":10,"author":{"gitId":"mayfairmi6"},"content":"    /**","lastModifiedDate":"2024-10-15","isFullCredit":false},{"lineNumber":11,"author":{"gitId":"mayfairmi6"},"content":"     * Creates an empty {@code TaskList}.","lastModifiedDate":"2024-10-15","isFullCredit":false},{"lineNumber":12,"author":{"gitId":"mayfairmi6"},"content":"     */","lastModifiedDate":"2024-10-15","isFullCredit":false},{"lineNumber":13,"author":{"gitId":"mayfairmi6"},"content":"    public TaskList() {","lastModifiedDate":"2024-10-15","isFullCredit":false},{"lineNumber":14,"author":{"gitId":"mayfairmi6"},"content":"        taskList \u003d new ArrayList\u003c\u003e();","lastModifiedDate":"2024-10-15","isFullCredit":false},{"lineNumber":15,"author":{"gitId":"mayfairmi6"},"content":"    }","lastModifiedDate":"2024-10-15","isFullCredit":false},{"lineNumber":16,"author":{"gitId":"mayfairmi6"},"content":"","lastModifiedDate":"2024-10-15","isFullCredit":false},{"lineNumber":17,"author":{"gitId":"mayfairmi6"},"content":"    /**","lastModifiedDate":"2024-10-15","isFullCredit":false},{"lineNumber":18,"author":{"gitId":"mayfairmi6"},"content":"     * Creates a {@code TaskList} with an existing list of tasks.","lastModifiedDate":"2024-10-15","isFullCredit":false},{"lineNumber":19,"author":{"gitId":"mayfairmi6"},"content":"     *","lastModifiedDate":"2024-10-15","isFullCredit":false},{"lineNumber":20,"author":{"gitId":"mayfairmi6"},"content":"     * @param tasks The list of tasks to initialize the {@code TaskList} with.","lastModifiedDate":"2024-10-15","isFullCredit":false},{"lineNumber":21,"author":{"gitId":"mayfairmi6"},"content":"     */","lastModifiedDate":"2024-10-15","isFullCredit":false},{"lineNumber":22,"author":{"gitId":"mayfairmi6"},"content":"    public TaskList(ArrayList\u003cTask\u003e tasks) {","lastModifiedDate":"2024-10-15","isFullCredit":false},{"lineNumber":23,"author":{"gitId":"mayfairmi6"},"content":"        this.taskList \u003d tasks;","lastModifiedDate":"2024-10-15","isFullCredit":false},{"lineNumber":24,"author":{"gitId":"mayfairmi6"},"content":"    }","lastModifiedDate":"2024-10-15","isFullCredit":false},{"lineNumber":25,"author":{"gitId":"mayfairmi6"},"content":"","lastModifiedDate":"2024-10-15","isFullCredit":false},{"lineNumber":26,"author":{"gitId":"mayfairmi6"},"content":"    /**","lastModifiedDate":"2024-10-15","isFullCredit":false},{"lineNumber":27,"author":{"gitId":"mayfairmi6"},"content":"     * Adds a task to the task list.","lastModifiedDate":"2024-10-15","isFullCredit":false},{"lineNumber":28,"author":{"gitId":"mayfairmi6"},"content":"     *","lastModifiedDate":"2024-10-15","isFullCredit":false},{"lineNumber":29,"author":{"gitId":"mayfairmi6"},"content":"     * @param task The {@code Task} to be added.","lastModifiedDate":"2024-10-15","isFullCredit":false},{"lineNumber":30,"author":{"gitId":"mayfairmi6"},"content":"     */","lastModifiedDate":"2024-10-15","isFullCredit":false},{"lineNumber":31,"author":{"gitId":"mayfairmi6"},"content":"    public void addTask(Task task) {","lastModifiedDate":"2024-10-15","isFullCredit":false},{"lineNumber":32,"author":{"gitId":"mayfairmi6"},"content":"        taskList.add(task);","lastModifiedDate":"2024-10-15","isFullCredit":false},{"lineNumber":33,"author":{"gitId":"mayfairmi6"},"content":"    }","lastModifiedDate":"2024-10-15","isFullCredit":false},{"lineNumber":34,"author":{"gitId":"mayfairmi6"},"content":"","lastModifiedDate":"2024-10-15","isFullCredit":false},{"lineNumber":35,"author":{"gitId":"mayfairmi6"},"content":"    /**","lastModifiedDate":"2024-10-15","isFullCredit":false},{"lineNumber":36,"author":{"gitId":"mayfairmi6"},"content":"     * Deletes a task from the task list by its index.","lastModifiedDate":"2024-10-15","isFullCredit":false},{"lineNumber":37,"author":{"gitId":"mayfairmi6"},"content":"     *","lastModifiedDate":"2024-10-15","isFullCredit":false},{"lineNumber":38,"author":{"gitId":"mayfairmi6"},"content":"     * @param index The index of the task to delete (0-based).","lastModifiedDate":"2024-10-15","isFullCredit":false},{"lineNumber":39,"author":{"gitId":"mayfairmi6"},"content":"     * @return The {@code Task} that was removed.","lastModifiedDate":"2024-10-15","isFullCredit":false},{"lineNumber":40,"author":{"gitId":"mayfairmi6"},"content":"     * @throws AirBorderException If the index is out of bounds.","lastModifiedDate":"2024-10-15","isFullCredit":false},{"lineNumber":41,"author":{"gitId":"mayfairmi6"},"content":"     */","lastModifiedDate":"2024-10-15","isFullCredit":false},{"lineNumber":42,"author":{"gitId":"mayfairmi6"},"content":"    public Task deleteTask(int index) throws AirBorderException {","lastModifiedDate":"2024-10-15","isFullCredit":false},{"lineNumber":43,"author":{"gitId":"mayfairmi6"},"content":"        if (index \u003c 0 || index \u003e\u003d taskList.size()) {","lastModifiedDate":"2024-10-15","isFullCredit":false},{"lineNumber":44,"author":{"gitId":"mayfairmi6"},"content":"            throw new AirBorderException(\"Invalid task number.\");","lastModifiedDate":"2024-10-15","isFullCredit":false},{"lineNumber":45,"author":{"gitId":"mayfairmi6"},"content":"        }","lastModifiedDate":"2024-10-15","isFullCredit":false},{"lineNumber":46,"author":{"gitId":"mayfairmi6"},"content":"        return taskList.remove(index);","lastModifiedDate":"2024-10-15","isFullCredit":false},{"lineNumber":47,"author":{"gitId":"mayfairmi6"},"content":"    }","lastModifiedDate":"2024-10-15","isFullCredit":false},{"lineNumber":48,"author":{"gitId":"mayfairmi6"},"content":"","lastModifiedDate":"2024-10-15","isFullCredit":false},{"lineNumber":49,"author":{"gitId":"mayfairmi6"},"content":"    /**","lastModifiedDate":"2024-10-15","isFullCredit":false},{"lineNumber":50,"author":{"gitId":"mayfairmi6"},"content":"     * Retrieves a task from the task list by its index.","lastModifiedDate":"2024-10-15","isFullCredit":false},{"lineNumber":51,"author":{"gitId":"mayfairmi6"},"content":"     *","lastModifiedDate":"2024-10-15","isFullCredit":false},{"lineNumber":52,"author":{"gitId":"mayfairmi6"},"content":"     * @param index The index of the task to retrieve (0-based).","lastModifiedDate":"2024-10-15","isFullCredit":false},{"lineNumber":53,"author":{"gitId":"mayfairmi6"},"content":"     * @return The {@code Task} at the specified index.","lastModifiedDate":"2024-10-15","isFullCredit":false},{"lineNumber":54,"author":{"gitId":"mayfairmi6"},"content":"     * @throws AirBorderException If the index is out of bounds.","lastModifiedDate":"2024-10-15","isFullCredit":false},{"lineNumber":55,"author":{"gitId":"mayfairmi6"},"content":"     */","lastModifiedDate":"2024-10-15","isFullCredit":false},{"lineNumber":56,"author":{"gitId":"mayfairmi6"},"content":"    public Task getTask(int index) throws AirBorderException {","lastModifiedDate":"2024-10-15","isFullCredit":false},{"lineNumber":57,"author":{"gitId":"mayfairmi6"},"content":"        if (index \u003c 0 || index \u003e\u003d taskList.size()) {","lastModifiedDate":"2024-10-15","isFullCredit":false},{"lineNumber":58,"author":{"gitId":"mayfairmi6"},"content":"            throw new AirBorderException(\"Invalid task number.\");","lastModifiedDate":"2024-10-15","isFullCredit":false},{"lineNumber":59,"author":{"gitId":"mayfairmi6"},"content":"        }","lastModifiedDate":"2024-10-15","isFullCredit":false},{"lineNumber":60,"author":{"gitId":"mayfairmi6"},"content":"        return taskList.get(index);","lastModifiedDate":"2024-10-15","isFullCredit":false},{"lineNumber":61,"author":{"gitId":"mayfairmi6"},"content":"    }","lastModifiedDate":"2024-10-15","isFullCredit":false},{"lineNumber":62,"author":{"gitId":"mayfairmi6"},"content":"","lastModifiedDate":"2024-10-15","isFullCredit":false},{"lineNumber":63,"author":{"gitId":"mayfairmi6"},"content":"    /**","lastModifiedDate":"2024-10-15","isFullCredit":false},{"lineNumber":64,"author":{"gitId":"mayfairmi6"},"content":"     * Retrieves all tasks in the task list.","lastModifiedDate":"2024-10-15","isFullCredit":false},{"lineNumber":65,"author":{"gitId":"mayfairmi6"},"content":"     *","lastModifiedDate":"2024-10-15","isFullCredit":false},{"lineNumber":66,"author":{"gitId":"mayfairmi6"},"content":"     * @return An {@code ArrayList} containing all tasks.","lastModifiedDate":"2024-10-15","isFullCredit":false},{"lineNumber":67,"author":{"gitId":"mayfairmi6"},"content":"     */","lastModifiedDate":"2024-10-15","isFullCredit":false},{"lineNumber":68,"author":{"gitId":"mayfairmi6"},"content":"    public ArrayList\u003cTask\u003e getAllTasks() {","lastModifiedDate":"2024-10-15","isFullCredit":false},{"lineNumber":69,"author":{"gitId":"mayfairmi6"},"content":"        return taskList;","lastModifiedDate":"2024-10-15","isFullCredit":false},{"lineNumber":70,"author":{"gitId":"mayfairmi6"},"content":"    }","lastModifiedDate":"2024-10-15","isFullCredit":false},{"lineNumber":71,"author":{"gitId":"mayfairmi6"},"content":"","lastModifiedDate":"2024-10-15","isFullCredit":false},{"lineNumber":72,"author":{"gitId":"mayfairmi6"},"content":"    /**","lastModifiedDate":"2024-10-15","isFullCredit":false},{"lineNumber":73,"author":{"gitId":"mayfairmi6"},"content":"     * Returns the number of tasks in the task list.","lastModifiedDate":"2024-10-15","isFullCredit":false},{"lineNumber":74,"author":{"gitId":"mayfairmi6"},"content":"     *","lastModifiedDate":"2024-10-15","isFullCredit":false},{"lineNumber":75,"author":{"gitId":"mayfairmi6"},"content":"     * @return The size of the task list.","lastModifiedDate":"2024-10-15","isFullCredit":false},{"lineNumber":76,"author":{"gitId":"mayfairmi6"},"content":"     */","lastModifiedDate":"2024-10-15","isFullCredit":false},{"lineNumber":77,"author":{"gitId":"mayfairmi6"},"content":"    public int size() {","lastModifiedDate":"2024-10-15","isFullCredit":false},{"lineNumber":78,"author":{"gitId":"mayfairmi6"},"content":"        return taskList.size();","lastModifiedDate":"2024-10-15","isFullCredit":false},{"lineNumber":79,"author":{"gitId":"mayfairmi6"},"content":"    }","lastModifiedDate":"2024-10-15","isFullCredit":false},{"lineNumber":80,"author":{"gitId":"mayfairmi6"},"content":"","lastModifiedDate":"2024-10-15","isFullCredit":false},{"lineNumber":81,"author":{"gitId":"mayfairmi6"},"content":"    /**","lastModifiedDate":"2024-10-15","isFullCredit":false},{"lineNumber":82,"author":{"gitId":"mayfairmi6"},"content":"     * Checks if the task list is empty.","lastModifiedDate":"2024-10-15","isFullCredit":false},{"lineNumber":83,"author":{"gitId":"mayfairmi6"},"content":"     *","lastModifiedDate":"2024-10-15","isFullCredit":false},{"lineNumber":84,"author":{"gitId":"mayfairmi6"},"content":"     * @return {@code true} if the task list is empty; {@code false} otherwise.","lastModifiedDate":"2024-10-15","isFullCredit":false},{"lineNumber":85,"author":{"gitId":"mayfairmi6"},"content":"     */","lastModifiedDate":"2024-10-15","isFullCredit":false},{"lineNumber":86,"author":{"gitId":"mayfairmi6"},"content":"    public boolean isEmpty() {","lastModifiedDate":"2024-10-15","isFullCredit":false},{"lineNumber":87,"author":{"gitId":"mayfairmi6"},"content":"        return taskList.isEmpty();","lastModifiedDate":"2024-10-15","isFullCredit":false},{"lineNumber":88,"author":{"gitId":"mayfairmi6"},"content":"    }","lastModifiedDate":"2024-10-15","isFullCredit":false},{"lineNumber":89,"author":{"gitId":"mayfairmi6"},"content":"","lastModifiedDate":"2024-10-15","isFullCredit":false},{"lineNumber":90,"author":{"gitId":"mayfairmi6"},"content":"    /**","lastModifiedDate":"2024-10-15","isFullCredit":false},{"lineNumber":91,"author":{"gitId":"mayfairmi6"},"content":"     * Searches for tasks that contain the specified keyword in their descriptions.","lastModifiedDate":"2024-10-15","isFullCredit":false},{"lineNumber":92,"author":{"gitId":"mayfairmi6"},"content":"     *","lastModifiedDate":"2024-10-15","isFullCredit":false},{"lineNumber":93,"author":{"gitId":"mayfairmi6"},"content":"     * @param keyword The keyword to search for.","lastModifiedDate":"2024-10-15","isFullCredit":false},{"lineNumber":94,"author":{"gitId":"mayfairmi6"},"content":"     * @return An {@code ArrayList} of tasks that match the keyword.","lastModifiedDate":"2024-10-15","isFullCredit":false},{"lineNumber":95,"author":{"gitId":"mayfairmi6"},"content":"     */","lastModifiedDate":"2024-10-15","isFullCredit":false},{"lineNumber":96,"author":{"gitId":"mayfairmi6"},"content":"    public ArrayList\u003cTask\u003e findTasks(String keyword) {","lastModifiedDate":"2024-10-15","isFullCredit":false},{"lineNumber":97,"author":{"gitId":"mayfairmi6"},"content":"        ArrayList\u003cTask\u003e matchingTasks \u003d new ArrayList\u003c\u003e();","lastModifiedDate":"2024-10-15","isFullCredit":false},{"lineNumber":98,"author":{"gitId":"mayfairmi6"},"content":"        for (Task task : taskList) {","lastModifiedDate":"2024-10-15","isFullCredit":false},{"lineNumber":99,"author":{"gitId":"mayfairmi6"},"content":"            if (task.description.contains(keyword)) {","lastModifiedDate":"2024-10-15","isFullCredit":false},{"lineNumber":100,"author":{"gitId":"mayfairmi6"},"content":"                matchingTasks.add(task);","lastModifiedDate":"2024-10-15","isFullCredit":false},{"lineNumber":101,"author":{"gitId":"mayfairmi6"},"content":"            }","lastModifiedDate":"2024-10-15","isFullCredit":false},{"lineNumber":102,"author":{"gitId":"mayfairmi6"},"content":"        }","lastModifiedDate":"2024-10-15","isFullCredit":false},{"lineNumber":103,"author":{"gitId":"mayfairmi6"},"content":"        return matchingTasks;","lastModifiedDate":"2024-10-15","isFullCredit":false},{"lineNumber":104,"author":{"gitId":"mayfairmi6"},"content":"    }","lastModifiedDate":"2024-10-15","isFullCredit":false},{"lineNumber":105,"author":{"gitId":"mayfairmi6"},"content":"}","lastModifiedDate":"2024-10-15","isFullCredit":false}],"authorContributionMap":{"mayfairmi6":105}},{"path":"src/main/java/Ui.java","fileType":"java","lines":[{"lineNumber":1,"author":{"gitId":"mayfairmi6"},"content":"import java.util.ArrayList;","lastModifiedDate":"2024-10-15","isFullCredit":false},{"lineNumber":2,"author":{"gitId":"mayfairmi6"},"content":"import java.util.Scanner;","lastModifiedDate":"2024-10-03","isFullCredit":false},{"lineNumber":3,"author":{"gitId":"mayfairmi6"},"content":"import java.util.ArrayList;","lastModifiedDate":"2024-10-15","isFullCredit":false},{"lineNumber":4,"author":{"gitId":"mayfairmi6"},"content":"/**","lastModifiedDate":"2024-10-03","isFullCredit":false},{"lineNumber":5,"author":{"gitId":"mayfairmi6"},"content":" * The {@code Ui} class handles interactions with the user,","lastModifiedDate":"2024-10-15","isFullCredit":false},{"lineNumber":6,"author":{"gitId":"mayfairmi6"},"content":" * including displaying messages and reading user input.","lastModifiedDate":"2024-10-15","isFullCredit":false},{"lineNumber":7,"author":{"gitId":"mayfairmi6"},"content":" */","lastModifiedDate":"2024-10-03","isFullCredit":false},{"lineNumber":8,"author":{"gitId":"mayfairmi6"},"content":"public class Ui {","lastModifiedDate":"2024-10-03","isFullCredit":false},{"lineNumber":9,"author":{"gitId":"mayfairmi6"},"content":"    private Scanner inputScanner;","lastModifiedDate":"2024-10-15","isFullCredit":false},{"lineNumber":10,"author":{"gitId":"mayfairmi6"},"content":"","lastModifiedDate":"2024-10-03","isFullCredit":false},{"lineNumber":11,"author":{"gitId":"mayfairmi6"},"content":"    /**","lastModifiedDate":"2024-10-03","isFullCredit":false},{"lineNumber":12,"author":{"gitId":"mayfairmi6"},"content":"     * Initializes the {@code Ui} with a new {@code Scanner} for user input.","lastModifiedDate":"2024-10-15","isFullCredit":false},{"lineNumber":13,"author":{"gitId":"mayfairmi6"},"content":"     */","lastModifiedDate":"2024-10-03","isFullCredit":false},{"lineNumber":14,"author":{"gitId":"mayfairmi6"},"content":"    public Ui() {","lastModifiedDate":"2024-10-03","isFullCredit":false},{"lineNumber":15,"author":{"gitId":"mayfairmi6"},"content":"        inputScanner \u003d new Scanner(System.in);","lastModifiedDate":"2024-10-15","isFullCredit":false},{"lineNumber":16,"author":{"gitId":"mayfairmi6"},"content":"    }","lastModifiedDate":"2024-10-03","isFullCredit":false},{"lineNumber":17,"author":{"gitId":"mayfairmi6"},"content":"","lastModifiedDate":"2024-10-03","isFullCredit":false},{"lineNumber":18,"author":{"gitId":"mayfairmi6"},"content":"    /**","lastModifiedDate":"2024-10-03","isFullCredit":false},{"lineNumber":19,"author":{"gitId":"mayfairmi6"},"content":"     * Displays the welcome message to the user.","lastModifiedDate":"2024-10-15","isFullCredit":false},{"lineNumber":20,"author":{"gitId":"mayfairmi6"},"content":"     */","lastModifiedDate":"2024-10-03","isFullCredit":false},{"lineNumber":21,"author":{"gitId":"mayfairmi6"},"content":"    public void showWelcomeMessage() {","lastModifiedDate":"2024-10-03","isFullCredit":false},{"lineNumber":22,"author":{"gitId":"mayfairmi6"},"content":"        System.out.println(\"____________________________________________________________\");","lastModifiedDate":"2024-10-03","isFullCredit":false},{"lineNumber":23,"author":{"gitId":"mayfairmi6"},"content":"        System.out.println(\" Welcome aboard AirBorder.\");","lastModifiedDate":"2024-10-03","isFullCredit":false},{"lineNumber":24,"author":{"gitId":"mayfairmi6"},"content":"        System.out.println(\" Ready to assist you with your tasks!\");","lastModifiedDate":"2024-10-15","isFullCredit":false},{"lineNumber":25,"author":{"gitId":"mayfairmi6"},"content":"        System.out.println(\"____________________________________________________________\");","lastModifiedDate":"2024-10-03","isFullCredit":false},{"lineNumber":26,"author":{"gitId":"mayfairmi6"},"content":"    }","lastModifiedDate":"2024-10-03","isFullCredit":false},{"lineNumber":27,"author":{"gitId":"mayfairmi6"},"content":"","lastModifiedDate":"2024-10-03","isFullCredit":false},{"lineNumber":28,"author":{"gitId":"mayfairmi6"},"content":"    /**","lastModifiedDate":"2024-10-03","isFullCredit":false},{"lineNumber":29,"author":{"gitId":"mayfairmi6"},"content":"     * Displays the exit message to the user.","lastModifiedDate":"2024-10-15","isFullCredit":false},{"lineNumber":30,"author":{"gitId":"mayfairmi6"},"content":"     */","lastModifiedDate":"2024-10-03","isFullCredit":false},{"lineNumber":31,"author":{"gitId":"mayfairmi6"},"content":"    public void showExitMessage() {","lastModifiedDate":"2024-10-15","isFullCredit":false},{"lineNumber":32,"author":{"gitId":"mayfairmi6"},"content":"        System.out.println(\"____________________________________________________________\");","lastModifiedDate":"2024-10-15","isFullCredit":false},{"lineNumber":33,"author":{"gitId":"mayfairmi6"},"content":"        System.out.println(\" Thank you for flying with AirBorder!\");","lastModifiedDate":"2024-10-15","isFullCredit":false},{"lineNumber":34,"author":{"gitId":"mayfairmi6"},"content":"        System.out.println(\"____________________________________________________________\");","lastModifiedDate":"2024-10-03","isFullCredit":false},{"lineNumber":35,"author":{"gitId":"mayfairmi6"},"content":"    }","lastModifiedDate":"2024-10-03","isFullCredit":false},{"lineNumber":36,"author":{"gitId":"mayfairmi6"},"content":"","lastModifiedDate":"2024-10-03","isFullCredit":false},{"lineNumber":37,"author":{"gitId":"mayfairmi6"},"content":"    /**","lastModifiedDate":"2024-10-03","isFullCredit":false},{"lineNumber":38,"author":{"gitId":"mayfairmi6"},"content":"     * Reads and returns the user\u0027s input command.","lastModifiedDate":"2024-10-15","isFullCredit":false},{"lineNumber":39,"author":{"gitId":"mayfairmi6"},"content":"     *","lastModifiedDate":"2024-10-15","isFullCredit":false},{"lineNumber":40,"author":{"gitId":"mayfairmi6"},"content":"     * @return The command entered by the user.","lastModifiedDate":"2024-10-15","isFullCredit":false},{"lineNumber":41,"author":{"gitId":"mayfairmi6"},"content":"     */","lastModifiedDate":"2024-10-03","isFullCredit":false},{"lineNumber":42,"author":{"gitId":"mayfairmi6"},"content":"    public String readCommand() {","lastModifiedDate":"2024-10-15","isFullCredit":false},{"lineNumber":43,"author":{"gitId":"mayfairmi6"},"content":"        return inputScanner.nextLine().trim();","lastModifiedDate":"2024-10-15","isFullCredit":false},{"lineNumber":44,"author":{"gitId":"mayfairmi6"},"content":"    }","lastModifiedDate":"2024-10-03","isFullCredit":false},{"lineNumber":45,"author":{"gitId":"mayfairmi6"},"content":"","lastModifiedDate":"2024-10-15","isFullCredit":false},{"lineNumber":46,"author":{"gitId":"mayfairmi6"},"content":"    /**","lastModifiedDate":"2024-10-15","isFullCredit":false},{"lineNumber":47,"author":{"gitId":"mayfairmi6"},"content":"     * Displays a divider line for better readability.","lastModifiedDate":"2024-10-15","isFullCredit":false},{"lineNumber":48,"author":{"gitId":"mayfairmi6"},"content":"     */","lastModifiedDate":"2024-10-15","isFullCredit":false},{"lineNumber":49,"author":{"gitId":"mayfairmi6"},"content":"    public void showLine() {","lastModifiedDate":"2024-10-15","isFullCredit":false},{"lineNumber":50,"author":{"gitId":"mayfairmi6"},"content":"        System.out.println(\"____________________________________________________________\");","lastModifiedDate":"2024-10-13","isFullCredit":false},{"lineNumber":51,"author":{"gitId":"mayfairmi6"},"content":"    }","lastModifiedDate":"2024-10-03","isFullCredit":false},{"lineNumber":52,"author":{"gitId":"mayfairmi6"},"content":"","lastModifiedDate":"2024-10-03","isFullCredit":false},{"lineNumber":53,"author":{"gitId":"mayfairmi6"},"content":"    /**","lastModifiedDate":"2024-10-03","isFullCredit":false},{"lineNumber":54,"author":{"gitId":"mayfairmi6"},"content":"     * Displays an error message to the user.","lastModifiedDate":"2024-10-15","isFullCredit":false},{"lineNumber":55,"author":{"gitId":"mayfairmi6"},"content":"     *","lastModifiedDate":"2024-10-03","isFullCredit":false},{"lineNumber":56,"author":{"gitId":"mayfairmi6"},"content":"     * @param message The error message to display.","lastModifiedDate":"2024-10-15","isFullCredit":false},{"lineNumber":57,"author":{"gitId":"mayfairmi6"},"content":"     */","lastModifiedDate":"2024-10-03","isFullCredit":false},{"lineNumber":58,"author":{"gitId":"mayfairmi6"},"content":"    public void showError(String message) {","lastModifiedDate":"2024-10-15","isFullCredit":false},{"lineNumber":59,"author":{"gitId":"mayfairmi6"},"content":"        showLine();","lastModifiedDate":"2024-10-15","isFullCredit":false},{"lineNumber":60,"author":{"gitId":"mayfairmi6"},"content":"        System.out.println(\" ERROR: \" + message);","lastModifiedDate":"2024-10-15","isFullCredit":false},{"lineNumber":61,"author":{"gitId":"mayfairmi6"},"content":"        showLine();","lastModifiedDate":"2024-10-15","isFullCredit":false},{"lineNumber":62,"author":{"gitId":"mayfairmi6"},"content":"    }","lastModifiedDate":"2024-10-03","isFullCredit":false},{"lineNumber":63,"author":{"gitId":"mayfairmi6"},"content":"","lastModifiedDate":"2024-10-03","isFullCredit":false},{"lineNumber":64,"author":{"gitId":"mayfairmi6"},"content":"    /**","lastModifiedDate":"2024-10-03","isFullCredit":false},{"lineNumber":65,"author":{"gitId":"mayfairmi6"},"content":"     * Displays a message when a task is added.","lastModifiedDate":"2024-10-15","isFullCredit":false},{"lineNumber":66,"author":{"gitId":"mayfairmi6"},"content":"     *","lastModifiedDate":"2024-10-03","isFullCredit":false},{"lineNumber":67,"author":{"gitId":"mayfairmi6"},"content":"     * @param task      The task that was added.","lastModifiedDate":"2024-10-15","isFullCredit":false},{"lineNumber":68,"author":{"gitId":"mayfairmi6"},"content":"     * @param taskCount The current number of tasks.","lastModifiedDate":"2024-10-15","isFullCredit":false},{"lineNumber":69,"author":{"gitId":"mayfairmi6"},"content":"     */","lastModifiedDate":"2024-10-03","isFullCredit":false},{"lineNumber":70,"author":{"gitId":"mayfairmi6"},"content":"    public void showTaskAdded(Task task, int taskCount) {","lastModifiedDate":"2024-10-15","isFullCredit":false},{"lineNumber":71,"author":{"gitId":"mayfairmi6"},"content":"        showLine();","lastModifiedDate":"2024-10-15","isFullCredit":false},{"lineNumber":72,"author":{"gitId":"mayfairmi6"},"content":"        System.out.println(\" Task added: \" + task);","lastModifiedDate":"2024-10-15","isFullCredit":false},{"lineNumber":73,"author":{"gitId":"mayfairmi6"},"content":"        System.out.println(\" Now you have \" + taskCount + \" tasks.\");","lastModifiedDate":"2024-10-15","isFullCredit":false},{"lineNumber":74,"author":{"gitId":"mayfairmi6"},"content":"        showLine();","lastModifiedDate":"2024-10-15","isFullCredit":false},{"lineNumber":75,"author":{"gitId":"mayfairmi6"},"content":"    }","lastModifiedDate":"2024-10-03","isFullCredit":false},{"lineNumber":76,"author":{"gitId":"mayfairmi6"},"content":"","lastModifiedDate":"2024-10-03","isFullCredit":false},{"lineNumber":77,"author":{"gitId":"mayfairmi6"},"content":"    /**","lastModifiedDate":"2024-10-15","isFullCredit":false},{"lineNumber":78,"author":{"gitId":"mayfairmi6"},"content":"     * Displays a message when a task is deleted.","lastModifiedDate":"2024-10-15","isFullCredit":false},{"lineNumber":79,"author":{"gitId":"mayfairmi6"},"content":"     *","lastModifiedDate":"2024-10-15","isFullCredit":false},{"lineNumber":80,"author":{"gitId":"mayfairmi6"},"content":"     * @param task      The task that was deleted.","lastModifiedDate":"2024-10-15","isFullCredit":false},{"lineNumber":81,"author":{"gitId":"mayfairmi6"},"content":"     * @param taskCount The current number of tasks.","lastModifiedDate":"2024-10-15","isFullCredit":false},{"lineNumber":82,"author":{"gitId":"mayfairmi6"},"content":"     */","lastModifiedDate":"2024-10-15","isFullCredit":false},{"lineNumber":83,"author":{"gitId":"mayfairmi6"},"content":"    public void showTaskDeleted(Task task, int taskCount) {","lastModifiedDate":"2024-10-15","isFullCredit":false},{"lineNumber":84,"author":{"gitId":"mayfairmi6"},"content":"        showLine();","lastModifiedDate":"2024-10-15","isFullCredit":false},{"lineNumber":85,"author":{"gitId":"mayfairmi6"},"content":"        System.out.println(\" Task deleted: \" + task);","lastModifiedDate":"2024-10-15","isFullCredit":false},{"lineNumber":86,"author":{"gitId":"mayfairmi6"},"content":"        System.out.println(\" Now you have \" + taskCount + \" tasks.\");","lastModifiedDate":"2024-10-15","isFullCredit":false},{"lineNumber":87,"author":{"gitId":"mayfairmi6"},"content":"        showLine();","lastModifiedDate":"2024-10-15","isFullCredit":false},{"lineNumber":88,"author":{"gitId":"mayfairmi6"},"content":"    }","lastModifiedDate":"2024-10-03","isFullCredit":false},{"lineNumber":89,"author":{"gitId":"mayfairmi6"},"content":"","lastModifiedDate":"2024-10-03","isFullCredit":false},{"lineNumber":90,"author":{"gitId":"mayfairmi6"},"content":"    /**","lastModifiedDate":"2024-10-14","isFullCredit":false},{"lineNumber":91,"author":{"gitId":"mayfairmi6"},"content":"     * Displays a message when a task is marked as done.","lastModifiedDate":"2024-10-15","isFullCredit":false},{"lineNumber":92,"author":{"gitId":"mayfairmi6"},"content":"     *","lastModifiedDate":"2024-10-14","isFullCredit":false},{"lineNumber":93,"author":{"gitId":"mayfairmi6"},"content":"     * @param task The task that was marked as done.","lastModifiedDate":"2024-10-15","isFullCredit":false},{"lineNumber":94,"author":{"gitId":"mayfairmi6"},"content":"     */","lastModifiedDate":"2024-10-14","isFullCredit":false},{"lineNumber":95,"author":{"gitId":"mayfairmi6"},"content":"    public void showTaskDone(Task task) {","lastModifiedDate":"2024-10-15","isFullCredit":false},{"lineNumber":96,"author":{"gitId":"mayfairmi6"},"content":"        showLine();","lastModifiedDate":"2024-10-15","isFullCredit":false},{"lineNumber":97,"author":{"gitId":"mayfairmi6"},"content":"        System.out.println(\" Task completed: \" + task);","lastModifiedDate":"2024-10-15","isFullCredit":false},{"lineNumber":98,"author":{"gitId":"mayfairmi6"},"content":"        showLine();","lastModifiedDate":"2024-10-15","isFullCredit":false},{"lineNumber":99,"author":{"gitId":"mayfairmi6"},"content":"    }","lastModifiedDate":"2024-10-14","isFullCredit":false},{"lineNumber":100,"author":{"gitId":"mayfairmi6"},"content":"","lastModifiedDate":"2024-10-14","isFullCredit":false},{"lineNumber":101,"author":{"gitId":"mayfairmi6"},"content":"    /**","lastModifiedDate":"2024-10-15","isFullCredit":false},{"lineNumber":102,"author":{"gitId":"mayfairmi6"},"content":"     * Displays a message when a task is marked as not done.","lastModifiedDate":"2024-10-15","isFullCredit":false},{"lineNumber":103,"author":{"gitId":"mayfairmi6"},"content":"     *","lastModifiedDate":"2024-10-15","isFullCredit":false},{"lineNumber":104,"author":{"gitId":"mayfairmi6"},"content":"     * @param task The task that was marked as not done.","lastModifiedDate":"2024-10-15","isFullCredit":false},{"lineNumber":105,"author":{"gitId":"mayfairmi6"},"content":"     */","lastModifiedDate":"2024-10-15","isFullCredit":false},{"lineNumber":106,"author":{"gitId":"mayfairmi6"},"content":"    public void showTaskUndone(Task task) {","lastModifiedDate":"2024-10-15","isFullCredit":false},{"lineNumber":107,"author":{"gitId":"mayfairmi6"},"content":"        showLine();","lastModifiedDate":"2024-10-15","isFullCredit":false},{"lineNumber":108,"author":{"gitId":"mayfairmi6"},"content":"        System.out.println(\" Task marked as incomplete: \" + task);","lastModifiedDate":"2024-10-15","isFullCredit":false},{"lineNumber":109,"author":{"gitId":"mayfairmi6"},"content":"        showLine();","lastModifiedDate":"2024-10-15","isFullCredit":false},{"lineNumber":110,"author":{"gitId":"mayfairmi6"},"content":"    }","lastModifiedDate":"2024-10-15","isFullCredit":false},{"lineNumber":111,"author":{"gitId":"mayfairmi6"},"content":"","lastModifiedDate":"2024-10-14","isFullCredit":false},{"lineNumber":112,"author":{"gitId":"mayfairmi6"},"content":"    /**","lastModifiedDate":"2024-10-03","isFullCredit":false},{"lineNumber":113,"author":{"gitId":"mayfairmi6"},"content":"     * Displays the list of all tasks to the user.","lastModifiedDate":"2024-10-15","isFullCredit":false},{"lineNumber":114,"author":{"gitId":"mayfairmi6"},"content":"     *","lastModifiedDate":"2024-10-03","isFullCredit":false},{"lineNumber":115,"author":{"gitId":"mayfairmi6"},"content":"     * @param taskList The {@code TaskList} containing all tasks.","lastModifiedDate":"2024-10-15","isFullCredit":false},{"lineNumber":116,"author":{"gitId":"mayfairmi6"},"content":"     */","lastModifiedDate":"2024-10-03","isFullCredit":false},{"lineNumber":117,"author":{"gitId":"mayfairmi6"},"content":"    public void showTaskList(TaskList taskList) {","lastModifiedDate":"2024-10-15","isFullCredit":false},{"lineNumber":118,"author":{"gitId":"mayfairmi6"},"content":"        showLine();","lastModifiedDate":"2024-10-15","isFullCredit":false},{"lineNumber":119,"author":{"gitId":"mayfairmi6"},"content":"        if (taskList.isEmpty()) {","lastModifiedDate":"2024-10-15","isFullCredit":false},{"lineNumber":120,"author":{"gitId":"mayfairmi6"},"content":"            System.out.println(\" No tasks in your list.\");","lastModifiedDate":"2024-10-15","isFullCredit":false},{"lineNumber":121,"author":{"gitId":"mayfairmi6"},"content":"        } else {","lastModifiedDate":"2024-10-15","isFullCredit":false},{"lineNumber":122,"author":{"gitId":"mayfairmi6"},"content":"            System.out.println(\" Here are your tasks:\");","lastModifiedDate":"2024-10-15","isFullCredit":false},{"lineNumber":123,"author":{"gitId":"mayfairmi6"},"content":"            for (int i \u003d 0; i \u003c taskList.size(); i++) {","lastModifiedDate":"2024-10-15","isFullCredit":false},{"lineNumber":124,"author":{"gitId":"mayfairmi6"},"content":"                try {","lastModifiedDate":"2024-10-15","isFullCredit":false},{"lineNumber":125,"author":{"gitId":"mayfairmi6"},"content":"                    System.out.println(\" \" + (i + 1) + \".\" + taskList.getTask(i));","lastModifiedDate":"2024-10-15","isFullCredit":false},{"lineNumber":126,"author":{"gitId":"mayfairmi6"},"content":"                } catch (AirBorderException e) {","lastModifiedDate":"2024-10-15","isFullCredit":false},{"lineNumber":127,"author":{"gitId":"mayfairmi6"},"content":"                    showError(e.getMessage());","lastModifiedDate":"2024-10-15","isFullCredit":false},{"lineNumber":128,"author":{"gitId":"mayfairmi6"},"content":"                }","lastModifiedDate":"2024-10-15","isFullCredit":false},{"lineNumber":129,"author":{"gitId":"mayfairmi6"},"content":"            }","lastModifiedDate":"2024-10-15","isFullCredit":false},{"lineNumber":130,"author":{"gitId":"mayfairmi6"},"content":"        }","lastModifiedDate":"2024-10-15","isFullCredit":false},{"lineNumber":131,"author":{"gitId":"mayfairmi6"},"content":"        showLine();","lastModifiedDate":"2024-10-15","isFullCredit":false},{"lineNumber":132,"author":{"gitId":"mayfairmi6"},"content":"    }","lastModifiedDate":"2024-10-03","isFullCredit":false},{"lineNumber":133,"author":{"gitId":"mayfairmi6"},"content":"","lastModifiedDate":"2024-10-03","isFullCredit":false},{"lineNumber":134,"author":{"gitId":"mayfairmi6"},"content":"    /**","lastModifiedDate":"2024-10-03","isFullCredit":false},{"lineNumber":135,"author":{"gitId":"mayfairmi6"},"content":"     * Displays an error message if tasks cannot be loaded from the file.","lastModifiedDate":"2024-10-15","isFullCredit":false},{"lineNumber":136,"author":{"gitId":"mayfairmi6"},"content":"     */","lastModifiedDate":"2024-10-03","isFullCredit":false},{"lineNumber":137,"author":{"gitId":"mayfairmi6"},"content":"    public void showLoadingError() {","lastModifiedDate":"2024-10-15","isFullCredit":false},{"lineNumber":138,"author":{"gitId":"mayfairmi6"},"content":"        showLine();","lastModifiedDate":"2024-10-15","isFullCredit":false},{"lineNumber":139,"author":{"gitId":"mayfairmi6"},"content":"        System.out.println(\" Error loading tasks from file.\");","lastModifiedDate":"2024-10-15","isFullCredit":false},{"lineNumber":140,"author":{"gitId":"mayfairmi6"},"content":"        showLine();","lastModifiedDate":"2024-10-15","isFullCredit":false},{"lineNumber":141,"author":{"gitId":"mayfairmi6"},"content":"    }","lastModifiedDate":"2024-10-03","isFullCredit":false},{"lineNumber":142,"author":{"gitId":"mayfairmi6"},"content":"","lastModifiedDate":"2024-10-03","isFullCredit":false},{"lineNumber":143,"author":{"gitId":"mayfairmi6"},"content":"    /**","lastModifiedDate":"2024-10-03","isFullCredit":false},{"lineNumber":144,"author":{"gitId":"mayfairmi6"},"content":"     * Displays the tasks that match the search keyword.","lastModifiedDate":"2024-10-15","isFullCredit":false},{"lineNumber":145,"author":{"gitId":"mayfairmi6"},"content":"     *","lastModifiedDate":"2024-10-15","isFullCredit":false},{"lineNumber":146,"author":{"gitId":"mayfairmi6"},"content":"     * @param matchingTasks The list of tasks that match the keyword.","lastModifiedDate":"2024-10-15","isFullCredit":false},{"lineNumber":147,"author":{"gitId":"mayfairmi6"},"content":"     */","lastModifiedDate":"2024-10-03","isFullCredit":false},{"lineNumber":148,"author":{"gitId":"mayfairmi6"},"content":"    public void showMatchingTasks(ArrayList\u003cTask\u003e matchingTasks) {","lastModifiedDate":"2024-10-15","isFullCredit":false},{"lineNumber":149,"author":{"gitId":"mayfairmi6"},"content":"        showLine();","lastModifiedDate":"2024-10-15","isFullCredit":false},{"lineNumber":150,"author":{"gitId":"mayfairmi6"},"content":"        if (matchingTasks.isEmpty()) {","lastModifiedDate":"2024-10-15","isFullCredit":false},{"lineNumber":151,"author":{"gitId":"mayfairmi6"},"content":"            System.out.println(\" No matching tasks found.\");","lastModifiedDate":"2024-10-15","isFullCredit":false},{"lineNumber":152,"author":{"gitId":"mayfairmi6"},"content":"        } else {","lastModifiedDate":"2024-10-15","isFullCredit":false},{"lineNumber":153,"author":{"gitId":"mayfairmi6"},"content":"            System.out.println(\" Here are the matching tasks in your list:\");","lastModifiedDate":"2024-10-15","isFullCredit":false},{"lineNumber":154,"author":{"gitId":"mayfairmi6"},"content":"            int index \u003d 1;","lastModifiedDate":"2024-10-15","isFullCredit":false},{"lineNumber":155,"author":{"gitId":"mayfairmi6"},"content":"            for (Task task : matchingTasks) {","lastModifiedDate":"2024-10-15","isFullCredit":false},{"lineNumber":156,"author":{"gitId":"mayfairmi6"},"content":"                System.out.println(\" \" + index + \".\" + task);","lastModifiedDate":"2024-10-15","isFullCredit":false},{"lineNumber":157,"author":{"gitId":"mayfairmi6"},"content":"                index++;","lastModifiedDate":"2024-10-15","isFullCredit":false},{"lineNumber":158,"author":{"gitId":"mayfairmi6"},"content":"            }","lastModifiedDate":"2024-10-15","isFullCredit":false},{"lineNumber":159,"author":{"gitId":"mayfairmi6"},"content":"        }","lastModifiedDate":"2024-10-15","isFullCredit":false},{"lineNumber":160,"author":{"gitId":"mayfairmi6"},"content":"        showLine();","lastModifiedDate":"2024-10-15","isFullCredit":false},{"lineNumber":161,"author":{"gitId":"mayfairmi6"},"content":"    }","lastModifiedDate":"2024-10-03","isFullCredit":false},{"lineNumber":162,"author":{"gitId":"mayfairmi6"},"content":"","lastModifiedDate":"2024-10-03","isFullCredit":false},{"lineNumber":163,"author":{"gitId":"mayfairmi6"},"content":"    /**","lastModifiedDate":"2024-10-03","isFullCredit":false},{"lineNumber":164,"author":{"gitId":"mayfairmi6"},"content":"     * Closes the {@code Scanner} resource.","lastModifiedDate":"2024-10-15","isFullCredit":false},{"lineNumber":165,"author":{"gitId":"mayfairmi6"},"content":"     */","lastModifiedDate":"2024-10-03","isFullCredit":false},{"lineNumber":166,"author":{"gitId":"mayfairmi6"},"content":"    public void close() {","lastModifiedDate":"2024-10-15","isFullCredit":false},{"lineNumber":167,"author":{"gitId":"mayfairmi6"},"content":"        inputScanner.close();","lastModifiedDate":"2024-10-15","isFullCredit":false},{"lineNumber":168,"author":{"gitId":"mayfairmi6"},"content":"    }","lastModifiedDate":"2024-10-03","isFullCredit":false},{"lineNumber":169,"author":{"gitId":"mayfairmi6"},"content":"}","lastModifiedDate":"2024-10-03","isFullCredit":false}],"authorContributionMap":{"mayfairmi6":169}}]
