{"authorDailyContributionsMap":{"mayfairmi6":[{"date":"2024-08-25","commitResults":[{"hash":"a34ad5016e5390fd2acca4ff622a66a062269fc2","isMergeCommit":false,"messageTitle":"Add files via upload","messageBody":"","tags":["Level-4","Level-3","Level-2","Level-1","Level-0","A-Inheritance","A-CodingStandard","A-CodeQuality"],"fileTypesAndContributionMap":{"java":{"insertions":106,"deletions":0}}}]},{"date":"2024-09-25","commitResults":[{"hash":"dc1c07f8a6ae1f2f516edafcd852d4f0d00489b4","isMergeCommit":false,"messageTitle":"Delete src/main/java/Duke.java","messageBody":"Proceeded as per description- Move duke out of package","fileTypesAndContributionMap":{"java":{"insertions":0,"deletions":10}}},{"hash":"09ce943057d69e2f406f85d945baefa01b1f3db8","isMergeCommit":false,"messageTitle":"Add files via upload","messageBody":"Main file added in another increment (Level-5)","fileTypesAndContributionMap":{"java":{"insertions":12,"deletions":0}}},{"hash":"40375fcdfe980698875dd868136304300ba35a1d","isMergeCommit":false,"messageTitle":"Update Duke.java","messageBody":"updated with airborder_exception","fileTypesAndContributionMap":{"java":{"insertions":10,"deletions":8}}},{"hash":"104a825c71844d8b146381bb95614f16b6b31427","isMergeCommit":false,"messageTitle":"Rename Duke.java to AirBorderException.java","messageBody":"renamed","fileTypesAndContributionMap":{"java":{"insertions":0,"deletions":0}}},{"hash":"05426fe91c4a591cb2a0c89ed3fe014822711d2b","isMergeCommit":true,"messageTitle":"Merge branch \u0027master\u0027 into branch-Level-5","messageBody":"","tags":["Level-5"],"fileTypesAndContributionMap":{}},{"hash":"20bd2f9dc5ca78c7cb03dccaf7f9b9072b50cf38","isMergeCommit":true,"messageTitle":"Merge branch \u0027master\u0027 into branch-A-Exceptions","messageBody":"","tags":["A-Exceptions"],"fileTypesAndContributionMap":{}},{"hash":"dff8157f3e75f7537a82cfb6ec512b30c44a1994","isMergeCommit":false,"messageTitle":"Update and rename Duke.java to AirBorder.java","messageBody":"","fileTypesAndContributionMap":{"java":{"insertions":195,"deletions":10}}},{"hash":"6bbf43cf80a3c36ef57d3e2855fa77669e620149","isMergeCommit":false,"messageTitle":"Update and rename Duke.java to AirBorder.java","messageBody":"with command-line arguments to accept file path from user","fileTypesAndContributionMap":{"java":{"insertions":206,"deletions":10}}},{"hash":"54ffe8c0aef4758df93ff0ebb2f2ef7aa8c80950","isMergeCommit":false,"messageTitle":"Update Task.java","messageBody":"","fileTypesAndContributionMap":{"java":{"insertions":61,"deletions":19}}},{"hash":"79819dfabc22a351417ee213ffe1f7e90917507a","isMergeCommit":false,"messageTitle":"Add files via upload","messageBody":"","fileTypesAndContributionMap":{"java":{"insertions":70,"deletions":0}}},{"hash":"e4bbdfcdf59f8208f3d5f3c8ec243d5cf2427213","isMergeCommit":false,"messageTitle":"Add files via upload","messageBody":"","fileTypesAndContributionMap":{"java":{"insertions":70,"deletions":0}}},{"hash":"75cd7e0ebd192a318eb363ac6659fed965090f84","isMergeCommit":false,"messageTitle":"Delete src/main/java/Duke.java","messageBody":"deleted to avoid merge conflicts","fileTypesAndContributionMap":{"java":{"insertions":0,"deletions":10}}},{"hash":"31be5c5cc164a4dd25272f7faf5a4a24ec30a4dd","isMergeCommit":false,"messageTitle":"samplw","messageBody":"","fileTypesAndContributionMap":{"java":{"insertions":13,"deletions":10}}},{"hash":"c58d5dc5023009484a65712715f8a011fac25509","isMergeCommit":true,"messageTitle":"Merge branch \u0027master\u0027 of https://github.com/MayFairMI6/ip","messageBody":"","fileTypesAndContributionMap":{}},{"hash":"a2dd3143b74c8ce0fdf5baa98987ebba6ea4c44f","isMergeCommit":false,"messageTitle":"Update and rename Task (1).java to Task.java","messageBody":"","fileTypesAndContributionMap":{"java":{"insertions":0,"deletions":0}}},{"hash":"1dc96d3c0eb5a9ab4f5c4dd89579cbde9e717c92","isMergeCommit":true,"messageTitle":"Merge branch \u0027master\u0027 into branch-Level-6","messageBody":"","fileTypesAndContributionMap":{}},{"hash":"94d0b061a59776d2accbcfea683656b4ca942c36","isMergeCommit":true,"messageTitle":"Merge branch \u0027branch-Level-6\u0027 of https://github.com/MayFairMI6/ip into branch-Level-6","messageBody":"","tags":["Level-6","A-Collections"],"fileTypesAndContributionMap":{}},{"hash":"bd371bd01c6dee96692f3ffc89f30045024caf50","isMergeCommit":true,"messageTitle":"Merge branch \u0027branch-Level-7\u0027","messageBody":"","tags":["Level-7"],"fileTypesAndContributionMap":{}}]},{"date":"2024-09-26","commitResults":[{"hash":"d5d85550d930a9d745626c68297016151085694e","isMergeCommit":true,"messageTitle":"Merge branch \u0027branch-A-Exceptions\u0027","messageBody":"","fileTypesAndContributionMap":{}},{"hash":"87affb4ff203c5286796d8b43a8560a0ab2a1f65","isMergeCommit":true,"messageTitle":"Merge branch \u0027master\u0027 into branch-Level-5","messageBody":"","fileTypesAndContributionMap":{}}]},{"date":"2024-09-27","commitResults":[{"hash":"bbd418be6b02e58fb284e992ea1478fb01a1c60d","isMergeCommit":false,"messageTitle":"Delete src/main/java/Task (1).java","messageBody":"Redundant file-naming error","fileTypesAndContributionMap":{"java":{"insertions":0,"deletions":70}}},{"hash":"dde1d2b0c0af9976e09cc16d8bd3ff64f5c0d33e","isMergeCommit":true,"messageTitle":"Merge branch \u0027master\u0027 of https://github.com/MayFairMI6/ip","messageBody":"","fileTypesAndContributionMap":{}},{"hash":"503b48d70f25f907d50ba3413f03671f38a982a2","isMergeCommit":false,"messageTitle":"Delete AirBorderException.java","messageBody":"","fileTypesAndContributionMap":{"java":{"insertions":0,"deletions":12}}},{"hash":"a72b114f09b05b4394842ea967bac365316725dd","isMergeCommit":false,"messageTitle":"Modularity","messageBody":"Modularity update\n","fileTypesAndContributionMap":{"txt":{"insertions":13,"deletions":0},"java":{"insertions":133,"deletions":134}}},{"hash":"53b56976055ff6921fb4da73eccfc2df651f3cd7","isMergeCommit":false,"messageTitle":"Fixed version compatibility issue","messageBody":"","tags":["Week-6-Jar","A-Jar"],"fileTypesAndContributionMap":{"txt":{"insertions":2,"deletions":0},"java":{"insertions":85,"deletions":11}}}]},{"date":"2024-10-02","commitResults":[{"hash":"3d69bf01aeaa324f7f99ab90b149fa232702dfb0","isMergeCommit":false,"messageTitle":"OOP","messageBody":"more-oop update\n","tags":["A-MoreOOP"],"fileTypesAndContributionMap":{"java":{"insertions":453,"deletions":276}}}]},{"date":"2024-10-03","commitResults":[{"hash":"224a314bf9a879b9bedcdceaafe54d8553580a3a","isMergeCommit":false,"messageTitle":"find_command","messageBody":"","fileTypesAndContributionMap":{"java":{"insertions":223,"deletions":0}}},{"hash":"866227972aaaaa6a84667bc6c73e93e5b98c5517","isMergeCommit":false,"messageTitle":"Javadoc","messageBody":"javadoc comments added\n","fileTypesAndContributionMap":{"java":{"insertions":366,"deletions":0}}}]},{"date":"2024-10-10","commitResults":[{"hash":"85b8c5bb54fa877b2e79782b6b40484e79d0590b","isMergeCommit":true,"messageTitle":"Merge branch \u0027branch-level9\u0027","messageBody":"","fileTypesAndContributionMap":{}},{"hash":"b51472af0a7ec45ed6bd671a732299698003a22e","isMergeCommit":true,"messageTitle":"Merge branch \u0027branch-A-Javadoc\u0027","messageBody":"","fileTypesAndContributionMap":{}},{"hash":"922e7a1bec255d5dc4bcd77abb78765d7245d1e6","isMergeCommit":false,"messageTitle":"Update README.md","messageBody":"User guide update. Changed to \u0027Airborder\u0027 from \u0027Duke\u0027","fileTypesAndContributionMap":{"md":{"insertions":96,"deletions":14}}}]},{"date":"2024-10-11","commitResults":[{"hash":"f550c2904796be60872b923aec774af842352cb9","isMergeCommit":false,"messageTitle":"Empty lines removed","messageBody":"","fileTypesAndContributionMap":{"java":{"insertions":0,"deletions":3}}},{"hash":"1f3278e7997d99c52be40fc85a1162c8dbaa8e64","isMergeCommit":false,"messageTitle":"Update TaskList.java","messageBody":"Empty lines removed","fileTypesAndContributionMap":{"java":{"insertions":0,"deletions":10}}},{"hash":"867a484cb2a52d7983487c61f2fd4cfe92617b56","isMergeCommit":false,"messageTitle":"Update AddCommand.java","messageBody":"removed code-implied comments","fileTypesAndContributionMap":{"java":{"insertions":1,"deletions":2}}},{"hash":"c35a31df11d0c84245dd3f854e66cdb2e60a02b2","isMergeCommit":false,"messageTitle":"Update AirBorder.java","messageBody":"","fileTypesAndContributionMap":{"java":{"insertions":0,"deletions":3}}},{"hash":"c38943d3f6ce5122927e7f5dbbaaa17169cd862f","isMergeCommit":false,"messageTitle":"Update FindCommand.java","messageBody":"removed empty lines","fileTypesAndContributionMap":{"java":{"insertions":0,"deletions":3}}},{"hash":"2a04912565bf9f9351199a57680e3951e6da040b","isMergeCommit":false,"messageTitle":"Update Parser.java","messageBody":"removed empty lines","fileTypesAndContributionMap":{"java":{"insertions":0,"deletions":1}}},{"hash":"1ddd922db51e1cf943d059291b98fbfc6f08e4a9","isMergeCommit":false,"messageTitle":"Update Task.java","messageBody":"removed empty lines","fileTypesAndContributionMap":{"java":{"insertions":0,"deletions":3}}},{"hash":"eb0ab06e71139af01661b21df7bc831a0ccf45da","isMergeCommit":false,"messageTitle":"Revert \"Update TaskList.java\"","messageBody":"This reverts commit 1f3278e7997d99c52be40fc85a1162c8dbaa8e64.\n","fileTypesAndContributionMap":{"java":{"insertions":10,"deletions":0}}},{"hash":"7ca160c3ee8f6b09aca738412297401e9079dc29","isMergeCommit":false,"messageTitle":"Revert \"Update Parser.java\"","messageBody":"This reverts commit 2a04912565bf9f9351199a57680e3951e6da040b.\n","fileTypesAndContributionMap":{"java":{"insertions":1,"deletions":0}}},{"hash":"c83363ad4814a3dc091aecbe957a3dbb546787d8","isMergeCommit":false,"messageTitle":"Revert \"Update FindCommand.java\"","messageBody":"This reverts commit c38943d3f6ce5122927e7f5dbbaaa17169cd862f.\n","fileTypesAndContributionMap":{"java":{"insertions":3,"deletions":0}}},{"hash":"81538f0fd0884692d299aedfe821a05c9c09a025","isMergeCommit":false,"messageTitle":"Update ListCommand.java","messageBody":"","fileTypesAndContributionMap":{"java":{"insertions":0,"deletions":1}}},{"hash":"4224cd916187bf916e1f4ce67f01598e6f4c9c56","isMergeCommit":false,"messageTitle":"Update MarkCommand.java","messageBody":"","fileTypesAndContributionMap":{"java":{"insertions":0,"deletions":3}}},{"hash":"4cbd881dbdafecc47c861ef33e56a7b6e8a23bca","isMergeCommit":false,"messageTitle":"Update Task.java","messageBody":"","fileTypesAndContributionMap":{"java":{"insertions":0,"deletions":3}}}]},{"date":"2024-10-13","commitResults":[{"hash":"906bc70226c2f93f17d64a37b4288562988fa844","isMergeCommit":false,"messageTitle":"Update README.md","messageBody":"","fileTypesAndContributionMap":{"md":{"insertions":7,"deletions":7}}},{"hash":"c8cc2157ff20517a9042316b3d2e312fc8c2be05","isMergeCommit":false,"messageTitle":"pre-release version","messageBody":"","fileTypesAndContributionMap":{"gradle":{"insertions":70,"deletions":0},"txt":{"insertions":3,"deletions":13},"java":{"insertions":544,"deletions":605}}},{"hash":"9a164650f140865ea2a309fb2625d93638bd5f2c","isMergeCommit":true,"messageTitle":"Merge branch \u0027master\u0027 of https://github.com/MayFairMI6/ip","messageBody":"","fileTypesAndContributionMap":{}}]},{"date":"2024-10-14","commitResults":[{"hash":"ce069f9441deb40f72b7f5d8a33791058914ad4a","isMergeCommit":false,"messageTitle":"release","messageBody":"release uos\n","fileTypesAndContributionMap":{"gradle":{"insertions":0,"deletions":70},"txt":{"insertions":0,"deletions":0},"java":{"insertions":30,"deletions":98},"md":{"insertions":0,"deletions":9}}},{"hash":"ea81803f23ddd50c8a3be08ef0cc090dca5ce23e","isMergeCommit":false,"messageTitle":"release","messageBody":"","tags":["A-Release"],"fileTypesAndContributionMap":{"java":{"insertions":0,"deletions":30},"md":{"insertions":0,"deletions":24}}},{"hash":"0cec6427bec93d2b22809a6cf77506df39b36816","isMergeCommit":false,"messageTitle":"Update README.md","messageBody":"updating case changes from AirBorder to airborder.jar","fileTypesAndContributionMap":{"md":{"insertions":1,"deletions":1}}},{"hash":"525299fe64fd1768b829a0f6d01823932dedc3db","isMergeCommit":false,"messageTitle":"Final JAR file","messageBody":"all done\n","fileTypesAndContributionMap":{"txt":{"insertions":2,"deletions":0}}},{"hash":"3d94ef1bb93fccb04e9ed222d11ff1589ddeb8d2","isMergeCommit":true,"messageTitle":"Merge branch \u0027master\u0027 of https://github.com/MayFairMI6/ip","messageBody":"","fileTypesAndContributionMap":{}},{"hash":"d4d349c98e2816dbf031abff5d49342ea2d63134","isMergeCommit":true,"messageTitle":"Merge pull request #3 from MayFairMI6/master","messageBody":"Find keyword feature","tags":["branch-Level-9"],"fileTypesAndContributionMap":{}},{"hash":"d49b1d781ee53fc7285f85de22e916adec8f8972","isMergeCommit":false,"messageTitle":"Update Task.java","messageBody":"find command issue fixed","fileTypesAndContributionMap":{"java":{"insertions":17,"deletions":0}}},{"hash":"def1b1042a539636af5afc7ea9565eee5c506b2c","isMergeCommit":false,"messageTitle":"Update Ui.java","messageBody":"find command issue fixed","fileTypesAndContributionMap":{"java":{"insertions":17,"deletions":0}}},{"hash":"202a89b427459a5f6eb7ce081376277f979bfe5d","isMergeCommit":false,"messageTitle":"Update AirBorder.java","messageBody":"find command issue fixed","fileTypesAndContributionMap":{"java":{"insertions":4,"deletions":0}}},{"hash":"ca26d013e5f4d2c779f2c4cfeda004f78477e0d1","isMergeCommit":false,"messageTitle":"Update tasks.txt","messageBody":"","fileTypesAndContributionMap":{"txt":{"insertions":1,"deletions":2}}},{"hash":"77eee1fa20fb975b09abbcace878e8aba67ea2e5","isMergeCommit":true,"messageTitle":"Merge pull request #4 from MayFairMI6/master","messageBody":"javadoc","tags":["A-Javadoc"],"fileTypesAndContributionMap":{}}]},{"date":"2024-10-15","commitResults":[{"hash":"98e567e705b346f3555b926709825c73c745087f","isMergeCommit":false,"messageTitle":"find command changes","messageBody":"changes made in regard to find command\n","fileTypesAndContributionMap":{"txt":{"insertions":1,"deletions":1},"java":{"insertions":18,"deletions":19}}},{"hash":"5e9fd98ebfbb79bb1d77867181f832457eb20f4f","isMergeCommit":false,"messageTitle":"Revert \"javadoc\"","messageBody":"","fileTypesAndContributionMap":{"txt":{"insertions":0,"deletions":6},"java":{"insertions":314,"deletions":521},"md":{"insertions":47,"deletions":96}}},{"hash":"d0ed52d63ceab1ebfad924a41d82898bcc07911a","isMergeCommit":true,"messageTitle":"Merge pull request #5 from MayFairMI6/revert-4-master","messageBody":"Revert \"javadoc\"","fileTypesAndContributionMap":{}}]},{"date":"2024-10-16","commitResults":[{"hash":"f9274f176fbee6a2fb1c96948cf5f1624c151879","isMergeCommit":true,"messageTitle":"Merge branch \u0027branch-level9\u0027","messageBody":"","fileTypesAndContributionMap":{}},{"hash":"61560a62b1ec6986a62fe14dbd0a343a768713ed","isMergeCommit":true,"messageTitle":"Merge branch \u0027branch-A-Javadoc\u0027","messageBody":"","tags":["A-UserGuide"],"fileTypesAndContributionMap":{}}]},{"date":"2024-10-24","commitResults":[{"hash":"8715776ae8f236b0cfcbb91abda8a2ec871f275d","isMergeCommit":false,"messageTitle":"Revert \"Merge branch \u0027branch-A-Javadoc\u0027\"","messageBody":"This reverts commit 61560a62b1ec6986a62fe14dbd0a343a768713ed, reversing\nchanges made to f9274f176fbee6a2fb1c96948cf5f1624c151879.\n","fileTypesAndContributionMap":{"txt":{"insertions":6,"deletions":0},"java":{"insertions":520,"deletions":314},"md":{"insertions":96,"deletions":47}}}]},{"date":"2024-10-27","commitResults":[{"hash":"e018a1c666c746be13abecacae7ef9c6dd43f355","isMergeCommit":false,"messageTitle":"FINAL","messageBody":"FINAL COMMIT\n","tags":["A-Java17"],"fileTypesAndContributionMap":{"txt":{"insertions":4,"deletions":0},"java":{"insertions":8,"deletions":8}}},{"hash":"8e87019436fbf489a682459c27164e256fb5fb58","isMergeCommit":false,"messageTitle":"Update README.md","messageBody":"made changes for Java 17","fileTypesAndContributionMap":{"md":{"insertions":2,"deletions":2}}}]},{"date":"2024-10-28","commitResults":[{"hash":"711012687946abbc8889a511c46d83645acbecb0","isMergeCommit":false,"messageTitle":"code quality in headers","messageBody":"","fileTypesAndContributionMap":{"java":{"insertions":6,"deletions":2}}},{"hash":"18f5420883b476e4ffc8f72bdd2f3114be2306e6","isMergeCommit":true,"messageTitle":"Merge branch \u0027master\u0027 of https://github.com/MayFairMI6/ip","messageBody":"","tags":["A-codingstandard"],"fileTypesAndContributionMap":{}}]}]},"authorFileTypeContributionMap":{"mayfairmi6":{"java":586,"md":90,"fxml":0,"sh":0,"bat":0,"gradle":0,"txt":10}},"authorContributionVariance":{"mayfairmi6":64160.027},"authorDisplayNameMap":{"mayfairmi6":"CS2113-T10-4 VENK..INDA"}}
