{"authorDailyContributionsMap":{"mayfairmi6":[{"date":"2024-08-25","commitResults":[{"hash":"a34ad5016e5390fd2acca4ff622a66a062269fc2","isMergeCommit":false,"messageTitle":"Add files via upload","messageBody":"","tags":["Level-4","Level-3","Level-2","Level-1","Level-0","A-Inheritance","A-CodingStandard","A-CodeQuality"],"fileTypesAndContributionMap":{"java":{"insertions":106,"deletions":0}}}]},{"date":"2024-09-25","commitResults":[{"hash":"dc1c07f8a6ae1f2f516edafcd852d4f0d00489b4","isMergeCommit":false,"messageTitle":"Delete src/main/java/Duke.java","messageBody":"Proceeded as per description- Move duke out of package","fileTypesAndContributionMap":{"java":{"insertions":0,"deletions":10}}},{"hash":"09ce943057d69e2f406f85d945baefa01b1f3db8","isMergeCommit":false,"messageTitle":"Add files via upload","messageBody":"Main file added in another increment (Level-5)","fileTypesAndContributionMap":{"java":{"insertions":12,"deletions":0}}},{"hash":"40375fcdfe980698875dd868136304300ba35a1d","isMergeCommit":false,"messageTitle":"Update Duke.java","messageBody":"updated with airborder_exception","fileTypesAndContributionMap":{"java":{"insertions":10,"deletions":8}}},{"hash":"104a825c71844d8b146381bb95614f16b6b31427","isMergeCommit":false,"messageTitle":"Rename Duke.java to AirBorderException.java","messageBody":"renamed","fileTypesAndContributionMap":{"java":{"insertions":0,"deletions":0}}},{"hash":"05426fe91c4a591cb2a0c89ed3fe014822711d2b","isMergeCommit":true,"messageTitle":"Merge branch \u0027master\u0027 into branch-Level-5","messageBody":"","tags":["Level-5"],"fileTypesAndContributionMap":{}},{"hash":"20bd2f9dc5ca78c7cb03dccaf7f9b9072b50cf38","isMergeCommit":true,"messageTitle":"Merge branch \u0027master\u0027 into branch-A-Exceptions","messageBody":"","tags":["A-Exceptions"],"fileTypesAndContributionMap":{}},{"hash":"dff8157f3e75f7537a82cfb6ec512b30c44a1994","isMergeCommit":false,"messageTitle":"Update and rename Duke.java to AirBorder.java","messageBody":"","fileTypesAndContributionMap":{"java":{"insertions":195,"deletions":10}}},{"hash":"6bbf43cf80a3c36ef57d3e2855fa77669e620149","isMergeCommit":false,"messageTitle":"Update and rename Duke.java to AirBorder.java","messageBody":"with command-line arguments to accept file path from user","fileTypesAndContributionMap":{"java":{"insertions":206,"deletions":10}}},{"hash":"54ffe8c0aef4758df93ff0ebb2f2ef7aa8c80950","isMergeCommit":false,"messageTitle":"Update Task.java","messageBody":"","fileTypesAndContributionMap":{"java":{"insertions":61,"deletions":19}}},{"hash":"79819dfabc22a351417ee213ffe1f7e90917507a","isMergeCommit":false,"messageTitle":"Add files via upload","messageBody":"","fileTypesAndContributionMap":{"java":{"insertions":70,"deletions":0}}},{"hash":"e4bbdfcdf59f8208f3d5f3c8ec243d5cf2427213","isMergeCommit":false,"messageTitle":"Add files via upload","messageBody":"","fileTypesAndContributionMap":{"java":{"insertions":70,"deletions":0}}},{"hash":"75cd7e0ebd192a318eb363ac6659fed965090f84","isMergeCommit":false,"messageTitle":"Delete src/main/java/Duke.java","messageBody":"deleted to avoid merge conflicts","fileTypesAndContributionMap":{"java":{"insertions":0,"deletions":10}}},{"hash":"31be5c5cc164a4dd25272f7faf5a4a24ec30a4dd","isMergeCommit":false,"messageTitle":"samplw","messageBody":"","fileTypesAndContributionMap":{"java":{"insertions":13,"deletions":10}}},{"hash":"c58d5dc5023009484a65712715f8a011fac25509","isMergeCommit":true,"messageTitle":"Merge branch \u0027master\u0027 of https://github.com/MayFairMI6/ip","messageBody":"","fileTypesAndContributionMap":{}},{"hash":"a2dd3143b74c8ce0fdf5baa98987ebba6ea4c44f","isMergeCommit":false,"messageTitle":"Update and rename Task (1).java to Task.java","messageBody":"","fileTypesAndContributionMap":{"java":{"insertions":0,"deletions":0}}},{"hash":"1dc96d3c0eb5a9ab4f5c4dd89579cbde9e717c92","isMergeCommit":true,"messageTitle":"Merge branch \u0027master\u0027 into branch-Level-6","messageBody":"","fileTypesAndContributionMap":{}},{"hash":"94d0b061a59776d2accbcfea683656b4ca942c36","isMergeCommit":true,"messageTitle":"Merge branch \u0027branch-Level-6\u0027 of https://github.com/MayFairMI6/ip into branch-Level-6","messageBody":"","tags":["Level-6","A-Collections"],"fileTypesAndContributionMap":{}},{"hash":"bd371bd01c6dee96692f3ffc89f30045024caf50","isMergeCommit":true,"messageTitle":"Merge branch \u0027branch-Level-7\u0027","messageBody":"","tags":["Level-7"],"fileTypesAndContributionMap":{}}]},{"date":"2024-09-26","commitResults":[{"hash":"d5d85550d930a9d745626c68297016151085694e","isMergeCommit":true,"messageTitle":"Merge branch \u0027branch-A-Exceptions\u0027","messageBody":"","fileTypesAndContributionMap":{}},{"hash":"87affb4ff203c5286796d8b43a8560a0ab2a1f65","isMergeCommit":true,"messageTitle":"Merge branch \u0027master\u0027 into branch-Level-5","messageBody":"","fileTypesAndContributionMap":{}}]},{"date":"2024-09-27","commitResults":[{"hash":"bbd418be6b02e58fb284e992ea1478fb01a1c60d","isMergeCommit":false,"messageTitle":"Delete src/main/java/Task (1).java","messageBody":"Redundant file-naming error","fileTypesAndContributionMap":{"java":{"insertions":0,"deletions":70}}},{"hash":"dde1d2b0c0af9976e09cc16d8bd3ff64f5c0d33e","isMergeCommit":true,"messageTitle":"Merge branch \u0027master\u0027 of https://github.com/MayFairMI6/ip","messageBody":"","fileTypesAndContributionMap":{}},{"hash":"503b48d70f25f907d50ba3413f03671f38a982a2","isMergeCommit":false,"messageTitle":"Delete AirBorderException.java","messageBody":"","fileTypesAndContributionMap":{"java":{"insertions":0,"deletions":12}}},{"hash":"a72b114f09b05b4394842ea967bac365316725dd","isMergeCommit":false,"messageTitle":"Modularity","messageBody":"Modularity update\n","fileTypesAndContributionMap":{"txt":{"insertions":13,"deletions":0},"java":{"insertions":133,"deletions":134}}},{"hash":"53b56976055ff6921fb4da73eccfc2df651f3cd7","isMergeCommit":false,"messageTitle":"Fixed version compatibility issue","messageBody":"","tags":["Week-6-Jar","A-Jar"],"fileTypesAndContributionMap":{"txt":{"insertions":2,"deletions":0},"java":{"insertions":85,"deletions":11}}}]},{"date":"2024-10-02","commitResults":[{"hash":"3d69bf01aeaa324f7f99ab90b149fa232702dfb0","isMergeCommit":false,"messageTitle":"OOP","messageBody":"more-oop update\n","tags":["A-MoreOOP"],"fileTypesAndContributionMap":{"java":{"insertions":453,"deletions":276}}}]},{"date":"2024-10-03","commitResults":[{"hash":"224a314bf9a879b9bedcdceaafe54d8553580a3a","isMergeCommit":false,"messageTitle":"find_command","messageBody":"","fileTypesAndContributionMap":{"java":{"insertions":223,"deletions":0}}},{"hash":"866227972aaaaa6a84667bc6c73e93e5b98c5517","isMergeCommit":false,"messageTitle":"Javadoc","messageBody":"javadoc comments added\n","fileTypesAndContributionMap":{"java":{"insertions":366,"deletions":0}}}]},{"date":"2024-10-10","commitResults":[{"hash":"85b8c5bb54fa877b2e79782b6b40484e79d0590b","isMergeCommit":true,"messageTitle":"Merge branch \u0027branch-level9\u0027","messageBody":"","fileTypesAndContributionMap":{}},{"hash":"b51472af0a7ec45ed6bd671a732299698003a22e","isMergeCommit":true,"messageTitle":"Merge branch \u0027branch-A-Javadoc\u0027","messageBody":"","fileTypesAndContributionMap":{}},{"hash":"922e7a1bec255d5dc4bcd77abb78765d7245d1e6","isMergeCommit":false,"messageTitle":"Update README.md","messageBody":"User guide update. Changed to \u0027Airborder\u0027 from \u0027Duke\u0027","fileTypesAndContributionMap":{"md":{"insertions":96,"deletions":14}}}]}]},"authorFileTypeContributionMap":{"mayfairmi6":{"java":721,"md":90,"fxml":0,"sh":0,"bat":0,"gradle":0,"txt":15}},"authorContributionVariance":{"mayfairmi6":26645.408},"authorDisplayNameMap":{"mayfairmi6":"CS2113-T10-4 VENK..INDA"}}
