[{"path":"src/main/java/aegis/Aegis.java","fileType":"java","lines":[{"lineNumber":1,"author":{"gitId":"ThisisXXZ"},"content":"package aegis;","lastModifiedDate":"2024-09-06","isFullCredit":false},{"lineNumber":2,"author":{"gitId":"ThisisXXZ"},"content":"","lastModifiedDate":"2024-09-06","isFullCredit":false},{"lineNumber":3,"author":{"gitId":"ThisisXXZ"},"content":"import aegis.command.*;","lastModifiedDate":"2024-09-20","isFullCredit":false},{"lineNumber":4,"author":{"gitId":"ThisisXXZ"},"content":"import aegis.task.*;","lastModifiedDate":"2024-09-20","isFullCredit":false},{"lineNumber":5,"author":{"gitId":"ThisisXXZ"},"content":"","lastModifiedDate":"2024-08-24","isFullCredit":false},{"lineNumber":6,"author":{"gitId":"ThisisXXZ"},"content":"public class Aegis {","lastModifiedDate":"2024-08-17","isFullCredit":false},{"lineNumber":7,"author":{"gitId":"ThisisXXZ"},"content":"","lastModifiedDate":"2024-08-24","isFullCredit":false},{"lineNumber":8,"author":{"gitId":"ThisisXXZ"},"content":"    private Storage storage;","lastModifiedDate":"2024-09-20","isFullCredit":false},{"lineNumber":9,"author":{"gitId":"ThisisXXZ"},"content":"    private TaskList taskList;","lastModifiedDate":"2024-09-20","isFullCredit":false},{"lineNumber":10,"author":{"gitId":"ThisisXXZ"},"content":"    private Ui ui;","lastModifiedDate":"2024-09-20","isFullCredit":false},{"lineNumber":11,"author":{"gitId":"ThisisXXZ"},"content":"","lastModifiedDate":"2024-08-30","isFullCredit":false},{"lineNumber":12,"author":{"gitId":"ThisisXXZ"},"content":"    public Aegis(String filePath) {","lastModifiedDate":"2024-09-20","isFullCredit":false},{"lineNumber":13,"author":{"gitId":"ThisisXXZ"},"content":"        ui \u003d new Ui();","lastModifiedDate":"2024-09-20","isFullCredit":false},{"lineNumber":14,"author":{"gitId":"ThisisXXZ"},"content":"        storage \u003d new Storage(filePath);","lastModifiedDate":"2024-09-20","isFullCredit":false},{"lineNumber":15,"author":{"gitId":"ThisisXXZ"},"content":"        try {","lastModifiedDate":"2024-09-06","isFullCredit":false},{"lineNumber":16,"author":{"gitId":"ThisisXXZ"},"content":"            taskList \u003d new TaskList(storage.load());","lastModifiedDate":"2024-09-20","isFullCredit":false},{"lineNumber":17,"author":{"gitId":"ThisisXXZ"},"content":"        } catch (AegisException e) {","lastModifiedDate":"2024-09-06","isFullCredit":false},{"lineNumber":18,"author":{"gitId":"ThisisXXZ"},"content":"            ui.showLoadingError();","lastModifiedDate":"2024-09-20","isFullCredit":false},{"lineNumber":19,"author":{"gitId":"ThisisXXZ"},"content":"            taskList \u003d new TaskList();","lastModifiedDate":"2024-09-20","isFullCredit":false},{"lineNumber":20,"author":{"gitId":"ThisisXXZ"},"content":"        }","lastModifiedDate":"2024-09-06","isFullCredit":false},{"lineNumber":21,"author":{"gitId":"ThisisXXZ"},"content":"    }","lastModifiedDate":"2024-08-30","isFullCredit":false},{"lineNumber":22,"author":{"gitId":"ThisisXXZ"},"content":"","lastModifiedDate":"2024-08-30","isFullCredit":false},{"lineNumber":23,"author":{"gitId":"ThisisXXZ"},"content":"    public void run() {","lastModifiedDate":"2024-09-20","isFullCredit":false},{"lineNumber":24,"author":{"gitId":"ThisisXXZ"},"content":"        ui.showWelcomeMessage();","lastModifiedDate":"2024-09-20","isFullCredit":false},{"lineNumber":25,"author":{"gitId":"ThisisXXZ"},"content":"        boolean isExit \u003d false;","lastModifiedDate":"2024-09-20","isFullCredit":false},{"lineNumber":26,"author":{"gitId":"ThisisXXZ"},"content":"        while (!isExit) {","lastModifiedDate":"2024-09-20","isFullCredit":false},{"lineNumber":27,"author":{"gitId":"ThisisXXZ"},"content":"            try {","lastModifiedDate":"2024-09-06","isFullCredit":false},{"lineNumber":28,"author":{"gitId":"ThisisXXZ"},"content":"                String fullCommand \u003d ui.readCommand();","lastModifiedDate":"2024-09-20","isFullCredit":false},{"lineNumber":29,"author":{"gitId":"ThisisXXZ"},"content":"                Command command \u003d Parser.parse(fullCommand);","lastModifiedDate":"2024-09-20","isFullCredit":false},{"lineNumber":30,"author":{"gitId":"ThisisXXZ"},"content":"                command.execute(taskList, ui, storage);","lastModifiedDate":"2024-09-20","isFullCredit":false},{"lineNumber":31,"author":{"gitId":"ThisisXXZ"},"content":"                isExit \u003d command.isExit();","lastModifiedDate":"2024-09-20","isFullCredit":false},{"lineNumber":32,"author":{"gitId":"ThisisXXZ"},"content":"            } catch (AegisException e) {","lastModifiedDate":"2024-09-06","isFullCredit":false},{"lineNumber":33,"author":{"gitId":"ThisisXXZ"},"content":"                ui.showError(e.getMessage());","lastModifiedDate":"2024-09-20","isFullCredit":false},{"lineNumber":34,"author":{"gitId":"ThisisXXZ"},"content":"            } finally {","lastModifiedDate":"2024-09-20","isFullCredit":false},{"lineNumber":35,"author":{"gitId":"ThisisXXZ"},"content":"                ui.showLine();","lastModifiedDate":"2024-09-20","isFullCredit":false},{"lineNumber":36,"author":{"gitId":"ThisisXXZ"},"content":"            }","lastModifiedDate":"2024-09-13","isFullCredit":false},{"lineNumber":37,"author":{"gitId":"ThisisXXZ"},"content":"        }","lastModifiedDate":"2024-09-13","isFullCredit":false},{"lineNumber":38,"author":{"gitId":"ThisisXXZ"},"content":"    }","lastModifiedDate":"2024-09-13","isFullCredit":false},{"lineNumber":39,"author":{"gitId":"ThisisXXZ"},"content":"","lastModifiedDate":"2024-09-13","isFullCredit":false},{"lineNumber":40,"author":{"gitId":"ThisisXXZ"},"content":"    public static void main(String[] args) {","lastModifiedDate":"2024-09-20","isFullCredit":false},{"lineNumber":41,"author":{"gitId":"ThisisXXZ"},"content":"        new Aegis(\"./data/duke.txt\").run();","lastModifiedDate":"2024-09-20","isFullCredit":false},{"lineNumber":42,"author":{"gitId":"ThisisXXZ"},"content":"    }","lastModifiedDate":"2024-09-13","isFullCredit":false},{"lineNumber":43,"author":{"gitId":"ThisisXXZ"},"content":"}","lastModifiedDate":"2024-08-24","isFullCredit":false}],"authorContributionMap":{"ThisisXXZ":43}},{"path":"src/main/java/aegis/AegisException.java","fileType":"java","lines":[{"lineNumber":1,"author":{"gitId":"ThisisXXZ"},"content":"package aegis;","lastModifiedDate":"2024-09-06","isFullCredit":false},{"lineNumber":2,"author":{"gitId":"ThisisXXZ"},"content":"","lastModifiedDate":"2024-09-06","isFullCredit":false},{"lineNumber":3,"author":{"gitId":"ThisisXXZ"},"content":"public class AegisException extends Exception {","lastModifiedDate":"2024-09-06","isFullCredit":false},{"lineNumber":4,"author":{"gitId":"ThisisXXZ"},"content":"    public AegisException(String message) {","lastModifiedDate":"2024-09-06","isFullCredit":false},{"lineNumber":5,"author":{"gitId":"ThisisXXZ"},"content":"        super(message);","lastModifiedDate":"2024-09-06","isFullCredit":false},{"lineNumber":6,"author":{"gitId":"ThisisXXZ"},"content":"    }","lastModifiedDate":"2024-09-06","isFullCredit":false},{"lineNumber":7,"author":{"gitId":"ThisisXXZ"},"content":"}","lastModifiedDate":"2024-09-06","isFullCredit":false}],"authorContributionMap":{"ThisisXXZ":7}},{"path":"src/main/java/aegis/Parser.java","fileType":"java","lines":[{"lineNumber":1,"author":{"gitId":"ThisisXXZ"},"content":"package aegis;","lastModifiedDate":"2024-09-20","isFullCredit":false},{"lineNumber":2,"author":{"gitId":"ThisisXXZ"},"content":"","lastModifiedDate":"2024-09-20","isFullCredit":false},{"lineNumber":3,"author":{"gitId":"ThisisXXZ"},"content":"import aegis.command.*;","lastModifiedDate":"2024-09-20","isFullCredit":false},{"lineNumber":4,"author":{"gitId":"ThisisXXZ"},"content":"import aegis.task.Deadline;","lastModifiedDate":"2024-09-20","isFullCredit":false},{"lineNumber":5,"author":{"gitId":"ThisisXXZ"},"content":"import aegis.task.Event;","lastModifiedDate":"2024-09-20","isFullCredit":false},{"lineNumber":6,"author":{"gitId":"ThisisXXZ"},"content":"import aegis.task.Todo;","lastModifiedDate":"2024-09-20","isFullCredit":false},{"lineNumber":7,"author":{"gitId":"ThisisXXZ"},"content":"","lastModifiedDate":"2024-09-20","isFullCredit":false},{"lineNumber":8,"author":{"gitId":"ThisisXXZ"},"content":"public class Parser {","lastModifiedDate":"2024-09-20","isFullCredit":false},{"lineNumber":9,"author":{"gitId":"ThisisXXZ"},"content":"    public static Command parse(String input) throws AegisException {","lastModifiedDate":"2024-09-20","isFullCredit":false},{"lineNumber":10,"author":{"gitId":"ThisisXXZ"},"content":"        String[] parts \u003d input.split(\" \", 2);","lastModifiedDate":"2024-09-20","isFullCredit":false},{"lineNumber":11,"author":{"gitId":"ThisisXXZ"},"content":"        String commandWord \u003d parts[0].toLowerCase();","lastModifiedDate":"2024-09-20","isFullCredit":false},{"lineNumber":12,"author":{"gitId":"ThisisXXZ"},"content":"        String argument \u003d parts.length \u003e 1 ? parts[1].trim() : \"\";","lastModifiedDate":"2024-09-20","isFullCredit":false},{"lineNumber":13,"author":{"gitId":"ThisisXXZ"},"content":"","lastModifiedDate":"2024-09-20","isFullCredit":false},{"lineNumber":14,"author":{"gitId":"ThisisXXZ"},"content":"        switch (commandWord) {","lastModifiedDate":"2024-09-20","isFullCredit":false},{"lineNumber":15,"author":{"gitId":"ThisisXXZ"},"content":"        case \"list\":","lastModifiedDate":"2024-09-20","isFullCredit":false},{"lineNumber":16,"author":{"gitId":"ThisisXXZ"},"content":"            return new ListCommand();","lastModifiedDate":"2024-09-20","isFullCredit":false},{"lineNumber":17,"author":{"gitId":"ThisisXXZ"},"content":"        case \"mark\":","lastModifiedDate":"2024-09-20","isFullCredit":false},{"lineNumber":18,"author":{"gitId":"ThisisXXZ"},"content":"            return new MarkCommand(parseTaskIndex(argument), true);","lastModifiedDate":"2024-09-20","isFullCredit":false},{"lineNumber":19,"author":{"gitId":"ThisisXXZ"},"content":"        case \"unmark\":","lastModifiedDate":"2024-09-20","isFullCredit":false},{"lineNumber":20,"author":{"gitId":"ThisisXXZ"},"content":"            return new MarkCommand(parseTaskIndex(argument), false);","lastModifiedDate":"2024-09-20","isFullCredit":false},{"lineNumber":21,"author":{"gitId":"ThisisXXZ"},"content":"        case \"delete\":","lastModifiedDate":"2024-09-20","isFullCredit":false},{"lineNumber":22,"author":{"gitId":"ThisisXXZ"},"content":"            return new DeleteCommand(parseTaskIndex(argument));","lastModifiedDate":"2024-09-20","isFullCredit":false},{"lineNumber":23,"author":{"gitId":"ThisisXXZ"},"content":"        case \"todo\":","lastModifiedDate":"2024-09-20","isFullCredit":false},{"lineNumber":24,"author":{"gitId":"ThisisXXZ"},"content":"            return new AddCommand(parseTodoCommand(argument));","lastModifiedDate":"2024-09-20","isFullCredit":false},{"lineNumber":25,"author":{"gitId":"ThisisXXZ"},"content":"        case \"deadline\":","lastModifiedDate":"2024-09-20","isFullCredit":false},{"lineNumber":26,"author":{"gitId":"ThisisXXZ"},"content":"            return new AddCommand(parseDeadlineCommand(argument));","lastModifiedDate":"2024-09-20","isFullCredit":false},{"lineNumber":27,"author":{"gitId":"ThisisXXZ"},"content":"        case \"event\":","lastModifiedDate":"2024-09-20","isFullCredit":false},{"lineNumber":28,"author":{"gitId":"ThisisXXZ"},"content":"            return new AddCommand(parseEventCommand(argument));","lastModifiedDate":"2024-09-20","isFullCredit":false},{"lineNumber":29,"author":{"gitId":"ThisisXXZ"},"content":"        case \"bye\":","lastModifiedDate":"2024-09-20","isFullCredit":false},{"lineNumber":30,"author":{"gitId":"ThisisXXZ"},"content":"            return new ExitCommand();","lastModifiedDate":"2024-09-20","isFullCredit":false},{"lineNumber":31,"author":{"gitId":"ThisisXXZ"},"content":"        default:","lastModifiedDate":"2024-09-20","isFullCredit":false},{"lineNumber":32,"author":{"gitId":"ThisisXXZ"},"content":"            throw new AegisException(\"Your command has not been authorized\");","lastModifiedDate":"2024-09-20","isFullCredit":false},{"lineNumber":33,"author":{"gitId":"ThisisXXZ"},"content":"        }","lastModifiedDate":"2024-09-20","isFullCredit":false},{"lineNumber":34,"author":{"gitId":"ThisisXXZ"},"content":"    }","lastModifiedDate":"2024-09-20","isFullCredit":false},{"lineNumber":35,"author":{"gitId":"ThisisXXZ"},"content":"","lastModifiedDate":"2024-09-20","isFullCredit":false},{"lineNumber":36,"author":{"gitId":"ThisisXXZ"},"content":"    private static int parseTaskIndex(String argument) throws AegisException {","lastModifiedDate":"2024-09-20","isFullCredit":false},{"lineNumber":37,"author":{"gitId":"ThisisXXZ"},"content":"        try {","lastModifiedDate":"2024-09-20","isFullCredit":false},{"lineNumber":38,"author":{"gitId":"ThisisXXZ"},"content":"            int index \u003d Integer.parseInt(argument) - 1;","lastModifiedDate":"2024-09-20","isFullCredit":false},{"lineNumber":39,"author":{"gitId":"ThisisXXZ"},"content":"            if (index \u003c 0) {","lastModifiedDate":"2024-09-20","isFullCredit":false},{"lineNumber":40,"author":{"gitId":"ThisisXXZ"},"content":"                throw new AegisException(\"Invalid task number\");","lastModifiedDate":"2024-09-20","isFullCredit":false},{"lineNumber":41,"author":{"gitId":"ThisisXXZ"},"content":"            }","lastModifiedDate":"2024-09-20","isFullCredit":false},{"lineNumber":42,"author":{"gitId":"ThisisXXZ"},"content":"            return index;","lastModifiedDate":"2024-09-20","isFullCredit":false},{"lineNumber":43,"author":{"gitId":"ThisisXXZ"},"content":"        } catch (NumberFormatException e) {","lastModifiedDate":"2024-09-20","isFullCredit":false},{"lineNumber":44,"author":{"gitId":"ThisisXXZ"},"content":"            throw new AegisException(\"Task index must be a valid number\");","lastModifiedDate":"2024-09-20","isFullCredit":false},{"lineNumber":45,"author":{"gitId":"ThisisXXZ"},"content":"        }","lastModifiedDate":"2024-09-20","isFullCredit":false},{"lineNumber":46,"author":{"gitId":"ThisisXXZ"},"content":"    }","lastModifiedDate":"2024-09-20","isFullCredit":false},{"lineNumber":47,"author":{"gitId":"ThisisXXZ"},"content":"","lastModifiedDate":"2024-09-20","isFullCredit":false},{"lineNumber":48,"author":{"gitId":"ThisisXXZ"},"content":"    private static Todo parseTodoCommand(String argument) throws AegisException {","lastModifiedDate":"2024-09-20","isFullCredit":false},{"lineNumber":49,"author":{"gitId":"ThisisXXZ"},"content":"        if (argument.isEmpty()) {","lastModifiedDate":"2024-09-20","isFullCredit":false},{"lineNumber":50,"author":{"gitId":"ThisisXXZ"},"content":"            throw new AegisException(\"The description of a todo cannot be empty\");","lastModifiedDate":"2024-09-20","isFullCredit":false},{"lineNumber":51,"author":{"gitId":"ThisisXXZ"},"content":"        }","lastModifiedDate":"2024-09-20","isFullCredit":false},{"lineNumber":52,"author":{"gitId":"ThisisXXZ"},"content":"        return new Todo(argument);","lastModifiedDate":"2024-09-20","isFullCredit":false},{"lineNumber":53,"author":{"gitId":"ThisisXXZ"},"content":"    }","lastModifiedDate":"2024-09-20","isFullCredit":false},{"lineNumber":54,"author":{"gitId":"ThisisXXZ"},"content":"","lastModifiedDate":"2024-09-20","isFullCredit":false},{"lineNumber":55,"author":{"gitId":"ThisisXXZ"},"content":"    private static Deadline parseDeadlineCommand(String argument) throws AegisException {","lastModifiedDate":"2024-09-20","isFullCredit":false},{"lineNumber":56,"author":{"gitId":"ThisisXXZ"},"content":"        String[] deadlineParts \u003d argument.split(\" /by \");","lastModifiedDate":"2024-09-20","isFullCredit":false},{"lineNumber":57,"author":{"gitId":"ThisisXXZ"},"content":"        if (deadlineParts.length \u003c 2 || deadlineParts[0].trim().isEmpty() || deadlineParts[1].trim().isEmpty()) {","lastModifiedDate":"2024-09-20","isFullCredit":false},{"lineNumber":58,"author":{"gitId":"ThisisXXZ"},"content":"            throw new AegisException(\"Invalid syntax: you need to include [/by] parameter with description and time\");","lastModifiedDate":"2024-09-20","isFullCredit":false},{"lineNumber":59,"author":{"gitId":"ThisisXXZ"},"content":"        }","lastModifiedDate":"2024-09-20","isFullCredit":false},{"lineNumber":60,"author":{"gitId":"ThisisXXZ"},"content":"        return new Deadline(deadlineParts[0].trim(), deadlineParts[1].trim());","lastModifiedDate":"2024-09-20","isFullCredit":false},{"lineNumber":61,"author":{"gitId":"ThisisXXZ"},"content":"    }","lastModifiedDate":"2024-09-20","isFullCredit":false},{"lineNumber":62,"author":{"gitId":"ThisisXXZ"},"content":"","lastModifiedDate":"2024-09-20","isFullCredit":false},{"lineNumber":63,"author":{"gitId":"ThisisXXZ"},"content":"    private static Event parseEventCommand(String argument) throws AegisException {","lastModifiedDate":"2024-09-20","isFullCredit":false},{"lineNumber":64,"author":{"gitId":"ThisisXXZ"},"content":"        String[] eventParts \u003d argument.split(\" /from | /to \");","lastModifiedDate":"2024-09-20","isFullCredit":false},{"lineNumber":65,"author":{"gitId":"ThisisXXZ"},"content":"        if (eventParts.length \u003c 3 || eventParts[0].trim().isEmpty() || eventParts[1].trim().isEmpty() || eventParts[2].trim().isEmpty()) {","lastModifiedDate":"2024-09-20","isFullCredit":false},{"lineNumber":66,"author":{"gitId":"ThisisXXZ"},"content":"            throw new AegisException(\"Invalid syntax: you need to include [/from, /to] parameters with description, start, and end times\");","lastModifiedDate":"2024-09-20","isFullCredit":false},{"lineNumber":67,"author":{"gitId":"ThisisXXZ"},"content":"        }","lastModifiedDate":"2024-09-20","isFullCredit":false},{"lineNumber":68,"author":{"gitId":"ThisisXXZ"},"content":"        return new Event(eventParts[0].trim(), eventParts[1].trim(), eventParts[2].trim());","lastModifiedDate":"2024-09-20","isFullCredit":false},{"lineNumber":69,"author":{"gitId":"ThisisXXZ"},"content":"    }","lastModifiedDate":"2024-09-20","isFullCredit":false},{"lineNumber":70,"author":{"gitId":"ThisisXXZ"},"content":"}","lastModifiedDate":"2024-09-20","isFullCredit":false}],"authorContributionMap":{"ThisisXXZ":70}},{"path":"src/main/java/aegis/Storage.java","fileType":"java","lines":[{"lineNumber":1,"author":{"gitId":"ThisisXXZ"},"content":"package aegis;","lastModifiedDate":"2024-09-20","isFullCredit":false},{"lineNumber":2,"author":{"gitId":"ThisisXXZ"},"content":"","lastModifiedDate":"2024-09-20","isFullCredit":false},{"lineNumber":3,"author":{"gitId":"ThisisXXZ"},"content":"import aegis.task.Task;","lastModifiedDate":"2024-09-20","isFullCredit":false},{"lineNumber":4,"author":{"gitId":"ThisisXXZ"},"content":"import aegis.task.Deadline;","lastModifiedDate":"2024-09-20","isFullCredit":false},{"lineNumber":5,"author":{"gitId":"ThisisXXZ"},"content":"import aegis.task.Event;","lastModifiedDate":"2024-09-20","isFullCredit":false},{"lineNumber":6,"author":{"gitId":"ThisisXXZ"},"content":"import aegis.task.Todo;","lastModifiedDate":"2024-09-20","isFullCredit":false},{"lineNumber":7,"author":{"gitId":"ThisisXXZ"},"content":"","lastModifiedDate":"2024-09-20","isFullCredit":false},{"lineNumber":8,"author":{"gitId":"ThisisXXZ"},"content":"import java.io.*;","lastModifiedDate":"2024-09-20","isFullCredit":false},{"lineNumber":9,"author":{"gitId":"ThisisXXZ"},"content":"import java.util.ArrayList;","lastModifiedDate":"2024-09-20","isFullCredit":false},{"lineNumber":10,"author":{"gitId":"ThisisXXZ"},"content":"","lastModifiedDate":"2024-09-20","isFullCredit":false},{"lineNumber":11,"author":{"gitId":"ThisisXXZ"},"content":"public class Storage {","lastModifiedDate":"2024-09-20","isFullCredit":false},{"lineNumber":12,"author":{"gitId":"ThisisXXZ"},"content":"    private String filePath;","lastModifiedDate":"2024-09-20","isFullCredit":false},{"lineNumber":13,"author":{"gitId":"ThisisXXZ"},"content":"","lastModifiedDate":"2024-09-20","isFullCredit":false},{"lineNumber":14,"author":{"gitId":"ThisisXXZ"},"content":"    public Storage(String filePath) {","lastModifiedDate":"2024-09-20","isFullCredit":false},{"lineNumber":15,"author":{"gitId":"ThisisXXZ"},"content":"        this.filePath \u003d filePath;","lastModifiedDate":"2024-09-20","isFullCredit":false},{"lineNumber":16,"author":{"gitId":"ThisisXXZ"},"content":"    }","lastModifiedDate":"2024-09-20","isFullCredit":false},{"lineNumber":17,"author":{"gitId":"ThisisXXZ"},"content":"","lastModifiedDate":"2024-09-20","isFullCredit":false},{"lineNumber":18,"author":{"gitId":"ThisisXXZ"},"content":"    public ArrayList\u003cTask\u003e load() throws AegisException {","lastModifiedDate":"2024-09-20","isFullCredit":false},{"lineNumber":19,"author":{"gitId":"ThisisXXZ"},"content":"        ArrayList\u003cTask\u003e taskList \u003d new ArrayList\u003c\u003e();","lastModifiedDate":"2024-09-20","isFullCredit":false},{"lineNumber":20,"author":{"gitId":"ThisisXXZ"},"content":"        File file \u003d new File(filePath);","lastModifiedDate":"2024-09-20","isFullCredit":false},{"lineNumber":21,"author":{"gitId":"ThisisXXZ"},"content":"        if (!file.exists()) {","lastModifiedDate":"2024-09-20","isFullCredit":false},{"lineNumber":22,"author":{"gitId":"ThisisXXZ"},"content":"            throw new AegisException(\" No task file found. A new file will be created.\");","lastModifiedDate":"2024-09-20","isFullCredit":false},{"lineNumber":23,"author":{"gitId":"ThisisXXZ"},"content":"        }","lastModifiedDate":"2024-09-20","isFullCredit":false},{"lineNumber":24,"author":{"gitId":"ThisisXXZ"},"content":"","lastModifiedDate":"2024-09-20","isFullCredit":false},{"lineNumber":25,"author":{"gitId":"ThisisXXZ"},"content":"        try (BufferedReader reader \u003d new BufferedReader(new FileReader(file))) {","lastModifiedDate":"2024-09-20","isFullCredit":false},{"lineNumber":26,"author":{"gitId":"ThisisXXZ"},"content":"            String line;","lastModifiedDate":"2024-09-20","isFullCredit":false},{"lineNumber":27,"author":{"gitId":"ThisisXXZ"},"content":"            while ((line \u003d reader.readLine()) !\u003d null) {","lastModifiedDate":"2024-09-20","isFullCredit":false},{"lineNumber":28,"author":{"gitId":"ThisisXXZ"},"content":"                Task task \u003d parseTask(line);","lastModifiedDate":"2024-09-20","isFullCredit":false},{"lineNumber":29,"author":{"gitId":"ThisisXXZ"},"content":"                taskList.add(task);","lastModifiedDate":"2024-09-20","isFullCredit":false},{"lineNumber":30,"author":{"gitId":"ThisisXXZ"},"content":"            }","lastModifiedDate":"2024-09-20","isFullCredit":false},{"lineNumber":31,"author":{"gitId":"ThisisXXZ"},"content":"        } catch (IOException e) {","lastModifiedDate":"2024-09-20","isFullCredit":false},{"lineNumber":32,"author":{"gitId":"ThisisXXZ"},"content":"            throw new AegisException(\" Error reading from file.\");","lastModifiedDate":"2024-09-20","isFullCredit":false},{"lineNumber":33,"author":{"gitId":"ThisisXXZ"},"content":"        }","lastModifiedDate":"2024-09-20","isFullCredit":false},{"lineNumber":34,"author":{"gitId":"ThisisXXZ"},"content":"","lastModifiedDate":"2024-09-20","isFullCredit":false},{"lineNumber":35,"author":{"gitId":"ThisisXXZ"},"content":"        return taskList;","lastModifiedDate":"2024-09-20","isFullCredit":false},{"lineNumber":36,"author":{"gitId":"ThisisXXZ"},"content":"    }","lastModifiedDate":"2024-09-20","isFullCredit":false},{"lineNumber":37,"author":{"gitId":"ThisisXXZ"},"content":"","lastModifiedDate":"2024-09-20","isFullCredit":false},{"lineNumber":38,"author":{"gitId":"ThisisXXZ"},"content":"    private Task parseTask(String line) throws AegisException {","lastModifiedDate":"2024-09-20","isFullCredit":false},{"lineNumber":39,"author":{"gitId":"ThisisXXZ"},"content":"        String[] parts \u003d line.split(\" \\\\| \");","lastModifiedDate":"2024-09-20","isFullCredit":false},{"lineNumber":40,"author":{"gitId":"ThisisXXZ"},"content":"        String taskType \u003d parts[0];","lastModifiedDate":"2024-09-20","isFullCredit":false},{"lineNumber":41,"author":{"gitId":"ThisisXXZ"},"content":"        boolean isDone \u003d parts[1].equals(\"1\");","lastModifiedDate":"2024-09-20","isFullCredit":false},{"lineNumber":42,"author":{"gitId":"ThisisXXZ"},"content":"","lastModifiedDate":"2024-09-20","isFullCredit":false},{"lineNumber":43,"author":{"gitId":"ThisisXXZ"},"content":"        switch (taskType) {","lastModifiedDate":"2024-09-20","isFullCredit":false},{"lineNumber":44,"author":{"gitId":"ThisisXXZ"},"content":"        case \"T\":","lastModifiedDate":"2024-09-20","isFullCredit":false},{"lineNumber":45,"author":{"gitId":"ThisisXXZ"},"content":"            Todo todo \u003d new Todo(parts[2]);","lastModifiedDate":"2024-09-20","isFullCredit":false},{"lineNumber":46,"author":{"gitId":"ThisisXXZ"},"content":"            if (isDone) {","lastModifiedDate":"2024-09-20","isFullCredit":false},{"lineNumber":47,"author":{"gitId":"ThisisXXZ"},"content":"                todo.markAsDone();","lastModifiedDate":"2024-09-20","isFullCredit":false},{"lineNumber":48,"author":{"gitId":"ThisisXXZ"},"content":"            }","lastModifiedDate":"2024-09-20","isFullCredit":false},{"lineNumber":49,"author":{"gitId":"ThisisXXZ"},"content":"            return todo;","lastModifiedDate":"2024-09-20","isFullCredit":false},{"lineNumber":50,"author":{"gitId":"ThisisXXZ"},"content":"        case \"D\":","lastModifiedDate":"2024-09-20","isFullCredit":false},{"lineNumber":51,"author":{"gitId":"ThisisXXZ"},"content":"            Deadline deadline \u003d new Deadline(parts[2], parts[3]);","lastModifiedDate":"2024-09-20","isFullCredit":false},{"lineNumber":52,"author":{"gitId":"ThisisXXZ"},"content":"            if (isDone) {","lastModifiedDate":"2024-09-20","isFullCredit":false},{"lineNumber":53,"author":{"gitId":"ThisisXXZ"},"content":"                deadline.markAsDone();","lastModifiedDate":"2024-09-20","isFullCredit":false},{"lineNumber":54,"author":{"gitId":"ThisisXXZ"},"content":"            }","lastModifiedDate":"2024-09-20","isFullCredit":false},{"lineNumber":55,"author":{"gitId":"ThisisXXZ"},"content":"            return deadline;","lastModifiedDate":"2024-09-20","isFullCredit":false},{"lineNumber":56,"author":{"gitId":"ThisisXXZ"},"content":"        case \"E\":","lastModifiedDate":"2024-09-20","isFullCredit":false},{"lineNumber":57,"author":{"gitId":"ThisisXXZ"},"content":"            Event event \u003d new Event(parts[2], parts[3], parts[4]);","lastModifiedDate":"2024-09-20","isFullCredit":false},{"lineNumber":58,"author":{"gitId":"ThisisXXZ"},"content":"            if (isDone) {","lastModifiedDate":"2024-09-20","isFullCredit":false},{"lineNumber":59,"author":{"gitId":"ThisisXXZ"},"content":"                event.markAsDone();","lastModifiedDate":"2024-09-20","isFullCredit":false},{"lineNumber":60,"author":{"gitId":"ThisisXXZ"},"content":"            }","lastModifiedDate":"2024-09-20","isFullCredit":false},{"lineNumber":61,"author":{"gitId":"ThisisXXZ"},"content":"            return event;","lastModifiedDate":"2024-09-20","isFullCredit":false},{"lineNumber":62,"author":{"gitId":"ThisisXXZ"},"content":"        default:","lastModifiedDate":"2024-09-20","isFullCredit":false},{"lineNumber":63,"author":{"gitId":"ThisisXXZ"},"content":"            throw new AegisException(\"File format corrupted\");","lastModifiedDate":"2024-09-20","isFullCredit":false},{"lineNumber":64,"author":{"gitId":"ThisisXXZ"},"content":"        }","lastModifiedDate":"2024-09-20","isFullCredit":false},{"lineNumber":65,"author":{"gitId":"ThisisXXZ"},"content":"    }","lastModifiedDate":"2024-09-20","isFullCredit":false},{"lineNumber":66,"author":{"gitId":"ThisisXXZ"},"content":"","lastModifiedDate":"2024-09-20","isFullCredit":false},{"lineNumber":67,"author":{"gitId":"ThisisXXZ"},"content":"    public void save(ArrayList\u003cTask\u003e taskList) throws AegisException {","lastModifiedDate":"2024-09-20","isFullCredit":false},{"lineNumber":68,"author":{"gitId":"ThisisXXZ"},"content":"        try (FileWriter writer \u003d new FileWriter(filePath)) {","lastModifiedDate":"2024-09-20","isFullCredit":false},{"lineNumber":69,"author":{"gitId":"ThisisXXZ"},"content":"            for (Task task : taskList) {","lastModifiedDate":"2024-09-20","isFullCredit":false},{"lineNumber":70,"author":{"gitId":"ThisisXXZ"},"content":"                writer.write(task.toFileFormat() + System.lineSeparator());","lastModifiedDate":"2024-09-20","isFullCredit":false},{"lineNumber":71,"author":{"gitId":"ThisisXXZ"},"content":"            }","lastModifiedDate":"2024-09-20","isFullCredit":false},{"lineNumber":72,"author":{"gitId":"ThisisXXZ"},"content":"        } catch (IOException e) {","lastModifiedDate":"2024-09-20","isFullCredit":false},{"lineNumber":73,"author":{"gitId":"ThisisXXZ"},"content":"            throw new AegisException(\" Error saving tasks to file.\");","lastModifiedDate":"2024-09-20","isFullCredit":false},{"lineNumber":74,"author":{"gitId":"ThisisXXZ"},"content":"        }","lastModifiedDate":"2024-09-20","isFullCredit":false},{"lineNumber":75,"author":{"gitId":"ThisisXXZ"},"content":"    }","lastModifiedDate":"2024-09-20","isFullCredit":false},{"lineNumber":76,"author":{"gitId":"ThisisXXZ"},"content":"}","lastModifiedDate":"2024-09-20","isFullCredit":false}],"authorContributionMap":{"ThisisXXZ":76}},{"path":"src/main/java/aegis/TaskList.java","fileType":"java","lines":[{"lineNumber":1,"author":{"gitId":"ThisisXXZ"},"content":"package aegis;","lastModifiedDate":"2024-09-20","isFullCredit":false},{"lineNumber":2,"author":{"gitId":"ThisisXXZ"},"content":"","lastModifiedDate":"2024-09-20","isFullCredit":false},{"lineNumber":3,"author":{"gitId":"ThisisXXZ"},"content":"import aegis.task.Task;","lastModifiedDate":"2024-09-20","isFullCredit":false},{"lineNumber":4,"author":{"gitId":"ThisisXXZ"},"content":"","lastModifiedDate":"2024-09-20","isFullCredit":false},{"lineNumber":5,"author":{"gitId":"ThisisXXZ"},"content":"import java.util.ArrayList;","lastModifiedDate":"2024-09-20","isFullCredit":false},{"lineNumber":6,"author":{"gitId":"ThisisXXZ"},"content":"","lastModifiedDate":"2024-09-20","isFullCredit":false},{"lineNumber":7,"author":{"gitId":"ThisisXXZ"},"content":"public class TaskList {","lastModifiedDate":"2024-09-20","isFullCredit":false},{"lineNumber":8,"author":{"gitId":"ThisisXXZ"},"content":"    private ArrayList\u003cTask\u003e tasks;","lastModifiedDate":"2024-09-20","isFullCredit":false},{"lineNumber":9,"author":{"gitId":"ThisisXXZ"},"content":"","lastModifiedDate":"2024-09-20","isFullCredit":false},{"lineNumber":10,"author":{"gitId":"ThisisXXZ"},"content":"    public TaskList() {","lastModifiedDate":"2024-09-20","isFullCredit":false},{"lineNumber":11,"author":{"gitId":"ThisisXXZ"},"content":"        this.tasks \u003d new ArrayList\u003c\u003e();","lastModifiedDate":"2024-09-20","isFullCredit":false},{"lineNumber":12,"author":{"gitId":"ThisisXXZ"},"content":"    }","lastModifiedDate":"2024-09-20","isFullCredit":false},{"lineNumber":13,"author":{"gitId":"ThisisXXZ"},"content":"","lastModifiedDate":"2024-09-20","isFullCredit":false},{"lineNumber":14,"author":{"gitId":"ThisisXXZ"},"content":"    public TaskList(ArrayList\u003cTask\u003e tasks) {","lastModifiedDate":"2024-09-20","isFullCredit":false},{"lineNumber":15,"author":{"gitId":"ThisisXXZ"},"content":"        this.tasks \u003d tasks;","lastModifiedDate":"2024-09-20","isFullCredit":false},{"lineNumber":16,"author":{"gitId":"ThisisXXZ"},"content":"    }","lastModifiedDate":"2024-09-20","isFullCredit":false},{"lineNumber":17,"author":{"gitId":"ThisisXXZ"},"content":"","lastModifiedDate":"2024-09-20","isFullCredit":false},{"lineNumber":18,"author":{"gitId":"ThisisXXZ"},"content":"    public void addTask(Task task) {","lastModifiedDate":"2024-09-20","isFullCredit":false},{"lineNumber":19,"author":{"gitId":"ThisisXXZ"},"content":"        tasks.add(task);","lastModifiedDate":"2024-09-20","isFullCredit":false},{"lineNumber":20,"author":{"gitId":"ThisisXXZ"},"content":"    }","lastModifiedDate":"2024-09-20","isFullCredit":false},{"lineNumber":21,"author":{"gitId":"ThisisXXZ"},"content":"","lastModifiedDate":"2024-09-20","isFullCredit":false},{"lineNumber":22,"author":{"gitId":"ThisisXXZ"},"content":"    public void deleteTask(int index) {","lastModifiedDate":"2024-09-20","isFullCredit":false},{"lineNumber":23,"author":{"gitId":"ThisisXXZ"},"content":"        tasks.remove(index);","lastModifiedDate":"2024-09-20","isFullCredit":false},{"lineNumber":24,"author":{"gitId":"ThisisXXZ"},"content":"    }","lastModifiedDate":"2024-09-20","isFullCredit":false},{"lineNumber":25,"author":{"gitId":"ThisisXXZ"},"content":"","lastModifiedDate":"2024-09-20","isFullCredit":false},{"lineNumber":26,"author":{"gitId":"ThisisXXZ"},"content":"    public ArrayList\u003cTask\u003e getTasks() {","lastModifiedDate":"2024-09-20","isFullCredit":false},{"lineNumber":27,"author":{"gitId":"ThisisXXZ"},"content":"        return tasks;","lastModifiedDate":"2024-09-20","isFullCredit":false},{"lineNumber":28,"author":{"gitId":"ThisisXXZ"},"content":"    }","lastModifiedDate":"2024-09-20","isFullCredit":false},{"lineNumber":29,"author":{"gitId":"ThisisXXZ"},"content":"","lastModifiedDate":"2024-09-20","isFullCredit":false},{"lineNumber":30,"author":{"gitId":"ThisisXXZ"},"content":"    public void displayTasks() {","lastModifiedDate":"2024-09-20","isFullCredit":false},{"lineNumber":31,"author":{"gitId":"ThisisXXZ"},"content":"        System.out.println();","lastModifiedDate":"2024-09-20","isFullCredit":false},{"lineNumber":32,"author":{"gitId":"ThisisXXZ"},"content":"        System.out.println(\" I could do much more than checking your list, but, if you wish:\");","lastModifiedDate":"2024-09-20","isFullCredit":false},{"lineNumber":33,"author":{"gitId":"ThisisXXZ"},"content":"        for (int i \u003d 0; i \u003c tasks.size(); i++) {","lastModifiedDate":"2024-09-20","isFullCredit":false},{"lineNumber":34,"author":{"gitId":"ThisisXXZ"},"content":"            System.out.printf(\"    %d. %s%n\", i + 1, tasks.get(i));","lastModifiedDate":"2024-09-20","isFullCredit":false},{"lineNumber":35,"author":{"gitId":"ThisisXXZ"},"content":"        }","lastModifiedDate":"2024-09-20","isFullCredit":false},{"lineNumber":36,"author":{"gitId":"ThisisXXZ"},"content":"        System.out.println();","lastModifiedDate":"2024-09-20","isFullCredit":false},{"lineNumber":37,"author":{"gitId":"ThisisXXZ"},"content":"    }","lastModifiedDate":"2024-09-20","isFullCredit":false},{"lineNumber":38,"author":{"gitId":"ThisisXXZ"},"content":"}","lastModifiedDate":"2024-09-20","isFullCredit":false}],"authorContributionMap":{"ThisisXXZ":38}},{"path":"src/main/java/aegis/Ui.java","fileType":"java","lines":[{"lineNumber":1,"author":{"gitId":"ThisisXXZ"},"content":"package aegis;","lastModifiedDate":"2024-09-20","isFullCredit":false},{"lineNumber":2,"author":{"gitId":"ThisisXXZ"},"content":"","lastModifiedDate":"2024-09-20","isFullCredit":false},{"lineNumber":3,"author":{"gitId":"ThisisXXZ"},"content":"import java.util.Scanner;","lastModifiedDate":"2024-09-20","isFullCredit":false},{"lineNumber":4,"author":{"gitId":"ThisisXXZ"},"content":"","lastModifiedDate":"2024-09-20","isFullCredit":false},{"lineNumber":5,"author":{"gitId":"ThisisXXZ"},"content":"public class Ui {","lastModifiedDate":"2024-09-20","isFullCredit":false},{"lineNumber":6,"author":{"gitId":"ThisisXXZ"},"content":"    private final Scanner scanner;","lastModifiedDate":"2024-09-20","isFullCredit":false},{"lineNumber":7,"author":{"gitId":"ThisisXXZ"},"content":"    private final static String AEGIS_LOGO \u003d \"\"\"","lastModifiedDate":"2024-09-20","isFullCredit":false},{"lineNumber":8,"author":{"gitId":"ThisisXXZ"},"content":"                                                                            \\s","lastModifiedDate":"2024-09-20","isFullCredit":false},{"lineNumber":9,"author":{"gitId":"ThisisXXZ"},"content":"                        **                                                  \\s","lastModifiedDate":"2024-09-20","isFullCredit":false},{"lineNumber":10,"author":{"gitId":"ThisisXXZ"},"content":"                     *****                                  *               \\s","lastModifiedDate":"2024-09-20","isFullCredit":false},{"lineNumber":11,"author":{"gitId":"ThisisXXZ"},"content":"                    *  ***                                 ***              \\s","lastModifiedDate":"2024-09-20","isFullCredit":false},{"lineNumber":12,"author":{"gitId":"ThisisXXZ"},"content":"                       ***                                  *               \\s","lastModifiedDate":"2024-09-20","isFullCredit":false},{"lineNumber":13,"author":{"gitId":"ThisisXXZ"},"content":"                      *  **                                          ****   \\s","lastModifiedDate":"2024-09-20","isFullCredit":false},{"lineNumber":14,"author":{"gitId":"ThisisXXZ"},"content":"                      *  **          ***        ****      ***       * **** *\\s","lastModifiedDate":"2024-09-20","isFullCredit":false},{"lineNumber":15,"author":{"gitId":"ThisisXXZ"},"content":"                     *    **        * ***      *  ***  *   ***     **  **** \\s","lastModifiedDate":"2024-09-20","isFullCredit":false},{"lineNumber":16,"author":{"gitId":"ThisisXXZ"},"content":"                     *    **       *   ***    *    ****     **    ****      \\s","lastModifiedDate":"2024-09-20","isFullCredit":false},{"lineNumber":17,"author":{"gitId":"ThisisXXZ"},"content":"                    *      **     **    ***  **     **      **      ***     \\s","lastModifiedDate":"2024-09-20","isFullCredit":false},{"lineNumber":18,"author":{"gitId":"ThisisXXZ"},"content":"                    *********     ********   **     **      **        ***   \\s","lastModifiedDate":"2024-09-20","isFullCredit":false},{"lineNumber":19,"author":{"gitId":"ThisisXXZ"},"content":"                   *        **    *******    **     **      **          *** \\s","lastModifiedDate":"2024-09-20","isFullCredit":false},{"lineNumber":20,"author":{"gitId":"ThisisXXZ"},"content":"                   *        **    **         **     **      **     ****  ** \\s","lastModifiedDate":"2024-09-20","isFullCredit":false},{"lineNumber":21,"author":{"gitId":"ThisisXXZ"},"content":"                  *****      **   ****    *  **     **      **    * **** *  \\s","lastModifiedDate":"2024-09-20","isFullCredit":false},{"lineNumber":22,"author":{"gitId":"ThisisXXZ"},"content":"                 *   ****    ** *  *******    ********      *** *    ****   \\s","lastModifiedDate":"2024-09-20","isFullCredit":false},{"lineNumber":23,"author":{"gitId":"ThisisXXZ"},"content":"                *     **      **    *****       *** ***      ***            \\s","lastModifiedDate":"2024-09-20","isFullCredit":false},{"lineNumber":24,"author":{"gitId":"ThisisXXZ"},"content":"                *                                    ***                    \\s","lastModifiedDate":"2024-09-20","isFullCredit":false},{"lineNumber":25,"author":{"gitId":"ThisisXXZ"},"content":"                 **                            ****   ***                   \\s","lastModifiedDate":"2024-09-20","isFullCredit":false},{"lineNumber":26,"author":{"gitId":"ThisisXXZ"},"content":"                                             *******  **                    \\s","lastModifiedDate":"2024-09-20","isFullCredit":false},{"lineNumber":27,"author":{"gitId":"ThisisXXZ"},"content":"                                            *     ****                      \\s","lastModifiedDate":"2024-09-20","isFullCredit":false},{"lineNumber":28,"author":{"gitId":"ThisisXXZ"},"content":"                                                                            \\s\"\"\";","lastModifiedDate":"2024-09-20","isFullCredit":false},{"lineNumber":29,"author":{"gitId":"ThisisXXZ"},"content":"","lastModifiedDate":"2024-09-20","isFullCredit":false},{"lineNumber":30,"author":{"gitId":"ThisisXXZ"},"content":"    public Ui() {","lastModifiedDate":"2024-09-20","isFullCredit":false},{"lineNumber":31,"author":{"gitId":"ThisisXXZ"},"content":"        this.scanner \u003d new Scanner(System.in);","lastModifiedDate":"2024-09-20","isFullCredit":false},{"lineNumber":32,"author":{"gitId":"ThisisXXZ"},"content":"    }","lastModifiedDate":"2024-09-20","isFullCredit":false},{"lineNumber":33,"author":{"gitId":"ThisisXXZ"},"content":"","lastModifiedDate":"2024-09-20","isFullCredit":false},{"lineNumber":34,"author":{"gitId":"ThisisXXZ"},"content":"    public void showWelcomeMessage() {","lastModifiedDate":"2024-09-20","isFullCredit":false},{"lineNumber":35,"author":{"gitId":"ThisisXXZ"},"content":"        System.out.println(AEGIS_LOGO);","lastModifiedDate":"2024-09-20","isFullCredit":false},{"lineNumber":36,"author":{"gitId":"ThisisXXZ"},"content":"        System.out.println(\"Hello! This is Aegis, an Anti-Shadow Suppression Weapon and a chatbot.\");","lastModifiedDate":"2024-09-20","isFullCredit":false},{"lineNumber":37,"author":{"gitId":"ThisisXXZ"},"content":"        System.out.println(\"What can I do for you?\");","lastModifiedDate":"2024-09-20","isFullCredit":false},{"lineNumber":38,"author":{"gitId":"ThisisXXZ"},"content":"        System.out.println();","lastModifiedDate":"2024-09-20","isFullCredit":false},{"lineNumber":39,"author":{"gitId":"ThisisXXZ"},"content":"        showLine();","lastModifiedDate":"2024-09-20","isFullCredit":false},{"lineNumber":40,"author":{"gitId":"ThisisXXZ"},"content":"    }","lastModifiedDate":"2024-09-20","isFullCredit":false},{"lineNumber":41,"author":{"gitId":"ThisisXXZ"},"content":"","lastModifiedDate":"2024-09-20","isFullCredit":false},{"lineNumber":42,"author":{"gitId":"ThisisXXZ"},"content":"    public String readCommand() {","lastModifiedDate":"2024-09-20","isFullCredit":false},{"lineNumber":43,"author":{"gitId":"ThisisXXZ"},"content":"        return scanner.nextLine().trim();","lastModifiedDate":"2024-09-20","isFullCredit":false},{"lineNumber":44,"author":{"gitId":"ThisisXXZ"},"content":"    }","lastModifiedDate":"2024-09-20","isFullCredit":false},{"lineNumber":45,"author":{"gitId":"ThisisXXZ"},"content":"","lastModifiedDate":"2024-09-20","isFullCredit":false},{"lineNumber":46,"author":{"gitId":"ThisisXXZ"},"content":"    public void showLine() {","lastModifiedDate":"2024-09-20","isFullCredit":false},{"lineNumber":47,"author":{"gitId":"ThisisXXZ"},"content":"        System.out.println(\"^_^ -------------------------------------------------- ^_^\");","lastModifiedDate":"2024-09-20","isFullCredit":false},{"lineNumber":48,"author":{"gitId":"ThisisXXZ"},"content":"    }","lastModifiedDate":"2024-09-20","isFullCredit":false},{"lineNumber":49,"author":{"gitId":"ThisisXXZ"},"content":"","lastModifiedDate":"2024-09-20","isFullCredit":false},{"lineNumber":50,"author":{"gitId":"ThisisXXZ"},"content":"    public void showLoadingError() {","lastModifiedDate":"2024-09-20","isFullCredit":false},{"lineNumber":51,"author":{"gitId":"ThisisXXZ"},"content":"        System.out.println(\" No previous task list found. Starting fresh.\");","lastModifiedDate":"2024-09-20","isFullCredit":false},{"lineNumber":52,"author":{"gitId":"ThisisXXZ"},"content":"    }","lastModifiedDate":"2024-09-20","isFullCredit":false},{"lineNumber":53,"author":{"gitId":"ThisisXXZ"},"content":"","lastModifiedDate":"2024-09-20","isFullCredit":false},{"lineNumber":54,"author":{"gitId":"ThisisXXZ"},"content":"    public void showError(String message) {","lastModifiedDate":"2024-09-20","isFullCredit":false},{"lineNumber":55,"author":{"gitId":"ThisisXXZ"},"content":"        System.out.println();","lastModifiedDate":"2024-09-20","isFullCredit":false},{"lineNumber":56,"author":{"gitId":"ThisisXXZ"},"content":"        System.out.printf(\" Anomaly detected: %s%n\", message);","lastModifiedDate":"2024-09-20","isFullCredit":false},{"lineNumber":57,"author":{"gitId":"ThisisXXZ"},"content":"        System.out.println();","lastModifiedDate":"2024-09-20","isFullCredit":false},{"lineNumber":58,"author":{"gitId":"ThisisXXZ"},"content":"    }","lastModifiedDate":"2024-09-20","isFullCredit":false},{"lineNumber":59,"author":{"gitId":"ThisisXXZ"},"content":"","lastModifiedDate":"2024-09-20","isFullCredit":false},{"lineNumber":60,"author":{"gitId":"ThisisXXZ"},"content":"    public void close() {","lastModifiedDate":"2024-09-20","isFullCredit":false},{"lineNumber":61,"author":{"gitId":"ThisisXXZ"},"content":"        scanner.close();","lastModifiedDate":"2024-09-20","isFullCredit":false},{"lineNumber":62,"author":{"gitId":"ThisisXXZ"},"content":"    }","lastModifiedDate":"2024-09-20","isFullCredit":false},{"lineNumber":63,"author":{"gitId":"ThisisXXZ"},"content":"}","lastModifiedDate":"2024-09-20","isFullCredit":false}],"authorContributionMap":{"ThisisXXZ":63}},{"path":"src/main/java/aegis/command/AddCommand.java","fileType":"java","lines":[{"lineNumber":1,"author":{"gitId":"ThisisXXZ"},"content":"package aegis.command;","lastModifiedDate":"2024-09-20","isFullCredit":false},{"lineNumber":2,"author":{"gitId":"ThisisXXZ"},"content":"","lastModifiedDate":"2024-09-20","isFullCredit":false},{"lineNumber":3,"author":{"gitId":"ThisisXXZ"},"content":"import aegis.AegisException;","lastModifiedDate":"2024-09-20","isFullCredit":false},{"lineNumber":4,"author":{"gitId":"ThisisXXZ"},"content":"import aegis.TaskList;","lastModifiedDate":"2024-09-20","isFullCredit":false},{"lineNumber":5,"author":{"gitId":"ThisisXXZ"},"content":"import aegis.Ui;","lastModifiedDate":"2024-09-20","isFullCredit":false},{"lineNumber":6,"author":{"gitId":"ThisisXXZ"},"content":"import aegis.Storage;","lastModifiedDate":"2024-09-20","isFullCredit":false},{"lineNumber":7,"author":{"gitId":"ThisisXXZ"},"content":"import aegis.task.Task;","lastModifiedDate":"2024-09-20","isFullCredit":false},{"lineNumber":8,"author":{"gitId":"ThisisXXZ"},"content":"","lastModifiedDate":"2024-09-20","isFullCredit":false},{"lineNumber":9,"author":{"gitId":"ThisisXXZ"},"content":"public class AddCommand extends Command {","lastModifiedDate":"2024-09-20","isFullCredit":false},{"lineNumber":10,"author":{"gitId":"ThisisXXZ"},"content":"    private final Task task;","lastModifiedDate":"2024-09-20","isFullCredit":false},{"lineNumber":11,"author":{"gitId":"ThisisXXZ"},"content":"","lastModifiedDate":"2024-09-20","isFullCredit":false},{"lineNumber":12,"author":{"gitId":"ThisisXXZ"},"content":"    public AddCommand(Task task) {","lastModifiedDate":"2024-09-20","isFullCredit":false},{"lineNumber":13,"author":{"gitId":"ThisisXXZ"},"content":"        this.task \u003d task;","lastModifiedDate":"2024-09-20","isFullCredit":false},{"lineNumber":14,"author":{"gitId":"ThisisXXZ"},"content":"    }","lastModifiedDate":"2024-09-20","isFullCredit":false},{"lineNumber":15,"author":{"gitId":"ThisisXXZ"},"content":"","lastModifiedDate":"2024-09-20","isFullCredit":false},{"lineNumber":16,"author":{"gitId":"ThisisXXZ"},"content":"    @Override","lastModifiedDate":"2024-09-20","isFullCredit":false},{"lineNumber":17,"author":{"gitId":"ThisisXXZ"},"content":"    public void execute(TaskList tasks, Ui ui, Storage storage) throws AegisException {","lastModifiedDate":"2024-09-20","isFullCredit":false},{"lineNumber":18,"author":{"gitId":"ThisisXXZ"},"content":"        tasks.addTask(task);","lastModifiedDate":"2024-09-20","isFullCredit":false},{"lineNumber":19,"author":{"gitId":"ThisisXXZ"},"content":"        System.out.println();","lastModifiedDate":"2024-09-20","isFullCredit":false},{"lineNumber":20,"author":{"gitId":"ThisisXXZ"},"content":"        System.out.printf(\" New task added: %n   %s%n\", task);","lastModifiedDate":"2024-09-20","isFullCredit":false},{"lineNumber":21,"author":{"gitId":"ThisisXXZ"},"content":"        System.out.printf(\" %d tasks needed to be done. Let me assist you!%n\", tasks.getTasks().size());","lastModifiedDate":"2024-09-20","isFullCredit":false},{"lineNumber":22,"author":{"gitId":"ThisisXXZ"},"content":"        System.out.println();","lastModifiedDate":"2024-09-20","isFullCredit":false},{"lineNumber":23,"author":{"gitId":"ThisisXXZ"},"content":"        storage.save(tasks.getTasks());","lastModifiedDate":"2024-09-20","isFullCredit":false},{"lineNumber":24,"author":{"gitId":"ThisisXXZ"},"content":"    }","lastModifiedDate":"2024-09-20","isFullCredit":false},{"lineNumber":25,"author":{"gitId":"ThisisXXZ"},"content":"}","lastModifiedDate":"2024-09-20","isFullCredit":false}],"authorContributionMap":{"ThisisXXZ":25}},{"path":"src/main/java/aegis/command/Command.java","fileType":"java","lines":[{"lineNumber":1,"author":{"gitId":"ThisisXXZ"},"content":"package aegis.command;","lastModifiedDate":"2024-09-20","isFullCredit":false},{"lineNumber":2,"author":{"gitId":"ThisisXXZ"},"content":"","lastModifiedDate":"2024-09-20","isFullCredit":false},{"lineNumber":3,"author":{"gitId":"ThisisXXZ"},"content":"import aegis.AegisException;","lastModifiedDate":"2024-09-20","isFullCredit":false},{"lineNumber":4,"author":{"gitId":"ThisisXXZ"},"content":"import aegis.TaskList;","lastModifiedDate":"2024-09-20","isFullCredit":false},{"lineNumber":5,"author":{"gitId":"ThisisXXZ"},"content":"import aegis.Ui;","lastModifiedDate":"2024-09-20","isFullCredit":false},{"lineNumber":6,"author":{"gitId":"ThisisXXZ"},"content":"import aegis.Storage;","lastModifiedDate":"2024-09-20","isFullCredit":false},{"lineNumber":7,"author":{"gitId":"ThisisXXZ"},"content":"","lastModifiedDate":"2024-09-20","isFullCredit":false},{"lineNumber":8,"author":{"gitId":"ThisisXXZ"},"content":"public abstract class Command {","lastModifiedDate":"2024-09-20","isFullCredit":false},{"lineNumber":9,"author":{"gitId":"ThisisXXZ"},"content":"    public abstract void execute(TaskList tasks, Ui ui, Storage storage) throws AegisException;","lastModifiedDate":"2024-09-20","isFullCredit":false},{"lineNumber":10,"author":{"gitId":"ThisisXXZ"},"content":"","lastModifiedDate":"2024-09-20","isFullCredit":false},{"lineNumber":11,"author":{"gitId":"ThisisXXZ"},"content":"    public boolean isExit() {","lastModifiedDate":"2024-09-20","isFullCredit":false},{"lineNumber":12,"author":{"gitId":"ThisisXXZ"},"content":"        return false;","lastModifiedDate":"2024-09-20","isFullCredit":false},{"lineNumber":13,"author":{"gitId":"ThisisXXZ"},"content":"    }","lastModifiedDate":"2024-09-20","isFullCredit":false},{"lineNumber":14,"author":{"gitId":"ThisisXXZ"},"content":"}","lastModifiedDate":"2024-09-20","isFullCredit":false}],"authorContributionMap":{"ThisisXXZ":14}},{"path":"src/main/java/aegis/command/DeleteCommand.java","fileType":"java","lines":[{"lineNumber":1,"author":{"gitId":"ThisisXXZ"},"content":"package aegis.command;","lastModifiedDate":"2024-09-20","isFullCredit":false},{"lineNumber":2,"author":{"gitId":"ThisisXXZ"},"content":"","lastModifiedDate":"2024-09-20","isFullCredit":false},{"lineNumber":3,"author":{"gitId":"ThisisXXZ"},"content":"import aegis.AegisException;","lastModifiedDate":"2024-09-20","isFullCredit":false},{"lineNumber":4,"author":{"gitId":"ThisisXXZ"},"content":"import aegis.TaskList;","lastModifiedDate":"2024-09-20","isFullCredit":false},{"lineNumber":5,"author":{"gitId":"ThisisXXZ"},"content":"import aegis.Ui;","lastModifiedDate":"2024-09-20","isFullCredit":false},{"lineNumber":6,"author":{"gitId":"ThisisXXZ"},"content":"import aegis.Storage;","lastModifiedDate":"2024-09-20","isFullCredit":false},{"lineNumber":7,"author":{"gitId":"ThisisXXZ"},"content":"","lastModifiedDate":"2024-09-20","isFullCredit":false},{"lineNumber":8,"author":{"gitId":"ThisisXXZ"},"content":"public class DeleteCommand extends Command {","lastModifiedDate":"2024-09-20","isFullCredit":false},{"lineNumber":9,"author":{"gitId":"ThisisXXZ"},"content":"    private int taskIndex;","lastModifiedDate":"2024-09-20","isFullCredit":false},{"lineNumber":10,"author":{"gitId":"ThisisXXZ"},"content":"","lastModifiedDate":"2024-09-20","isFullCredit":false},{"lineNumber":11,"author":{"gitId":"ThisisXXZ"},"content":"    public DeleteCommand(int taskIndex) {","lastModifiedDate":"2024-09-20","isFullCredit":false},{"lineNumber":12,"author":{"gitId":"ThisisXXZ"},"content":"        this.taskIndex \u003d taskIndex;","lastModifiedDate":"2024-09-20","isFullCredit":false},{"lineNumber":13,"author":{"gitId":"ThisisXXZ"},"content":"    }","lastModifiedDate":"2024-09-20","isFullCredit":false},{"lineNumber":14,"author":{"gitId":"ThisisXXZ"},"content":"","lastModifiedDate":"2024-09-20","isFullCredit":false},{"lineNumber":15,"author":{"gitId":"ThisisXXZ"},"content":"    @Override","lastModifiedDate":"2024-09-20","isFullCredit":false},{"lineNumber":16,"author":{"gitId":"ThisisXXZ"},"content":"    public void execute(TaskList tasks, Ui ui, Storage storage) throws AegisException {","lastModifiedDate":"2024-09-20","isFullCredit":false},{"lineNumber":17,"author":{"gitId":"ThisisXXZ"},"content":"        if (taskIndex \u003c 0 || taskIndex \u003e\u003d tasks.getTasks().size()) {","lastModifiedDate":"2024-09-20","isFullCredit":false},{"lineNumber":18,"author":{"gitId":"ThisisXXZ"},"content":"            throw new AegisException(\"Invalid task number\");","lastModifiedDate":"2024-09-20","isFullCredit":false},{"lineNumber":19,"author":{"gitId":"ThisisXXZ"},"content":"        }","lastModifiedDate":"2024-09-20","isFullCredit":false},{"lineNumber":20,"author":{"gitId":"ThisisXXZ"},"content":"        System.out.println();","lastModifiedDate":"2024-09-20","isFullCredit":false},{"lineNumber":21,"author":{"gitId":"ThisisXXZ"},"content":"        System.out.printf(\" Noted. I\u0027ve removed this task:%n   %s%n\", tasks.getTasks().get(taskIndex));","lastModifiedDate":"2024-09-20","isFullCredit":false},{"lineNumber":22,"author":{"gitId":"ThisisXXZ"},"content":"        tasks.deleteTask(taskIndex);","lastModifiedDate":"2024-09-20","isFullCredit":false},{"lineNumber":23,"author":{"gitId":"ThisisXXZ"},"content":"        System.out.printf(\" Now you have %d tasks in the list.%n\", tasks.getTasks().size());","lastModifiedDate":"2024-09-20","isFullCredit":false},{"lineNumber":24,"author":{"gitId":"ThisisXXZ"},"content":"        System.out.println();","lastModifiedDate":"2024-09-20","isFullCredit":false},{"lineNumber":25,"author":{"gitId":"ThisisXXZ"},"content":"        storage.save(tasks.getTasks());","lastModifiedDate":"2024-09-20","isFullCredit":false},{"lineNumber":26,"author":{"gitId":"ThisisXXZ"},"content":"    }","lastModifiedDate":"2024-09-20","isFullCredit":false},{"lineNumber":27,"author":{"gitId":"ThisisXXZ"},"content":"}","lastModifiedDate":"2024-09-20","isFullCredit":false}],"authorContributionMap":{"ThisisXXZ":27}},{"path":"src/main/java/aegis/command/ExitCommand.java","fileType":"java","lines":[{"lineNumber":1,"author":{"gitId":"ThisisXXZ"},"content":"package aegis.command;","lastModifiedDate":"2024-09-20","isFullCredit":false},{"lineNumber":2,"author":{"gitId":"ThisisXXZ"},"content":"","lastModifiedDate":"2024-09-20","isFullCredit":false},{"lineNumber":3,"author":{"gitId":"ThisisXXZ"},"content":"import aegis.TaskList;","lastModifiedDate":"2024-09-20","isFullCredit":false},{"lineNumber":4,"author":{"gitId":"ThisisXXZ"},"content":"import aegis.Ui;","lastModifiedDate":"2024-09-20","isFullCredit":false},{"lineNumber":5,"author":{"gitId":"ThisisXXZ"},"content":"import aegis.Storage;","lastModifiedDate":"2024-09-20","isFullCredit":false},{"lineNumber":6,"author":{"gitId":"ThisisXXZ"},"content":"","lastModifiedDate":"2024-09-20","isFullCredit":false},{"lineNumber":7,"author":{"gitId":"ThisisXXZ"},"content":"public class ExitCommand extends Command {","lastModifiedDate":"2024-09-20","isFullCredit":false},{"lineNumber":8,"author":{"gitId":"ThisisXXZ"},"content":"","lastModifiedDate":"2024-09-20","isFullCredit":false},{"lineNumber":9,"author":{"gitId":"ThisisXXZ"},"content":"    @Override","lastModifiedDate":"2024-09-20","isFullCredit":false},{"lineNumber":10,"author":{"gitId":"ThisisXXZ"},"content":"    public void execute(TaskList tasks, Ui ui, Storage storage) {","lastModifiedDate":"2024-09-20","isFullCredit":false},{"lineNumber":11,"author":{"gitId":"ThisisXXZ"},"content":"        System.out.println();","lastModifiedDate":"2024-09-20","isFullCredit":false},{"lineNumber":12,"author":{"gitId":"ThisisXXZ"},"content":"        System.out.println(\" Bye. Hope to see you again soon!\");","lastModifiedDate":"2024-09-20","isFullCredit":false},{"lineNumber":13,"author":{"gitId":"ThisisXXZ"},"content":"        System.out.println();","lastModifiedDate":"2024-09-20","isFullCredit":false},{"lineNumber":14,"author":{"gitId":"ThisisXXZ"},"content":"    }","lastModifiedDate":"2024-09-20","isFullCredit":false},{"lineNumber":15,"author":{"gitId":"ThisisXXZ"},"content":"","lastModifiedDate":"2024-09-20","isFullCredit":false},{"lineNumber":16,"author":{"gitId":"ThisisXXZ"},"content":"    @Override","lastModifiedDate":"2024-09-20","isFullCredit":false},{"lineNumber":17,"author":{"gitId":"ThisisXXZ"},"content":"    public boolean isExit() {","lastModifiedDate":"2024-09-20","isFullCredit":false},{"lineNumber":18,"author":{"gitId":"ThisisXXZ"},"content":"        return true;","lastModifiedDate":"2024-09-20","isFullCredit":false},{"lineNumber":19,"author":{"gitId":"ThisisXXZ"},"content":"    }","lastModifiedDate":"2024-09-20","isFullCredit":false},{"lineNumber":20,"author":{"gitId":"ThisisXXZ"},"content":"}","lastModifiedDate":"2024-09-20","isFullCredit":false}],"authorContributionMap":{"ThisisXXZ":20}},{"path":"src/main/java/aegis/command/ListCommand.java","fileType":"java","lines":[{"lineNumber":1,"author":{"gitId":"ThisisXXZ"},"content":"package aegis.command;","lastModifiedDate":"2024-09-20","isFullCredit":false},{"lineNumber":2,"author":{"gitId":"ThisisXXZ"},"content":"","lastModifiedDate":"2024-09-20","isFullCredit":false},{"lineNumber":3,"author":{"gitId":"ThisisXXZ"},"content":"import aegis.TaskList;","lastModifiedDate":"2024-09-20","isFullCredit":false},{"lineNumber":4,"author":{"gitId":"ThisisXXZ"},"content":"import aegis.Ui;","lastModifiedDate":"2024-09-20","isFullCredit":false},{"lineNumber":5,"author":{"gitId":"ThisisXXZ"},"content":"import aegis.Storage;","lastModifiedDate":"2024-09-20","isFullCredit":false},{"lineNumber":6,"author":{"gitId":"ThisisXXZ"},"content":"","lastModifiedDate":"2024-09-20","isFullCredit":false},{"lineNumber":7,"author":{"gitId":"ThisisXXZ"},"content":"public class ListCommand extends Command {","lastModifiedDate":"2024-09-20","isFullCredit":false},{"lineNumber":8,"author":{"gitId":"ThisisXXZ"},"content":"","lastModifiedDate":"2024-09-20","isFullCredit":false},{"lineNumber":9,"author":{"gitId":"ThisisXXZ"},"content":"    @Override","lastModifiedDate":"2024-09-20","isFullCredit":false},{"lineNumber":10,"author":{"gitId":"ThisisXXZ"},"content":"    public void execute(TaskList tasks, Ui ui, Storage storage) {","lastModifiedDate":"2024-09-20","isFullCredit":false},{"lineNumber":11,"author":{"gitId":"ThisisXXZ"},"content":"        tasks.displayTasks();","lastModifiedDate":"2024-09-20","isFullCredit":false},{"lineNumber":12,"author":{"gitId":"ThisisXXZ"},"content":"    }","lastModifiedDate":"2024-09-20","isFullCredit":false},{"lineNumber":13,"author":{"gitId":"ThisisXXZ"},"content":"}","lastModifiedDate":"2024-09-20","isFullCredit":false}],"authorContributionMap":{"ThisisXXZ":13}},{"path":"src/main/java/aegis/command/MarkCommand.java","fileType":"java","lines":[{"lineNumber":1,"author":{"gitId":"ThisisXXZ"},"content":"package aegis.command;","lastModifiedDate":"2024-09-20","isFullCredit":false},{"lineNumber":2,"author":{"gitId":"ThisisXXZ"},"content":"","lastModifiedDate":"2024-09-20","isFullCredit":false},{"lineNumber":3,"author":{"gitId":"ThisisXXZ"},"content":"import aegis.AegisException;","lastModifiedDate":"2024-09-20","isFullCredit":false},{"lineNumber":4,"author":{"gitId":"ThisisXXZ"},"content":"import aegis.TaskList;","lastModifiedDate":"2024-09-20","isFullCredit":false},{"lineNumber":5,"author":{"gitId":"ThisisXXZ"},"content":"import aegis.Ui;","lastModifiedDate":"2024-09-20","isFullCredit":false},{"lineNumber":6,"author":{"gitId":"ThisisXXZ"},"content":"import aegis.Storage;","lastModifiedDate":"2024-09-20","isFullCredit":false},{"lineNumber":7,"author":{"gitId":"ThisisXXZ"},"content":"","lastModifiedDate":"2024-09-20","isFullCredit":false},{"lineNumber":8,"author":{"gitId":"ThisisXXZ"},"content":"public class MarkCommand extends Command {","lastModifiedDate":"2024-09-20","isFullCredit":false},{"lineNumber":9,"author":{"gitId":"ThisisXXZ"},"content":"    private int taskIndex;","lastModifiedDate":"2024-09-20","isFullCredit":false},{"lineNumber":10,"author":{"gitId":"ThisisXXZ"},"content":"    private boolean isMark;","lastModifiedDate":"2024-09-20","isFullCredit":false},{"lineNumber":11,"author":{"gitId":"ThisisXXZ"},"content":"","lastModifiedDate":"2024-09-20","isFullCredit":false},{"lineNumber":12,"author":{"gitId":"ThisisXXZ"},"content":"    public MarkCommand(int taskIndex, boolean isMark) {","lastModifiedDate":"2024-09-20","isFullCredit":false},{"lineNumber":13,"author":{"gitId":"ThisisXXZ"},"content":"        this.taskIndex \u003d taskIndex;","lastModifiedDate":"2024-09-20","isFullCredit":false},{"lineNumber":14,"author":{"gitId":"ThisisXXZ"},"content":"        this.isMark \u003d isMark;","lastModifiedDate":"2024-09-20","isFullCredit":false},{"lineNumber":15,"author":{"gitId":"ThisisXXZ"},"content":"    }","lastModifiedDate":"2024-09-20","isFullCredit":false},{"lineNumber":16,"author":{"gitId":"ThisisXXZ"},"content":"","lastModifiedDate":"2024-09-20","isFullCredit":false},{"lineNumber":17,"author":{"gitId":"ThisisXXZ"},"content":"    @Override","lastModifiedDate":"2024-09-20","isFullCredit":false},{"lineNumber":18,"author":{"gitId":"ThisisXXZ"},"content":"    public void execute(TaskList tasks, Ui ui, Storage storage) throws AegisException {","lastModifiedDate":"2024-09-20","isFullCredit":false},{"lineNumber":19,"author":{"gitId":"ThisisXXZ"},"content":"        if (taskIndex \u003c 0 || taskIndex \u003e\u003d tasks.getTasks().size()) {","lastModifiedDate":"2024-09-20","isFullCredit":false},{"lineNumber":20,"author":{"gitId":"ThisisXXZ"},"content":"            throw new AegisException(\"Invalid task number\");","lastModifiedDate":"2024-09-20","isFullCredit":false},{"lineNumber":21,"author":{"gitId":"ThisisXXZ"},"content":"        }","lastModifiedDate":"2024-09-20","isFullCredit":false},{"lineNumber":22,"author":{"gitId":"ThisisXXZ"},"content":"        System.out.println();","lastModifiedDate":"2024-09-20","isFullCredit":false},{"lineNumber":23,"author":{"gitId":"ThisisXXZ"},"content":"        if (isMark) {","lastModifiedDate":"2024-09-20","isFullCredit":false},{"lineNumber":24,"author":{"gitId":"ThisisXXZ"},"content":"            tasks.getTasks().get(taskIndex).markAsDone();","lastModifiedDate":"2024-09-20","isFullCredit":false},{"lineNumber":25,"author":{"gitId":"ThisisXXZ"},"content":"            System.out.printf(\" I\u0027ve marked this task as done:%n   %s%n\", tasks.getTasks().get(taskIndex));","lastModifiedDate":"2024-09-20","isFullCredit":false},{"lineNumber":26,"author":{"gitId":"ThisisXXZ"},"content":"        } else {","lastModifiedDate":"2024-09-20","isFullCredit":false},{"lineNumber":27,"author":{"gitId":"ThisisXXZ"},"content":"            tasks.getTasks().get(taskIndex).unmarkAsDone();","lastModifiedDate":"2024-09-20","isFullCredit":false},{"lineNumber":28,"author":{"gitId":"ThisisXXZ"},"content":"            System.out.printf(\" I\u0027ve marked this task as not done yet:%n   %s%n\", tasks.getTasks().get(taskIndex));","lastModifiedDate":"2024-09-20","isFullCredit":false},{"lineNumber":29,"author":{"gitId":"ThisisXXZ"},"content":"        }","lastModifiedDate":"2024-09-20","isFullCredit":false},{"lineNumber":30,"author":{"gitId":"ThisisXXZ"},"content":"        System.out.println();","lastModifiedDate":"2024-09-20","isFullCredit":false},{"lineNumber":31,"author":{"gitId":"ThisisXXZ"},"content":"        storage.save(tasks.getTasks());","lastModifiedDate":"2024-09-20","isFullCredit":false},{"lineNumber":32,"author":{"gitId":"ThisisXXZ"},"content":"    }","lastModifiedDate":"2024-09-20","isFullCredit":false},{"lineNumber":33,"author":{"gitId":"ThisisXXZ"},"content":"}","lastModifiedDate":"2024-09-20","isFullCredit":false}],"authorContributionMap":{"ThisisXXZ":33}},{"path":"src/main/java/aegis/task/Deadline.java","fileType":"java","lines":[{"lineNumber":1,"author":{"gitId":"ThisisXXZ"},"content":"package aegis.task;","lastModifiedDate":"2024-09-06","isFullCredit":false},{"lineNumber":2,"author":{"gitId":"ThisisXXZ"},"content":"","lastModifiedDate":"2024-09-06","isFullCredit":false},{"lineNumber":3,"author":{"gitId":"ThisisXXZ"},"content":"public class Deadline extends Task {","lastModifiedDate":"2024-08-30","isFullCredit":false},{"lineNumber":4,"author":{"gitId":"ThisisXXZ"},"content":"","lastModifiedDate":"2024-08-30","isFullCredit":false},{"lineNumber":5,"author":{"gitId":"ThisisXXZ"},"content":"    protected String by;","lastModifiedDate":"2024-08-30","isFullCredit":false},{"lineNumber":6,"author":{"gitId":"ThisisXXZ"},"content":"","lastModifiedDate":"2024-08-30","isFullCredit":false},{"lineNumber":7,"author":{"gitId":"ThisisXXZ"},"content":"    public Deadline(String description, String by) {","lastModifiedDate":"2024-08-30","isFullCredit":false},{"lineNumber":8,"author":{"gitId":"ThisisXXZ"},"content":"        super(description);","lastModifiedDate":"2024-08-30","isFullCredit":false},{"lineNumber":9,"author":{"gitId":"ThisisXXZ"},"content":"        this.by \u003d by;","lastModifiedDate":"2024-08-30","isFullCredit":false},{"lineNumber":10,"author":{"gitId":"ThisisXXZ"},"content":"    }","lastModifiedDate":"2024-08-30","isFullCredit":false},{"lineNumber":11,"author":{"gitId":"ThisisXXZ"},"content":"","lastModifiedDate":"2024-08-30","isFullCredit":false},{"lineNumber":12,"author":{"gitId":"ThisisXXZ"},"content":"    public String toFileFormat() {","lastModifiedDate":"2024-09-13","isFullCredit":false},{"lineNumber":13,"author":{"gitId":"ThisisXXZ"},"content":"        return \"D | \" + (isDone ? \"1\" : \"0\") + \" | \" + description + \" | \" + by;","lastModifiedDate":"2024-09-13","isFullCredit":false},{"lineNumber":14,"author":{"gitId":"ThisisXXZ"},"content":"    }","lastModifiedDate":"2024-09-13","isFullCredit":false},{"lineNumber":15,"author":{"gitId":"ThisisXXZ"},"content":"","lastModifiedDate":"2024-09-13","isFullCredit":false},{"lineNumber":16,"author":{"gitId":"ThisisXXZ"},"content":"    @Override","lastModifiedDate":"2024-08-30","isFullCredit":false},{"lineNumber":17,"author":{"gitId":"ThisisXXZ"},"content":"    public String toString() {","lastModifiedDate":"2024-08-30","isFullCredit":false},{"lineNumber":18,"author":{"gitId":"ThisisXXZ"},"content":"        return \"[D]\" + super.toString() + \" (by: \" + by + \")\";","lastModifiedDate":"2024-08-30","isFullCredit":false},{"lineNumber":19,"author":{"gitId":"ThisisXXZ"},"content":"    }","lastModifiedDate":"2024-08-30","isFullCredit":false},{"lineNumber":20,"author":{"gitId":"ThisisXXZ"},"content":"}","lastModifiedDate":"2024-08-30","isFullCredit":false}],"authorContributionMap":{"ThisisXXZ":20}},{"path":"src/main/java/aegis/task/Event.java","fileType":"java","lines":[{"lineNumber":1,"author":{"gitId":"ThisisXXZ"},"content":"package aegis.task;","lastModifiedDate":"2024-09-06","isFullCredit":false},{"lineNumber":2,"author":{"gitId":"ThisisXXZ"},"content":"","lastModifiedDate":"2024-09-06","isFullCredit":false},{"lineNumber":3,"author":{"gitId":"ThisisXXZ"},"content":"public class Event extends Task {","lastModifiedDate":"2024-08-30","isFullCredit":false},{"lineNumber":4,"author":{"gitId":"ThisisXXZ"},"content":"","lastModifiedDate":"2024-08-30","isFullCredit":false},{"lineNumber":5,"author":{"gitId":"ThisisXXZ"},"content":"    protected String from;","lastModifiedDate":"2024-08-30","isFullCredit":false},{"lineNumber":6,"author":{"gitId":"ThisisXXZ"},"content":"    protected String to;","lastModifiedDate":"2024-08-30","isFullCredit":false},{"lineNumber":7,"author":{"gitId":"ThisisXXZ"},"content":"","lastModifiedDate":"2024-08-30","isFullCredit":false},{"lineNumber":8,"author":{"gitId":"ThisisXXZ"},"content":"    public Event(String description, String from, String to) {","lastModifiedDate":"2024-08-30","isFullCredit":false},{"lineNumber":9,"author":{"gitId":"ThisisXXZ"},"content":"        super(description);","lastModifiedDate":"2024-08-30","isFullCredit":false},{"lineNumber":10,"author":{"gitId":"ThisisXXZ"},"content":"        this.from \u003d from;","lastModifiedDate":"2024-08-30","isFullCredit":false},{"lineNumber":11,"author":{"gitId":"ThisisXXZ"},"content":"        this.to \u003d to;","lastModifiedDate":"2024-08-30","isFullCredit":false},{"lineNumber":12,"author":{"gitId":"ThisisXXZ"},"content":"    }","lastModifiedDate":"2024-08-30","isFullCredit":false},{"lineNumber":13,"author":{"gitId":"ThisisXXZ"},"content":"","lastModifiedDate":"2024-08-30","isFullCredit":false},{"lineNumber":14,"author":{"gitId":"ThisisXXZ"},"content":"    public String toFileFormat() {","lastModifiedDate":"2024-09-13","isFullCredit":false},{"lineNumber":15,"author":{"gitId":"ThisisXXZ"},"content":"        return \"E | \" + (isDone ? \"1\" : \"0\") + \" | \" + description + \" | \" + from + \" | \" + to;","lastModifiedDate":"2024-09-13","isFullCredit":false},{"lineNumber":16,"author":{"gitId":"ThisisXXZ"},"content":"    }","lastModifiedDate":"2024-09-13","isFullCredit":false},{"lineNumber":17,"author":{"gitId":"ThisisXXZ"},"content":"","lastModifiedDate":"2024-09-13","isFullCredit":false},{"lineNumber":18,"author":{"gitId":"ThisisXXZ"},"content":"    @Override","lastModifiedDate":"2024-08-30","isFullCredit":false},{"lineNumber":19,"author":{"gitId":"ThisisXXZ"},"content":"    public String toString() {","lastModifiedDate":"2024-08-30","isFullCredit":false},{"lineNumber":20,"author":{"gitId":"ThisisXXZ"},"content":"        return \"[E]\" + super.toString() + \" (from: \" + from + \", to: \" + to + \")\";","lastModifiedDate":"2024-08-30","isFullCredit":false},{"lineNumber":21,"author":{"gitId":"ThisisXXZ"},"content":"    }","lastModifiedDate":"2024-08-30","isFullCredit":false},{"lineNumber":22,"author":{"gitId":"ThisisXXZ"},"content":"}","lastModifiedDate":"2024-08-30","isFullCredit":false}],"authorContributionMap":{"ThisisXXZ":22}},{"path":"src/main/java/aegis/task/Task.java","fileType":"java","lines":[{"lineNumber":1,"author":{"gitId":"ThisisXXZ"},"content":"package aegis.task;","lastModifiedDate":"2024-09-06","isFullCredit":false},{"lineNumber":2,"author":{"gitId":"ThisisXXZ"},"content":"","lastModifiedDate":"2024-09-06","isFullCredit":false},{"lineNumber":3,"author":{"gitId":"ThisisXXZ"},"content":"public class Task {","lastModifiedDate":"2024-08-24","isFullCredit":false},{"lineNumber":4,"author":{"gitId":"ThisisXXZ"},"content":"    protected String description;","lastModifiedDate":"2024-08-24","isFullCredit":false},{"lineNumber":5,"author":{"gitId":"ThisisXXZ"},"content":"    protected boolean isDone;","lastModifiedDate":"2024-08-24","isFullCredit":false},{"lineNumber":6,"author":{"gitId":"ThisisXXZ"},"content":"","lastModifiedDate":"2024-08-24","isFullCredit":false},{"lineNumber":7,"author":{"gitId":"ThisisXXZ"},"content":"    public Task(String description) {","lastModifiedDate":"2024-08-24","isFullCredit":false},{"lineNumber":8,"author":{"gitId":"ThisisXXZ"},"content":"        this.description \u003d description;","lastModifiedDate":"2024-08-24","isFullCredit":false},{"lineNumber":9,"author":{"gitId":"ThisisXXZ"},"content":"        this.isDone \u003d false;","lastModifiedDate":"2024-08-24","isFullCredit":false},{"lineNumber":10,"author":{"gitId":"ThisisXXZ"},"content":"    }","lastModifiedDate":"2024-08-24","isFullCredit":false},{"lineNumber":11,"author":{"gitId":"ThisisXXZ"},"content":"","lastModifiedDate":"2024-08-24","isFullCredit":false},{"lineNumber":12,"author":{"gitId":"ThisisXXZ"},"content":"    public String getStatusIcon() {","lastModifiedDate":"2024-08-24","isFullCredit":false},{"lineNumber":13,"author":{"gitId":"ThisisXXZ"},"content":"        return (isDone ? \"X\" : \" \"); // mark done task with X","lastModifiedDate":"2024-08-24","isFullCredit":false},{"lineNumber":14,"author":{"gitId":"ThisisXXZ"},"content":"    }","lastModifiedDate":"2024-08-24","isFullCredit":false},{"lineNumber":15,"author":{"gitId":"ThisisXXZ"},"content":"","lastModifiedDate":"2024-08-24","isFullCredit":false},{"lineNumber":16,"author":{"gitId":"ThisisXXZ"},"content":"    public void markAsDone() {","lastModifiedDate":"2024-08-24","isFullCredit":false},{"lineNumber":17,"author":{"gitId":"ThisisXXZ"},"content":"        this.isDone \u003d true;","lastModifiedDate":"2024-08-24","isFullCredit":false},{"lineNumber":18,"author":{"gitId":"ThisisXXZ"},"content":"    }","lastModifiedDate":"2024-08-24","isFullCredit":false},{"lineNumber":19,"author":{"gitId":"ThisisXXZ"},"content":"","lastModifiedDate":"2024-08-24","isFullCredit":false},{"lineNumber":20,"author":{"gitId":"ThisisXXZ"},"content":"    public void unmarkAsDone() {","lastModifiedDate":"2024-08-24","isFullCredit":false},{"lineNumber":21,"author":{"gitId":"ThisisXXZ"},"content":"        this.isDone \u003d false;","lastModifiedDate":"2024-08-24","isFullCredit":false},{"lineNumber":22,"author":{"gitId":"ThisisXXZ"},"content":"    }","lastModifiedDate":"2024-08-24","isFullCredit":false},{"lineNumber":23,"author":{"gitId":"ThisisXXZ"},"content":"","lastModifiedDate":"2024-08-24","isFullCredit":false},{"lineNumber":24,"author":{"gitId":"ThisisXXZ"},"content":"    public String getDescription() {","lastModifiedDate":"2024-08-24","isFullCredit":false},{"lineNumber":25,"author":{"gitId":"ThisisXXZ"},"content":"        return description;","lastModifiedDate":"2024-08-24","isFullCredit":false},{"lineNumber":26,"author":{"gitId":"ThisisXXZ"},"content":"    }","lastModifiedDate":"2024-08-24","isFullCredit":false},{"lineNumber":27,"author":{"gitId":"ThisisXXZ"},"content":"","lastModifiedDate":"2024-08-24","isFullCredit":false},{"lineNumber":28,"author":{"gitId":"ThisisXXZ"},"content":"    public String toFileFormat() {","lastModifiedDate":"2024-09-13","isFullCredit":false},{"lineNumber":29,"author":{"gitId":"ThisisXXZ"},"content":"        return \"T | \" + (isDone ? \"1\" : \"0\") + \" | \" + description;","lastModifiedDate":"2024-09-13","isFullCredit":false},{"lineNumber":30,"author":{"gitId":"ThisisXXZ"},"content":"    }","lastModifiedDate":"2024-09-13","isFullCredit":false},{"lineNumber":31,"author":{"gitId":"ThisisXXZ"},"content":"","lastModifiedDate":"2024-09-13","isFullCredit":false},{"lineNumber":32,"author":{"gitId":"ThisisXXZ"},"content":"    @Override","lastModifiedDate":"2024-08-24","isFullCredit":false},{"lineNumber":33,"author":{"gitId":"ThisisXXZ"},"content":"    public String toString() {","lastModifiedDate":"2024-08-24","isFullCredit":false},{"lineNumber":34,"author":{"gitId":"ThisisXXZ"},"content":"        return \"[\" + getStatusIcon() + \"] \" + description;","lastModifiedDate":"2024-08-24","isFullCredit":false},{"lineNumber":35,"author":{"gitId":"ThisisXXZ"},"content":"    }","lastModifiedDate":"2024-08-24","isFullCredit":false},{"lineNumber":36,"author":{"gitId":"ThisisXXZ"},"content":"}","lastModifiedDate":"2024-08-24","isFullCredit":false}],"authorContributionMap":{"ThisisXXZ":36}},{"path":"src/main/java/aegis/task/Todo.java","fileType":"java","lines":[{"lineNumber":1,"author":{"gitId":"ThisisXXZ"},"content":"package aegis.task;","lastModifiedDate":"2024-09-06","isFullCredit":false},{"lineNumber":2,"author":{"gitId":"ThisisXXZ"},"content":"","lastModifiedDate":"2024-09-06","isFullCredit":false},{"lineNumber":3,"author":{"gitId":"ThisisXXZ"},"content":"public class Todo extends Task {","lastModifiedDate":"2024-08-30","isFullCredit":false},{"lineNumber":4,"author":{"gitId":"ThisisXXZ"},"content":"","lastModifiedDate":"2024-08-30","isFullCredit":false},{"lineNumber":5,"author":{"gitId":"ThisisXXZ"},"content":"    public Todo(String description) {","lastModifiedDate":"2024-08-30","isFullCredit":false},{"lineNumber":6,"author":{"gitId":"ThisisXXZ"},"content":"        super(description);","lastModifiedDate":"2024-08-30","isFullCredit":false},{"lineNumber":7,"author":{"gitId":"ThisisXXZ"},"content":"    }","lastModifiedDate":"2024-08-30","isFullCredit":false},{"lineNumber":8,"author":{"gitId":"ThisisXXZ"},"content":"","lastModifiedDate":"2024-08-30","isFullCredit":false},{"lineNumber":9,"author":{"gitId":"ThisisXXZ"},"content":"    @Override","lastModifiedDate":"2024-08-30","isFullCredit":false},{"lineNumber":10,"author":{"gitId":"ThisisXXZ"},"content":"    public String toString() {","lastModifiedDate":"2024-08-30","isFullCredit":false},{"lineNumber":11,"author":{"gitId":"ThisisXXZ"},"content":"        return \"[T]\" + super.toString();","lastModifiedDate":"2024-08-30","isFullCredit":false},{"lineNumber":12,"author":{"gitId":"ThisisXXZ"},"content":"    }","lastModifiedDate":"2024-08-30","isFullCredit":false},{"lineNumber":13,"author":{"gitId":"ThisisXXZ"},"content":"}","lastModifiedDate":"2024-08-30","isFullCredit":false}],"authorContributionMap":{"ThisisXXZ":13}},{"path":"text-ui-test/input.txt","fileType":"txt","lines":[{"lineNumber":1,"author":{"gitId":"ThisisXXZ"},"content":"todo task_1","lastModifiedDate":"2024-08-30","isFullCredit":false},{"lineNumber":2,"author":{"gitId":"ThisisXXZ"},"content":"event /from 1am /to 12pm","lastModifiedDate":"2024-08-30","isFullCredit":false},{"lineNumber":3,"author":{"gitId":"ThisisXXZ"},"content":"list","lastModifiedDate":"2024-08-30","isFullCredit":false},{"lineNumber":4,"author":{"gitId":"ThisisXXZ"},"content":"mark 2","lastModifiedDate":"2024-08-30","isFullCredit":false},{"lineNumber":5,"author":{"gitId":"ThisisXXZ"},"content":"deadline /by tomorrow","lastModifiedDate":"2024-08-30","isFullCredit":false},{"lineNumber":6,"author":{"gitId":"ThisisXXZ"},"content":"bye","lastModifiedDate":"2024-08-30","isFullCredit":false}],"authorContributionMap":{"ThisisXXZ":6}},{"path":"text-ui-test/runtest.bat","fileType":"bat","lines":[{"lineNumber":1,"author":{"gitId":"-"},"content":"@ECHO OFF","lastModifiedDate":"2020-05-25","isFullCredit":false},{"lineNumber":2,"author":{"gitId":"-"},"content":"","lastModifiedDate":"2020-05-25","isFullCredit":false},{"lineNumber":3,"author":{"gitId":"-"},"content":"REM create bin directory if it doesn\u0027t exist","lastModifiedDate":"2020-05-25","isFullCredit":false},{"lineNumber":4,"author":{"gitId":"-"},"content":"if not exist ..\\bin mkdir ..\\bin","lastModifiedDate":"2020-05-25","isFullCredit":false},{"lineNumber":5,"author":{"gitId":"-"},"content":"","lastModifiedDate":"2020-05-25","isFullCredit":false},{"lineNumber":6,"author":{"gitId":"-"},"content":"REM delete output from previous run","lastModifiedDate":"2020-05-25","isFullCredit":false},{"lineNumber":7,"author":{"gitId":"-"},"content":"if exist ACTUAL.TXT del ACTUAL.TXT","lastModifiedDate":"2020-08-25","isFullCredit":false},{"lineNumber":8,"author":{"gitId":"-"},"content":"","lastModifiedDate":"2020-05-25","isFullCredit":false},{"lineNumber":9,"author":{"gitId":"-"},"content":"REM compile the code into the bin folder","lastModifiedDate":"2020-05-25","isFullCredit":false},{"lineNumber":10,"author":{"gitId":"-"},"content":"javac  -cp ..\\src\\main\\java -Xlint:none -d ..\\bin ..\\src\\main\\java\\*.java","lastModifiedDate":"2020-08-25","isFullCredit":false},{"lineNumber":11,"author":{"gitId":"-"},"content":"IF ERRORLEVEL 1 (","lastModifiedDate":"2020-05-25","isFullCredit":false},{"lineNumber":12,"author":{"gitId":"-"},"content":"    echo ********** BUILD FAILURE **********","lastModifiedDate":"2020-05-25","isFullCredit":false},{"lineNumber":13,"author":{"gitId":"-"},"content":"    exit /b 1","lastModifiedDate":"2020-05-25","isFullCredit":false},{"lineNumber":14,"author":{"gitId":"-"},"content":")","lastModifiedDate":"2020-05-25","isFullCredit":false},{"lineNumber":15,"author":{"gitId":"-"},"content":"REM no error here, errorlevel \u003d\u003d 0","lastModifiedDate":"2020-05-25","isFullCredit":false},{"lineNumber":16,"author":{"gitId":"-"},"content":"","lastModifiedDate":"2020-05-25","isFullCredit":false},{"lineNumber":17,"author":{"gitId":"-"},"content":"REM run the program, feed commands from input.txt file and redirect the output to the ACTUAL.TXT","lastModifiedDate":"2020-05-25","isFullCredit":false},{"lineNumber":18,"author":{"gitId":"ThisisXXZ"},"content":"java -classpath ..\\bin Aegis \u003c input.txt \u003e ACTUAL.TXT","lastModifiedDate":"2024-08-30","isFullCredit":false},{"lineNumber":19,"author":{"gitId":"-"},"content":"","lastModifiedDate":"2020-05-25","isFullCredit":false},{"lineNumber":20,"author":{"gitId":"-"},"content":"REM compare the output to the expected output","lastModifiedDate":"2020-05-25","isFullCredit":false},{"lineNumber":21,"author":{"gitId":"-"},"content":"FC ACTUAL.TXT EXPECTED.TXT","lastModifiedDate":"2020-05-25","isFullCredit":false}],"authorContributionMap":{"ThisisXXZ":1,"-":20}}]
