{"authorDailyContributionsMap":{"ThisisXXZ":[{"date":"2024-08-17","commitResults":[{"hash":"661e16f4822189971e372d276664b44c9432044a","isMergeCommit":false,"messageTitle":"feat: Implement skeleton version of Aegis","messageBody":"","tags":["Level-0"],"fileTypesAndContributionMap":{"java":{"insertions":36,"deletions":10}}}]},{"date":"2024-08-24","commitResults":[{"hash":"95b9552a57b2f5fa549ab889d9ef919067d2b66c","isMergeCommit":false,"messageTitle":"Add echoing function for Aegis skeletal version","messageBody":"","tags":["Level-1"],"fileTypesAndContributionMap":{"java":{"insertions":16,"deletions":0}}},{"hash":"83d77ef354ad51f7f5eab99f27894ae8267420b1","isMergeCommit":false,"messageTitle":"Add store and list functions for Aegis skeletal version","messageBody":"","tags":["Level-2"],"fileTypesAndContributionMap":{"java":{"insertions":13,"deletions":3}}},{"hash":"30f79e20972061871212be621a7905680d686d2b","isMergeCommit":false,"messageTitle":"Add mark and unmark functions for Aegis skeletal version","messageBody":"","tags":["Level-3","A-CodingStandard"],"fileTypesAndContributionMap":{"java":{"insertions":54,"deletions":5}}}]},{"date":"2024-08-30","commitResults":[{"hash":"cbab224e5d5fed3c9f5cf02a148c63cf56a87d1c","isMergeCommit":false,"messageTitle":"Divide task type into todo, deadline and event","messageBody":"","tags":["Level-4"],"fileTypesAndContributionMap":{"java":{"insertions":84,"deletions":10}}},{"hash":"8d8aac9428c8699deee2e5f60a9762ab6c0adee5","isMergeCommit":false,"messageTitle":"Add automated UI testing for Aegis","messageBody":"","tags":["A-TextUiTesting"],"fileTypesAndContributionMap":{"txt":{"insertions":6,"deletions":0},"bat":{"insertions":1,"deletions":1}}},{"hash":"02f45a2d193dd978a015c98f4f46d0681b17736f","isMergeCommit":false,"messageTitle":"Refactor codes with switch-case statement to improve readability","messageBody":"","tags":["A-CodeQuality"],"fileTypesAndContributionMap":{"java":{"insertions":82,"deletions":60}}}]}]},"authorFileTypeContributionMap":{"ThisisXXZ":{"java":207,"md":0,"fxml":0,"sh":0,"bat":1,"gradle":0,"txt":6}},"authorContributionVariance":{"ThisisXXZ":4017.04},"authorDisplayNameMap":{"ThisisXXZ":"XION..UANG"}}
