{"authorDailyContributionsMap":{"parasytezz":[{"date":"2024-08-23","commitResults":[{"hash":"e392379a6f4b317928fe21aba9aa0a9f32b61e88","isMergeCommit":false,"messageTitle":"Renamed, added greeting and exit","messageBody":"","tags":["Level-0"],"fileTypesAndContributionMap":{"java":{"insertions":18,"deletions":10}}}]},{"date":"2024-08-28","commitResults":[{"hash":"32f3d609f0a1a1948049c6e6fef7eef5fe78f0c7","isMergeCommit":false,"messageTitle":"add personality, add, list","messageBody":"","tags":["Level-2","Level-1"],"fileTypesAndContributionMap":{"java":{"insertions":57,"deletions":3}}},{"hash":"7dae7841705df836db6bc4032c57307ef298d33d","isMergeCommit":false,"messageTitle":"add ability to mark as done and undone","messageBody":"","tags":["Level-3","A-CodingStandard"],"fileTypesAndContributionMap":{"java":{"insertions":75,"deletions":24}}}]},{"date":"2024-08-31","commitResults":[{"hash":"d3cbfea96b9363f4ce14d34911581639e8478537","isMergeCommit":false,"messageTitle":"add Event, Deadline and Todo task types","messageBody":"","tags":["Level-4"],"fileTypesAndContributionMap":{"java":{"insertions":137,"deletions":27}}},{"hash":"50a18145fca6f2005651078a1cd5572f16f49387","isMergeCommit":false,"messageTitle":"fixed deep nesting and magic literals","messageBody":"","tags":["A-CodeQuality"],"fileTypesAndContributionMap":{"java":{"insertions":83,"deletions":64}}}]},{"date":"2024-09-05","commitResults":[{"hash":"dc2dc969d362bbe7de57c13c20d4b9dfc6708d48","isMergeCommit":false,"messageTitle":"add exception handling","messageBody":"","fileTypesAndContributionMap":{"txt":{"insertions":7,"deletions":0},"java":{"insertions":80,"deletions":85}}}]},{"date":"2024-09-08","commitResults":[{"hash":"511469ca420151bbb846beea308709a27517fdc3","isMergeCommit":true,"messageTitle":"Merge branch \u0027branch-Level-5\u0027","messageBody":"","tags":["Level-5","A-Exceptions"],"fileTypesAndContributionMap":{}}]},{"date":"2024-09-15","commitResults":[{"hash":"66dc9fbea79568dbcf4525cf1298567ecbdd0a27","isMergeCommit":false,"messageTitle":"add delete","messageBody":"","tags":["Level-6"],"fileTypesAndContributionMap":{"java":{"insertions":47,"deletions":18}}},{"hash":"cf5f991f7aa4b9d638436537f00031e08c4a74f4","isMergeCommit":false,"messageTitle":"add A-Collections","messageBody":"","tags":["A-Collections"],"fileTypesAndContributionMap":{"java":{"insertions":30,"deletions":40}}}]},{"date":"2024-09-16","commitResults":[{"hash":"4b600e8dfe9b44c4f3f9a03041c9ad6562644244","isMergeCommit":false,"messageTitle":"add storage","messageBody":"","tags":["Level-7"],"fileTypesAndContributionMap":{"java":{"insertions":99,"deletions":1}}},{"hash":"b8824699109d5869331c57d28811a8ae115a22dd","isMergeCommit":true,"messageTitle":"Merge branch \u0027branch-level-6\u0027","messageBody":"","fileTypesAndContributionMap":{}},{"hash":"86b80c3bb545ce6674089831c03ad3bdf601d14e","isMergeCommit":true,"messageTitle":"Merge branch \u0027branch-level-7\u0027","messageBody":"","fileTypesAndContributionMap":{}},{"hash":"f583243c8e2239e4316c20ad6ebced4c346e5162","isMergeCommit":false,"messageTitle":"resolved conflicts","messageBody":"","fileTypesAndContributionMap":{"txt":{"insertions":2,"deletions":0},"java":{"insertions":13,"deletions":12}}},{"hash":"5ad452e9efba829e5a32de1aa406ea30be65d8ad","isMergeCommit":false,"messageTitle":"add jar","messageBody":"","tags":["A-Jar"],"fileTypesAndContributionMap":{"txt":{"insertions":0,"deletions":2},"java":{"insertions":2,"deletions":2}}}]},{"date":"2024-09-17","commitResults":[{"hash":"45f7868b00ae96036c69f871c9ce6f5a4809d1c3","isMergeCommit":false,"messageTitle":"add comments","messageBody":"","tags":["v0.1"],"fileTypesAndContributionMap":{"java":{"insertions":5,"deletions":0}}}]},{"date":"2024-09-18","commitResults":[{"hash":"513d06aecb7471adf4b89c80b5a09f32ccfcdbaf","isMergeCommit":false,"messageTitle":"remove hard code","messageBody":"","tags":["v0.1.1"],"fileTypesAndContributionMap":{"java":{"insertions":8,"deletions":4}}},{"hash":"4c9a1dd3693bcd206d728b8c8cab9a5f27b84a76","isMergeCommit":false,"messageTitle":"add parser","messageBody":"","fileTypesAndContributionMap":{"txt":{"insertions":0,"deletions":0},"java":{"insertions":35,"deletions":13}}}]},{"date":"2024-09-20","commitResults":[{"hash":"96ec7a5651902dd028a2b1ca0eb1ec86ce3af887","isMergeCommit":false,"messageTitle":"add packages, fixed github comments","messageBody":"","fileTypesAndContributionMap":{"java":{"insertions":102,"deletions":102}}},{"hash":"ad5ec9cd77fd9b277b65281b5dbb6f75fdefae98","isMergeCommit":false,"messageTitle":"add packages, fixed github comments","messageBody":"","fileTypesAndContributionMap":{"java":{"insertions":104,"deletions":75}}},{"hash":"5e6721d8bd1850232a41788189215644512e64a9","isMergeCommit":true,"messageTitle":"Merge branch \u0027A-Packages\u0027","messageBody":"","tags":["Level-8","A-Packages"],"fileTypesAndContributionMap":{}}]},{"date":"2024-09-22","commitResults":[{"hash":"50bb7b7bfc5b3f356941f176f5d852d5f28f1c4b","isMergeCommit":false,"messageTitle":"add find","messageBody":"","fileTypesAndContributionMap":{"txt":{"insertions":0,"deletions":0},"java":{"insertions":28,"deletions":1}}},{"hash":"4d4062879c0f48be9488fa3b972de4ccfb24d9cf","isMergeCommit":true,"messageTitle":"revolve merge conflicts","messageBody":"","tags":["Level-9"],"fileTypesAndContributionMap":{}},{"hash":"347cf5efd94e086983cd2b421afa9427c5b8a7c9","isMergeCommit":false,"messageTitle":"no message","messageBody":"","fileTypesAndContributionMap":{"txt":{"insertions":0,"deletions":0},"java":{"insertions":100,"deletions":120}}},{"hash":"1a7a89d5df802392b77a1c2554f934e43697a0e4","isMergeCommit":false,"messageTitle":"fixed merging issues","messageBody":"","fileTypesAndContributionMap":{"txt":{"insertions":0,"deletions":0},"java":{"insertions":49,"deletions":56}}},{"hash":"12aee66015b45ab3c1cc9e4a93ebfe4981a017e6","isMergeCommit":false,"messageTitle":"removed magic strings","messageBody":"","fileTypesAndContributionMap":{"java":{"insertions":13,"deletions":6}}},{"hash":"5a0bdac4da32e8e128c06d40e3e48ec302ed8cc0","isMergeCommit":false,"messageTitle":"no message","messageBody":"","fileTypesAndContributionMap":{"java":{"insertions":28,"deletions":0}}},{"hash":"537a2c4abfc2c7466bf9da2ea0752ef60c239523","isMergeCommit":true,"messageTitle":"Merge branch \u0027branch-Level-8A\u0027","messageBody":"# Conflicts:\n#\tsrc/main/java/Sleepy.java\n#\tsrc/main/java/TaskManager.java\n","fileTypesAndContributionMap":{}},{"hash":"e44f2c87f111e603f1ea04a17d6477c4b86432de","isMergeCommit":false,"messageTitle":"fixed merge conflicts","messageBody":"","fileTypesAndContributionMap":{"java":{"insertions":4,"deletions":5}}},{"hash":"81cf2d74bd1737d4b7a677f595186db75348423b","isMergeCommit":false,"messageTitle":"add comments","messageBody":"","tags":["A-JavaDoc"],"fileTypesAndContributionMap":{"java":{"insertions":16,"deletions":4}}},{"hash":"06bd37649aeed28990c5966105906b18cba7b5aa","isMergeCommit":false,"messageTitle":"Add README","messageBody":"","tags":["A-UserGuide"],"fileTypesAndContributionMap":{"txt":{"insertions":2,"deletions":0},"java":{"insertions":61,"deletions":9},"md":{"insertions":160,"deletions":14}}},{"hash":"3f25a65d29b9f36712819effb46aeff60a79ee44","isMergeCommit":false,"messageTitle":"edit README","messageBody":"","fileTypesAndContributionMap":{"md":{"insertions":29,"deletions":14}}},{"hash":"eb518ad4d7b9f2de21e47818086ea096b848d470","isMergeCommit":false,"messageTitle":"Add parser and cleaned up the main file","messageBody":"","tags":["A-MoreOOP"],"fileTypesAndContributionMap":{"java":{"insertions":45,"deletions":34}}}]},{"date":"2024-09-23","commitResults":[{"hash":"29f830c58fc258b9506e330eefcac2ea1465c587","isMergeCommit":false,"messageTitle":"add comments to public methods","messageBody":"","fileTypesAndContributionMap":{"java":{"insertions":9,"deletions":3}}},{"hash":"5e8d9f5ed22154224341247dedbc0fcd6a377777","isMergeCommit":true,"messageTitle":"Merge branch \u0027branch-A-JavaDoc\u0027","messageBody":"","tags":["v2.0"],"fileTypesAndContributionMap":{}}]},{"date":"2024-09-29","commitResults":[{"hash":"0807a71288dca8d65acd4a6e935fc6c1f3466ac7","isMergeCommit":false,"messageTitle":"remove unnecessary comments","messageBody":"","fileTypesAndContributionMap":{"java":{"insertions":0,"deletions":4}}},{"hash":"4e4f94f4d69e07e8b2282d430373ab2ff56db4ab","isMergeCommit":true,"messageTitle":"Merge pull request #1 from parasytezz/PR-request","messageBody":"remove unnecessary comments","fileTypesAndContributionMap":{}}]},{"date":"2024-10-06","commitResults":[{"hash":"f56c171ed217a4612e12407558ae5cc9a8b9392a","isMergeCommit":false,"messageTitle":"add comments and JavaDoc","messageBody":"","fileTypesAndContributionMap":{"java":{"insertions":133,"deletions":8}}}]},{"date":"2024-10-14","commitResults":[{"hash":"d305aa91346bcc9ef08c0bbae496888953cf0a65","isMergeCommit":false,"messageTitle":"Fix bug where code breaks if task is | |","messageBody":"","tags":["v2.2"],"fileTypesAndContributionMap":{"java":{"insertions":8,"deletions":3}}},{"hash":"47c351896ae03e6ab470edc5575ee32e73d96a94","isMergeCommit":false,"messageTitle":"Fix error message for deadline","messageBody":"","tags":["v2.3"],"fileTypesAndContributionMap":{"java":{"insertions":2,"deletions":2}}},{"hash":"c96a3b594a82c5ee9d1ba9c3b94e810d49dc033a","isMergeCommit":false,"messageTitle":"no message","messageBody":"","fileTypesAndContributionMap":{"md":{"insertions":0,"deletions":2}}}]}]},"authorFileTypeContributionMap":{"parasytezz":{"java":634,"md":160,"fxml":0,"sh":0,"bat":0,"gradle":0,"txt":9}},"authorContributionVariance":{"parasytezz":15051.046},"authorDisplayNameMap":{"parasytezz":"CS2113-W14-2 CHUA..AVIN"}}
