{"authorDailyContributionsMap":{"parasytezz":[{"date":"2024-08-23","commitResults":[{"hash":"e392379a6f4b317928fe21aba9aa0a9f32b61e88","isMergeCommit":false,"messageTitle":"Renamed, added greeting and exit","messageBody":"","tags":["Level-0"],"fileTypesAndContributionMap":{"java":{"insertions":18,"deletions":10}}}]},{"date":"2024-08-28","commitResults":[{"hash":"32f3d609f0a1a1948049c6e6fef7eef5fe78f0c7","isMergeCommit":false,"messageTitle":"add personality, add, list","messageBody":"","tags":["Level-2","Level-1"],"fileTypesAndContributionMap":{"java":{"insertions":57,"deletions":3}}},{"hash":"7dae7841705df836db6bc4032c57307ef298d33d","isMergeCommit":false,"messageTitle":"add ability to mark as done and undone","messageBody":"","tags":["Level-3","A-CodingStandard"],"fileTypesAndContributionMap":{"java":{"insertions":75,"deletions":24}}}]}]},"authorFileTypeContributionMap":{"parasytezz":{"java":123,"md":0,"fxml":0,"sh":0,"bat":0,"gradle":0,"txt":0}},"authorContributionVariance":{"parasytezz":1798.0829},"authorDisplayNameMap":{"parasytezz":"CHUA..AVIN"}}
